{
  "cases": [
    {
      "agent_count": 200,
      "case": "random",
      "decision_count": 1,
      "estimated_controller_speedup": 1.6558834090235752,
      "estimated_controller_time_reduction": 0.3960927475022713,
      "estimated_end_to_end_speedup": 1.6150508969263575,
      "estimated_end_to_end_time_reduction": 0.3808244669544939,
      "estimated_optimized_controller_plus_repair_seconds": 0.060436909563943514,
      "estimated_optimized_controller_seconds": 0.056674364564425955,
      "feature_time_reduction": 0.8634406523430915,
      "layout_family": "random",
      "maximum_feature_delta": 7.105427357601002e-15,
      "mean_candidate_count": 18.0,
      "optimized_median_seconds": 0.003453899989835918,
      "optimized_p95_seconds": 0.003651900013210252,
      "recorded_controller_plus_repair_seconds": 0.09760868499870412,
      "recorded_controller_seconds": 0.09384613999918656,
      "reference_median_seconds": 0.02529230000800453,
      "reference_p95_seconds": 0.026580700010526925,
      "speedup": 7.3228234987794405,
      "task_id": "random-32-32-10__random_05__agents_0200"
    },
    {
      "agent_count": 100,
      "case": "maze",
      "decision_count": 2,
      "estimated_controller_speedup": 1.9327169128615411,
      "estimated_controller_time_reduction": 0.4825936517938261,
      "estimated_end_to_end_speedup": 1.6000706951130927,
      "estimated_end_to_end_time_reduction": 0.37502761405844,
      "estimated_optimized_controller_plus_repair_seconds": 0.24236363629687932,
      "estimated_optimized_controller_seconds": 0.15592653429711592,
      "feature_time_reduction": 0.886179801464994,
      "layout_family": "maze",
      "maximum_feature_delta": 1.4210854715202004e-14,
      "mean_candidate_count": 18.0,
      "optimized_median_seconds": 0.00896209999336861,
      "optimized_p95_seconds": 0.008987100009107962,
      "recorded_controller_plus_repair_seconds": 0.3877989519996845,
      "recorded_controller_seconds": 0.3013618499999211,
      "reference_median_seconds": 0.07873909999034368,
      "reference_p95_seconds": 0.08019599999533966,
      "speedup": 8.785786818781942,
      "task_id": "maze-32-32-4__random_04__agents_0100"
    },
    {
      "agent_count": 400,
      "case": "room",
      "decision_count": 2,
      "estimated_controller_speedup": 1.9659653706423366,
      "estimated_controller_time_reduction": 0.4913440414907859,
      "estimated_end_to_end_speedup": 1.5098077270090728,
      "estimated_end_to_end_time_reduction": 0.3376640070712853,
      "estimated_optimized_controller_plus_repair_seconds": 0.5090935489672218,
      "estimated_optimized_controller_seconds": 0.2686843989669895,
      "feature_time_reduction": 0.8536414977738194,
      "layout_family": "room",
      "maximum_feature_delta": 7.105427357601002e-14,
      "mean_candidate_count": 18.0,
      "optimized_median_seconds": 0.041565799998352304,
      "optimized_p95_seconds": 0.04401599999982864,
      "recorded_controller_plus_repair_seconds": 0.7686333740011833,
      "recorded_controller_seconds": 0.5282242240009509,
      "reference_median_seconds": 0.2839999000134412,
      "reference_p95_seconds": 0.2931520999991335,
      "speedup": 6.832537808118674,
      "task_id": "room-64-64-16__random_04__agents_0400"
    },
    {
      "agent_count": 500,
      "case": "warehouse",
      "decision_count": 1,
      "estimated_controller_speedup": 1.658827588857568,
      "estimated_controller_time_reduction": 0.3971645958163148,
      "estimated_end_to_end_speedup": 1.6203452187748375,
      "estimated_end_to_end_time_reduction": 0.38284756333831627,
      "estimated_optimized_controller_plus_repair_seconds": 0.22097639000076555,
      "estimated_optimized_controller_seconds": 0.2080690750015546,
      "feature_time_reduction": 0.8427838404400304,
      "layout_family": "warehouse",
      "maximum_feature_delta": 8.526512829121202e-14,
      "mean_candidate_count": 17.0,
      "optimized_median_seconds": 0.037830499990377575,
      "optimized_p95_seconds": 0.04454289999557659,
      "recorded_controller_plus_repair_seconds": 0.35805803699986427,
      "recorded_controller_seconds": 0.34515072200065333,
      "reference_median_seconds": 0.24062729999423027,
      "reference_p95_seconds": 0.24478879998787306,
      "speedup": 6.360669302690563,
      "task_id": "warehouse-10-20-10-2-2__random_05__agents_0500"
    },
    {
      "agent_count": 200,
      "case": "game",
      "decision_count": 2,
      "estimated_controller_speedup": 1.5961308011310307,
      "estimated_controller_time_reduction": 0.373484930375761,
      "estimated_end_to_end_speedup": 1.5180632714162823,
      "estimated_end_to_end_time_reduction": 0.34126592821981216,
      "estimated_optimized_controller_plus_repair_seconds": 0.17656075345926545,
      "estimated_optimized_controller_seconds": 0.1534388784597049,
      "feature_time_reduction": 0.8399402544649546,
      "layout_family": "game",
      "maximum_feature_delta": 1.7763568394002505e-14,
      "mean_candidate_count": 16.5,
      "optimized_median_seconds": 0.02398259998881258,
      "optimized_p95_seconds": 0.032616599986795336,
      "recorded_controller_plus_repair_seconds": 0.2680303950000962,
      "recorded_controller_seconds": 0.24490852000053565,
      "reference_median_seconds": 0.14983529999153689,
      "reference_p95_seconds": 0.15613230000599287,
      "speedup": 6.247667061179028,
      "task_id": "den312d__random_05__agents_0200"
    },
    {
      "agent_count": 400,
      "case": "maze400",
      "decision_count": 2,
      "estimated_controller_speedup": 2.7206753583221905,
      "estimated_controller_time_reduction": 0.6324442028920758,
      "estimated_end_to_end_speedup": 1.3481573975719,
      "estimated_end_to_end_time_reduction": 0.2582468472887135,
      "estimated_optimized_controller_plus_repair_seconds": 5.785844672921019,
      "estimated_optimized_controller_seconds": 1.1706941779207116,
      "feature_time_reduction": 0.8877532909412125,
      "layout_family": "maze",
      "maximum_feature_delta": 1.1368683772161603e-13,
      "mean_candidate_count": 18.0,
      "optimized_median_seconds": 0.3077367000223603,
      "optimized_p95_seconds": 0.35892490000696853,
      "recorded_controller_plus_repair_seconds": 7.800229297000442,
      "recorded_controller_seconds": 3.1850788020001346,
      "reference_median_seconds": 2.7416099999973085,
      "reference_p95_seconds": 2.854794899991248,
      "speedup": 8.908947160992179,
      "task_id": "maze-128-128-1__random_04__agents_0400"
    },
    {
      "agent_count": 600,
      "case": "maze600",
      "decision_count": 2,
      "estimated_controller_speedup": 3.326463950563557,
      "estimated_controller_time_reduction": 0.6993804788323097,
      "estimated_end_to_end_speedup": 1.4964970805789553,
      "estimated_end_to_end_time_reduction": 0.331772836059843,
      "estimated_optimized_controller_plus_repair_seconds": 11.306192351844736,
      "estimated_optimized_controller_seconds": 2.412885655844882,
      "feature_time_reduction": 0.932506787603954,
      "layout_family": "maze",
      "maximum_feature_delta": 1.1368683772161603e-13,
      "mean_candidate_count": 18.0,
      "optimized_median_seconds": 0.46562649999395944,
      "optimized_p95_seconds": 0.48273770001833327,
      "recorded_controller_plus_repair_seconds": 16.91968384699976,
      "recorded_controller_seconds": 8.026377150999906,
      "reference_median_seconds": 6.898864100017818,
      "reference_p95_seconds": 6.956941000011284,
      "speedup": 14.816304699383124,
      "task_id": "maze-128-128-1__random_04__agents_0600"
    },
    {
      "agent_count": 600,
      "case": "room600",
      "decision_count": 2,
      "estimated_controller_speedup": 2.3622953865972653,
      "estimated_controller_time_reduction": 0.576682913714514,
      "estimated_end_to_end_speedup": 1.2503483817186956,
      "estimated_end_to_end_time_reduction": 0.20022290217593064,