actual_size,agent_count,agents,candidate_id,complete,conflict_trajectory,continuation_teacher,executed_steps,feasible,final_conflict_ratio,final_conflicts,final_fingerprint,final_repair_fingerprint,horizon,initial_conflicts,initial_fingerprint,initial_repair_fingerprint,is_v2_candidate,layout_mode,log_total_seconds,low_level_expanded,low_level_generated,low_level_reopened,low_level_runs,map_id,no_progress,normalized_step_auc,normalized_wall_auc_seconds,observed_total_seconds,padded_steps,pp_replan_seconds,repair_wall_seconds,root_selection_seconds,schema,selection_families,selection_wall_seconds,source_stratum,split,state_id,stop_reason,trial_index
16,200,"2,14,25,49,64,72,82,101,127,140,172,174,179,181,190,197",neighborhood-01b9345fc181aa5c,True,"1,0",official_adaptive,1,True,0.0,0,01e161aafef01e8ad1fa1f3c798c86e5dc6ae9afc58c8d4f894182a5ecee2c21,a7b2dfbbb01200332575cc8547aad4a12d7cee3f3fc7c6ce800d3151c77f1495,3,1,604343bc2e8025e74155961172c16a81deddeb5453b98d7cccecf60fdb5e717a,00c23ddee6488c20716f32e88060225dd10b3bb6ca9cb8f7445ea39c82e16ae4,False,compartmentalized,0.0856050515774522,31227,39562,16074,16,policy_train_compartmentalized_double_horizontal_0001,False,0.16666666666666666,0.08937599600000823,0.08937599600000823,2,0.048915769,0.061086225000003935,0.028289771000004293,lns2.receding_q_label_pilot.v1,collision:16,0.028289771000004293,high_cost_progress,policy_train,s3__policy_train__policy_train_compartmentalized_double_horizontal_0001__task_0008__seed_0000__realized_dynamic__decision_0000__0006,feasible,2
16,200,"2,14,25,49,64,72,82,101,127,140,172,174,179,181,190,197",neighborhood-01b9345fc181aa5c,True,"1,0",official_adaptive,1,True,0.0,0,ad10fef2aa4d7a7b6ff0a0ffb493ef880f0c66f324cb0af5e5d4561a9cf69741,07789f7a2d4255af9b448db651f52c54004e22bfadebb8462c443ef61f2c9f3b,3,1,604343bc2e8025e74155961172c16a81deddeb5453b98d7cccecf60fdb5e717a,00c23ddee6488c20716f32e88060225dd10b3bb6ca9cb8f7445ea39c82e16ae4,False,compartmentalized,0.0739155388539179,31375,39633,16301,16,policy_train_compartmentalized_double_horizontal_0001,False,0.16666666666666666,0.07671586100001093,0.07671586100001093,2,0.038694535,0.04842609000000664,0.028289771000004293,lns2.receding_q_label_pilot.v1,collision:16,0.028289771000004293,high_cost_progress,policy_train,s3__policy_train__policy_train_compartmentalized_double_horizontal_0001__task_0008__seed_0000__realized_dynamic__decision_0000__0006,feasible,3
8,200,"14,34,77,82,151,165,170,188",neighborhood-0620317b839a331b,True,"1,0",official_adaptive,1,True,0.0,0,68178b35c666915627d76719ef8a7a9958390f4333c3698ea7160d3342f1beef,c497afe7a0dd06b6f86b0b402243aa2abc11e674ba4fe026e01e9ddc604ad70a,3,1,604343bc2e8025e74155961172c16a81deddeb5453b98d7cccecf60fdb5e717a,00c23ddee6488c20716f32e88060225dd10b3bb6ca9cb8f7445ea39c82e16ae4,False,compartmentalized,0.052061778977615186,8767,19112,1560,8,policy_train_compartmentalized_double_horizontal_0001,False,0.16666666666666666,0.05344082100000236,0.05344082100000236,2,0.016034448,0.025151049999998065,0.028289771000004293,lns2.receding_q_label_pilot.v1,collision:8,0.028289771000004293,high_cost_progress,policy_train,s3__policy_train__policy_train_compartmentalized_double_horizontal_0001__task_0008__seed_0000__realized_dynamic__decision_0000__0006,feasible,2
8,200,"14,34,77,82,151,165,170,188",neighborhood-0620317b839a331b,True,"1,1,0",official_adaptive,2,True,0.0,0,331d9930a5ee116f0534ba4fdbaa9b7d05f31cb6b8671defc26340318b71b05d,50776ec6c00fe38235182e5ec4ffec9d1bb5d279fdb9b52a4fb37197af2d049c,3,1,604343bc2e8025e74155961172c16a81deddeb5453b98d7cccecf60fdb5e717a,00c23ddee6488c20716f32e88060225dd10b3bb6ca9cb8f7445ea39c82e16ae4,False,compartmentalized,0.1457943957034125,25910,50176,3386,16,policy_train_compartmentalized_double_horizontal_0001,False,0.5,0.15695828800001266,0.15695828800001266,1,0.039373385,0.05984681200001063,0.028289771000004293,lns2.receding_q_label_pilot.v1,collision:8,0.09711147600000203,high_cost_progress,policy_train,s3__policy_train__policy_train_compartmentalized_double_horizontal_0001__task_0008__seed_0000__realized_dynamic__decision_0000__0006,feasible,3
8,200,"12,14,26,74,82,92,146,161",neighborhood-064794b3c45281b4,True,"1,1,0",official_adaptive,2,True,0.0,0,87cffff52293009d2720f88c79b95705726dc61ae57a834c5dde32d0cf31eaf2,4c8c5c8a0cfecc294f03b8312f2a2462e8aabfd9f5a1e4fa403952deff2aa563,3,1,604343bc2e8025e74155961172c16a81deddeb5453b98d7cccecf60fdb5e717a,00c23ddee6488c20716f32e88060225dd10b3bb6ca9cb8f7445ea39c82e16ae4,False,compartmentalized,0.11370252524157284,33255,59027,7028,16,policy_train_compartmentalized_double_horizontal_0001,False,0.5,0.12041877899999776,0.12041877899999776,1,0.048194684,0.06780194399999573,0.028289771000004293,lns2.receding_q_label_pilot.v1,collision:8,0.05261683500000203,high_cost_progress,policy_train,s3__policy_train__policy_train_compartmentalized_double_horizontal_0001__task_0008__seed_0000__realized_dynamic__decision_0000__0006,feasible,2
8,200,"12,14,26,74,82,92,146,161",neighborhood-064794b3c45281b4,True,"1,0",official_adaptive,1,True,0.0,0,64cd4dfaefd5e0b333db470d8a7f8dc8b30caf9e2db2258680352d2dccf2886f,29a11be02c580d8f106d82b047340347d0ce2c24caac97b780dcdfebffaa720e,3,1,604343bc2e8025e74155961172c16a81deddeb5453b98d7cccecf60fdb5e717a,00c23ddee6488c20716f32e88060225dd10b3bb6ca9cb8f7445ea39c82e16ae4,False,compartmentalized,0.0774620184038446,18359,37754,2532,8,policy_train_compartmentalized_double_horizontal_0001,False,0.16666666666666666,0.0805411910000089,0.0805411910000089,2,0.040931124,0.0522514200000046,0.028289771000004293,lns2.receding_q_label_pilot.v1,collision:8,0.028289771000004293,high_cost_progress,policy_train,s3__policy_train__policy_train_compartmentalized_double_horizontal_0001__task_0008__seed_0000__realized_dynamic__decision_0000__0006,feasible,3
16,200,"5,14,24,26,40,44,46,65,74,92,94,124,140,142,179,188",neighborhood-07636f198dcab364,True,"1,0",official_adaptive,1,True,0.0,0,055bba9775b5b21e772da74ac5151c1b054914eece07b0dfc22324b44d363fbc,63ef34a5d34a370ab67194343acbd8da7724908d3732425e43b7b2e2d4e04f71,3,1,604343bc2e8025e74155961172c16a81deddeb5453b98d7cccecf60fdb5e717a,00c23ddee6488c20716f32e88060225dd10b3bb6ca9cb8f7445ea39c82e16ae4,False,compartmentalized,0.06279180307590941,17117,35731,3698,16,policy_train_compartmentalized_double_horizontal_0001,False,0.16666666666666666,0.06480512700000673,0.06480512700000673,2,0.026630115,0.03651535600000244,0.028289771000004293,lns2.receding_q_label_pilot.v1,random:16,0.028289771000004293,high_cost_progress,policy_train,s3__policy_train__policy_train_compartmentalized_double_horizontal_0001__task_0008__seed_0000__realized_dynamic__decision_0000__0006,feasible,2
16,200,"5,14,24,26,40,44,46,65,74,92,94,124,140,142,179,188",neighborhood-07636f198dcab364,True,"1,0",official_adaptive,1,True,0.0,0,f809b48d0a8d9182bc6e070966f34981f860e17d48ea27a1712bf1f2519415e8,ba8b13105ee325582bfda96a70400e5400d9035d2cffd906fc2d8f957a6c6e99,3,1,604343bc2e8025e74155961172c16a81deddeb5453b98d7cccecf60fdb5e717a,00c23ddee6488c20716f32e88060225dd10b3bb6ca9cb8f7445ea39c82e16ae4,False,compartmentalized,0.06596938134368971,18360,36473,5635,16,policy_train_compartmentalized_double_horizontal_0001,False,0.16666666666666666,0.06819401000000624,0.06819401000000624,2,0.029187648,0.03990423900000195,0.028289771000004293,lns2.receding_q_label_pilot.v1,random:16,0.028289771000004293,high_cost_progress,policy_train,s3__policy_train__policy_train_compartmentalized_double_horizontal_0001__task_0008__seed_0000__realized_dynamic__decision_0000__0006,feasible,3
16,200,"11,14,23,24,39,44,66,85,86,95,105,109,110,111,156,195",neighborhood-08abb4b13842628b,True,"1,1,1,1",official_adaptive,3,False,1.0,1,f40d5866653e3cfee182653b404e4f37ee5637e8f571f0455a6dcec64c4aa50f,ae47b8aec26c052406598b527af5b01c9a83e26f96b35c4704326dea753684f3,3,1,604343bc2e8025e74155961172c16a81deddeb5453b98d7cccecf60fdb5e717a,00c23ddee6488c20716f32e88060225dd10b3bb6ca9cb8f7445ea39c82e16ae4,False,compartmentalized,0.1601785780605602,43154,78125,5797,32,policy_train_compartmentalized_double_horizontal_0001,True,1.0,0.1737204530000156,0.1737204530000156,0,0.061852737000000005,0.09379180700000234,0.028289771000004293,lns2.receding_q_label_pilot.v1,target:16,0.07992864600001326,high_cost_progress,policy_train,s3__policy_train__policy_train_compartmentalized_double_horizontal_0001__task_0008__seed_0000__realized_dynamic__decision_0000__0006,horizon_complete,2
16,200,"11,14,23,24,39,44,66,85,86,95,105,109,110,111,156,195",neighborhood-08abb4b13842628b,True,"1,0",official_adaptive,1,True,0.0,0,4b9ed289b213f584587e7175c86336e6feec3826bb27e15c1f9e1d133a5a13cf,4dc330fd563729b2aceb95f85d1c50f0fee3905e208d009fd2bc998bc0e8f0bd,3,1,604343bc2e8025e74155961172c16a81deddeb5453b98d7cccecf60fdb5e717a,00c23ddee6488c20716f32e88060225dd10b3bb6ca9cb8f7445ea39c82e16ae4,False,compartmentalized,0.06167867222772063,16826,32995,4444,16,policy_train_compartmentalized_double_horizontal_0001,False,0.16666666666666666,0.0636205190000041,0.0636205190000041,2,0.025455688,0.0353307479999998,0.028289771000004293,lns2.receding_q_label_pilot.v1,target:16,0.028289771000004293,high_cost_progress,policy_train,s3__policy_train__policy_train_compartmentalized_double_horizontal_0001__task_0008__seed_0000__realized_dynamic__decision_0000__0006,feasible,3
4,200,"12,14,70,82",neighborhood-095407fd7c8b0b69,True,"1,0",official_adaptive,1,True,0.0,0,458ad2453e0bff6972d943c7958027c72f30b875222ae0d0ba7564587d575a61,c2a08c17a445a6a1fc9eb221cb432aad28cab6ccf67cb845bba9249f0353890a,3,1,604343bc2e8025e74155961172c16a81deddeb5453b98d7cccecf60fdb5e717a,00c23ddee6488c20716f32e88060225dd10b3bb6ca9cb8f7445ea39c82e16ae4,False,compartmentalized,0.05574814120614621,6947,16467,0,4,policy_train_compartmentalized_double_horizontal_0001,False,0.16666666666666666,0.05733135200000561,0.05733135200000561,2,0.015147164,0.029041581000001315,0.028289771000004293,lns2.receding_q_label_pilot.v1,collision:4,0.028289771000004293,high_cost_progress,policy_train,s3__policy_train__policy_train_compartmentalized_double_horizontal_0001__task_0008__seed_0000__realized_dynamic__decision_0000__0006,feasible,2
4,200,"12,14,70,82",neighborhood-095407fd7c8b0b69,True,"1,0",official_adaptive,1,True,0.0,0,a463b4d97f6f6503e45450e12636ca8e0d5797ead17ba7cceb3790648266a2fb,3cbfa5f5120ee5f9b7dd23ad6c26112b016019d025eb81db56c070f0a4dc3925,3,1,604343bc2e8025e74155961172c16a81deddeb5453b98d7cccecf60fdb5e717a,00c23ddee6488c20716f32e88060225dd10b3bb6ca9cb8f7445ea39c82e16ae4,False,compartmentalized,0.051804189808256414,7011,16566,0,4,policy_train_compartmentalized_double_horizontal_0001,False,0.16666666666666666,0.053169500999999286,0.053169500999999286,2,0.012238082,0.024879729999994993,0.028289771000004293,lns2.receding_q_label_pilot.v1,collision:4,0.028289771000004293,high_cost_progress,policy_train,s3__policy_train__policy_train_compartmentalized_double_horizontal_0001__task_0008__seed_0000__realized_dynamic__decision_0000__0006,feasible,3
8,200,"14,50,55,68,69,91,95,132",neighborhood-0c2868d1d34a0b0c,True,"1,1,0",official_adaptive,2,True,0.0,0,986ac4bd88c2447a7fd13eccdeee6cdb83c6df4980225e05d1d17d959aeedf4a,c05730996de05ef0bc33edb0d382564837f7b618652e67effc605194d3a8d269,3,1,604343bc2e8025e74155961172c16a81deddeb5453b98d7cccecf60fdb5e717a,00c23ddee6488c20716f32e88060225dd10b3bb6ca9cb8f7445ea39c82e16ae4,False,compartmentalized,0.10809479989330563,21584,46395,838,16,policy_train_compartmentalized_double_horizontal_0001,False,0.5,0.11415336200001036,0.11415336200001036,1,0.035963107,0.05942679200000356,0.028289771000004293,lns2.receding_q_label_pilot.v1,random:8,0.0547265700000068,high_cost_progress,policy_train,s3__policy_train__policy_train_compartmentalized_double_horizontal_0001__task_0008__seed_0000__realized_dynamic__decision_0000__0006,feasible,2
8,200,"14,50,55,68,69,91,95,132",neighborhood-0c2868d1d34a0b0c,True,"1,1,1,0",official_adaptive,3,True,0.0,0,11e02b5393eac5a0725474bef78c2233d709ac49ce4edffefec0663fe8cfc4fd,56b840bc9b943f4262e3261c3840c642f80be04dbdd3736a1289bc947be1d48a,3,1,604343bc2e8025e74155961172c16a81deddeb5453b98d7cccecf60fdb5e717a,00c23ddee6488c20716f32e88060225dd10b3bb6ca9cb8f7445ea39c82e16ae4,False,compartmentalized,0.16815164105081135,32055,65982,840,24,policy_train_compartmentalized_double_horizontal_0001,False,0.8333333333333334,0.18311600599999878,0.18311600599999878,0,0.060002414000000004,0.09690497399999742,0.028289771000004293,lns2.receding_q_label_pilot.v1,random:8,0.08621103200000135,high_cost_progress,policy_train,s3__policy_train__policy_train_compartmentalized_double_horizontal_0001__task_0008__seed_0000__realized_dynamic__decision_0000__0006,feasible,3
8,200,"14,24,36,86,91,110,175,195",neighborhood-14e589ecee0080ca,True,"1,0",official_adaptive,1,True,0.0,0,20368ffbbf83283b68ed0ec6602e8daaed2d5a5cf1a42f95294273af6ae75733,0caaeede48961c501e8347d8e58435146a646172fdc816b509c5b8e683e42da0,3,1,604343bc2e8025e74155961172c16a81deddeb5453b98d7cccecf60fdb5e717a,00c23ddee6488c20716f32e88060225dd10b3bb6ca9cb8f7445ea39c82e16ae4,False,compartmentalized,0.053853586241415584,10192,21577,1667,8,policy_train_compartmentalized_double_horizontal_0001,False,0.16666666666666666,0.05533007600000417,0.05533007600000417,2,0.016491943,0.027040304999999876,0.028289771000004293,lns2.receding_q_label_pilot.v1,target:8,0.028289771000004293,high_cost_progress,policy_train,s3__policy_train__policy_train_compartmentalized_double_horizontal_0001__task_0008__seed_0000__realized_dynamic__decision_0000__0006,feasible,2
8,200,"14,24,36,86,91,110,175,195",neighborhood-14e589ecee0080ca,True,"1,1,0",official_adaptive,2,True,0.0,0,06557e1e91478269099b9eb24fb15faffab020d61085c4ae9bc8b08bba5b8527,21b622bfae16a5347d2fd87bc91c8014c853e7d86b1d265c79f12eec8a762093,3,1,604343bc2e8025e74155961172c16a81deddeb5453b98d7cccecf60fdb5e717a,00c23ddee6488c20716f32e88060225dd10b3bb6ca9cb8f7445ea39c82e16ae4,False,compartmentalized,0.1133255174448574,24885,47167,3243,16,policy_train_compartmentalized_double_horizontal_0001,False,0.5,0.11999645200001652,0.11999645200001652,1,0.037378901,0.061266075000006026,0.028289771000004293,lns2.receding_q_label_pilot.v1,target:8,0.05873037700001049,high_cost_progress,policy_train,s3__policy_train__policy_train_compartmentalized_double_horizontal_0001__task_0008__seed_0000__realized_dynamic__decision_0000__0006,feasible,3
8,200,"40,46,56,64,82,117,173,191",neighborhood-17bd7cf88dd201dd,True,"1,0",official_adaptive,1,True,0.0,0,007ad8d119a17bd11218480a6595e2039b35face717790582da06c73d3fca805,8b384c3cca381f5858feaf3d4985f6967066e9e05ebb2e1795e552742c78b838,3,1,604343bc2e8025e74155961172c16a81deddeb5453b98d7cccecf60fdb5e717a,00c23ddee6488c20716f32e88060225dd10b3bb6ca9cb8f7445ea39c82e16ae4,False,compartmentalized,0.07989292691850733,29771,25300,19289,8,policy_train_compartmentalized_double_horizontal_0001,False,0.16666666666666666,0.08317108300001053,0.08317108300001053,2,0.040869614,0.05488131200000623,0.028289771000004293,lns2.receding_q_label_pilot.v1,target:8,0.028289771000004293,high_cost_progress,policy_train,s3__policy_train__policy_train_compartmentalized_double_horizontal_0001__task_0008__seed_0000__realized_dynamic__decision_0000__0006,feasible,2
8,200,"40,46,56,64,82,117,173,191",neighborhood-17bd7cf88dd201dd,True,"1,0",official_adaptive,1,True,0.0,0,5134589304453a45417e27b5b273b1b962a21a68a68008139040df5dffffd4c7,879c08f11ab4cdc9b613fdd8937bfda5e96a0739dfce2d43e064245104f600aa,3,1,604343bc2e8025e74155961172c16a81deddeb5453b98d7cccecf60fdb5e717a,00c23ddee6488c20716f32e88060225dd10b3bb6ca9cb8f7445ea39c82e16ae4,False,compartmentalized,0.06840022203829034,27731,23917,18180,8,policy_train_compartmentalized_double_horizontal_0001,False,0.16666666666666666,0.0707937780000023,0.0707937780000023,2,0.031585639,0.04250400699999801,0.028289771000004293,lns2.receding_q_label_pilot.v1,target:8,0.028289771000004293,high_cost_progress,policy_train,s3__policy_train__policy_train_compartmentalized_double_horizontal_0001__task_0008__seed_0000__realized_dynamic__decision_0000__0006,feasible,3
4,200,"0,14,120,127",neighborhood-1a45fbd39195ff78,True,"1,1,1,0",official_adaptive,3,True,0.0,0,833102a6f654c14aa2a406b1daede97a11b0adb4c45d5a2adc40ca9895019de8,643633f40f4902d1084e1eb5e108050e3535aa4945e0172e770163196d444ae2,3,1,604343bc2e8025e74155961172c16a81deddeb5453b98d7cccecf60fdb5e717a,00c23ddee6488c20716f32e88060225dd10b3bb6ca9cb8f7445ea39c82e16ae4,False,compartmentalized,0.1833840712921198,31574,61189,2208,20,policy_train_compartmentalized_double_horizontal_0001,False,0.8333333333333334,0.20127569499999964,0.20127569499999964,0,0.053469113,0.0890096419999935,0.028289771000004293,lns2.receding_q_label_pilot.v1,random:4,0.11226605300000614,high_cost_progress,policy_train,s3__policy_train__policy_train_compartmentalized_double_horizontal_0001__task_0008__seed_0000__realized_dynamic__decision_0000__0006,feasible,2
4,200,"0,14,120,127",neighborhood-1a45fbd39195ff78,True,"1,1,0",official_adaptive,2,True,0.0,0,0b094b50b3e95b7c171c8164e8d3670298fdc76e1e04dd838cef128842f6ee86,adab668a7293b498b247ffe8a355b5136af096f6b0841684f1389ccbb733124e,3,1,604343bc2e8025e74155961172c16a81deddeb5453b98d7cccecf60fdb5e717a,00c23ddee6488c20716f32e88060225dd10b3bb6ca9cb8f7445ea39c82e16ae4,False,compartmentalized,0.1045736024228136,14314,26817,1618,12,policy_train_compartmentalized_double_horizontal_0001,False,0.5,0.11023710700001033,0.11023710700001033,1,0.026524224,0.050591615000001866,0.028289771000004293,lns2.receding_q_label_pilot.v1,random:4,0.05964549200000846,high_cost_progress,policy_train,s3__policy_train__policy_train_compartmentalized_double_horizontal_0001__task_0008__seed_0000__realized_dynamic__decision_0000__0006,feasible,3
4,200,"8,82,159,166",neighborhood-2009fb47f906235f,True,"1,0",official_adaptive,1,True,0.0,0,d3999b112a46f09dfe06f5dfd9ded507f811b27cd34475d69cd61c8a6a94b825,f0f5291910950451adde7f3abbbf4a53b3ed99b2dc9acb55f6d8289c12826be0,3,1,604343bc2e8025e74155961172c16a81deddeb5453b98d7cccecf60fdb5e717a,00c23ddee6488c20716f32e88060225dd10b3bb6ca9cb8f7445ea39c82e16ae4,False,compartmentalized,0.04925427264491347,5573,11708,0,4,policy_train_compartmentalized_double_horizontal_0001,False,0.16666666666666666,0.0504874270000073,0.0504874270000073,2,0.010297899,0.022197656000003008,0.028289771000004293,lns2.receding_q_label_pilot.v1,random:4,0.028289771000004293,high_cost_progress,policy_train,s3__policy_train__policy_train_compartmentalized_double_horizontal_0001__task_0008__seed_0000__realized_dynamic__decision_0000__0006,feasible,2
4,200,"8,82,159,166",neighborhood-2009fb47f906235f,True,"1,0",official_adaptive,1,True,0.0,0,8b5feee8e4ac16f0b98e07d20e12c0ad38722244d1035bffa9af551f87904512,06e74de1ef21464caea58c52d66d759d5d8b0ed2bd95b7e4e8adc8ad726d3a25,3,1,604343bc2e8025e74155961172c16a81deddeb5453b98d7cccecf60fdb5e717a,00c23ddee6488c20716f32e88060225dd10b3bb6ca9cb8f7445ea39c82e16ae4,False,compartmentalized,0.048498921762480045,5573,11694,0,4,policy_train_compartmentalized_double_horizontal_0001,False,0.16666666666666666,0.04969424000000089,0.04969424000000089,2,0.009867672,0.021404468999996595,0.028289771000004293,lns2.receding_q_label_pilot.v1,random:4,0.028289771000004293,high_cost_progress,policy_train,s3__policy_train__policy_train_compartmentalized_double_horizontal_0001__task_0008__seed_0000__realized_dynamic__decision_0000__0006,feasible,3
16,200,"3,14,20,26,39,82,85,90,92,114,120,123,130,158,159,188",neighborhood-27e2b2df7f1a4de6,True,"1,0",official_adaptive,1,True,0.0,0,3e57e94232c17baaca4407527c50bcff3e81ff9e97625713d7e0d84f776dc4ee,aa170187b78b9d591849b2e5fdd1f2c8c0e19b66f43e34f75740146122a8ab28,3,1,604343bc2e8025e74155961172c16a81deddeb5453b98d7cccecf60fdb5e717a,00c23ddee6488c20716f32e88060225dd10b3bb6ca9cb8f7445ea39c82e16ae4,False,compartmentalized,0.06688970431389064,14536,33316,2689,16,policy_train_compartmentalized_double_horizontal_0001,False,0.16666666666666666,0.06917754600000592,0.06917754600000592,2,0.028179246,0.040887775000001625,0.028289771000004293,lns2.receding_q_label_pilot.v1,collision:16,0.028289771000004293,high_cost_progress,policy_train,s3__policy_train__policy_train_compartmentalized_double_horizontal_0001__task_0008__seed_0000__realized_dynamic__decision_0000__0006,feasible,2
16,200,"3,14,20,26,39,82,85,90,92,114,120,123,130,158,159,188",neighborhood-27e2b2df7f1a4de6,True,"1,0",official_adaptive,1,True,0.0,0,2fbefde636e2e34c967976c51a449b89a2a5bb1ab09da9f12ceb79d3fd4ee65b,27032ff3e0c50aef79798459588e2f4f0db9b8a88f80b8c4b48c258a0164ba7f,3,1,604343bc2e8025e74155961172c16a81deddeb5453b98d7cccecf60fdb5e717a,00c23ddee6488c20716f32e88060225dd10b3bb6ca9cb8f7445ea39c82e16ae4,False,compartmentalized,0.06586136423221245,17559,36777,4837,16,policy_train_compartmentalized_double_horizontal_0001,False,0.16666666666666666,0.06807863300000605,0.06807863300000605,2,0.028751103,0.03978886200000176,0.028289771000004293,lns2.receding_q_label_pilot.v1,collision:16,0.028289771000004293,high_cost_progress,policy_train,s3__policy_train__policy_train_compartmentalized_double_horizontal_0001__task_0008__seed_0000__realized_dynamic__decision_0000__0006,feasible,3
16,200,"17,28,40,46,47,56,61,64,65,82,88,102,117,119,151,191",neighborhood-36155793f09fe58b,True,"1,0",official_adaptive,1,True,0.0,0,818115874d59d70db555e87437bc13c9f45561d075ea509c69ac0f7f7e06cbe2,2ad2f05212c06a8c8130c6e12bffccd362dcfb41868dc6f5d546c7a5fb67ed37,3,1,604343bc2e8025e74155961172c16a81deddeb5453b98d7cccecf60fdb5e717a,00c23ddee6488c20716f32e88060225dd10b3bb6ca9cb8f7445ea39c82e16ae4,False,compartmentalized,0.07051127586068512,27241,29243,16186,16,policy_train_compartmentalized_double_horizontal_0001,False,0.16666666666666666,0.07305666900000318,0.07305666900000318,2,0.033519972,0.04476689799999889,0.028289771000004293,lns2.receding_q_label_pilot.v1,target:16,0.028289771000004293,high_cost_progress,policy_train,s3__policy_train__policy_train_compartmentalized_double_horizontal_0001__task_0008__seed_0000__realized_dynamic__decision_0000__0006,feasible,2
16,200,"17,28,40,46,47,56,61,64,65,82,88,102,117,119,151,191",neighborhood-36155793f09fe58b,True,"1,0",official_adaptive,1,True,0.0,0,60ca731254adf33eac405933d54f4c244d120b50b2d9ecaae70160847f17e6b6,573bbb2b807298fe461426b3948962e298508a2b25f63cae03d312d5895d130b,3,1,604343bc2e8025e74155961172c16a81deddeb5453b98d7cccecf60fdb5e717a,00c23ddee6488c20716f32e88060225dd10b3bb6ca9cb8f7445ea39c82e16ae4,False,compartmentalized,0.07335124476490822,22422,32748,9923,16,policy_train_compartmentalized_double_horizontal_0001,False,0.16666666666666666,0.07610844800000649,0.07610844800000649,2,0.035194904,0.0478186770000022,0.028289771000004293,lns2.receding_q_label_pilot.v1,target:16,0.028289771000004293,high_cost_progress,policy_train,s3__policy_train__policy_train_compartmentalized_double_horizontal_0001__task_0008__seed_0000__realized_dynamic__decision_0000__0006,feasible,3
4,200,"14,82,90,114",neighborhood-3ce767ee788f44d9,True,"1,1,1,0",official_adaptive,3,True,0.0,0,df479399ffccc88e5717a6262948430a0b8ea102d458715e5548a4e360bdded3,af631717c60aa20d31106bd338c6003c60413482763ba4287821854cde55056f,3,1,604343bc2e8025e74155961172c16a81deddeb5453b98d7cccecf60fdb5e717a,00c23ddee6488c20716f32e88060225dd10b3bb6ca9cb8f7445ea39c82e16ae4,False,compartmentalized,0.1611384157770715,33702,66764,1792,20,policy_train_compartmentalized_double_horizontal_0001,False,0.8333333333333334,0.17484757500001535,0.17484757500001535,0,0.054526034,0.08831786100000727,0.028289771000004293,lns2.receding_q_label_pilot.v1,collision:4,0.08652971400000808,high_cost_progress,policy_train,s3__policy_train__policy_train_compartmentalized_double_horizontal_0001__task_0008__seed_0000__realized_dynamic__decision_0000__0006,feasible,2
4,200,"14,82,90,114",neighborhood-3ce767ee788f44d9,True,"1,1,0",official_adaptive,2,True,0.0,0,ee2e99f3e24ac799c81df70e7c6b679c50f949b403353adc2773f37d3578f014,6f462845af120f148d2e6c15031f0881f6294c55f8c4168f6d75b8aaf9827d6c,3,1,604343bc2e8025e74155961172c16a81deddeb5453b98d7cccecf60fdb5e717a,00c23ddee6488c20716f32e88060225dd10b3bb6ca9cb8f7445ea39c82e16ae4,False,compartmentalized,0.10212193701868705,18471,34490,2008,12,policy_train_compartmentalized_double_horizontal_0001,False,0.5,0.10751851099999499,0.10751851099999499,1,0.028702403,0.05041149799999545,0.028289771000004293,lns2.receding_q_label_pilot.v1,collision:4,0.05710701299999954,high_cost_progress,policy_train,s3__policy_train__policy_train_compartmentalized_double_horizontal_0001__task_0008__seed_0000__realized_dynamic__decision_0000__0006,feasible,3
8,200,"37,79,82,113,152,163,196,197",neighborhood-57e09949000b5db6,True,"1,0",official_adaptive,1,True,0.0,0,ce4a43931a4b247e605bdc9b903e0579059b788d433b0e4954f1a251d37fae12,2a56cf07d58183693d4a82f2bc46dd9df125e8eba871ae03cb1835a23b183800,3,1,604343bc2e8025e74155961172c16a81deddeb5453b98d7cccecf60fdb5e717a,00c23ddee6488c20716f32e88060225dd10b3bb6ca9cb8f7445ea39c82e16ae4,False,compartmentalized,0.05139526888797777,6578,15650,194,8,policy_train_compartmentalized_double_horizontal_0001,False,0.16666666666666666,0.052738926000003516,0.052738926000003516,2,0.01262059,0.024449154999999223,0.028289771000004293,lns2.receding_q_label_pilot.v1,random:8,0.028289771000004293,high_cost_progress,policy_train,s3__policy_train__policy_train_compartmentalized_double_horizontal_0001__task_0008__seed_0000__realized_dynamic__decision_0000__0006,feasible,2
8,200,"37,79,82,113,152,163,196,197",neighborhood-57e09949000b5db6,True,"1,0",official_adaptive,1,True,0.0,0,28c51eb6b9ac31c62652ddca3e35c1e952c5ffd1e64902256f8e66f0502500cc,f48c2f35f65ca1937d831a907255974383dd33e200837c35b895191409f5ae5c,3,1,604343bc2e8025e74155961172c16a81deddeb5453b98d7cccecf60fdb5e717a,00c23ddee6488c20716f32e88060225dd10b3bb6ca9cb8f7445ea39c82e16ae4,False,compartmentalized,0.04983258066452619,7533,17688,62,8,policy_train_compartmentalized_double_horizontal_0001,False,0.16666666666666666,0.051095108000005496,0.051095108000005496,2,0.01210662,0.022805337000001202,0.028289771000004293,lns2.receding_q_label_pilot.v1,random:8,0.028289771000004293,high_cost_progress,policy_train,s3__policy_train__policy_train_compartmentalized_double_horizontal_0001__task_0008__seed_0000__realized_dynamic__decision_0000__0006,feasible,3
16,200,"37,50,55,70,77,82,91,100,115,123,126,127,156,172,183,194",neighborhood-6eee03a96a4458d8,True,"1,0",official_adaptive,1,True,0.0,0,20b007c470be918535dff801f73d28a1440731018b7f29d3669b7a711ee332af,e75a0702d3dcdc202a8981d226e50714463dab23b7085398e9da27788d8febdc,3,1,604343bc2e8025e74155961172c16a81deddeb5453b98d7cccecf60fdb5e717a,00c23ddee6488c20716f32e88060225dd10b3bb6ca9cb8f7445ea39c82e16ae4,False,compartmentalized,0.0642800380462002,15080,37432,503,16,policy_train_compartmentalized_double_horizontal_0001,False,0.16666666666666666,0.06639098700000545,0.06639098700000545,2,0.02707116,0.03810121600000116,0.028289771000004293,lns2.receding_q_label_pilot.v1,random:16,0.028289771000004293,high_cost_progress,policy_train,s3__policy_train__policy_train_compartmentalized_double_horizontal_0001__task_0008__seed_0000__realized_dynamic__decision_0000__0006,feasible,2
16,200,"37,50,55,70,77,82,91,100,115,123,126,127,156,172,183,194",neighborhood-6eee03a96a4458d8,True,"1,0",official_adaptive,1,True,0.0,0,97c06a1fd364076fb3ba0798a6fd1f7f630a7c8998b800804ef91e51f4af782b,f09f3c340d8d0836557bcb05a9e678175a560b1f98c9fbe6ae8de47c30b5ad9e,3,1,604343bc2e8025e74155961172c16a81deddeb5453b98d7cccecf60fdb5e717a,00c23ddee6488c20716f32e88060225dd10b3bb6ca9cb8f7445ea39c82e16ae4,False,compartmentalized,0.07589096139756478,21664,39116,6185,16,policy_train_compartmentalized_double_horizontal_0001,False,0.16666666666666666,0.07884493200000264,0.07884493200000264,2,0.038942144,0.05055516099999835,0.028289771000004293,lns2.receding_q_label_pilot.v1,random:16,0.028289771000004293,high_cost_progress,policy_train,s3__policy_train__policy_train_compartmentalized_double_horizontal_0001__task_0008__seed_0000__realized_dynamic__decision_0000__0006,feasible,3
4,200,"46,82,117,191",neighborhood-cdaf7f7111f81637,True,"1,0",official_adaptive,1,True,0.0,0,7a596740d45dc2033fe6b18b99ad1edab529d1baa3706a99284629d06b024729,f3a36961b9717e538b6a81e1acec5d83cfcbdf44cfb408463351849193c3efa7,3,1,604343bc2e8025e74155961172c16a81deddeb5453b98d7cccecf60fdb5e717a,00c23ddee6488c20716f32e88060225dd10b3bb6ca9cb8f7445ea39c82e16ae4,True,compartmentalized,0.04942984143706151,9295,13644,3553,4,policy_train_compartmentalized_double_horizontal_0001,False,0.16666666666666666,0.05067187600000267,0.05067187600000267,2,0.0120366,0.022382104999998376,0.028289771000004293,lns2.receding_q_label_pilot.v1,target:4,0.028289771000004293,high_cost_progress,policy_train,s3__policy_train__policy_train_compartmentalized_double_horizontal_0001__task_0008__seed_0000__realized_dynamic__decision_0000__0006,feasible,2
4,200,"46,82,117,191",neighborhood-cdaf7f7111f81637,True,"1,0",official_adaptive,1,True,0.0,0,376bcea4fbbc5f17a6056a62ad548eb22de89b9ca530efb4138b8d0ddeeb47e4,e82f8366023ae879e613cb5be7d77b5a6a40a3b3c6ffc2f5f40c7e473993b03a,3,1,604343bc2e8025e74155961172c16a81deddeb5453b98d7cccecf60fdb5e717a,00c23ddee6488c20716f32e88060225dd10b3bb6ca9cb8f7445ea39c82e16ae4,True,compartmentalized,0.05016368426820949,9252,13855,3441,4,policy_train_compartmentalized_double_horizontal_0001,False,0.16666666666666666,0.05144318700000383,0.05144318700000383,2,0.012048375,0.023153415999999538,0.028289771000004293,lns2.receding_q_label_pilot.v1,target:4,0.028289771000004293,high_cost_progress,policy_train,s3__policy_train__policy_train_compartmentalized_double_horizontal_0001__task_0008__seed_0000__realized_dynamic__decision_0000__0006,feasible,3
4,200,"14,24,86,110",neighborhood-ea6fa0d6984d1acd,True,"1,1,1,0",official_adaptive,3,True,0.0,0,1cabd4910dda982b36dffd794192db04dc9da21e6b1317c7a88ed52d1c785a7f,ebc9b46e8f4e3975d7c3cf9738db4fccfb61ee7525139438beaa00465d8972ba,3,1,604343bc2e8025e74155961172c16a81deddeb5453b98d7cccecf60fdb5e717a,00c23ddee6488c20716f32e88060225dd10b3bb6ca9cb8f7445ea39c82e16ae4,False,compartmentalized,0.18273193174531024,31418,62659,1457,20,policy_train_compartmentalized_double_horizontal_0001,False,0.8333333333333334,0.20049255100001062,0.20049255100001062,0,0.064427085,0.10142999200000702,0.028289771000004293,lns2.receding_q_label_pilot.v1,target:4,0.0990625590000036,high_cost_progress,policy_train,s3__policy_train__policy_train_compartmentalized_double_horizontal_0001__task_0008__seed_0000__realized_dynamic__decision_0000__0006,feasible,2
4,200,"14,24,86,110",neighborhood-ea6fa0d6984d1acd,True,"1,1,0",official_adaptive,2,True,0.0,0,899527a655835fc71b96597b845507586e260af6b934355c39648016bc3c6399,1b4595f822a382ed0f563619c8588921c08bfcc7e7377e618d5f8a988b512ac7,3,1,604343bc2e8025e74155961172c16a81deddeb5453b98d7cccecf60fdb5e717a,00c23ddee6488c20716f32e88060225dd10b3bb6ca9cb8f7445ea39c82e16ae4,False,compartmentalized,0.10314571168925712,13580,25746,1245,12,policy_train_compartmentalized_double_horizontal_0001,False,0.5,0.10865294100000966,0.10865294100000966,1,0.024963964999999998,0.05104599900000295,0.028289771000004293,lns2.receding_q_label_pilot.v1,target:4,0.05760694200000671,high_cost_progress,policy_train,s3__policy_train__policy_train_compartmentalized_double_horizontal_0001__task_0008__seed_0000__realized_dynamic__decision_0000__0006,feasible,3
16,600,"129,215,221,241,257,277,338,341,383,414,423,433,446,456,490,577",neighborhood-009d727129716af9,True,"94,81,80,72",official_adaptive,3,False,0.7659574468085106,72,aab8393a7887dc08ea6d57c217b6d60cd3ed9ffa9ee7ccbbcc345fd837e6c1f1,c8b0e36841a4030ea9302c32cc34cf586643ab1d6d2e1a3b008327890879b4a2,3,94,b3375dae54f30c96378484e6ab0f5567d4a17e1e1160cdde79d82f10015c6a0a,d9624a5ba1f7411e4ed84afe317ca136d633e1a90761e80f8a8e11950f4e5531,False,compartmentalized,0.9678460287760424,521907,412097,284461,32,policy_train_compartmentalized_double_horizontal_0001,False,0.8652482269503546,1.4842849880850886,1.6322685179999823,0,1.138850219,1.3028742039999983,0.10260682199998428,lns2.receding_q_label_pilot.v1,random:16,0.329394313999984,high_cost_progress,policy_train,s3__policy_train__policy_train_compartmentalized_double_horizontal_0001__task_0016__seed_0000__official_adaptive__decision_0000__0040,horizon_complete,2
16,600,"129,215,221,241,257,277,338,341,383,414,423,433,446,456,490,577",neighborhood-009d727129716af9,True,"94,80,78,78",official_adaptive,3,False,0.8297872340425532,78,a9eaa98eefcf913939b156e13f1f3a346e77ad90073074ae42dc27af8ef85100,9e59505835c80c5c7b5ac3dbb57d454d162d3b287824c1f25b1e5dd79508bef5,3,94,b3375dae54f30c96378484e6ab0f5567d4a17e1e1160cdde79d82f10015c6a0a,d9624a5ba1f7411e4ed84afe317ca136d633e1a90761e80f8a8e11950f4e5531,False,compartmentalized,0.8193083216716017,344695,349291,141392,32,policy_train_compartmentalized_double_horizontal_0001,False,0.8652482269503546,1.1486146690638106,1.2689299249999806,0,0.778231256,0.9315920869999985,0.10260682199998428,lns2.receding_q_label_pilot.v1,random:16,0.33733783799998207,high_cost_progress,policy_train,s3__policy_train__policy_train_compartmentalized_double_horizontal_0001__task_0016__seed_0000__official_adaptive__decision_0000__0040,horizon_complete,3
4,600,"179,278,386,579",neighborhood-01c1fe8dcaf9852d,True,"94,92,92,92",official_adaptive,3,False,0.9787234042553191,92,efee64a196eadb969b4c63b662dcbcda001f6a244085b96ff5832de98c2836f1,5289f4f50c974a6e88e150dac75997843658c93c1a40afc256bb4fe50a21084f,3,94,b3375dae54f30c96378484e6ab0f5567d4a17e1e1160cdde79d82f10015c6a0a,d9624a5ba1f7411e4ed84afe317ca136d633e1a90761e80f8a8e11950f4e5531,False,compartmentalized,0.7688801266922931,376850,230238,231540,18,policy_train_compartmentalized_double_horizontal_0001,False,0.9822695035460993,1.1405233433191093,1.1573489429999597,0,0.7009325019999999,0.845061515999987,0.10260682199998428,lns2.receding_q_label_pilot.v1,random:4,0.3122874269999727,high_cost_progress,policy_train,s3__policy_train__policy_train_compartmentalized_double_horizontal_0001__task_0016__seed_0000__official_adaptive__decision_0000__0040,horizon_complete,2
4,600,"179,278,386,579",neighborhood-01c1fe8dcaf9852d,True,"94,92,78,78",official_adaptive,3,False,0.8297872340425532,78,7f6345e486a2aae0e67299d2de5686e0eaa3bde13c830e9e7669afa37e1c2c72,3c73d96aab4a18d90edf49b95943e26c4c7c628ad796a1f823a282655968bfee,3,94,b3375dae54f30c96378484e6ab0f5567d4a17e1e1160cdde79d82f10015c6a0a,d9624a5ba1f7411e4ed84afe317ca136d633e1a90761e80f8a8e11950f4e5531,False,compartmentalized,0.981779157959131,629454,334433,390603,16,policy_train_compartmentalized_double_horizontal_0001,False,0.9078014184397163,1.5910647765957324,1.6692009499999898,0,1.206073257,1.3528129959999973,0.10260682199998428,lns2.receding_q_label_pilot.v1,random:4,0.31638795399999253,high_cost_progress,policy_train,s3__policy_train__policy_train_compartmentalized_double_horizontal_0001__task_0016__seed_0000__official_adaptive__decision_0000__0040,horizon_complete,3
4,600,"278,322,354,480",neighborhood-01f3e0d8ef4ca071,True,"94,89,74,72",official_adaptive,3,False,0.7659574468085106,72,505aa7bf8bcb326b992d3a4c38142922c52ca8da4cf08aae5a338372681cb2a7,9a111ca00958a10e1f20d1cb41c7782d97cfa0d8982969032261eb91cb7a24b5,3,94,b3375dae54f30c96378484e6ab0f5567d4a17e1e1160cdde79d82f10015c6a0a,d9624a5ba1f7411e4ed84afe317ca136d633e1a90761e80f8a8e11950f4e5531,False,compartmentalized,0.7828881154147576,244802,335125,14551,20,policy_train_compartmentalized_double_horizontal_0001,False,0.8723404255319149,1.1063608749361458,1.187781715999975,0,0.7243615840000001,0.867611557999993,0.10260682199998428,lns2.receding_q_label_pilot.v1,collision:4,0.32017015799998205,high_cost_progress,policy_train,s3__policy_train__policy_train_compartmentalized_double_horizontal_0001__task_0016__seed_0000__official_adaptive__decision_0000__0040,horizon_complete,2
4,600,"278,322,354,480",neighborhood-01f3e0d8ef4ca071,True,"94,89,84,74",official_adaptive,3,False,0.7872340425531915,74,1dac96592ddff5f76752efc506d15301924fcd31ec41ae8112102bf8f1d398cd,590b8003225d274b80f879b218fe14ec0634f78721ba504f6feb697e89dd8870,3,94,b3375dae54f30c96378484e6ab0f5567d4a17e1e1160cdde79d82f10015c6a0a,d9624a5ba1f7411e4ed84afe317ca136d633e1a90761e80f8a8e11950f4e5531,False,compartmentalized,0.75706814886351,318894,283317,145340,20,policy_train_compartmentalized_double_horizontal_0001,False,0.9113475177304965,1.060541510914888,1.132016293999996,0,0.673229372,0.8247054350000127,0.10260682199998428,lns2.receding_q_label_pilot.v1,collision:4,0.30731085899998334,high_cost_progress,policy_train,s3__policy_train__policy_train_compartmentalized_double_horizontal_0001__task_0016__seed_0000__official_adaptive__decision_0000__0040,horizon_complete,3
8,600,"41,104,116,188,223,380,418,456",neighborhood-03f47798239a2dae,True,"94,81,80,78",official_adaptive,3,False,0.8297872340425532,78,8a32e0121fc4526a9f1668e57a30717cf589c91be1b182b245c86ad0a4982369,36c305a089219faf4734c00032848695d53fc821b9d89833cbed62e87f254f40,3,94,b3375dae54f30c96378484e6ab0f5567d4a17e1e1160cdde79d82f10015c6a0a,d9624a5ba1f7411e4ed84afe317ca136d633e1a90761e80f8a8e11950f4e5531,False,compartmentalized,0.7898131308919288,361752,285586,182200,24,policy_train_compartmentalized_double_horizontal_0001,False,0.875886524822695,1.0712097515212844,1.2029847180000104,0,0.750333304,0.8918055510000187,0.10260682199998428,lns2.receding_q_label_pilot.v1,random:8,0.3111791669999917,high_cost_progress,policy_train,s3__policy_train__policy_train_compartmentalized_double_horizontal_0001__task_0016__seed_0000__official_adaptive__decision_0000__0040,horizon_complete,2
8,600,"41,104,116,188,223,380,418,456",neighborhood-03f47798239a2dae,True,"94,82,79,79",official_adaptive,3,False,0.8404255319148937,79,0cae7c00d4dbfba28afeb829758a40412e57e948bd1c343e3261254e1c2bd8fb,fbb3676561b870b75c876637f55c59dc0059250c9bfb8334931ed063d2767053,3,94,b3375dae54f30c96378484e6ab0f5567d4a17e1e1160cdde79d82f10015c6a0a,d9624a5ba1f7411e4ed84afe317ca136d633e1a90761e80f8a8e11950f4e5531,False,compartmentalized,0.9669384577071516,514168,326394,292234,22,policy_train_compartmentalized_double_horizontal_0001,False,0.8776595744680851,1.4555978836170012,1.6298806309999776,0,1.133762465,1.2920713100000114,0.10260682199998428,lns2.receding_q_label_pilot.v1,random:8,0.3378093209999662,high_cost_progress,policy_train,s3__policy_train__policy_train_compartmentalized_double_horizontal_0001__task_0016__seed_0000__official_adaptive__decision_0000__0040,horizon_complete,3
8,600,"198,278,376,467,530,535,549,593",neighborhood-05ad9ebec3d27c17,True,"94,91,88,85",official_adaptive,3,False,0.9042553191489362,85,9546c3fc63c17d913bdb64ccac9284203d66aad3c5c5424d85bb6cd4bbe1af1f,a0a2f000515891d008c8002b94199e2066db9a1ada75e007f40b64f79bb71ff4,3,94,b3375dae54f30c96378484e6ab0f5567d4a17e1e1160cdde79d82f10015c6a0a,d9624a5ba1f7411e4ed84afe317ca136d633e1a90761e80f8a8e11950f4e5531,False,compartmentalized,0.8406398282289615,470134,286439,290952,24,policy_train_compartmentalized_double_horizontal_0001,False,0.9521276595744681,1.2687637958297424,1.3178495279999538,0,0.862339296,0.9966841819999672,0.10260682199998428,lns2.receding_q_label_pilot.v1,random:8,0.3211653459999866,high_cost_progress,policy_train,s3__policy_train__policy_train_compartmentalized_double_horizontal_0001__task_0016__seed_0000__official_adaptive__decision_0000__0040,horizon_complete,2
8,600,"198,278,376,467,530,535,549,593",neighborhood-05ad9ebec3d27c17,True,"94,91,88,87",official_adaptive,3,False,0.925531914893617,87,d206c84842f4b26e7bab9f98060c87c110324d0ffc6a75d1a36957b2765571fe,eddc16bb1484edeca0706bd1b65dccaf229543dbda04d6234eb5d5819e711efa,3,94,b3375dae54f30c96378484e6ab0f5567d4a17e1e1160cdde79d82f10015c6a0a,d9624a5ba1f7411e4ed84afe317ca136d633e1a90761e80f8a8e11950f4e5531,False,compartmentalized,0.6505894419654752,216769,244780,72670,24,policy_train_compartmentalized_double_horizontal_0001,False,0.9556737588652482,0.8926783012978692,0.9166702619999967,0,0.4766434,0.6116880570000092,0.10260682199998428,lns2.receding_q_label_pilot.v1,random:8,0.3049822049999875,high_cost_progress,policy_train,s3__policy_train__policy_train_compartmentalized_double_horizontal_0001__task_0016__seed_0000__official_adaptive__decision_0000__0040,horizon_complete,3
8,600,"37,103,107,317,389,419,473,547",neighborhood-08e843f52995b092,True,"94,89,82,75",official_adaptive,3,False,0.7978723404255319,75,79a66b202a5ce1c77ca94521126b5bfd7ffede208e82c5c696545f6bd28a5b0b,2a804884a12a24b4cd99125c9b43897964080b8d553249e274caf2898ba829e2,3,94,b3375dae54f30c96378484e6ab0f5567d4a17e1e1160cdde79d82f10015c6a0a,d9624a5ba1f7411e4ed84afe317ca136d633e1a90761e80f8a8e11950f4e5531,False,compartmentalized,0.6536997596303602,186643,281887,8388,24,policy_train_compartmentalized_double_horizontal_0001,False,0.9060283687943262,0.8729304167658879,0.9226409959999273,0,0.49185220100000004,0.6262143179999669,0.10260682199998428,lns2.receding_q_label_pilot.v1,collision:8,0.2964266779999605,high_cost_progress,policy_train,s3__policy_train__policy_train_compartmentalized_double_horizontal_0001__task_0016__seed_0000__official_adaptive__decision_0000__0040,horizon_complete,2
8,600,"37,103,107,317,389,419,473,547",neighborhood-08e843f52995b092,True,"94,93,79,79",official_adaptive,3,False,0.8404255319148937,79,4b11a60789920048ad2ab45245d506f250341c348272005153ed0af3c005dfb7,11ed0a26f2aa4e9afd2f8d4b8022ba74c317cf636d619a6220b2fabf20f2c21d,3,94,b3375dae54f30c96378484e6ab0f5567d4a17e1e1160cdde79d82f10015c6a0a,d9624a5ba1f7411e4ed84afe317ca136d633e1a90761e80f8a8e11950f4e5531,False,compartmentalized,0.9902397488237444,580631,413772,307376,22,policy_train_compartmentalized_double_horizontal_0001,False,0.9166666666666666,1.6427142557553325,1.691879770000014,0,1.231143533,1.3787722060000078,0.10260682199998428,lns2.receding_q_label_pilot.v1,collision:8,0.3131075640000063,high_cost_progress,policy_train,s3__policy_train__policy_train_compartmentalized_double_horizontal_0001__task_0016__seed_0000__official_adaptive__decision_0000__0040,horizon_complete,3
8,600,"168,182,196,429,450,469,526,546",neighborhood-0b0290c1b5fb69e2,True,"94,93,93,86",official_adaptive,3,False,0.9148936170212766,86,70270f759aa08e06457c0ed2f365b2f919d04026326148fec97cb3b9eae6dee3,401c84465542d724658b71ec353f070879f28ccd664b1c74328ba6736045035a,3,94,b3375dae54f30c96378484e6ab0f5567d4a17e1e1160cdde79d82f10015c6a0a,d9624a5ba1f7411e4ed84afe317ca136d633e1a90761e80f8a8e11950f4e5531,False,compartmentalized,0.7113345039549318,220436,285651,64029,24,policy_train_compartmentalized_double_horizontal_0001,False,0.9787234042553191,1.0303415384574333,1.0367074399999865,0,0.5733902319999999,0.7201884289999896,0.10260682199998428,lns2.receding_q_label_pilot.v1,collision:8,0.3165190109999969,high_cost_progress,policy_train,s3__policy_train__policy_train_compartmentalized_double_horizontal_0001__task_0016__seed_0000__official_adaptive__decision_0000__0040,horizon_complete,2
8,600,"168,182,196,429,450,469,526,546",neighborhood-0b0290c1b5fb69e2,True,"94,93,92,86",official_adaptive,3,False,0.9148936170212766,86,81e4a7b8a3247267b599637526e3ce185fe89f058e33bc235f142b3c2f58ae50,ff18862c63edd3bb3fb68ec9ad307e89cc2a2efee112586f1f716c966abf52c0,3,94,b3375dae54f30c96378484e6ab0f5567d4a17e1e1160cdde79d82f10015c6a0a,d9624a5ba1f7411e4ed84afe317ca136d633e1a90761e80f8a8e11950f4e5531,False,compartmentalized,0.8057040743624808,379544,364288,206880,24,policy_train_compartmentalized_double_horizontal_0001,False,0.975177304964539,1.2251663707978482,1.2382718539999757,0,0.759798443,0.9071341129999837,0.10260682199998428,lns2.receding_q_label_pilot.v1,collision:8,0.33113774099999205,high_cost_progress,policy_train,s3__policy_train__policy_train_compartmentalized_double_horizontal_0001__task_0016__seed_0000__official_adaptive__decision_0000__0040,horizon_complete,3
16,600,"30,50,65,66,73,103,135,267,281,291,382,402,411,417,515,526",neighborhood-0d85f62f9abd79a0,True,"94,84,83,67",official_adaptive,3,False,0.7127659574468085,67,0073cc48606334e63c946f5e0c824d04e11717230b278cb450189c231e3ac25b,e2690fa2ad2de62da4acdd0e3e19817e446c7f1bcbe0707c1bf631805edb0910,3,94,b3375dae54f30c96378484e6ab0f5567d4a17e1e1160cdde79d82f10015c6a0a,d9624a5ba1f7411e4ed84afe317ca136d633e1a90761e80f8a8e11950f4e5531,False,compartmentalized,0.9340086626016233,701138,364533,482821,32,policy_train_compartmentalized_double_horizontal_0001,False,0.8776595744680851,1.471509766329796,1.5446895610000126,0,1.0903580069999999,1.2356921520000128,0.10260682199998428,lns2.receding_q_label_pilot.v1,random:16,0.30899740899999983,high_cost_progress,policy_train,s3__policy_train__policy_train_compartmentalized_double_horizontal_0001__task_0016__seed_0000__official_adaptive__decision_0000__0040,horizon_complete,2
16,600,"30,50,65,66,73,103,135,267,281,291,382,402,411,417,515,526",neighborhood-0d85f62f9abd79a0,True,"94,84,84,82",official_adaptive,3,False,0.8723404255319149,82,7770398e1f47f443ed9ef8797c65e0a94d955fbf832e26de2f31efcbdec18d34,0f545c86075ee337c85104fd7bb7e40bc0ef0ff0c3e4067a5aa3750c3bb5407c,3,94,b3375dae54f30c96378484e6ab0f5567d4a17e1e1160cdde79d82f10015c6a0a,d9624a5ba1f7411e4ed84afe317ca136d633e1a90761e80f8a8e11950f4e5531,False,compartmentalized,0.9200831344164144,641430,372226,437240,32,policy_train_compartmentalized_double_horizontal_0001,False,0.9078014184397163,1.4493750213616894,1.509499006999988,0,1.0549661970000002,1.201325306000001,0.10260682199998428,lns2.receding_q_label_pilot.v1,random:16,0.308173700999987,high_cost_progress,policy_train,s3__policy_train__policy_train_compartmentalized_double_horizontal_0001__task_0016__seed_0000__official_adaptive__decision_0000__0040,horizon_complete,3
4,600,"59,249,456,596",neighborhood-135be6e82bcd5f43,True,"94,89,89,84",official_adaptive,3,False,0.8936170212765957,84,3747b38536f387af3e245514827b493bbb7ba75e9d471a8e1a78b8d351c7703d,64aae624b5582c6ba441693250b0a4c8ac7d27e220a973fd81abbef3bd604432,3,94,b3375dae54f30c96378484e6ab0f5567d4a17e1e1160cdde79d82f10015c6a0a,d9624a5ba1f7411e4ed84afe317ca136d633e1a90761e80f8a8e11950f4e5531,False,compartmentalized,0.7232073090582226,247093,310064,35841,20,policy_train_compartmentalized_double_horizontal_0001,False,0.9468085106382979,1.0217986215850954,1.0610329909999905,0,0.6151489490000001,0.7569342330000097,0.10260682199998428,lns2.receding_q_label_pilot.v1,random:4,0.30409875799998076,high_cost_progress,policy_train,s3__policy_train__policy_train_compartmentalized_double_horizontal_0001__task_0016__seed_0000__official_adaptive__decision_0000__0040,horizon_complete,2
4,600,"59,249,456,596",neighborhood-135be6e82bcd5f43,True,"94,89,89,87",official_adaptive,3,False,0.925531914893617,87,bf4eef7f50c8ba83dcb316ac7b0caf51cdceb1b0e73f071269d430de143076f8,0deb7097b1f1013f0ec2643eb29324d7fb8645ccae09d68c719513c6efa2d35c,3,94,b3375dae54f30c96378484e6ab0f5567d4a17e1e1160cdde79d82f10015c6a0a,d9624a5ba1f7411e4ed84afe317ca136d633e1a90761e80f8a8e11950f4e5531,False,compartmentalized,0.8766065073480648,441230,391850,199211,20,policy_train_compartmentalized_double_horizontal_0001,False,0.9521276595744681,1.3451326055638118,1.4027322019999815,0,0.949633854,1.0899669089999975,0.10260682199998428,lns2.receding_q_label_pilot.v1,random:4,0.312765292999984,high_cost_progress,policy_train,s3__policy_train__policy_train_compartmentalized_double_horizontal_0001__task_0016__seed_0000__official_adaptive__decision_0000__0040,horizon_complete,3
8,600,"166,180,274,278,285,358,390,506",neighborhood-1565a9188af2b9f9,True,"94,78,75,75",official_adaptive,3,False,0.7978723404255319,75,1aa1b1992b72adb7d3b15ba61ed4015af3b831862e240d73cb40e6cc9333ed21,7f678b1d04c9949db251fe7b53a175553925cebe3977504d1c7c8b0144296dbf,3,94,b3375dae54f30c96378484e6ab0f5567d4a17e1e1160cdde79d82f10015c6a0a,d9624a5ba1f7411e4ed84afe317ca136d633e1a90761e80f8a8e11950f4e5531,False,compartmentalized,0.636680653840291,298641,188649,210601,24,policy_train_compartmentalized_double_horizontal_0001,False,0.8421985815602837,0.8033034409574268,0.8901962389999767,0,0.442901425,0.5838316610000049,0.10260682199998428,lns2.receding_q_label_pilot.v1,target:8,0.30636457799997174,high_cost_progress,policy_train,s3__policy_train__policy_train_compartmentalized_double_horizontal_0001__task_0016__seed_0000__official_adaptive__decision_0000__0040,horizon_complete,2
8,600,"166,180,274,278,285,358,390,506",neighborhood-1565a9188af2b9f9,True,"94,76,75,67",official_adaptive,3,False,0.7127659574468085,67,0666f91c0b7ed171d646f68885acd51315addd8e49663ebedbf943dcdb76435e,30be6d5fb63e5d6f93d240c5ca12a4f8dc1bc27c7711a19dc02e0a59354e53f2,3,94,b3375dae54f30c96378484e6ab0f5567d4a17e1e1160cdde79d82f10015c6a0a,d9624a5ba1f7411e4ed84afe317ca136d633e1a90761e80f8a8e11950f4e5531,False,compartmentalized,0.8677867248578622,710246,239498,597531,24,policy_train_compartmentalized_double_horizontal_0001,False,0.8209219858156028,1.2074070464787252,1.381633805000007,0,0.9335385789999999,1.0709401860000014,0.10260682199998428,lns2.receding_q_label_pilot.v1,target:8,0.3106936190000056,high_cost_progress,policy_train,s3__policy_train__policy_train_compartmentalized_double_horizontal_0001__task_0016__seed_0000__official_adaptive__decision_0000__0040,horizon_complete,3
16,600,"37,71,103,107,144,195,197,343,357,389,394,470,473,493,510,547",neighborhood-1e1ff903415e6925,True,"94,90,71,71",official_adaptive,3,False,0.7553191489361702,71,071013bbcf1c31ec7356db0207925bb89d4a9524f530f085020fa4c72f01243e,75eda055a01f5481e257da853b34fddd2bab3a50001aa731032df13befd01d15,3,94,b3375dae54f30c96378484e6ab0f5567d4a17e1e1160cdde79d82f10015c6a0a,d9624a5ba1f7411e4ed84afe317ca136d633e1a90761e80f8a8e11950f4e5531,False,compartmentalized,0.9290404240250735,506386,410314,273179,32,policy_train_compartmentalized_double_horizontal_0001,False,0.8634751773049646,1.441321018574452,1.532078289999987,0,1.061311125,1.201312865999995,0.10260682199998428,lns2.receding_q_label_pilot.v1,collision:16,0.330765423999992,high_cost_progress,policy_train,s3__policy_train__policy_train_compartmentalized_double_horizontal_0001__task_0016__seed_0000__official_adaptive__decision_0000__0040,horizon_complete,2
16,600,"37,71,103,107,144,195,197,343,357,389,394,470,473,493,510,547",neighborhood-1e1ff903415e6925,True,"94,94,90,81",official_adaptive,3,False,0.8617021276595744,81,7e40808905ad81de29359f7fc97d1bc0ea65557e0b39192139d9bea859096c79,e80987ec63d8f05da9e7d26311f59590d7b3b84e66abd2c1c22d477eb88f8bb6,3,94,b3375dae54f30c96378484e6ab0f5567d4a17e1e1160cdde79d82f10015c6a0a,d9624a5ba1f7411e4ed84afe317ca136d633e1a90761e80f8a8e11950f4e5531,False,compartmentalized,0.9612234584502108,718283,405335,462875,26,policy_train_compartmentalized_double_horizontal_0001,False,0.9627659574468085,1.5895667701063798,1.6148937309999951,0,1.175518405,1.311489666,0.10260682199998428,lns2.receding_q_label_pilot.v1,collision:16,0.30340406499999517,high_cost_progress,policy_train,s3__policy_train__policy_train_compartmentalized_double_horizontal_0001__task_0016__seed_0000__official_adaptive__decision_0000__0040,horizon_complete,3
16,600,"44,164,166,172,210,264,278,318,322,354,368,456,458,480,568,590",neighborhood-336af1eb1254d514,True,"94,74,71,71",official_adaptive,3,False,0.7553191489361702,71,3447124171b3b1aafe0ac1a8ab141195f7c7eb31778e1512c3b059d4215f0b7e,9110075efdba283873fc540fe4e47bcb5477423886f6b77f0ccbe8568a0a4088,3,94,b3375dae54f30c96378484e6ab0f5567d4a17e1e1160cdde79d82f10015c6a0a,d9624a5ba1f7411e4ed84afe317ca136d633e1a90761e80f8a8e11950f4e5531,True,compartmentalized,0.7577272253666736,337388,316849,132549,32,policy_train_compartmentalized_double_horizontal_0001,False,0.8067375886524822,0.9990025415213216,1.1334219190000567,0,0.681713438,0.8271300080000401,0.10260682199998428,lns2.receding_q_label_pilot.v1,collision:16,0.3062919110000166,high_cost_progress,policy_train,s3__policy_train__policy_train_compartmentalized_double_horizontal_0001__task_0016__seed_0000__official_adaptive__decision_0000__0040,horizon_complete,2
16,600,"44,164,166,172,210,264,278,318,322,354,368,456,458,480,568,590",neighborhood-336af1eb1254d514,True,"94,69,67,67",official_adaptive,3,False,0.7127659574468085,67,f203da3847aa6b1ccad746b3d37b26c14bc17d71097be5f942126533b75dda0d,7caec0483e0531ed8b3a7b39a45c8df74b8f4174b9066a1b6f37e6ed15822a83,3,94,b3375dae54f30c96378484e6ab0f5567d4a17e1e1160cdde79d82f10015c6a0a,d9624a5ba1f7411e4ed84afe317ca136d633e1a90761e80f8a8e11950f4e5531,True,compartmentalized,0.671065477913389,182073,311316,8352,29,policy_train_compartmentalized_double_horizontal_0001,False,0.7677304964539007,0.8041900397020997,0.9563206269999682,0,0.509042524,0.6499549919999481,0.10260682199998428,lns2.receding_q_label_pilot.v1,collision:16,0.3063656350000201,high_cost_progress,policy_train,s3__policy_train__policy_train_compartmentalized_double_horizontal_0001__task_0016__seed_0000__official_adaptive__decision_0000__0040,horizon_complete,3
8,600,"27,37,89,388,389,399,533,553",neighborhood-76e895e213be33e5,True,"94,90,71,71",official_adaptive,3,False,0.7553191489361702,71,507ceb36cf7b57c0346e512e1a56dc254d59ed6246268f7b9ad4efae0401d093,10aad2022feabe4445ca52a5e3c5273758544475d6e5d5b562197fd71afd2541,3,94,b3375dae54f30c96378484e6ab0f5567d4a17e1e1160cdde79d82f10015c6a0a,d9624a5ba1f7411e4ed84afe317ca136d633e1a90761e80f8a8e11950f4e5531,False,compartmentalized,0.9308294289674434,555058,380205,290564,22,policy_train_compartmentalized_double_horizontal_0001,False,0.8634751773049646,1.4165299309999593,1.536612244999958,0,1.072258904,1.2200354650000236,0.10260682199998428,lns2.receding_q_label_pilot.v1,target:8,0.3165767799999344,high_cost_progress,policy_train,s3__policy_train__policy_train_compartmentalized_double_horizontal_0001__task_0016__seed_0000__official_adaptive__decision_0000__0040,horizon_complete,2
8,600,"27,37,89,388,389,399,533,553",neighborhood-76e895e213be33e5,True,"94,90,88,83",official_adaptive,3,False,0.8829787234042553,83,b3fe1e926209fe3325a3657d008d4a087e69a447fa909b58547db098cfdacecd,43b69df6a3ddda8ec9cd5fe4963eb28e88503e96b5bd4bf2a12cb1a4688b63c1,3,94,b3375dae54f30c96378484e6ab0f5567d4a17e1e1160cdde79d82f10015c6a0a,d9624a5ba1f7411e4ed84afe317ca136d633e1a90761e80f8a8e11950f4e5531,False,compartmentalized,0.8202190724578154,429750,275951,294556,24,policy_train_compartmentalized_double_horizontal_0001,False,0.9450354609929078,1.2296903148723584,1.2709972960000187,0,0.7685300260000001,0.9286314459999971,0.10260682199998428,lns2.receding_q_label_pilot.v1,target:8,0.3423658500000215,high_cost_progress,policy_train,s3__policy_train__policy_train_compartmentalized_double_horizontal_0001__task_0016__seed_0000__official_adaptive__decision_0000__0040,horizon_complete,3
4,600,"27,37,388,533",neighborhood-8996d4a132b34cf9,True,"94,91,86,84",official_adaptive,3,False,0.8936170212765957,84,33bd7a75becf63cffcb487d40414f8d36fdc535f3b4b6213a189f7e907e33cd4,6394497124a0be3c5b6bf33bce2bde1dc335702742b1be7bc0237b788f18eaef,3,94,b3375dae54f30c96378484e6ab0f5567d4a17e1e1160cdde79d82f10015c6a0a,d9624a5ba1f7411e4ed84afe317ca136d633e1a90761e80f8a8e11950f4e5531,False,compartmentalized,0.6272370525329035,257781,145480,194206,20,policy_train_compartmentalized_double_horizontal_0001,False,0.9432624113475178,0.845367803765965,0.8724300000000085,0,0.39728340399999995,0.5472855410000079,0.10260682199998428,lns2.receding_q_label_pilot.v1,target:4,0.32514445900000055,high_cost_progress,policy_train,s3__policy_train__policy_train_compartmentalized_double_horizontal_0001__task_0016__seed_0000__official_adaptive__decision_0000__0040,horizon_complete,2
4,600,"27,37,388,533",neighborhood-8996d4a132b34cf9,True,"94,91,87,81",official_adaptive,3,False,0.8617021276595744,81,42617b1f7c499650843538bb19379c22160389def97b4943e81004fe0ada3401,3fc5ad8436cfb61246f538d742a5a924f7017b2f2528f5cde5a39af31d330705,3,94,b3375dae54f30c96378484e6ab0f5567d4a17e1e1160cdde79d82f10015c6a0a,d9624a5ba1f7411e4ed84afe317ca136d633e1a90761e80f8a8e11950f4e5531,False,compartmentalized,0.6078454434846013,269667,170476,193867,20,policy_train_compartmentalized_double_horizontal_0001,False,0.9414893617021277,0.8099816515744398,0.8364703539999709,0,0.376104572,0.533284014000003,0.10260682199998428,lns2.receding_q_label_pilot.v1,target:4,0.3031863399999679,high_cost_progress,policy_train,s3__policy_train__policy_train_compartmentalized_double_horizontal_0001__task_0016__seed_0000__official_adaptive__decision_0000__0040,horizon_complete,3
16,600,"10,124,132,166,168,180,200,232,274,278,279,285,358,390,490,506",neighborhood-9d9bfc3228790572,True,"94,76,73,73",official_adaptive,3,False,0.776595744680851,73,bcb85d6d6e43cd4be4f3ed00ec90cba5b2d60f9e2ca2d57fd72d52449860a945,632fb3523e6d2a7dcd91194e4308df01811578779edce200a82a2dc881a42c58,3,94,b3375dae54f30c96378484e6ab0f5567d4a17e1e1160cdde79d82f10015c6a0a,d9624a5ba1f7411e4ed84afe317ca136d633e1a90761e80f8a8e11950f4e5531,False,compartmentalized,0.805167572477826,447382,330459,244523,27,policy_train_compartmentalized_double_horizontal_0001,False,0.824468085106383,1.1400170558617067,1.2370713390000105,0,0.778725363,0.9243204800000058,0.10260682199998428,lns2.receding_q_label_pilot.v1,target:16,0.31275085900000477,high_cost_progress,policy_train,s3__policy_train__policy_train_compartmentalized_double_horizontal_0001__task_0016__seed_0000__official_adaptive__decision_0000__0040,horizon_complete,2
16,600,"10,124,132,166,168,180,200,232,274,278,279,285,358,390,490,506",neighborhood-9d9bfc3228790572,True,"94,71,65,63",official_adaptive,3,False,0.6702127659574468,63,e65ff6c0418ae63d0788f1187e39757674f5b495d341697d3294e929b83755da,2fbf273cb599cf12f2043e096bdad825ef5a8416e2c4d7fb8840af0e0201a69c,3,94,b3375dae54f30c96378484e6ab0f5567d4a17e1e1160cdde79d82f10015c6a0a,d9624a5ba1f7411e4ed84afe317ca136d633e1a90761e80f8a8e11950f4e5531,False,compartmentalized,1.005448720975886,813661,399098,592697,32,policy_train_compartmentalized_double_horizontal_0001,False,0.7606382978723404,1.5443257469361877,1.7331334120000292,0,1.266835819,1.4124688530000071,0.10260682199998428,lns2.receding_q_label_pilot.v1,target:16,0.3206645590000221,high_cost_progress,policy_train,s3__policy_train__policy_train_compartmentalized_double_horizontal_0001__task_0016__seed_0000__official_adaptive__decision_0000__0040,horizon_complete,3
4,600,"166,278,358,390",neighborhood-cb8b0c2198d9d49a,True,"94,94,94,94",official_adaptive,3,False,1.0,94,ab83162db0c1f60b821b4d104a1808dda6ac49f930ee5bac546615374803310c,d9624a5ba1f7411e4ed84afe317ca136d633e1a90761e80f8a8e11950f4e5531,3,94,b3375dae54f30c96378484e6ab0f5567d4a17e1e1160cdde79d82f10015c6a0a,d9624a5ba1f7411e4ed84afe317ca136d633e1a90761e80f8a8e11950f4e5531,False,compartmentalized,0.6599347741277386,170544,197869,32102,12,policy_train_compartmentalized_double_horizontal_0001,True,1.0,0.9346661399999903,0.9346661399999903,0,0.480417889,0.6227237520000131,0.10260682199998428,lns2.receding_q_label_pilot.v1,target:4,0.3119423879999772,high_cost_progress,policy_train,s3__policy_train__policy_train_compartmentalized_double_horizontal_0001__task_0016__seed_0000__official_adaptive__decision_0000__0040,horizon_complete,2
4,600,"166,278,358,390",neighborhood-cb8b0c2198d9d49a,True,"94,94,91,89",official_adaptive,3,False,0.9468085106382979,89,2b849974737cef64644cf1cd8157e739e2868d9da3b7900a58876a3743b81c40,c5e5534214609f1933f14aa9388429a4500f6c471253db5fd09097f3e6d0833e,3,94,b3375dae54f30c96378484e6ab0f5567d4a17e1e1160cdde79d82f10015c6a0a,d9624a5ba1f7411e4ed84afe317ca136d633e1a90761e80f8a8e11950f4e5531,False,compartmentalized,0.8020455593930798,340880,245757,201530,20,policy_train_compartmentalized_double_horizontal_0001,False,0.9804964539007093,1.222762336787293,1.2300980640000603,0,0.720669744,0.8833834390000561,0.10260682199998428,lns2.receding_q_label_pilot.v1,target:4,0.34671462500000416,high_cost_progress,policy_train,s3__policy_train__policy_train_compartmentalized_double_horizontal_0001__task_0016__seed_0000__official_adaptive__decision_0000__0040,horizon_complete,3
4,600,"37,103,107,547",neighborhood-d7a98bb81d8d1538,True,"94,91,86,84",official_adaptive,3,False,0.8936170212765957,84,4602074fee9a8ea90965540c0586ebd919e122a2eea3054023598e9ddf61a471,8a0d9faf147e4425468a9312033b9ed61d5cdd68f33cee2499dfd629462e8a9c,3,94,b3375dae54f30c96378484e6ab0f5567d4a17e1e1160cdde79d82f10015c6a0a,d9624a5ba1f7411e4ed84afe317ca136d633e1a90761e80f8a8e11950f4e5531,False,compartmentalized,0.5830246796263486,160449,178379,62205,20,policy_train_compartmentalized_double_horizontal_0001,False,0.9432624113475178,0.765209180563808,0.7914488029999802,0,0.336442613,0.4776822510000329,0.10260682199998428,lns2.receding_q_label_pilot.v1,collision:4,0.3137665519999473,high_cost_progress,policy_train,s3__policy_train__policy_train_compartmentalized_double_horizontal_0001__task_0016__seed_0000__official_adaptive__decision_0000__0040,horizon_complete,2
4,600,"37,103,107,547",neighborhood-d7a98bb81d8d1538,True,"94,92,79,79",official_adaptive,3,False,0.8404255319148937,79,41c4e556281698d28a16e8f46522cfbe9c7d5806670f5f27586d08f46116546c,4d4bc9a70a4c6c60e0fe239a18dce07ae1888fe449e014135f525bacb8946d6e,3,94,b3375dae54f30c96378484e6ab0f5567d4a17e1e1160cdde79d82f10015c6a0a,d9624a5ba1f7411e4ed84afe317ca136d633e1a90761e80f8a8e11950f4e5531,False,compartmentalized,0.8649428692608867,510698,328222,283606,18,policy_train_compartmentalized_double_horizontal_0001,False,0.9131205673758865,1.3216060627019959,1.3748704039998643,0,0.934111948,1.0701988349999283,0.10260682199998428,lns2.receding_q_label_pilot.v1,collision:4,0.30467156899993597,high_cost_progress,policy_train,s3__policy_train__policy_train_compartmentalized_double_horizontal_0001__task_0016__seed_0000__official_adaptive__decision_0000__0040,horizon_complete,3
16,600,"27,37,38,89,243,328,388,389,396,399,415,434,469,533,553,597",neighborhood-f897da23a2c6dc3c,True,"94,91,89,84",official_adaptive,3,False,0.8936170212765957,84,cce45139f98e2d8e73e750a0e75eb46bbbd4fff93a6a75997d1ae6ef355da4b8,662cbe2926422279fbbfafbb57e50cf1157723283783329b541e046dd918ce44,3,94,b3375dae54f30c96378484e6ab0f5567d4a17e1e1160cdde79d82f10015c6a0a,d9624a5ba1f7411e4ed84afe317ca136d633e1a90761e80f8a8e11950f4e5531,False,compartmentalized,0.7400898572701777,399121,311165,251648,32,policy_train_compartmentalized_double_horizontal_0001,False,0.9539007092198581,1.0751410085106918,1.0961238580000554,0,0.64445586,0.7850816180000493,0.10260682199998428,lns2.receding_q_label_pilot.v1,target:16,0.31104224000000613,high_cost_progress,policy_train,s3__policy_train__policy_train_compartmentalized_double_horizontal_0001__task_0016__seed_0000__official_adaptive__decision_0000__0040,horizon_complete,2
16,600,"27,37,38,89,243,328,388,389,396,399,415,434,469,533,553,597",neighborhood-f897da23a2c6dc3c,True,"94,90,88,83",official_adaptive,3,False,0.8829787234042553,83,bcd6a286d88e7a882f0f0208d0c9b0d0c9778a8b375b7506a21fd65e85fa7f21,ce099315c7d54b340245c531e594bfe4dadc704e9373e4a587b4776b653abe03,3,94,b3375dae54f30c96378484e6ab0f5567d4a17e1e1160cdde79d82f10015c6a0a,d9624a5ba1f7411e4ed84afe317ca136d633e1a90761e80f8a8e11950f4e5531,False,compartmentalized,0.8318947186010038,469871,312723,317796,32,policy_train_compartmentalized_double_horizontal_0001,False,0.9450354609929078,1.2602795743192532,1.297668053000109,0,0.831223572,0.978497538000056,0.10260682199998428,lns2.receding_q_label_pilot.v1,target:16,0.319170515000053,high_cost_progress,policy_train,s3__policy_train__policy_train_compartmentalized_double_horizontal_0001__task_0016__seed_0000__official_adaptive__decision_0000__0040,horizon_complete,3
8,600,"93,97,174,214,282,384,427,575",neighborhood-00786277cb79c057,True,"2,1,0",official_adaptive,2,True,0.0,0,274fe96f2b73efb7ca4283d08f8465f461ea8e1fee30384c836b5289dcf8ff47,e3fbaa589d744c6f468342735ca1a8f905983c073252ced8ed5b903993d90343,3,2,2399178568aa47f5d0bbe56a4a1ba15b0cfee5227e86cf01b4472395d4215490,d2e2f2081150cd72f57b90ab7c6fe55e7c484d2a56a4df6007d4c64df968e473,False,dead_end_aisles,0.21915964528864784,5696,17471,977,16,policy_train_dead_end_aisles_0002,False,0.3333333333333333,0.17431959850011935,0.24503002400012974,1,0.016570187,0.07720337800003563,0.06255813700011004,lns2.receding_q_label_pilot.v1,random:8,0.16782664600009412,high_cost_progress,policy_train,s3__policy_train__policy_train_dead_end_aisles_0002__task_0019__seed_0000__official_adaptive__decision_0000__0093,feasible,2
8,600,"93,97,174,214,282,384,427,575",neighborhood-00786277cb79c057,True,"2,1,1,0",official_adaptive,3,True,0.0,0,3188a9601535932d29889d07d47e76b462af27f15655fcea652536c47dddedaf,61bce7356486ff650c50f4187e56276275a3af12c222850c18c0132b8d3bfba6,3,2,2399178568aa47f5d0bbe56a4a1ba15b0cfee5227e86cf01b4472395d4215490,d2e2f2081150cd72f57b90ab7c6fe55e7c484d2a56a4df6007d4c64df968e473,False,dead_end_aisles,0.26436668213666076,12586,34167,2378,24,policy_train_dead_end_aisles_0002,False,0.5,0.2047426550001319,0.30260575100015785,0,0.034211017999999996,0.12344966700004534,0.06255813700011004,lns2.receding_q_label_pilot.v1,random:8,0.17915608400011251,high_cost_progress,policy_train,s3__policy_train__policy_train_dead_end_aisles_0002__task_0019__seed_0000__official_adaptive__decision_0000__0093,feasible,3
4,600,"203,385,453,561",neighborhood-02ea817cfbcb3903,True,"2,1,0",official_adaptive,2,True,0.0,0,ae5691adb4cf1bb8b7e49b435eb4330d78efebd7e695e4e8e4721ccb362a613f,a56fd9452ef507a3dd4dddbd57cb2fd387e95c9c5d32d96fd635b2eb54dbbdee,3,2,2399178568aa47f5d0bbe56a4a1ba15b0cfee5227e86cf01b4472395d4215490,d2e2f2081150cd72f57b90ab7c6fe55e7c484d2a56a4df6007d4c64df968e473,False,dead_end_aisles,0.17289463263968993,3906,12630,343,12,policy_train_dead_end_aisles_0002,False,0.3333333333333333,0.14098054700011176,0.18874084400010815,1,0.01039797,0.0675971829999753,0.06255813700011004,lns2.receding_q_label_pilot.v1,collision:4,0.12114366100013285,high_cost_progress,policy_train,s3__policy_train__policy_train_dead_end_aisles_0002__task_0019__seed_0000__official_adaptive__decision_0000__0093,feasible,2
4,600,"203,385,453,561",neighborhood-02ea817cfbcb3903,True,"2,1,0",official_adaptive,2,True,0.0,0,5d5f884eda2243471d4371f6aac04f5477e434b3d56c54cd2e7203fe485d2628,ec217e777a1ae9ea5e995ef6540fad94d5b8092cf37657e2aa72baa3c3e76f5a,3,2,2399178568aa47f5d0bbe56a4a1ba15b0cfee5227e86cf01b4472395d4215490,d2e2f2081150cd72f57b90ab7c6fe55e7c484d2a56a4df6007d4c64df968e473,False,dead_end_aisles,0.1983235681126533,7021,17634,1852,12,policy_train_dead_end_aisles_0002,False,0.3333333333333333,0.1595472655001231,0.21935687500013046,1,0.017915689,0.08716472899999417,0.06255813700011004,lns2.receding_q_label_pilot.v1,collision:4,0.1321921460001363,high_cost_progress,policy_train,s3__policy_train__policy_train_dead_end_aisles_0002__task_0019__seed_0000__official_adaptive__decision_0000__0093,feasible,3
8,600,"101,103,136,214,441,442,469,587",neighborhood-042cc5addba53e0c,True,"2,1,0",official_adaptive,2,True,0.0,0,ab1f4e44949126c33e0ea2e5416f49bc7258b86adc3b0d235a6e8907fab0e1ec,431a8a24d734ca2e5b54e42814806c5f6bce132fe115b3618a8b957468caae3d,3,2,2399178568aa47f5d0bbe56a4a1ba15b0cfee5227e86cf01b4472395d4215490,d2e2f2081150cd72f57b90ab7c6fe55e7c484d2a56a4df6007d4c64df968e473,False,dead_end_aisles,0.2108506948090329,10338,28340,1973,16,policy_train_dead_end_aisles_0002,False,0.3333333333333333,0.1730366440000921,0.23472799000006717,1,0.031425591,0.10463471999997864,0.06255813700011004,lns2.receding_q_label_pilot.v1,collision:8,0.13009327000008852,high_cost_progress,policy_train,s3__policy_train__policy_train_dead_end_aisles_0002__task_0019__seed_0000__official_adaptive__decision_0000__0093,feasible,2
8,600,"101,103,136,214,441,442,469,587",neighborhood-042cc5addba53e0c,True,"2,1,0",official_adaptive,2,True,0.0,0,f53572dadf387194a145fe0a56c22dba1f9c78d111475bfea98bf173d25fa200,68a4d32552bb93f954a9ceaec22eac64fb3ae58dd2dd1f747b6ed3f1b18f1ba2,3,2,2399178568aa47f5d0bbe56a4a1ba15b0cfee5227e86cf01b4472395d4215490,d2e2f2081150cd72f57b90ab7c6fe55e7c484d2a56a4df6007d4c64df968e473,False,dead_end_aisles,0.20070738106197406,6753,20455,1214,16,policy_train_dead_end_aisles_0002,False,0.3333333333333333,0.1637073920000489,0.22226706100002502,1,0.01882187,0.09420357399994828,0.06255813700011004,lns2.receding_q_label_pilot.v1,collision:8,0.12806348700007675,high_cost_progress,policy_train,s3__policy_train__policy_train_dead_end_aisles_0002__task_0019__seed_0000__official_adaptive__decision_0000__0093,feasible,3
16,600,"17,46,104,125,168,188,203,214,324,360,376,384,460,464,475,533",neighborhood-04b772e2c05ea3e7,True,"2,1,0",official_adaptive,2,True,0.0,0,50e88714ae4ec409badb5a7868906f4bc5919ea47a6c62845e26bd760afc059e,7e0bab72ebf831bd0957fbb6b8f9e1c311c6500fa2df604e4cfc4f088f010f96,3,2,2399178568aa47f5d0bbe56a4a1ba15b0cfee5227e86cf01b4472395d4215490,d2e2f2081150cd72f57b90ab7c6fe55e7c484d2a56a4df6007d4c64df968e473,False,dead_end_aisles,0.19778589433093566,11896,31490,2924,24,policy_train_dead_end_aisles_0002,False,0.3333333333333333,0.16907346200011375,0.21870143500012773,1,0.031288924,0.09579994800003533,0.06255813700011004,lns2.receding_q_label_pilot.v1,random:16,0.1229014870000924,high_cost_progress,policy_train,s3__policy_train__policy_train_dead_end_aisles_0002__task_0019__seed_0000__official_adaptive__decision_0000__0093,feasible,2
16,600,"17,46,104,125,168,188,203,214,324,360,376,384,460,464,475,533",neighborhood-04b772e2c05ea3e7,True,"2,1,0",official_adaptive,2,True,0.0,0,2aa317a1aebad9be45666b36862a60f8fa3d4683f0cc89c47f39fa76c3d66205,180e062216e3890cda063e3db0ba247f97d96ef981ce90087bf0f900cb8a4519,3,2,2399178568aa47f5d0bbe56a4a1ba15b0cfee5227e86cf01b4472395d4215490,d2e2f2081150cd72f57b90ab7c6fe55e7c484d2a56a4df6007d4c64df968e473,False,dead_end_aisles,0.20579253568889738,14153,36493,3301,24,policy_train_dead_end_aisles_0002,False,0.3333333333333333,0.1729048345001445,0.22849830800015525,1,0.031512683,0.09347989400004053,0.06255813700011004,lns2.receding_q_label_pilot.v1,random:16,0.13501841400011472,high_cost_progress,policy_train,s3__policy_train__policy_train_dead_end_aisles_0002__task_0019__seed_0000__official_adaptive__decision_0000__0093,feasible,3
6,600,"26,127,170,214,442,558",neighborhood-04c78e7898a7fec9,True,"2,1,0",official_adaptive,2,True,0.0,0,56c7795e41bae620d1817d1879cb4cc44c288649b0e00a2e4694b377f19014f0,9d51e60b2db4ca8b7f6bca3ae880bee4cb16fe34429b47d5267bf61288bb1f98,3,2,2399178568aa47f5d0bbe56a4a1ba15b0cfee5227e86cf01b4472395d4215490,d2e2f2081150cd72f57b90ab7c6fe55e7c484d2a56a4df6007d4c64df968e473,False,dead_end_aisles,0.19124582016584205,5754,17939,602,14,policy_train_dead_end_aisles_0002,False,0.3333333333333333,0.15789830950009787,0.2107570440001041,1,0.017270371,0.08279996300001358,0.06255813700011004,lns2.receding_q_label_pilot.v1,target:8,0.1279570810000905,high_cost_progress,policy_train,s3__policy_train__policy_train_dead_end_aisles_0002__task_0019__seed_0000__official_adaptive__decision_0000__0093,feasible,2
6,600,"26,127,170,214,442,558",neighborhood-04c78e7898a7fec9,True,"2,1,1,0",official_adaptive,3,True,0.0,0,f75dfcc840535310e4b3aaf983b9d559fa287022f0aeb1858b2f682ba8fe8797,fa48ed3fa5e5b2ced4027daa3cd835c234991bd1b4b67881d4b5e5fa6f0c3aaf,3,2,2399178568aa47f5d0bbe56a4a1ba15b0cfee5227e86cf01b4472395d4215490,d2e2f2081150cd72f57b90ab7c6fe55e7c484d2a56a4df6007d4c64df968e473,False,dead_end_aisles,0.2826548428320138,11040,31516,1580,22,policy_train_dead_end_aisles_0002,False,0.5,0.21593721450011572,0.32664718100011214,0,0.030115282,0.1264347599999951,0.06255813700011004,lns2.receding_q_label_pilot.v1,target:8,0.20021242100011705,high_cost_progress,policy_train,s3__policy_train__policy_train_dead_end_aisles_0002__task_0019__seed_0000__official_adaptive__decision_0000__0093,feasible,3
16,600,"14,26,96,148,166,173,212,214,241,244,288,318,357,377,426,442",neighborhood-05a3cc318280ee06,True,"2,1,0",official_adaptive,2,True,0.0,0,bbd6aa92b9f02efd3d5d5699010dbd2d849c057e5f17df301156994366f64e05,66cd765b2d9e396929303fb0a4f72f3e634ad39bfde56b61af34ba93fc2d6efc,3,2,2399178568aa47f5d0bbe56a4a1ba15b0cfee5227e86cf01b4472395d4215490,d2e2f2081150cd72f57b90ab7c6fe55e7c484d2a56a4df6007d4c64df968e473,False,dead_end_aisles,0.20507160170708472,11733,35923,1552,24,policy_train_dead_end_aisles_0002,False,0.3333333333333333,0.1758718625000597,0.22761296100003392,1,0.037107886,0.10096184199994696,0.06255813700011004,lns2.receding_q_label_pilot.v1,collision:16,0.12665111900008696,high_cost_progress,policy_train,s3__policy_train__policy_train_dead_end_aisles_0002__task_0019__seed_0000__official_adaptive__decision_0000__0093,feasible,2
16,600,"14,26,96,148,166,173,212,214,241,244,288,318,357,377,426,442",neighborhood-05a3cc318280ee06,True,"2,1,1,1",official_adaptive,3,False,0.5,1,0c8c2bda80324a3a44689a6c461675ca708bb5e40fad7921dd2ccb1f9b462d59,15510cdc61e011b662fd7119c02861117edbfe08ab7625e87e206da609cdb9b5,3,2,2399178568aa47f5d0bbe56a4a1ba15b0cfee5227e86cf01b4472395d4215490,d2e2f2081150cd72f57b90ab7c6fe55e7c484d2a56a4df6007d4c64df968e473,False,dead_end_aisles,0.3102070752775883,18215,53350,2158,32,policy_train_dead_end_aisles_0002,False,0.5833333333333334,0.2437579970001309,0.3637074750001261,0,0.056342573,0.16182606200004557,0.06255813700011004,lns2.receding_q_label_pilot.v1,collision:16,0.20188141300008056,high_cost_progress,policy_train,s3__policy_train__policy_train_dead_end_aisles_0002__task_0019__seed_0000__official_adaptive__decision_0000__0093,horizon_complete,3
16,600,"40,92,122,124,160,161,326,350,425,427,437,438,453,457,547,586",neighborhood-062da7cbb7252d6a,True,"2,2,1,1",official_adaptive,3,False,0.5,1,9fbb41b48d123291f342d8f5510f01385592627f7e8e447f311d9fcc19aa095f,e0d9719127b72c96eed342675ff94060085c931d6cc303909536b8a41530050a,3,2,2399178568aa47f5d0bbe56a4a1ba15b0cfee5227e86cf01b4472395d4215490,d2e2f2081150cd72f57b90ab7c6fe55e7c484d2a56a4df6007d4c64df968e473,False,dead_end_aisles,0.2898282101001688,7614,24327,550,24,policy_train_dead_end_aisles_0002,False,0.75,0.28363926000022843,0.33619792300021345,0,0.025765633000000003,0.1264697680000495,0.06255813700011004,lns2.receding_q_label_pilot.v1,random:16,0.20972815500016395,high_cost_progress,policy_train,s3__policy_train__policy_train_dead_end_aisles_0002__task_0019__seed_0000__official_adaptive__decision_0000__0093,horizon_complete,2
16,600,"40,92,122,124,160,161,326,350,425,427,437,438,453,457,547,586",neighborhood-062da7cbb7252d6a,True,"2,2,1,0",official_adaptive,3,True,0.0,0,09ef8a77a48b3353a8c7fb73a1154b3ef2b78e02863cbf46a993f939f291f3ef,1d1bed120609b98b2c5dca1a19cbf48e52d9909bc9af8ef735f370014ea42be0,3,2,2399178568aa47f5d0bbe56a4a1ba15b0cfee5227e86cf01b4472395d4215490,d2e2f2081150cd72f57b90ab7c6fe55e7c484d2a56a4df6007d4c64df968e473,False,dead_end_aisles,0.30722793075636706,13550,36163,2915,30,policy_train_dead_end_aisles_0002,False,0.6666666666666666,0.30445787750019804,0.35965083900021,0,0.038986337999999995,0.14406171100006304,0.06255813700011004,lns2.receding_q_label_pilot.v1,random:16,0.21558912800014696,high_cost_progress,policy_train,s3__policy_train__policy_train_dead_end_aisles_0002__task_0019__seed_0000__official_adaptive__decision_0000__0093,feasible,3
8,600,"161,259,327,338,426,453,475,561",neighborhood-08f619b14a47e8e5,True,"2,1,0",official_adaptive,2,True,0.0,0,b0e4a02b18c90909efc29edb32e558cd6b5fb9b5f2b530a0e9dbe7644ca42b3d,2c123c2a5e83004fceb216d247c8677765c505816f50e26f696e66445a577003,3,2,2399178568aa47f5d0bbe56a4a1ba15b0cfee5227e86cf01b4472395d4215490,d2e2f2081150cd72f57b90ab7c6fe55e7c484d2a56a4df6007d4c64df968e473,False,dead_end_aisles,0.19825563491337106,5911,18035,500,16,policy_train_dead_end_aisles_0002,False,0.3333333333333333,0.1603033105000975,0.21927404300009812,1,0.020042381999999997,0.08656292599999915,0.06255813700011004,lns2.receding_q_label_pilot.v1,collision:8,0.13271111700009897,high_cost_progress,policy_train,s3__policy_train__policy_train_dead_end_aisles_0002__task_0019__seed_0000__official_adaptive__decision_0000__0093,feasible,2
8,600,"161,259,327,338,426,453,475,561",neighborhood-08f619b14a47e8e5,True,"2,1,0",official_adaptive,2,True,0.0,0,ece06a350d5d1f0630d747f7b62b75024ca081c626742dcc56e43f10fd9f4b4b,c4266e4ee3837c97df1d7e59b7e57b30e239a72dd121b99d6ba055b67cc60967,3,2,2399178568aa47f5d0bbe56a4a1ba15b0cfee5227e86cf01b4472395d4215490,d2e2f2081150cd72f57b90ab7c6fe55e7c484d2a56a4df6007d4c64df968e473,False,dead_end_aisles,0.20805391890144212,7397,20669,1113,16,policy_train_dead_end_aisles_0002,False,0.3333333333333333,0.167473817500138,0.231279557000164,1,0.020862833,0.08579724000003353,0.06255813700011004,lns2.receding_q_label_pilot.v1,collision:8,0.14548231700013048,high_cost_progress,policy_train,s3__policy_train__policy_train_dead_end_aisles_0002__task_0019__seed_0000__official_adaptive__decision_0000__0093,feasible,3
16,600,"14,17,125,127,135,170,181,214,263,271,294,386,442,445,489,501",neighborhood-0903f5551be3ea91,True,"2,1,0",official_adaptive,2,True,0.0,0,6ed8f2ce7fb54c3b0eaa2912e143ef50fa827dc295abe702257af10c21dde91e,844f84176e55ffb82d2b5b012831e7bb5bb8322d0907fa4521c437ec0c194370,3,2,2399178568aa47f5d0bbe56a4a1ba15b0cfee5227e86cf01b4472395d4215490,d2e2f2081150cd72f57b90ab7c6fe55e7c484d2a56a4df6007d4c64df968e473,False,dead_end_aisles,0.1989975553617718,8654,27653,810,24,policy_train_dead_end_aisles_0002,False,0.3333333333333333,0.16756190600005993,0.22017898300003935,1,0.027195654,0.09126674199995932,0.06255813700011004,lns2.receding_q_label_pilot.v1,target:16,0.12891224100008003,high_cost_progress,policy_train,s3__policy_train__policy_train_dead_end_aisles_0002__task_0019__seed_0000__official_adaptive__decision_0000__0093,feasible,2
16,600,"14,17,125,127,135,170,181,214,263,271,294,386,442,445,489,501",neighborhood-0903f5551be3ea91,True,"2,1,1,1",official_adaptive,3,False,0.5,1,dd807db09746f088ea0ab31f6444071e0100075f0a1e597f3186cd9131d3686a,e790ba2f560bcdf9200830644280e69b79213eb4a1e5f63ce76e99c8c30e3906,3,2,2399178568aa47f5d0bbe56a4a1ba15b0cfee5227e86cf01b4472395d4215490,d2e2f2081150cd72f57b90ab7c6fe55e7c484d2a56a4df6007d4c64df968e473,False,dead_end_aisles,0.29165177748632565,14617,44871,1079,32,policy_train_dead_end_aisles_0002,False,0.5833333333333334,0.2252057800000955,0.33863679300009153,0,0.043987723,0.14439536200001157,0.06255813700011004,lns2.receding_q_label_pilot.v1,target:16,0.19424143100007996,high_cost_progress,policy_train,s3__policy_train__policy_train_dead_end_aisles_0002__task_0019__seed_0000__official_adaptive__decision_0000__0093,horizon_complete,3
16,600,"47,87,101,113,137,145,161,202,261,353,453,509,519,539,561,571",neighborhood-1064b0f12e5766de,True,"2,2,1,1",official_adaptive,3,False,0.5,1,fb9c4b4f39d59708b823ebedcc8b9d4ebcacf178848f807374d611039525d93c,1a1ae06abbf48f1aa17596d49382c32d5ffedf638d6db96a39df849e77e096ae,3,2,2399178568aa47f5d0bbe56a4a1ba15b0cfee5227e86cf01b4472395d4215490,d2e2f2081150cd72f57b90ab7c6fe55e7c484d2a56a4df6007d4c64df968e473,False,dead_end_aisles,0.3306061590676522,55616,51772,36677,24,policy_train_dead_end_aisles_0002,False,0.75,0.3450398100001735,0.39181153200019025,0,0.09074481100000001,0.1902598070000181,0.06255813700011004,lns2.receding_q_label_pilot.v1,collision:16,0.20155172500017215,high_cost_progress,policy_train,s3__policy_train__policy_train_dead_end_aisles_0002__task_0019__seed_0000__official_adaptive__decision_0000__0093,horizon_complete,2
16,600,"47,87,101,113,137,145,161,202,261,353,453,509,519,539,561,571",neighborhood-1064b0f12e5766de,True,"2,1,0",official_adaptive,2,True,0.0,0,1ad0edbcd91d1f46dce07bae59f4eb6f565ea4a11d8cb8866709771a7ce22e3f,66e42d851441baf66f50d7a33c06e1bbbd85514886c04716eec8e8affaa899ef,3,2,2399178568aa47f5d0bbe56a4a1ba15b0cfee5227e86cf01b4472395d4215490,d2e2f2081150cd72f57b90ab7c6fe55e7c484d2a56a4df6007d4c64df968e473,False,dead_end_aisles,0.2671244238338244,55787,50908,37328,24,policy_train_dead_end_aisles_0002,False,0.3333333333333333,0.24917363200012232,0.3062029590001316,1,0.104511938,0.1713467719999926,0.06255813700011004,lns2.receding_q_label_pilot.v1,collision:16,0.13485618700013902,high_cost_progress,policy_train,s3__policy_train__policy_train_dead_end_aisles_0002__task_0019__seed_0000__official_adaptive__decision_0000__0093,feasible,3
4,600,"190,214,442,530",neighborhood-1284d15a711b0c73,True,"2,1,0",official_adaptive,2,True,0.0,0,01253d0c6ae881aca2ccce96613c3a29ce173475be98ff011d6347cde43189d9,c0308251fbf6dc25ca8bb24e161b2cd238884099cd3ae758c45d30157d5db2ec,3,2,2399178568aa47f5d0bbe56a4a1ba15b0cfee5227e86cf01b4472395d4215490,d2e2f2081150cd72f57b90ab7c6fe55e7c484d2a56a4df6007d4c64df968e473,False,dead_end_aisles,0.18581006237663095,4284,13701,721,12,policy_train_dead_end_aisles_0002,False,0.3333333333333333,0.15179195450011207,0.20419351700013522,1,0.013752562999999999,0.07875849700002391,0.06255813700011004,lns2.receding_q_label_pilot.v1,random:4,0.1254350200001113,high_cost_progress,policy_train,s3__policy_train__policy_train_dead_end_aisles_0002__task_0019__seed_0000__official_adaptive__decision_0000__0093,feasible,2
4,600,"190,214,442,530",neighborhood-1284d15a711b0c73,True,"2,2,1,0",official_adaptive,3,True,0.0,0,2fd58d12d527a635c2c978a164b808c8bca4f9594b8c9877f11ae06b57e1f2ac,bf24b1d96a55955d8e674308d8526ab28c668d887b017a66c8bf1a5e808703dd,3,2,2399178568aa47f5d0bbe56a4a1ba15b0cfee5227e86cf01b4472395d4215490,d2e2f2081150cd72f57b90ab7c6fe55e7c484d2a56a4df6007d4c64df968e473,False,dead_end_aisles,0.27371821678991354,11120,28374,2872,18,policy_train_dead_end_aisles_0002,False,0.6666666666666666,0.26402175750010315,0.3148442490000889,0,0.028010717,0.12193375100002868,0.06255813700011004,lns2.receding_q_label_pilot.v1,random:4,0.19291049800006022,high_cost_progress,policy_train,s3__policy_train__policy_train_dead_end_aisles_0002__task_0019__seed_0000__official_adaptive__decision_0000__0093,feasible,3
4,600,"26,214,294,442",neighborhood-1505cfdfe4938a97,True,"2,1,0",official_adaptive,2,True,0.0,0,64753d6866135597655eadbc0d98cb8f1c30400f94e0a526562ddf5c31c567d0,51b55a7082a1d71817e8e61edcd8d47a09d48429745144c47581b7af02c1c1c2,3,2,2399178568aa47f5d0bbe56a4a1ba15b0cfee5227e86cf01b4472395d4215490,d2e2f2081150cd72f57b90ab7c6fe55e7c484d2a56a4df6007d4c64df968e473,False,dead_end_aisles,0.18583687415291167,3959,13375,467,12,policy_train_dead_end_aisles_0002,False,0.3333333333333333,0.15089504650012486,0.20422580400014567,1,0.012645624000000001,0.07471872500002519,0.06255813700011004,lns2.receding_q_label_pilot.v1,collision:4,0.12950707900012048,high_cost_progress,policy_train,s3__policy_train__policy_train_dead_end_aisles_0002__task_0019__seed_0000__official_adaptive__decision_0000__0093,feasible,2
4,600,"26,214,294,442",neighborhood-1505cfdfe4938a97,True,"2,1,1,0",official_adaptive,3,True,0.0,0,89e419fcf86642cc6f4ac4ef45655a30889b31a4e7c97433935aca3bb89dc10c,8d57a5f6a8dbfd1ec1236baedfd1661214f7c8fddcd8d2e2fe7151b647cb30f4,3,2,2399178568aa47f5d0bbe56a4a1ba15b0cfee5227e86cf01b4472395d4215490,d2e2f2081150cd72f57b90ab7c6fe55e7c484d2a56a4df6007d4c64df968e473,False,dead_end_aisles,0.2615458519670872,9221,28364,919,20,policy_train_dead_end_aisles_0002,False,0.5,0.19888945150009363,0.2989364990000922,0,0.027636863,0.11631511899997804,0.06255813700011004,lns2.receding_q_label_pilot.v1,collision:4,0.1826213800001142,high_cost_progress,policy_train,s3__policy_train__policy_train_dead_end_aisles_0002__task_0019__seed_0000__official_adaptive__decision_0000__0093,feasible,3
8,600,"49,97,101,103,431,453,481,561",neighborhood-1a43eed521168516,True,"2,1,0",official_adaptive,2,True,0.0,0,d04a4483528e913f5dbd987f5eb3e2fbfffb6a9d738d5b496f7d133cd50017fc,b3657874cd8cbd208649c7d4d98ffa21cf13ccc5b18988392a063088b6f67f9b,3,2,2399178568aa47f5d0bbe56a4a1ba15b0cfee5227e86cf01b4472395d4215490,d2e2f2081150cd72f57b90ab7c6fe55e7c484d2a56a4df6007d4c64df968e473,False,dead_end_aisles,0.1944640244128667,6023,19838,314,16,policy_train_dead_end_aisles_0002,False,0.3333333333333333,0.15883106200010388,0.214659784000105,1,0.018917425,0.08339681899997231,0.06255813700011004,lns2.receding_q_label_pilot.v1,target:8,0.13126296500013268,high_cost_progress,policy_train,s3__policy_train__policy_train_dead_end_aisles_0002__task_0019__seed_0000__official_adaptive__decision_0000__0093,feasible,2
8,600,"49,97,101,103,431,453,481,561",neighborhood-1a43eed521168516,True,"2,1,0",official_adaptive,2,True,0.0,0,af1d79e327b676b772088808636b39e6d3a303813ecd80788a932f3e610c15a4,6e441a5e32068ee9c71b9dc778c866ef6e84bc462be67ed9399562cf5791cdf3,3,2,2399178568aa47f5d0bbe56a4a1ba15b0cfee5227e86cf01b4472395d4215490,d2e2f2081150cd72f57b90ab7c6fe55e7c484d2a56a4df6007d4c64df968e473,False,dead_end_aisles,0.19026034439784079,8474,25475,948,16,policy_train_dead_end_aisles_0002,False,0.3333333333333333,0.1565974655001412,0.20956446000013784,1,0.022945939,0.0838814830000274,0.06255813700011004,lns2.receding_q_label_pilot.v1,target:8,0.12568297700011044,high_cost_progress,policy_train,s3__policy_train__policy_train_dead_end_aisles_0002__task_0019__seed_0000__official_adaptive__decision_0000__0093,feasible,3
4,600,"26,127,442,558",neighborhood-1b0941e0c212063a,True,"2,1,0",official_adaptive,2,True,0.0,0,4fadd105b73328b6cd6ab810822fbdc2397e539ab83c20e207168edcd54ba109,928c59c40110b98aef6fb5d424aa800999963899c6a5865c3e481c86d2438f86,3,2,2399178568aa47f5d0bbe56a4a1ba15b0cfee5227e86cf01b4472395d4215490,d2e2f2081150cd72f57b90ab7c6fe55e7c484d2a56a4df6007d4c64df968e473,False,dead_end_aisles,0.18247178967520553,4496,15211,106,12,policy_train_dead_end_aisles_0002,False,0.3333333333333333,0.1502960270001381,0.2001802930001304,1,0.014664963,0.07488582500002394,0.06255813700011004,lns2.receding_q_label_pilot.v1,target:4,0.12529446800010646,high_cost_progress,policy_train,s3__policy_train__policy_train_dead_end_aisles_0002__task_0019__seed_0000__official_adaptive__decision_0000__0093,feasible,2
4,600,"26,127,442,558",neighborhood-1b0941e0c212063a,True,"2,1,1,0",official_adaptive,3,True,0.0,0,3a2e163bfecc860fa93ffac1aab6609850437356243270c795dcc4ecd0586789,72f1d36f4f01657b148f3f492d2fa68f7b85962c8923de7e51e9ae8e3ab02064,3,2,2399178568aa47f5d0bbe56a4a1ba15b0cfee5227e86cf01b4472395d4215490,d2e2f2081150cd72f57b90ab7c6fe55e7c484d2a56a4df6007d4c64df968e473,False,dead_end_aisles,0.2768479939462927,8991,29460,29,20,policy_train_dead_end_aisles_0002,False,0.5,0.21140185200016504,0.3189658650001661,0,0.029192445999999997,0.12928343300006873,0.06255813700011004,lns2.receding_q_label_pilot.v1,target:4,0.18968243200009738,high_cost_progress,policy_train,s3__policy_train__policy_train_dead_end_aisles_0002__task_0019__seed_0000__official_adaptive__decision_0000__0093,feasible,3
4,600,"164,453,507,561",neighborhood-1de59d3a60964a39,True,"2,1,0",official_adaptive,2,True,0.0,0,ea0fbad2a1871ceb163fbd9f4ee123196cde8db451f67c530bf964debdca780a,d79d8c114986f2e199ae9b24710421aad4bd5b1345d275435be8fb891fc6961c,3,2,2399178568aa47f5d0bbe56a4a1ba15b0cfee5227e86cf01b4472395d4215490,d2e2f2081150cd72f57b90ab7c6fe55e7c484d2a56a4df6007d4c64df968e473,False,dead_end_aisles,0.18428506867561145,3926,12608,353,12,policy_train_dead_end_aisles_0002,False,0.3333333333333333,0.14906173300011005,0.20235852900009377,1,0.012392446000000001,0.07789040099999056,0.06255813700011004,lns2.receding_q_label_pilot.v1,random:4,0.1244681280001032,high_cost_progress,policy_train,s3__policy_train__policy_train_dead_end_aisles_0002__task_0019__seed_0000__official_adaptive__decision_0000__0093,feasible,2
4,600,"164,453,507,561",neighborhood-1de59d3a60964a39,True,"2,1,0",official_adaptive,2,True,0.0,0,b1d0b27b74079796291799b534f2701e073644ed0ef49e35e4d58789d7657a67,378ffe0250b490b5e9f56f9123ec292226d213f85f0e3fe45ae1b7f17af1bf63,3,2,2399178568aa47f5d0bbe56a4a1ba15b0cfee5227e86cf01b4472395d4215490,d2e2f2081150cd72f57b90ab7c6fe55e7c484d2a56a4df6007d4c64df968e473,False,dead_end_aisles,0.1958954992480098,5885,16320,1120,12,policy_train_dead_end_aisles_0002,False,0.3333333333333333,0.15750202550015047,0.2163997840001457,1,0.015938642,0.07976471100005256,0.06255813700011004,lns2.receding_q_label_pilot.v1,random:4,0.13663507300009314,high_cost_progress,policy_train,s3__policy_train__policy_train_dead_end_aisles_0002__task_0019__seed_0000__official_adaptive__decision_0000__0093,feasible,3
8,600,"134,225,264,279,430,442,453,476",neighborhood-21864ca563e31cc3,True,"2,2,2,2",official_adaptive,3,False,1.0,2,bf6988769467d0df91245c232091f1e93352ec31c04c940248b961496d85842a,2719ca2afd09369d52010363939f2e45f1b33492771ee20586a61708e97b723d,3,2,2399178568aa47f5d0bbe56a4a1ba15b0cfee5227e86cf01b4472395d4215490,d2e2f2081150cd72f57b90ab7c6fe55e7c484d2a56a4df6007d4c64df968e473,False,dead_end_aisles,0.29713291026236577,31211,36871,17863,16,policy_train_dead_end_aisles_0002,True,1.0,0.3459941840001761,0.3459941840001761,0,0.053639724,0.1463720840000633,0.06255813700011004,lns2.receding_q_label_pilot.v1,random:8,0.19962210000011282,high_cost_progress,policy_train,s3__policy_train__policy_train_dead_end_aisles_0002__task_0019__seed_0000__official_adaptive__decision_0000__0093,horizon_complete,2
8,600,"134,225,264,279,430,442,453,476",neighborhood-21864ca563e31cc3,True,"2,2,1,1",official_adaptive,3,False,0.5,1,bb8b96c3aadae4ba4d9fa867e132b1865b83488f6a862a98a303b691ba5f28a2,ccb458a46a72aaf538f17421fc89efeab05bf6e63033f511cf3de90e4ef64623,3,2,2399178568aa47f5d0bbe56a4a1ba15b0cfee5227e86cf01b4472395d4215490,d2e2f2081150cd72f57b90ab7c6fe55e7c484d2a56a4df6007d4c64df968e473,False,dead_end_aisles,0.29978551562498157,39353,55920,19633,22,policy_train_dead_end_aisles_0002,False,0.75,0.2965951450001967,0.3495693150002239,0,0.063934312,0.1572314780000852,0.06255813700011004,lns2.receding_q_label_pilot.v1,random:8,0.19233783700013873,high_cost_progress,policy_train,s3__policy_train__policy_train_dead_end_aisles_0002__task_0019__seed_0000__official_adaptive__decision_0000__0093,horizon_complete,3
16,600,"49,54,60,97,101,103,137,152,353,383,407,429,431,453,481,484",neighborhood-5bcd6f04a8486e83,True,"2,2,1,1",official_adaptive,3,False,0.5,1,c1644d9b28c0426b8c98e44c9f87cc06fdfb661a2c68e2e9be08f418862908ca,cfa2fcb5678fba010dbbc34a8056c60ace700f006074fdd2c7cb6ad65120fc40,3,2,2399178568aa47f5d0bbe56a4a1ba15b0cfee5227e86cf01b4472395d4215490,d2e2f2081150cd72f57b90ab7c6fe55e7c484d2a56a4df6007d4c64df968e473,False,dead_end_aisles,0.2894817051411263,12547,38639,1427,24,policy_train_dead_end_aisles_0002,False,0.75,0.28804549150012804,0.3357350040001279,0,0.034089327,0.12622981399999844,0.06255813700011004,lns2.receding_q_label_pilot.v1,target:16,0.20950519000012946,high_cost_progress,policy_train,s3__policy_train__policy_train_dead_end_aisles_0002__task_0019__seed_0000__official_adaptive__decision_0000__0093,horizon_complete,2
16,600,"49,54,60,97,101,103,137,152,353,383,407,429,431,453,481,484",neighborhood-5bcd6f04a8486e83,True,"2,2,1,0",official_adaptive,3,True,0.0,0,fb311d0990407e2d3820a059d57ef4cf7103e776082a78c850652ca078c08d1a,ffff0623338e0003bdb419a917a5bcacdf25a371b9765587e0fe541871d46cc5,3,2,2399178568aa47f5d0bbe56a4a1ba15b0cfee5227e86cf01b4472395d4215490,d2e2f2081150cd72f57b90ab7c6fe55e7c484d2a56a4df6007d4c64df968e473,False,dead_end_aisles,0.29478013152174093,18786,47643,4800,30,policy_train_dead_end_aisles_0002,False,0.6666666666666666,0.2886985735000849,0.34283108000011,0,0.048359939,0.14735638099995185,0.06255813700011004,lns2.receding_q_label_pilot.v1,target:16,0.19547469900015813,high_cost_progress,policy_train,s3__policy_train__policy_train_dead_end_aisles_0002__task_0019__seed_0000__official_adaptive__decision_0000__0093,feasible,3
4,600,"49,103,453,561",neighborhood-61653611c50c9599,True,"2,1,0",official_adaptive,2,True,0.0,0,4388df211ae1454718d3c6e90fb7dd3a76eefa016717ce6af7ba12ab38c21fab,1216111b3fc9a5313e796ea76cb70ce0088cc711b964ba5bda3134a531ae20c2,3,2,2399178568aa47f5d0bbe56a4a1ba15b0cfee5227e86cf01b4472395d4215490,d2e2f2081150cd72f57b90ab7c6fe55e7c484d2a56a4df6007d4c64df968e473,True,dead_end_aisles,0.18966702930067644,3440,11692,211,12,policy_train_dead_end_aisles_0002,False,0.3333333333333333,0.15282148150006947,0.20884702000006428,1,0.011818844,0.0772589339999854,0.06255813700011004,lns2.receding_q_label_pilot.v1,target:4,0.13158808600007887,high_cost_progress,policy_train,s3__policy_train__policy_train_dead_end_aisles_0002__task_0019__seed_0000__official_adaptive__decision_0000__0093,feasible,2
4,600,"49,103,453,561",neighborhood-61653611c50c9599,True,"2,1,0",official_adaptive,2,True,0.0,0,c6d2862ba41e0e5f1cc7a68a9d5de2fa3468af8f4c006f8a707350ba9254e2a4,e5a2dd754c0ebb8641f1d7ecd98bf3985f3e456e63d37411778c2b0c20c1a28c,3,2,2399178568aa47f5d0bbe56a4a1ba15b0cfee5227e86cf01b4472395d4215490,d2e2f2081150cd72f57b90ab7c6fe55e7c484d2a56a4df6007d4c64df968e473,True,dead_end_aisles,0.18841015609749734,6372,16632,1564,12,policy_train_dead_end_aisles_0002,False,0.3333333333333333,0.15723555600007444,0.20732860700007905,1,0.014553901,0.08520484199993916,0.06255813700011004,lns2.receding_q_label_pilot.v1,target:4,0.12212376500013988,high_cost_progress,policy_train,s3__policy_train__policy_train_dead_end_aisles_0002__task_0019__seed_0000__official_adaptive__decision_0000__0093,feasible,3
16,400,"23,117,120,144,176,177,189,200,201,232,254,265,281,283,350,377",neighborhood-098bd2e4e0221133,True,"1,0",official_adaptive,1,True,0.0,0,115d643eb34165f1eea2a44a164741a96147271265cfbaf2df6087ade914da26,9bbbcab7bf67b75f096a8c23e9fd3e4c3a9ce0723bdcab20d72f10b3b6ca8820,3,1,df4a309aafd3b09d0153b23744c614aaaa347cf1b7c1c757cb036d446e8e5fe9,31efd58a54de9cecf77941cbcfd49870bfca85977d4edbbc4b1d998c373cc478,False,regular_beltway,0.06968888987657008,4291,13512,698,16,policy_train_regular_beltway_0002,False,0.16666666666666666,0.07217456499995478,0.07217456499995478,2,0.01164975,0.031168813000022055,0.04100575199993273,lns2.receding_q_label_pilot.v1,target:16,0.04100575199993273,high_cost_progress,policy_train,s3__policy_train__policy_train_regular_beltway_0002__task_0015__seed_0000__realized_dynamic__decision_0000__0110,feasible,2
16,400,"23,117,120,144,176,177,189,200,201,232,254,265,281,283,350,377",neighborhood-098bd2e4e0221133,True,"1,0",official_adaptive,1,True,0.0,0,bfb8e57e45caada06b704886e6294e913c1317d6f4463f47db1ae5a575b63f89,887138066ef65a0f9b1209daab2946926c10859ff1fc84ab5441cb9d5fe2f221,3,1,df4a309aafd3b09d0153b23744c614aaaa347cf1b7c1c757cb036d446e8e5fe9,31efd58a54de9cecf77941cbcfd49870bfca85977d4edbbc4b1d998c373cc478,False,regular_beltway,0.07377451213345788,4040,12378,745,16,policy_train_regular_beltway_0002,False,0.16666666666666666,0.07656402599991452,0.07656402599991452,2,0.011436992,0.03555827399998179,0.04100575199993273,lns2.receding_q_label_pilot.v1,target:16,0.04100575199993273,high_cost_progress,policy_train,s3__policy_train__policy_train_regular_beltway_0002__task_0015__seed_0000__realized_dynamic__decision_0000__0110,feasible,3
4,400,"30,66,92,189",neighborhood-0ae0c016dec95849,True,"1,1,0",official_adaptive,2,True,0.0,0,690b1ed9896bb81580a5682b90895ff464518a3ff0504d75779b88c588c934a2,5ed39ed26b28647d49427dddf5a06a85478679ddee4fa4567c30fea21d6ecac1,3,1,df4a309aafd3b09d0153b23744c614aaaa347cf1b7c1c757cb036d446e8e5fe9,31efd58a54de9cecf77941cbcfd49870bfca85977d4edbbc4b1d998c373cc478,False,regular_beltway,0.17652391372668702,5305,12855,652,11,policy_train_regular_beltway_0002,False,0.5,0.19306295699993825,0.19306295699993825,1,0.012494076,0.055331809999984216,0.04100575199993273,lns2.receding_q_label_pilot.v1,random:4,0.13773114699995403,high_cost_progress,policy_train,s3__policy_train__policy_train_regular_beltway_0002__task_0015__seed_0000__realized_dynamic__decision_0000__0110,feasible,2
4,400,"30,66,92,189",neighborhood-0ae0c016dec95849,True,"1,1,1,1",official_adaptive,3,False,1.0,1,cd43c074d6b3515d9f4bb755425396c69e633e55746904d5a3a0de80f3422891,41bb369affa1a05486def8632875e7af53c11760b1666ba5dbdd43851db8e530,3,1,df4a309aafd3b09d0153b23744c614aaaa347cf1b7c1c757cb036d446e8e5fe9,31efd58a54de9cecf77941cbcfd49870bfca85977d4edbbc4b1d998c373cc478,False,regular_beltway,0.204307701258212,21337,33095,8560,12,policy_train_regular_beltway_0002,True,1.0,0.22667554499992093,0.22667554499992093,0,0.033212171,0.09427833099999816,0.04100575199993273,lns2.receding_q_label_pilot.v1,random:4,0.13239721399992277,high_cost_progress,policy_train,s3__policy_train__policy_train_regular_beltway_0002__task_0015__seed_0000__realized_dynamic__decision_0000__0110,horizon_complete,3
16,400,"15,16,21,23,25,66,175,189,211,242,284,287,309,320,321,362",neighborhood-0cc76e6d35c74ad7,True,"1,1,0",official_adaptive,2,True,0.0,0,5198b120c6b0005dc5dbb0ecd6dade7257e8f0f3feb7940eedf5f83c32b81ec4,941706b89e337349d06336e0dc78a880f2a921eb6843e5e194f84fb02365d11c,3,1,df4a309aafd3b09d0153b23744c614aaaa347cf1b7c1c757cb036d446e8e5fe9,31efd58a54de9cecf77941cbcfd49870bfca85977d4edbbc4b1d998c373cc478,False,regular_beltway,0.12988387978018087,8500,24380,620,23,policy_train_regular_beltway_0002,False,0.5,0.13869615000004387,0.13869615000004387,1,0.018741087,0.05665984600005913,0.04100575199993273,lns2.receding_q_label_pilot.v1,collision:16,0.08203630399998474,high_cost_progress,policy_train,s3__policy_train__policy_train_regular_beltway_0002__task_0015__seed_0000__realized_dynamic__decision_0000__0110,feasible,2
16,400,"15,16,21,23,25,66,175,189,211,242,284,287,309,320,321,362",neighborhood-0cc76e6d35c74ad7,True,"1,0",official_adaptive,1,True,0.0,0,da545c5987a4e72c982ad169d587e4d90f8e0f705826af6a9133addb25f3254d,dc00217cede24fe6dbc8ca30af4e9aa42c83474ebc372225e7358353ffe22d95,3,1,df4a309aafd3b09d0153b23744c614aaaa347cf1b7c1c757cb036d446e8e5fe9,31efd58a54de9cecf77941cbcfd49870bfca85977d4edbbc4b1d998c373cc478,False,regular_beltway,0.08497156456937016,24692,20788,17474,16,policy_train_regular_beltway_0002,False,0.16666666666666666,0.08868610899992291,0.08868610899992291,2,0.028671643,0.04768035699999018,0.04100575199993273,lns2.receding_q_label_pilot.v1,collision:16,0.04100575199993273,high_cost_progress,policy_train,s3__policy_train__policy_train_regular_beltway_0002__task_0015__seed_0000__realized_dynamic__decision_0000__0110,feasible,3
8,400,"15,23,53,66,189,225,227,306",neighborhood-1378930d9dbe86af,True,"1,0",official_adaptive,1,True,0.0,0,3b679bf9103bbd681a47fc81ab6b01a976644ccae2c7214f0ec92d6a9992ca14,e97b7a1e5d4f2f9924f8c7b26ec1b1a7f75a20ad8e95c6d963d179f05183e9ff,3,1,df4a309aafd3b09d0153b23744c614aaaa347cf1b7c1c757cb036d446e8e5fe9,31efd58a54de9cecf77941cbcfd49870bfca85977d4edbbc4b1d998c373cc478,False,regular_beltway,0.06546400836708555,2540,8754,280,8,policy_train_regular_beltway_0002,False,0.16666666666666666,0.06765430999996624,0.06765430999996624,2,0.007097641,0.026648558000033518,0.04100575199993273,lns2.receding_q_label_pilot.v1,collision:8,0.04100575199993273,high_cost_progress,policy_train,s3__policy_train__policy_train_regular_beltway_0002__task_0015__seed_0000__realized_dynamic__decision_0000__0110,feasible,2
8,400,"15,23,53,66,189,225,227,306",neighborhood-1378930d9dbe86af,True,"1,0",official_adaptive,1,True,0.0,0,fe874a1cac4f0e349aca8d5274b8ba2cf33d59c6255c30fc5f430b6cd875dc4d,fdc4644287ca999649a926cca97c2c0e790a43a732dc4dfa2dbfb872eb866f45,3,1,df4a309aafd3b09d0153b23744c614aaaa347cf1b7c1c757cb036d446e8e5fe9,31efd58a54de9cecf77941cbcfd49870bfca85977d4edbbc4b1d998c373cc478,False,regular_beltway,0.06858176806212568,3449,9422,968,8,policy_train_regular_beltway_0002,False,0.16666666666666666,0.07098819399993772,0.07098819399993772,2,0.008753265,0.029982442000004994,0.04100575199993273,lns2.receding_q_label_pilot.v1,collision:8,0.04100575199993273,high_cost_progress,policy_train,s3__policy_train__policy_train_regular_beltway_0002__task_0015__seed_0000__realized_dynamic__decision_0000__0110,feasible,3
8,400,"94,123,124,189,202,217,333,335",neighborhood-13f8ee92134fe2cf,True,"1,1,0",official_adaptive,2,True,0.0,0,e5c638b40395f56f192a11cc57ee12931020bcfe7258f9d01977a3176a97ba6f,0bcf4b5d59b20a7881056f2d8e93cb3ffd59375eda8e8d01d3209c47f333b3be,3,1,df4a309aafd3b09d0153b23744c614aaaa347cf1b7c1c757cb036d446e8e5fe9,31efd58a54de9cecf77941cbcfd49870bfca85977d4edbbc4b1d998c373cc478,False,regular_beltway,0.13361271806746886,10673,21400,2981,15,policy_train_regular_beltway_0002,False,0.5,0.14295008999994252,0.14295008999994252,1,0.01957969,0.05915540400002328,0.04100575199993273,lns2.receding_q_label_pilot.v1,random:8,0.08379468599991924,high_cost_progress,policy_train,s3__policy_train__policy_train_regular_beltway_0002__task_0015__seed_0000__realized_dynamic__decision_0000__0110,feasible,2
8,400,"94,123,124,189,202,217,333,335",neighborhood-13f8ee92134fe2cf,True,"1,1,0",official_adaptive,2,True,0.0,0,7c35f3ac7547ce07267e71f3d3c06cb88a04409b151525605b697f3482bd2faf,ee075765bbc62c7b8081d3848d5efd1192cf3584f629aa838fd16be8abcf2d10,3,1,df4a309aafd3b09d0153b23744c614aaaa347cf1b7c1c757cb036d446e8e5fe9,31efd58a54de9cecf77941cbcfd49870bfca85977d4edbbc4b1d998c373cc478,False,regular_beltway,0.13723552322935584,10715,22690,2651,16,policy_train_regular_beltway_0002,False,0.5,0.14709828499991318,0.14709828499991318,1,0.020435094,0.06236311399999295,0.04100575199993273,lns2.receding_q_label_pilot.v1,random:8,0.08473517099992023,high_cost_progress,policy_train,s3__policy_train__policy_train_regular_beltway_0002__task_0015__seed_0000__realized_dynamic__decision_0000__0110,feasible,3
4,400,"13,23,316,328",neighborhood-1a9ee265e4a28ae2,True,"1,0",official_adaptive,1,True,0.0,0,0bb2c497f6f823f2ae237006a55213f50749556b884bcdc37daafa23d1beae9e,be39a5cc63dc5174e3e91f0bc16a68731083465046a8f4a456e616c3f8c2bbb9,3,1,df4a309aafd3b09d0153b23744c614aaaa347cf1b7c1c757cb036d446e8e5fe9,31efd58a54de9cecf77941cbcfd49870bfca85977d4edbbc4b1d998c373cc478,False,regular_beltway,0.06111546791993201,1571,5032,101,4,policy_train_regular_beltway_0002,False,0.16666666666666666,0.06302165199991805,0.06302165199991805,2,0.003864845,0.022015899999985322,0.04100575199993273,lns2.receding_q_label_pilot.v1,random:4,0.04100575199993273,high_cost_progress,policy_train,s3__policy_train__policy_train_regular_beltway_0002__task_0015__seed_0000__realized_dynamic__decision_0000__0110,feasible,2
4,400,"13,23,316,328",neighborhood-1a9ee265e4a28ae2,True,"1,0",official_adaptive,1,True,0.0,0,c65718815ec6612fa72ed37f9fc7557fb2bd62463412e4e88b5c400d476bb7da,15f75e492eb2eba1a4920eaff5ecac54909940da7a5f2fcba96fb7f34bc44a96,3,1,df4a309aafd3b09d0153b23744c614aaaa347cf1b7c1c757cb036d446e8e5fe9,31efd58a54de9cecf77941cbcfd49870bfca85977d4edbbc4b1d998c373cc478,False,regular_beltway,0.0664411188001244,1629,5112,119,4,policy_train_regular_beltway_0002,False,0.16666666666666666,0.068698035999887,0.068698035999887,2,0.004856919,0.02769228399995427,0.04100575199993273,lns2.receding_q_label_pilot.v1,random:4,0.04100575199993273,high_cost_progress,policy_train,s3__policy_train__policy_train_regular_beltway_0002__task_0015__seed_0000__realized_dynamic__decision_0000__0110,feasible,3
8,400,"23,58,115,189,218,235,261,287",neighborhood-1ea53714deb1553e,True,"1,0",official_adaptive,1,True,0.0,0,eddabd4edbefb764c2a5e5d0ad5f98d955f30e10b3edfcf0d1db374219410607,b0f3344c51d205981169df7e5baf3cf6f07a7b56101563ecb4bae5bd2b54e3b4,3,1,df4a309aafd3b09d0153b23744c614aaaa347cf1b7c1c757cb036d446e8e5fe9,31efd58a54de9cecf77941cbcfd49870bfca85977d4edbbc4b1d998c373cc478,False,regular_beltway,0.06120936564388974,1684,4813,441,8,policy_train_regular_beltway_0002,False,0.16666666666666666,0.06312147199992069,0.06312147199992069,2,0.003849809,0.02211571999998796,0.04100575199993273,lns2.receding_q_label_pilot.v1,collision:8,0.04100575199993273,high_cost_progress,policy_train,s3__policy_train__policy_train_regular_beltway_0002__task_0015__seed_0000__realized_dynamic__decision_0000__0110,feasible,2
8,400,"23,58,115,189,218,235,261,287",neighborhood-1ea53714deb1553e,True,"1,0",official_adaptive,1,True,0.0,0,03477922afd71519d509479e339611a0dfd7c377a0e83878905e51b618f5b4c4,96085d7048f66d7593d36ca461658a7aab7430b0c94e6bef9fd0adb8ea74c150,3,1,df4a309aafd3b09d0153b23744c614aaaa347cf1b7c1c757cb036d446e8e5fe9,31efd58a54de9cecf77941cbcfd49870bfca85977d4edbbc4b1d998c373cc478,False,regular_beltway,0.06397270109152556,2251,5482,791,8,policy_train_regular_beltway_0002,False,0.16666666666666666,0.06606329599992478,0.06606329599992478,2,0.005479149,0.02505754399999205,0.04100575199993273,lns2.receding_q_label_pilot.v1,collision:8,0.04100575199993273,high_cost_progress,policy_train,s3__policy_train__policy_train_regular_beltway_0002__task_0015__seed_0000__realized_dynamic__decision_0000__0110,feasible,3
16,400,"5,23,36,53,119,136,144,173,182,210,221,251,256,322,324,392",neighborhood-26ca5a9189de7599,True,"1,0",official_adaptive,1,True,0.0,0,dba90b687db64d0b30d007daf6a8cd96befcd91a7b93bba54aa1effb1cf5ad20,0a1f6c8ebea6a50ed34329bee452da65c1193e268845d4b08f1f057abfc70d62,3,1,df4a309aafd3b09d0153b23744c614aaaa347cf1b7c1c757cb036d446e8e5fe9,31efd58a54de9cecf77941cbcfd49870bfca85977d4edbbc4b1d998c373cc478,False,regular_beltway,0.07108440284282556,5922,15739,1551,16,policy_train_regular_beltway_0002,False,0.16666666666666666,0.07367184299994278,0.07367184299994278,2,0.012628304,0.032666091000010056,0.04100575199993273,lns2.receding_q_label_pilot.v1,random:16,0.04100575199993273,high_cost_progress,policy_train,s3__policy_train__policy_train_regular_beltway_0002__task_0015__seed_0000__realized_dynamic__decision_0000__0110,feasible,2
16,400,"5,23,36,53,119,136,144,173,182,210,221,251,256,322,324,392",neighborhood-26ca5a9189de7599,True,"1,0",official_adaptive,1,True,0.0,0,1124e7b232544d4a97c971fdcd0decb4c88504194684fd953c91a123bfcdb424,3b40efc80b0ba119cd56eda273da9c1613a4dd7ac70803cf5599fad8220e2325,3,1,df4a309aafd3b09d0153b23744c614aaaa347cf1b7c1c757cb036d446e8e5fe9,31efd58a54de9cecf77941cbcfd49870bfca85977d4edbbc4b1d998c373cc478,False,regular_beltway,0.09194731534497927,5764,15732,1466,16,policy_train_regular_beltway_0002,False,0.16666666666666666,0.0963070619999371,0.0963070619999371,2,0.01399004,0.05530131000000438,0.04100575199993273,lns2.receding_q_label_pilot.v1,random:16,0.04100575199993273,high_cost_progress,policy_train,s3__policy_train__policy_train_regular_beltway_0002__task_0015__seed_0000__realized_dynamic__decision_0000__0110,feasible,3
16,400,"25,36,53,83,100,127,177,189,190,201,225,235,296,371,374,397",neighborhood-28ccff95badf4d5b,True,"1,0",official_adaptive,1,True,0.0,0,4cf2f795d1f86fd383973f07b991ab35dd8e1efa950dc786c86905306e0d372e,1e2a3c7373ccd58fccef0e92f4f4f2b58bdc6943c9041db733b9a4e3db6a673f,3,1,df4a309aafd3b09d0153b23744c614aaaa347cf1b7c1c757cb036d446e8e5fe9,31efd58a54de9cecf77941cbcfd49870bfca85977d4edbbc4b1d998c373cc478,False,regular_beltway,0.0652625389733628,2529,9846,249,16,policy_train_regular_beltway_0002,False,0.16666666666666666,0.0674392319999697,0.0674392319999697,2,0.006854417,0.02643348000003698,0.04100575199993273,lns2.receding_q_label_pilot.v1,target:16,0.04100575199993273,high_cost_progress,policy_train,s3__policy_train__policy_train_regular_beltway_0002__task_0015__seed_0000__realized_dynamic__decision_0000__0110,feasible,2
16,400,"25,36,53,83,100,127,177,189,190,201,225,235,296,371,374,397",neighborhood-28ccff95badf4d5b,True,"1,0",official_adaptive,1,True,0.0,0,c82f2a71473146e14be3fd30c7a1dde1557af36282daa22690f9bc65763b59ca,6cabcfc2f2e2de08f437631f2cd43b29a025637f5716c74d9c3624fec60f23aa,3,1,df4a309aafd3b09d0153b23744c614aaaa347cf1b7c1c757cb036d446e8e5fe9,31efd58a54de9cecf77941cbcfd49870bfca85977d4edbbc4b1d998c373cc478,False,regular_beltway,0.07418285220722458,3985,14769,259,16,policy_train_regular_beltway_0002,False,0.16666666666666666,0.07700371999993649,0.07700371999993649,2,0.014144836,0.035997968000003766,0.04100575199993273,lns2.receding_q_label_pilot.v1,target:16,0.04100575199993273,high_cost_progress,policy_train,s3__policy_train__policy_train_regular_beltway_0002__task_0015__seed_0000__realized_dynamic__decision_0000__0110,feasible,3
4,400,"100,127,189,201",neighborhood-2ba1c5885f7a7df9,True,"1,0",official_adaptive,1,True,0.0,0,a6508925bff2ec610b85c2198980de4d4683ad3e16733e9ff67aba9960c48509,bd95ff981b28064b22030ab2abaf2bb3aec6b2b3d4cb315ecd5adacaa21aaced,3,1,df4a309aafd3b09d0153b23744c614aaaa347cf1b7c1c757cb036d446e8e5fe9,31efd58a54de9cecf77941cbcfd49870bfca85977d4edbbc4b1d998c373cc478,False,regular_beltway,0.062404401773872666,1268,3411,397,4,policy_train_regular_beltway_0002,False,0.16666666666666666,0.06439269999992803,0.06439269999992803,2,0.003005062,0.0233869479999953,0.04100575199993273,lns2.receding_q_label_pilot.v1,target:4,0.04100575199993273,high_cost_progress,policy_train,s3__policy_train__policy_train_regular_beltway_0002__task_0015__seed_0000__realized_dynamic__decision_0000__0110,feasible,2
4,400,"100,127,189,201",neighborhood-2ba1c5885f7a7df9,True,"1,0",official_adaptive,1,True,0.0,0,dfc01ea2ce78e36145a06cf84b53c56e925a01d3549f9c024abce3dded805bd6,005d159b85d6122f66dbf107c615ba3baf44f23be2dc1b488ac84718b446c887,3,1,df4a309aafd3b09d0153b23744c614aaaa347cf1b7c1c757cb036d446e8e5fe9,31efd58a54de9cecf77941cbcfd49870bfca85977d4edbbc4b1d998c373cc478,False,regular_beltway,0.06273981474713056,1038,2966,287,4,policy_train_regular_beltway_0002,False,0.16666666666666666,0.0647497709999243,0.0647497709999243,2,0.002754093,0.023744018999991567,0.04100575199993273,lns2.receding_q_label_pilot.v1,target:4,0.04100575199993273,high_cost_progress,policy_train,s3__policy_train__policy_train_regular_beltway_0002__task_0015__seed_0000__realized_dynamic__decision_0000__0110,feasible,3
4,400,"23,66,189,205",neighborhood-452e74a4af5ffbb2,True,"1,1,0",official_adaptive,2,True,0.0,0,906cde9864bcf771ed71faa10f1ae08378bff3890e078194a9a850e00bc2efbb,3f2698589241e8e7a9758a2006e2f12fc4911881a10d0c9512d26f6ee35201c3,3,1,df4a309aafd3b09d0153b23744c614aaaa347cf1b7c1c757cb036d446e8e5fe9,31efd58a54de9cecf77941cbcfd49870bfca85977d4edbbc4b1d998c373cc478,False,regular_beltway,0.12665173621373313,5049,13068,438,11,policy_train_regular_beltway_0002,False,0.5,0.1350216619999287,0.1350216619999287,1,0.011157666,0.05247843099999727,0.04100575199993273,lns2.receding_q_label_pilot.v1,collision:4,0.08254323099993144,high_cost_progress,policy_train,s3__policy_train__policy_train_regular_beltway_0002__task_0015__seed_0000__realized_dynamic__decision_0000__0110,feasible,2
4,400,"23,66,189,205",neighborhood-452e74a4af5ffbb2,True,"1,0",official_adaptive,1,True,0.0,0,7abd75507b400a4cc3ff3e4e20742de8ca952609c6d948d02b540cd00dd6ed28,9f24fd15dc5b1c9a2b197d8febf2740b34a3f7365b17c80a952b403ac91a54f2,3,1,df4a309aafd3b09d0153b23744c614aaaa347cf1b7c1c757cb036d446e8e5fe9,31efd58a54de9cecf77941cbcfd49870bfca85977d4edbbc4b1d998c373cc478,False,regular_beltway,0.06323078798967144,1025,2405,406,4,policy_train_regular_beltway_0002,False,0.16666666666666666,0.06527266299997336,0.06527266299997336,2,0.002564653,0.024266911000040636,0.04100575199993273,lns2.receding_q_label_pilot.v1,collision:4,0.04100575199993273,high_cost_progress,policy_train,s3__policy_train__policy_train_regular_beltway_0002__task_0015__seed_0000__realized_dynamic__decision_0000__0110,feasible,3
8,400,"23,119,146,196,231,252,342,381",neighborhood-4f298155afcb8864,True,"1,0",official_adaptive,1,True,0.0,0,e73ccafd1b0ef8cd7dc95ca196b3b65db14fb3b8c4dddc6aab7eefb97dbfebd8,a8580508af2a3fbbe218a155d5c2540d44f18e629d41d51bae6cb4b087261569,3,1,df4a309aafd3b09d0153b23744c614aaaa347cf1b7c1c757cb036d446e8e5fe9,31efd58a54de9cecf77941cbcfd49870bfca85977d4edbbc4b1d998c373cc478,False,regular_beltway,0.06923306450485539,3292,10220,553,8,policy_train_regular_beltway_0002,False,0.16666666666666666,0.07168595199988204,0.07168595199988204,2,0.008883264,0.03068019999994931,0.04100575199993273,lns2.receding_q_label_pilot.v1,random:8,0.04100575199993273,high_cost_progress,policy_train,s3__policy_train__policy_train_regular_beltway_0002__task_0015__seed_0000__realized_dynamic__decision_0000__0110,feasible,2
8,400,"23,119,146,196,231,252,342,381",neighborhood-4f298155afcb8864,True,"1,0",official_adaptive,1,True,0.0,0,d2b3c8a882f1f6e18120c8d7f6110c1ef222bc0252c8ed8ca0a04f1798759a92,1a21ea10725815deb13b83692e3ea0e0ec8753d77d44f7c41a201ec0dec69caa,3,1,df4a309aafd3b09d0153b23744c614aaaa347cf1b7c1c757cb036d446e8e5fe9,31efd58a54de9cecf77941cbcfd49870bfca85977d4edbbc4b1d998c373cc478,False,regular_beltway,0.06966979205777822,3296,10221,518,8,policy_train_regular_beltway_0002,False,0.16666666666666666,0.07215408899992326,0.07215408899992326,2,0.009909416,0.031148336999990534,0.04100575199993273,lns2.receding_q_label_pilot.v1,random:8,0.04100575199993273,high_cost_progress,policy_train,s3__policy_train__policy_train_regular_beltway_0002__task_0015__seed_0000__realized_dynamic__decision_0000__0110,feasible,3
16,400,"23,39,41,79,91,115,125,189,201,235,275,335,358,372,383,397",neighborhood-5468291259295505,True,"1,0",official_adaptive,1,True,0.0,0,a90a8598be2634ed70d24b1e0a812490a5b92db1530b5bd4880dc5bf142591b2,8eb200dfe4a96670db5da5c7e5d2d0afa6e5b81da4fb8beb6300e69036c7a02c,3,1,df4a309aafd3b09d0153b23744c614aaaa347cf1b7c1c757cb036d446e8e5fe9,31efd58a54de9cecf77941cbcfd49870bfca85977d4edbbc4b1d998c373cc478,False,regular_beltway,0.07123482576153126,4509,15455,534,16,policy_train_regular_beltway_0002,False,0.16666666666666666,0.07383335999992369,0.07383335999992369,2,0.013100266,0.03282760799999096,0.04100575199993273,lns2.receding_q_label_pilot.v1,collision:16,0.04100575199993273,high_cost_progress,policy_train,s3__policy_train__policy_train_regular_beltway_0002__task_0015__seed_0000__realized_dynamic__decision_0000__0110,feasible,2
16,400,"23,39,41,79,91,115,125,189,201,235,275,335,358,372,383,397",neighborhood-5468291259295505,True,"1,1,0",official_adaptive,2,True,0.0,0,6f4a5d345a146e24c5e7ad67ef4a46d3f65c17aea919eeaf05b46d659f879d12,a04b24a6522024887fcbcca7a8a36038ee6f640a4e0ebb3497dd93aa89eff86c,3,1,df4a309aafd3b09d0153b23744c614aaaa347cf1b7c1c757cb036d446e8e5fe9,31efd58a54de9cecf77941cbcfd49870bfca85977d4edbbc4b1d998c373cc478,False,regular_beltway,0.13951301748282155,8188,25021,1357,24,policy_train_regular_beltway_0002,False,0.5,0.1497137719999273,0.1497137719999273,1,0.019063104,0.06229357099999788,0.04100575199993273,lns2.receding_q_label_pilot.v1,collision:16,0.08742020099992942,high_cost_progress,policy_train,s3__policy_train__policy_train_regular_beltway_0002__task_0015__seed_0000__realized_dynamic__decision_0000__0110,feasible,3
7,400,"23,117,120,176,189,201,232",neighborhood-5b280a3e543c52cd,True,"1,0",official_adaptive,1,True,0.0,0,ea9fdf79a38c6fae6ce0be0804793879823a6ebc47d369239b4d22c4610cbf22,43561687bd45807f3da0fd8a2e2576f56631927d7aa0b6b975094a612f4aceab,3,1,df4a309aafd3b09d0153b23744c614aaaa347cf1b7c1c757cb036d446e8e5fe9,31efd58a54de9cecf77941cbcfd49870bfca85977d4edbbc4b1d998c373cc478,False,regular_beltway,0.06290653861569907,1512,4480,452,7,policy_train_regular_beltway_0002,False,0.16666666666666666,0.06492730499996924,0.06492730499996924,2,0.003806961,0.02392155300003651,0.04100575199993273,lns2.receding_q_label_pilot.v1,target:8,0.04100575199993273,high_cost_progress,policy_train,s3__policy_train__policy_train_regular_beltway_0002__task_0015__seed_0000__realized_dynamic__decision_0000__0110,feasible,2
7,400,"23,117,120,176,189,201,232",neighborhood-5b280a3e543c52cd,True,"1,0",official_adaptive,1,True,0.0,0,485398447cb6775c8a2fcb78ae0d3e198f6d77930a804b526a408e2b0b2b6ad0,2f33614e966cc8bad126a41623406bd0c5cf4552016024ef4b6aa16d57692776,3,1,df4a309aafd3b09d0153b23744c614aaaa347cf1b7c1c757cb036d446e8e5fe9,31efd58a54de9cecf77941cbcfd49870bfca85977d4edbbc4b1d998c373cc478,False,regular_beltway,0.06352133616774921,1317,4120,385,7,policy_train_regular_beltway_0002,False,0.16666666666666666,0.06558222099994282,0.06558222099994282,2,0.004408247,0.024576469000010093,0.04100575199993273,lns2.receding_q_label_pilot.v1,target:8,0.04100575199993273,high_cost_progress,policy_train,s3__policy_train__policy_train_regular_beltway_0002__task_0015__seed_0000__realized_dynamic__decision_0000__0110,feasible,3
4,400,"23,189,201,232",neighborhood-64a071801e0b6e72,True,"1,0",official_adaptive,1,True,0.0,0,579132e85a82650325b21dd6487cb38bb7296478e208002c7433478ce2efe11e,75d8f0353e6c055d371027da86c0186ec809942b4ecdfb3b8f54ba4078398c98,3,1,df4a309aafd3b09d0153b23744c614aaaa347cf1b7c1c757cb036d446e8e5fe9,31efd58a54de9cecf77941cbcfd49870bfca85977d4edbbc4b1d998c373cc478,True,regular_beltway,0.06152585323239729,829,2379,248,4,policy_train_regular_beltway_0002,False,0.16666666666666666,0.06345798999996077,0.06345798999996077,2,0.002376377,0.022452238000028046,0.04100575199993273,lns2.receding_q_label_pilot.v1,target:4,0.04100575199993273,high_cost_progress,policy_train,s3__policy_train__policy_train_regular_beltway_0002__task_0015__seed_0000__realized_dynamic__decision_0000__0110,feasible,2
4,400,"23,189,201,232",neighborhood-64a071801e0b6e72,True,"1,0",official_adaptive,1,True,0.0,0,997695ccdc8ebd38bf377cb16c5fac0c7401365181356f183897376a1c5e50de,091d7b1741ca7211d4465467e8c2e08602e14a71495daa105c8ecb173f8023f5,3,1,df4a309aafd3b09d0153b23744c614aaaa347cf1b7c1c757cb036d446e8e5fe9,31efd58a54de9cecf77941cbcfd49870bfca85977d4edbbc4b1d998c373cc478,True,regular_beltway,0.06858513690776628,884,2420,295,4,policy_train_regular_beltway_0002,False,0.16666666666666666,0.07099180199992361,0.07099180199992361,2,0.002280851,0.029986049999990882,0.04100575199993273,lns2.receding_q_label_pilot.v1,target:4,0.04100575199993273,high_cost_progress,policy_train,s3__policy_train__policy_train_regular_beltway_0002__task_0015__seed_0000__realized_dynamic__decision_0000__0110,feasible,3
16,400,"56,61,80,120,126,132,153,186,189,257,301,332,349,359,383,395",neighborhood-66532719e22b8213,True,"1,1,0",official_adaptive,2,True,0.0,0,50fde319b748b85c5832a42675d92c6d4a8e01eeb84f41c7fc868177463bde95,5cac7a52cb7cc2bba226ee78bab7635a7fe0226300a9176870ba1a687e4ab9ab,3,1,df4a309aafd3b09d0153b23744c614aaaa347cf1b7c1c757cb036d446e8e5fe9,31efd58a54de9cecf77941cbcfd49870bfca85977d4edbbc4b1d998c373cc478,False,regular_beltway,0.14771643525716852,7897,22926,779,23,policy_train_regular_beltway_0002,False,0.5,0.15918414599991593,0.15918414599991593,1,0.025259825,0.06937679899999694,0.04100575199993273,lns2.receding_q_label_pilot.v1,random:16,0.08980734699991899,high_cost_progress,policy_train,s3__policy_train__policy_train_regular_beltway_0002__task_0015__seed_0000__realized_dynamic__decision_0000__0110,feasible,2
16,400,"56,61,80,120,126,132,153,186,189,257,301,332,349,359,383,395",neighborhood-66532719e22b8213,True,"1,1,0",official_adaptive,2,True,0.0,0,7ffb251805cad64fef57230ed6cdec8513fd41e8d3ad7edbc81e5344705e7c26,d28af715fa65415c223848420396a3aa04e86f4dfc7d31d4f2d2bcba760e2cca,3,1,df4a309aafd3b09d0153b23744c614aaaa347cf1b7c1c757cb036d446e8e5fe9,31efd58a54de9cecf77941cbcfd49870bfca85977d4edbbc4b1d998c373cc478,False,regular_beltway,0.14480248183276612,8666,24602,959,24,policy_train_regular_beltway_0002,False,0.5,0.15581125399990015,0.15581125399990015,1,0.021169013,0.06630302100001018,0.04100575199993273,lns2.receding_q_label_pilot.v1,random:16,0.08950823299988997,high_cost_progress,policy_train,s3__policy_train__policy_train_regular_beltway_0002__task_0015__seed_0000__realized_dynamic__decision_0000__0110,feasible,3
4,400,"15,23,189,275",neighborhood-8b035600bc585310,True,"1,0",official_adaptive,1,True,0.0,0,7d849af2242d114c277bfcf7a41ef4dda60230a7a6d4980413472ded0646dc6d,59970f89d72a14b1456bad990a97469342a9fde27528363ed5e37e0824b7e9c9,3,1,df4a309aafd3b09d0153b23744c614aaaa347cf1b7c1c757cb036d446e8e5fe9,31efd58a54de9cecf77941cbcfd49870bfca85977d4edbbc4b1d998c373cc478,False,regular_beltway,0.06442822599275912,1865,5343,446,4,policy_train_regular_beltway_0002,False,0.16666666666666666,0.06654902499997206,0.06654902499997206,2,0.004948078,0.025543273000039335,0.04100575199993273,lns2.receding_q_label_pilot.v1,collision:4,0.04100575199993273,high_cost_progress,policy_train,s3__policy_train__policy_train_regular_beltway_0002__task_0015__seed_0000__realized_dynamic__decision_0000__0110,feasible,2
4,400,"15,23,189,275",neighborhood-8b035600bc585310,True,"1,1,0",official_adaptive,2,True,0.0,0,46d541381fe8111f2486d53d5ef18da273ee0c9d459f1391c6ca6cc65f99a540,9b5ea52dd6b3b6228169aab1c2a7fcca60983510431727d2add3c6852b76bfc5,3,1,df4a309aafd3b09d0153b23744c614aaaa347cf1b7c1c757cb036d446e8e5fe9,31efd58a54de9cecf77941cbcfd49870bfca85977d4edbbc4b1d998c373cc478,False,regular_beltway,0.1440491599798822,7124,18509,882,12,policy_train_regular_beltway_0002,False,0.5,0.15494088399998418,0.15494088399998418,1,0.018569678,0.06432525500002839,0.04100575199993273,lns2.receding_q_label_pilot.v1,collision:4,0.09061562899995579,high_cost_progress,policy_train,s3__policy_train__policy_train_regular_beltway_0002__task_0015__seed_0000__realized_dynamic__decision_0000__0110,feasible,3
8,400,"25,53,100,127,189,201,225,397",neighborhood-d453346dfa295a0f,True,"1,0",official_adaptive,1,True,0.0,0,be1eccc9c56093491f2028293b83ca4f331305e251af81fcda5283dd2030f59b,09553c6ed96e36bcb15cf645bc26fb62e08b42d41c17c2a3336404dceb156ab5,3,1,df4a309aafd3b09d0153b23744c614aaaa347cf1b7c1c757cb036d446e8e5fe9,31efd58a54de9cecf77941cbcfd49870bfca85977d4edbbc4b1d998c373cc478,False,regular_beltway,0.06712338749017148,1994,6760,421,8,policy_train_regular_beltway_0002,False,0.16666666666666666,0.0694274239999686,0.0694274239999686,2,0.006287486,0.02842167200003587,0.04100575199993273,lns2.receding_q_label_pilot.v1,target:8,0.04100575199993273,high_cost_progress,policy_train,s3__policy_train__policy_train_regular_beltway_0002__task_0015__seed_0000__realized_dynamic__decision_0000__0110,feasible,2
8,400,"25,53,100,127,189,201,225,397",neighborhood-d453346dfa295a0f,True,"1,0",official_adaptive,1,True,0.0,0,02287bce5d83e647db8f0ee6978925a1550bcb2d84afa74739df4cb1fb729d0b,8c4741b013de407ecc1ab6683cf96c480ac01ca8b5a09de238852aae39c77f3d,3,1,df4a309aafd3b09d0153b23744c614aaaa347cf1b7c1c757cb036d446e8e5fe9,31efd58a54de9cecf77941cbcfd49870bfca85977d4edbbc4b1d998c373cc478,False,regular_beltway,0.07073566846693324,3582,12084,359,8,policy_train_regular_beltway_0002,False,0.16666666666666666,0.07329748199992991,0.07329748199992991,2,0.0111088,0.03229172999999719,0.04100575199993273,lns2.receding_q_label_pilot.v1,target:8,0.04100575199993273,high_cost_progress,policy_train,s3__policy_train__policy_train_regular_beltway_0002__task_0015__seed_0000__realized_dynamic__decision_0000__0110,feasible,3
4,600,"55,69,443,503",neighborhood-051f9aa091ac2450,True,"5,5,5,3",official_adaptive,3,False,0.6,3,0d133114d560b3a164129a7101fea2774a5d9f12050da83b99437d9541ca0507,e4af6f107416bce4c10baa5326d39fe56e816081ab3b847b8dcd98762a3e28f1,3,5,e457fd9fb0385b4077d5c8f525b7160ed221a20dedcfd4822deb6aea8f4d74d4,9fe5836dcb30df6aa33935a5511bea820b1827dfdc679d555cb0200dcb613362,False,regular_beltway,0.3132463233477364,6450,19260,107,12,policy_train_regular_beltway_0000,False,0.9333333333333333,0.3678584249999517,0.3678584249999517,0,0.020974537,0.11770508099994004,0.06336215199996786,lns2.receding_q_label_pilot.v1,collision:4,0.25015334400001166,high_cost_progress,policy_train,s3__policy_train__policy_train_regular_beltway_0000__task_0016__seed_0000__official_adaptive__decision_0004__0113,horizon_complete,2
4,600,"55,69,443,503",neighborhood-051f9aa091ac2450,True,"5,5,3,0",official_adaptive,3,True,0.0,0,f0d11051831aaee992b559d5361bdfcb8fb1e74ed623c1c6b515c3dc77d5554e,937627012a6d257a56c5866a626523913ffe68946456a7028a747cd742c8e56d,3,5,e457fd9fb0385b4077d5c8f525b7160ed221a20dedcfd4822deb6aea8f4d74d4,9fe5836dcb30df6aa33935a5511bea820b1827dfdc679d555cb0200dcb613362,False,regular_beltway,0.2855329352098322,9215,27374,435,20,policy_train_regular_beltway_0000,False,0.7,0.28010023319998256,0.33047089399997276,0,0.029290665,0.12682642799995847,0.06336215199996786,lns2.receding_q_label_pilot.v1,collision:4,0.2036444660000143,high_cost_progress,policy_train,s3__policy_train__policy_train_regular_beltway_0000__task_0016__seed_0000__official_adaptive__decision_0004__0113,feasible,3
4,600,"223,353,384,464",neighborhood-053e91a1a268abd5,True,"5,5,5,3",official_adaptive,3,False,0.6,3,4ef87670e886e1735e62717dc0d9bce80b720fb97171b1a9d2a167240d2d1e92,25b4812a00438ea51904d8f65194dad4f33cab193faf773ec7838853afcca148,3,5,e457fd9fb0385b4077d5c8f525b7160ed221a20dedcfd4822deb6aea8f4d74d4,9fe5836dcb30df6aa33935a5511bea820b1827dfdc679d555cb0200dcb613362,False,regular_beltway,0.28227096402510204,6561,20269,137,12,policy_train_regular_beltway_0000,False,0.9333333333333333,0.3261380069998836,0.3261380069998836,0,0.018552872,0.11924690399996507,0.06336215199996786,lns2.receding_q_label_pilot.v1,random:4,0.20689110299991853,high_cost_progress,policy_train,s3__policy_train__policy_train_regular_beltway_0000__task_0016__seed_0000__official_adaptive__decision_0004__0113,horizon_complete,2
4,600,"223,353,384,464",neighborhood-053e91a1a268abd5,True,"5,5,3,1",official_adaptive,3,False,0.2,1,5f94b0caa37bf1a6fea31992b63b72ac42beca180b808c5814f80efb46901c7d,05f8d59b6b7ae500c69fb7efe7e9f6dc69ef8be4f01b0349797b00702c83a576,3,5,e457fd9fb0385b4077d5c8f525b7160ed221a20dedcfd4822deb6aea8f4d74d4,9fe5836dcb30df6aa33935a5511bea820b1827dfdc679d555cb0200dcb613362,False,regular_beltway,0.29050257658767636,10658,33218,700,20,policy_train_regular_beltway_0000,False,0.7333333333333333,0.2869147695999345,0.33709931399994275,0,0.035112337,0.1269389319999732,0.06336215199996786,lns2.receding_q_label_pilot.v1,random:4,0.21016038199996956,high_cost_progress,policy_train,s3__policy_train__policy_train_regular_beltway_0000__task_0016__seed_0000__official_adaptive__decision_0004__0113,horizon_complete,3
16,600,"9,50,119,125,161,205,243,280,323,381,408,498,499,502,556,561",neighborhood-05cdde0ac980e615,True,"5,5,5,3",official_adaptive,3,False,0.6,3,8c0e1245c1bff2d22e9c445760f1a14626500cc78d1de642a1ecb0bf85852eb8,5693be743a7ae3481160ffbe609ff26a5421234a08597e2290970dac2da56a74,3,5,e457fd9fb0385b4077d5c8f525b7160ed221a20dedcfd4822deb6aea8f4d74d4,9fe5836dcb30df6aa33935a5511bea820b1827dfdc679d555cb0200dcb613362,False,regular_beltway,0.2748521847965194,11210,33483,1200,24,policy_train_regular_beltway_0000,False,0.9333333333333333,0.3163360859999784,0.3163360859999784,0,0.033665181,0.12285996800000021,0.06336215199996786,lns2.receding_q_label_pilot.v1,random:16,0.19347611799997821,high_cost_progress,policy_train,s3__policy_train__policy_train_regular_beltway_0000__task_0016__seed_0000__official_adaptive__decision_0004__0113,horizon_complete,2
16,600,"9,50,119,125,161,205,243,280,323,381,408,498,499,502,556,561",neighborhood-05cdde0ac980e615,True,"5,5,3,0",official_adaptive,3,True,0.0,0,84cb9e965115b1f84a67d0b6a381a1e934abec812c287de6b56bbdedb7a6cd74,cf8fdfe848536c60befd47720a180d48000ea33609e36897305051a7ad8fbb4b,3,5,e457fd9fb0385b4077d5c8f525b7160ed221a20dedcfd4822deb6aea8f4d74d4,9fe5836dcb30df6aa33935a5511bea820b1827dfdc679d555cb0200dcb613362,False,regular_beltway,0.29609104671804776,14309,42246,1569,32,policy_train_regular_beltway_0000,False,0.7,0.29870791719999945,0.3445925720000105,0,0.042677155,0.1359330570000452,0.06336215199996786,lns2.receding_q_label_pilot.v1,random:16,0.20865951499996527,high_cost_progress,policy_train,s3__policy_train__policy_train_regular_beltway_0000__task_0016__seed_0000__official_adaptive__decision_0004__0113,feasible,3
4,600,"9,418,425,487",neighborhood-076eeb81cfaf9e2b,True,"5,5,5,3",official_adaptive,3,False,0.6,3,a33e695140d7afbe9344add389ee2684a024eb80e804a8433a6b524aacb092e4,822ea2ccca24045395f895e14ebd6bb14dd5f9016ed1220a085cd035cd4dd9dc,3,5,e457fd9fb0385b4077d5c8f525b7160ed221a20dedcfd4822deb6aea8f4d74d4,9fe5836dcb30df6aa33935a5511bea820b1827dfdc679d555cb0200dcb613362,False,regular_beltway,0.26364860242923427,6264,18909,164,12,policy_train_regular_beltway_0000,False,0.9333333333333333,0.3016707120000319,0.3016707120000319,0,0.017313736,0.10526654200003804,0.06336215199996786,lns2.receding_q_label_pilot.v1,random:4,0.19640416999999388,high_cost_progress,policy_train,s3__policy_train__policy_train_regular_beltway_0000__task_0016__seed_0000__official_adaptive__decision_0004__0113,horizon_complete,2
4,600,"9,418,425,487",neighborhood-076eeb81cfaf9e2b,True,"5,5,3,0",official_adaptive,3,True,0.0,0,a552755164aef31adc129bb6d6ef4d0b8c4dcc48672400b2002df927d8c04ab9,dd3f595bdb9a3ec01c50df40c2349da521ce4c5e14fd1cdcddab8e0f6e8ead60,3,5,e457fd9fb0385b4077d5c8f525b7160ed221a20dedcfd4822deb6aea8f4d74d4,9fe5836dcb30df6aa33935a5511bea820b1827dfdc679d555cb0200dcb613362,False,regular_beltway,0.281393547561274,9560,27661,670,20,policy_train_regular_beltway_0000,False,0.7,0.2781964572000106,0.32497494200003985,0,0.028629539,0.12157461700002159,0.06336215199996786,lns2.receding_q_label_pilot.v1,random:4,0.20340032500001826,high_cost_progress,policy_train,s3__policy_train__policy_train_regular_beltway_0000__task_0016__seed_0000__official_adaptive__decision_0004__0113,feasible,3
8,600,"9,19,119,153,223,307,519,545",neighborhood-08a12470955a79c7,True,"5,4,4,2",official_adaptive,3,False,0.4,2,f93d458ceafbc053218411a1dbd86513bd288167065dcd298fbcce5ff26eae29,d2b8feee1568ca8c14e02dc457847a5ff1798e74cd29a82727fca621f09dfef9,3,5,e457fd9fb0385b4077d5c8f525b7160ed221a20dedcfd4822deb6aea8f4d74d4,9fe5836dcb30df6aa33935a5511bea820b1827dfdc679d555cb0200dcb613362,False,regular_beltway,0.28647451239449356,20143,49926,2962,16,policy_train_regular_beltway_0000,False,0.7666666666666667,0.2885951967999631,0.33172422499995946,0,0.04670549,0.13587523299997883,0.06336215199996786,lns2.receding_q_label_pilot.v1,collision:8,0.19584899199998063,high_cost_progress,policy_train,s3__policy_train__policy_train_regular_beltway_0000__task_0016__seed_0000__official_adaptive__decision_0004__0113,horizon_complete,2
8,600,"9,19,119,153,223,307,519,545",neighborhood-08a12470955a79c7,True,"5,4,2,0",official_adaptive,3,True,0.0,0,0a890dbe9bd8074776d1efe2ea7ab02d2f60900cfd98f6f48c038a8fc2b7bb47,442c78281d7fa9742e4547a5dfdb66daab4ef760b0e06a0c64a52ee83bb32183,3,5,e457fd9fb0385b4077d5c8f525b7160ed221a20dedcfd4822deb6aea8f4d74d4,9fe5836dcb30df6aa33935a5511bea820b1827dfdc679d555cb0200dcb613362,False,regular_beltway,0.2951137142669944,22784,62092,2635,24,policy_train_regular_beltway_0000,False,0.5666666666666667,0.2537011967999206,0.34327909999990425,0,0.056464639999999997,0.1456163509999442,0.06336215199996786,lns2.receding_q_label_pilot.v1,collision:8,0.19766274899996006,high_cost_progress,policy_train,s3__policy_train__policy_train_regular_beltway_0000__task_0016__seed_0000__official_adaptive__decision_0004__0113,feasible,3
16,600,"55,125,135,145,297,357,421,443,455,491,503,505,526,559,575,589",neighborhood-09da32c272317f8e,True,"5,3,3,0",official_adaptive,3,True,0.0,0,6c627334cbdc01f7af3eb7f37d84134f9c4267978e93c9ebba1963cb8aa86896,28b9a158e7db0eb59f5da0596b4bd043f2651effb999403f24b7d4eb17f32174,3,5,e457fd9fb0385b4077d5c8f525b7160ed221a20dedcfd4822deb6aea8f4d74d4,9fe5836dcb30df6aa33935a5511bea820b1827dfdc679d555cb0200dcb613362,False,regular_beltway,0.2871400901058354,22075,54886,4297,24,policy_train_regular_beltway_0000,False,0.5666666666666667,0.24670142879994045,0.3326108859999408,0,0.050317409,0.13901985499995817,0.06336215199996786,lns2.receding_q_label_pilot.v1,collision:16,0.19359103099998265,high_cost_progress,policy_train,s3__policy_train__policy_train_regular_beltway_0000__task_0016__seed_0000__official_adaptive__decision_0004__0113,feasible,2
16,600,"55,125,135,145,297,357,421,443,455,491,503,505,526,559,575,589",neighborhood-09da32c272317f8e,True,"5,3,1,0",official_adaptive,3,True,0.0,0,60e8abe2748b30692f8d0dbb9e784c0e1acaf5835d4c83214edef9be4f93d706,bd478c7db77655bd25c780c3d90eab42bfda6e5cef01c27fe4b6aa2bf3630022,3,5,e457fd9fb0385b4077d5c8f525b7160ed221a20dedcfd4822deb6aea8f4d74d4,9fe5836dcb30df6aa33935a5511bea820b1827dfdc679d555cb0200dcb613362,False,regular_beltway,0.28690639143902974,23474,58001,5564,32,policy_train_regular_beltway_0000,False,0.43333333333333335,0.20632412299997896,0.3322994929999936,0,0.054717648,0.14384990100001005,0.06336215199996786,lns2.receding_q_label_pilot.v1,collision:16,0.18844959199998357,high_cost_progress,policy_train,s3__policy_train__policy_train_regular_beltway_0000__task_0016__seed_0000__official_adaptive__decision_0004__0113,feasible,3
16,600,"6,25,55,135,202,245,327,385,421,443,479,501,511,513,571,599",neighborhood-0b8508556d2d876e,True,"5,3,3,0",official_adaptive,3,True,0.0,0,ef0269e90fc6c15aedbe2760981bc76eeb9e4d0ddf60fb33841b07db8b750418,e7dca8e3fe17d62f778557d5c0d78d70cebf7cfa9464e194a077d05e4a41c09c,3,5,e457fd9fb0385b4077d5c8f525b7160ed221a20dedcfd4822deb6aea8f4d74d4,9fe5836dcb30df6aa33935a5511bea820b1827dfdc679d555cb0200dcb613362,False,regular_beltway,0.28643612608281177,18487,47684,3312,24,policy_train_regular_beltway_0000,False,0.5666666666666667,0.2433791763999352,0.3316731059999256,0,0.043762557,0.13426667999993924,0.06336215199996786,lns2.receding_q_label_pilot.v1,target:16,0.19740642599998637,high_cost_progress,policy_train,s3__policy_train__policy_train_regular_beltway_0000__task_0016__seed_0000__official_adaptive__decision_0004__0113,feasible,2
16,600,"6,25,55,135,202,245,327,385,421,443,479,501,511,513,571,599",neighborhood-0b8508556d2d876e,True,"5,3,1,1",official_adaptive,3,False,0.2,1,a4f5ec24c469f7b00fd8eaa51e25e785aae6a0b8cef960b8bf8d352d04ea7f88,5854c1478a1ee07aa7efc08ee0a0612eecbe7661e91173008840f0a2605c7842,3,5,e457fd9fb0385b4077d5c8f525b7160ed221a20dedcfd4822deb6aea8f4d74d4,9fe5836dcb30df6aa33935a5511bea820b1827dfdc679d555cb0200dcb613362,False,regular_beltway,0.29607949817167595,23591,65329,3249,32,policy_train_regular_beltway_0000,False,0.4666666666666667,0.21122698919995173,0.34457704400000466,0,0.06034398,0.15262913700001945,0.06336215199996786,lns2.receding_q_label_pilot.v1,target:16,0.1919479069999852,high_cost_progress,policy_train,s3__policy_train__policy_train_regular_beltway_0000__task_0016__seed_0000__official_adaptive__decision_0004__0113,horizon_complete,3
8,600,"9,67,129,170,171,377,432,498",neighborhood-0d9d4a60d44ec53f,True,"5,5,5,3",official_adaptive,3,False,0.6,3,da7ddafcf310d8c9dd797bcaea43d5d96d4b3c2a0df742182d02eb528bd10445,03176420a2ef3a7d3d4fe953e75a07a2a834078865eb19cdb8fa173982a94e7d,3,5,e457fd9fb0385b4077d5c8f525b7160ed221a20dedcfd4822deb6aea8f4d74d4,9fe5836dcb30df6aa33935a5511bea820b1827dfdc679d555cb0200dcb613362,False,regular_beltway,0.29423399863001465,7134,22561,110,16,policy_train_regular_beltway_0000,False,0.9333333333333333,0.34209791600000017,0.34209791600000017,0,0.021517404,0.12970102000002726,0.06336215199996786,lns2.receding_q_label_pilot.v1,random:8,0.2123968959999729,high_cost_progress,policy_train,s3__policy_train__policy_train_regular_beltway_0000__task_0016__seed_0000__official_adaptive__decision_0004__0113,horizon_complete,2
8,600,"9,67,129,170,171,377,432,498",neighborhood-0d9d4a60d44ec53f,True,"5,5,3,0",official_adaptive,3,True,0.0,0,4dce35ca365931a853731259656717a535ac937ebb47cf2089e34ba4d1da5d35,5d26b58e844b5f045b1508ce7152a94f53b8d400ae0c0f2c70aeb94fd29f5499,3,5,e457fd9fb0385b4077d5c8f525b7160ed221a20dedcfd4822deb6aea8f4d74d4,9fe5836dcb30df6aa33935a5511bea820b1827dfdc679d555cb0200dcb613362,False,regular_beltway,0.2926259868917078,9860,30565,407,24,policy_train_regular_beltway_0000,False,0.7,0.2913571361999402,0.33994154099991647,0,0.03742511,0.13619031599995424,0.06336215199996786,lns2.receding_q_label_pilot.v1,random:8,0.20375122499996223,high_cost_progress,policy_train,s3__policy_train__policy_train_regular_beltway_0000__task_0016__seed_0000__official_adaptive__decision_0004__0113,feasible,3
16,600,"9,23,27,103,107,119,131,151,153,223,307,335,346,462,519,587",neighborhood-0e81e824ecae48c6,True,"5,3,3,1",official_adaptive,3,False,0.2,1,c1754528be16d465c960bfcfe7c02f15df4887c90e66d044ab14f471e579850f,bee1a484bbb22d4078b01c092555abba41e9f969aa201eba76c1934d9d7a88c6,3,5,e457fd9fb0385b4077d5c8f525b7160ed221a20dedcfd4822deb6aea8f4d74d4,9fe5836dcb30df6aa33935a5511bea820b1827dfdc679d555cb0200dcb613362,False,regular_beltway,0.2973422005566506,31247,75593,5072,24,policy_train_regular_beltway_0000,False,0.6,0.266436245400007,0.34627591700001403,0,0.066925638,0.15247034200007192,0.06336215199996786,lns2.receding_q_label_pilot.v1,collision:16,0.1938055749999421,high_cost_progress,policy_train,s3__policy_train__policy_train_regular_beltway_0000__task_0016__seed_0000__official_adaptive__decision_0004__0113,horizon_complete,2
16,600,"9,23,27,103,107,119,131,151,153,223,307,335,346,462,519,587",neighborhood-0e81e824ecae48c6,True,"5,2,0",official_adaptive,2,True,0.0,0,64c67f1404b8cabbb7c2c24554ac28e5d3ae8615cf117d121ab7b8ede3e9d021,f33c90dc9e02543092ebdbf41a1e6c394b024f727c64a0c0cbfda547fee96e6b,3,5,e457fd9fb0385b4077d5c8f525b7160ed221a20dedcfd4822deb6aea8f4d74d4,9fe5836dcb30df6aa33935a5511bea820b1827dfdc679d555cb0200dcb613362,False,regular_beltway,0.20784031827327204,20344,47409,5002,24,policy_train_regular_beltway_0000,False,0.3,0.1717141076000189,0.23101658300004146,1,0.0437216,0.10412315799999305,0.06336215199996786,lns2.receding_q_label_pilot.v1,collision:16,0.1268934250000484,high_cost_progress,policy_train,s3__policy_train__policy_train_regular_beltway_0000__task_0016__seed_0000__official_adaptive__decision_0004__0113,feasible,3
8,600,"9,37,107,183,307,322,355,523",neighborhood-18d780d51eea384e,True,"5,3,3,2",official_adaptive,3,False,0.4,2,54f8ab1cf3270b49867f171df4c0c079092447559f3065ff635aa2da1eaf2313,958dbe1c7095066838a82bea8b51a58c5afeb7c55fc2359a9be3f94dbc0d186f,3,5,e457fd9fb0385b4077d5c8f525b7160ed221a20dedcfd4822deb6aea8f4d74d4,9fe5836dcb30df6aa33935a5511bea820b1827dfdc679d555cb0200dcb613362,False,regular_beltway,0.2870410105153527,26776,38356,13544,16,policy_train_regular_beltway_0000,False,0.6333333333333333,0.24782363319986872,0.33247885799983123,0,0.045351983,0.1339124379999248,0.06336215199996786,lns2.receding_q_label_pilot.v1,target:8,0.19856641999990643,high_cost_progress,policy_train,s3__policy_train__policy_train_regular_beltway_0000__task_0016__seed_0000__official_adaptive__decision_0004__0113,horizon_complete,2
8,600,"9,37,107,183,307,322,355,523",neighborhood-18d780d51eea384e,True,"5,3,1,0",official_adaptive,3,True,0.0,0,e98d07c90be2cd97898812da7165f74b8353da70e2fc00c7bc1bccae42ba6f1a,707fbfcfe415bc768ddeadd4517554f97b3f1d7b29058663feb47e99e18fe1de,3,5,e457fd9fb0385b4077d5c8f525b7160ed221a20dedcfd4822deb6aea8f4d74d4,9fe5836dcb30df6aa33935a5511bea820b1827dfdc679d555cb0200dcb613362,False,regular_beltway,0.2894612517732597,27696,40983,13940,24,policy_train_regular_beltway_0000,False,0.43333333333333335,0.209972587200059,0.33570768400011275,0,0.052664753999999994,0.14142645200013249,0.06336215199996786,lns2.receding_q_label_pilot.v1,target:8,0.19428123199998026,high_cost_progress,policy_train,s3__policy_train__policy_train_regular_beltway_0000__task_0016__seed_0000__official_adaptive__decision_0004__0113,feasible,3
16,600,"0,62,89,149,172,174,216,223,239,363,425,458,459,497,536,543",neighborhood-1ad3096d163c496c,True,"5,5,5,3",official_adaptive,3,False,0.6,3,d6f5ec5dc7da29e2b38e29bb53e7af97c0715445e811a7b3edad25d317f9f1b8,47f17aeada49bfc3aaf10f0350528f04b185eba807cc737931e512566b87580d,3,5,e457fd9fb0385b4077d5c8f525b7160ed221a20dedcfd4822deb6aea8f4d74d4,9fe5836dcb30df6aa33935a5511bea820b1827dfdc679d555cb0200dcb613362,False,regular_beltway,0.29670748807891617,10805,34465,344,24,policy_train_regular_beltway_0000,False,0.9333333333333333,0.3454216899999665,0.3454216899999665,0,0.035197551,0.1279919510000127,0.06336215199996786,lns2.receding_q_label_pilot.v1,random:16,0.21742973899995377,high_cost_progress,policy_train,s3__policy_train__policy_train_regular_beltway_0000__task_0016__seed_0000__official_adaptive__decision_0004__0113,horizon_complete,2
16,600,"0,62,89,149,172,174,216,223,239,363,425,458,459,497,536,543",neighborhood-1ad3096d163c496c,True,"5,5,3,1",official_adaptive,3,False,0.2,1,1508f9a266321480c78115550c7c4c1916b48a1db83712178da119a1e2333feb,4f3317c63fd4711a9c2aac10e788854016b7cae89388b6c7e42e32d9e20b8edb,3,5,e457fd9fb0385b4077d5c8f525b7160ed221a20dedcfd4822deb6aea8f4d74d4,9fe5836dcb30df6aa33935a5511bea820b1827dfdc679d555cb0200dcb613362,False,regular_beltway,0.3046438042524951,17557,53314,1017,32,policy_train_regular_beltway_0000,False,0.7333333333333333,0.3060884034000992,0.3561418650001542,0,0.055738166000000006,0.15068993100010175,0.06336215199996786,lns2.receding_q_label_pilot.v1,random:16,0.20545193400005246,high_cost_progress,policy_train,s3__policy_train__policy_train_regular_beltway_0000__task_0016__seed_0000__official_adaptive__decision_0004__0113,horizon_complete,3
8,600,"25,29,54,214,223,360,386,427",neighborhood-1f50de798f2484ca,True,"5,5,5,3",official_adaptive,3,False,0.6,3,0e2be2a9ff69db8261a137f58ff73fe98cefbd751d367cd2ee6c3c36d7457c38,034e5eed3103ad21cb7fe150d7da1f71b99a9f05782f12d2002321dab443d97f,3,5,e457fd9fb0385b4077d5c8f525b7160ed221a20dedcfd4822deb6aea8f4d74d4,9fe5836dcb30df6aa33935a5511bea820b1827dfdc679d555cb0200dcb613362,False,regular_beltway,0.3010796539602967,10504,22514,3283,16,policy_train_regular_beltway_0000,False,0.9333333333333333,0.3513169749999179,0.3513169749999179,0,0.02386129,0.12293694800007415,0.06336215199996786,lns2.receding_q_label_pilot.v1,random:8,0.22838002699984372,high_cost_progress,policy_train,s3__policy_train__policy_train_regular_beltway_0000__task_0016__seed_0000__official_adaptive__decision_0004__0113,horizon_complete,2
8,600,"25,29,54,214,223,360,386,427",neighborhood-1f50de798f2484ca,True,"5,5,3,1",official_adaptive,3,False,0.2,1,ff07608d175c37e3fa95227ea93576e291c93724ef243f2779253c94389b90f8,f8a0729860338b82b463abcd7df9086ef939cd2c73ee0bc2cbbe53c63722645e,3,5,e457fd9fb0385b4077d5c8f525b7160ed221a20dedcfd4822deb6aea8f4d74d4,9fe5836dcb30df6aa33935a5511bea820b1827dfdc679d555cb0200dcb613362,False,regular_beltway,0.29500562515387185,17661,42125,4035,24,policy_train_regular_beltway_0000,False,0.7333333333333333,0.2956681615999514,0.3431339139999636,0,0.043565656999999994,0.14011836100007713,0.06336215199996786,lns2.receding_q_label_pilot.v1,random:8,0.2030155529998865,high_cost_progress,policy_train,s3__policy_train__policy_train_regular_beltway_0000__task_0016__seed_0000__official_adaptive__decision_0004__0113,horizon_complete,3
8,600,"25,55,139,278,443,465,503,587",neighborhood-2112d471942eff56,True,"5,5,5,3",official_adaptive,3,False,0.6,3,4950c9c5ef7e17276517907b09f4a0601ca10492478901278c3ae5e480912b69,31bbb88e7ae9a885000403b4310ce54be7cbe70f1da74333d2d63d54506131e0,3,5,e457fd9fb0385b4077d5c8f525b7160ed221a20dedcfd4822deb6aea8f4d74d4,9fe5836dcb30df6aa33935a5511bea820b1827dfdc679d555cb0200dcb613362,False,regular_beltway,0.2964833428928755,8247,22566,953,16,policy_train_regular_beltway_0000,False,0.9333333333333333,0.34512015400014207,0.34512015400014207,0,0.024375858,0.1166029730001128,0.06336215199996786,lns2.receding_q_label_pilot.v1,collision:8,0.22851718100002927,high_cost_progress,policy_train,s3__policy_train__policy_train_regular_beltway_0000__task_0016__seed_0000__official_adaptive__decision_0004__0113,horizon_complete,2
8,600,"25,55,139,278,443,465,503,587",neighborhood-2112d471942eff56,True,"5,5,3,0",official_adaptive,3,True,0.0,0,94e628b5d1eb3ddf7a83c711635098b18f9ef94a83979e51eb9e264627aea5e9,e277c2e920f4e1b1a82c72440622430d4f87452bb1aafd3a22998c7774b3cf53,3,5,e457fd9fb0385b4077d5c8f525b7160ed221a20dedcfd4822deb6aea8f4d74d4,9fe5836dcb30df6aa33935a5511bea820b1827dfdc679d555cb0200dcb613362,False,regular_beltway,0.28445346936741034,13742,39295,1009,24,policy_train_regular_beltway_0000,False,0.7,0.28316997459996857,0.3290354709999974,0,0.037000424,0.12789625200002774,0.06336215199996786,lns2.receding_q_label_pilot.v1,collision:8,0.20113921899996967,high_cost_progress,policy_train,s3__policy_train__policy_train_regular_beltway_0000__task_0016__seed_0000__official_adaptive__decision_0004__0113,feasible,3
4,600,"55,135,443,599",neighborhood-31f77190ccee3b0e,True,"5,5,5,3",official_adaptive,3,False,0.6,3,d34b787ba7716632cf4525392d3f437c3cdef4248518cca23768fe4452a811b7,99f7ae3a79ab0caefb24622640cac9614ef79254e156690a0b52bae5df8170ee,3,5,e457fd9fb0385b4077d5c8f525b7160ed221a20dedcfd4822deb6aea8f4d74d4,9fe5836dcb30df6aa33935a5511bea820b1827dfdc679d555cb0200dcb613362,False,regular_beltway,0.2787245763524563,6476,19396,155,12,policy_train_regular_beltway_0000,False,0.9333333333333333,0.32144333699989147,0.32144333699989147,0,0.017294424,0.11068917000000056,0.06336215199996786,lns2.receding_q_label_pilot.v1,target:4,0.2107541669998909,high_cost_progress,policy_train,s3__policy_train__policy_train_regular_beltway_0000__task_0016__seed_0000__official_adaptive__decision_0004__0113,horizon_complete,2
4,600,"55,135,443,599",neighborhood-31f77190ccee3b0e,True,"5,5,3,0",official_adaptive,3,True,0.0,0,13f765f5215c2ab7e7bcb88946f79a8e01df3f6805317c89a5d55afe7f5d9cc7,612eaf1259c2ce1fbe31bf24cfb764b8fca6c64f72199a14ce7bd63c01384a9a,3,5,e457fd9fb0385b4077d5c8f525b7160ed221a20dedcfd4822deb6aea8f4d74d4,9fe5836dcb30df6aa33935a5511bea820b1827dfdc679d555cb0200dcb613362,False,regular_beltway,0.3210142813827011,9278,27656,427,20,policy_train_regular_beltway_0000,False,0.7,0.321185800400076,0.37852526800008945,0,0.036833985,0.15227762900008202,0.06336215199996786,lns2.receding_q_label_pilot.v1,target:4,0.22624763900000744,high_cost_progress,policy_train,s3__policy_train__policy_train_regular_beltway_0000__task_0016__seed_0000__official_adaptive__decision_0004__0113,feasible,3
4,600,"153,223,286,307",neighborhood-7b89866f4e63508b,True,"5,4,4,3",official_adaptive,3,False,0.6,3,a7b5e66f7a793747ba833405bba2dfbaf34c1cf6d0fa7e08af4de9b584fa7527,0fa76701020961f1bbe58435b7ea634399c949d0a0d09aab8d1cc119daa86dd8,3,5,e457fd9fb0385b4077d5c8f525b7160ed221a20dedcfd4822deb6aea8f4d74d4,9fe5836dcb30df6aa33935a5511bea820b1827dfdc679d555cb0200dcb613362,False,regular_beltway,0.3360504433931438,27145,54148,7489,12,policy_train_regular_beltway_0000,False,0.8,0.34260091299988743,0.39940961399986463,0,0.063656264,0.16657331499993688,0.06336215199996786,lns2.receding_q_label_pilot.v1,target:4,0.23283629899992775,high_cost_progress,policy_train,s3__policy_train__policy_train_regular_beltway_0000__task_0016__seed_0000__official_adaptive__decision_0004__0113,horizon_complete,2
4,600,"153,223,286,307",neighborhood-7b89866f4e63508b,True,"5,3,1,1",official_adaptive,3,False,0.2,1,86e74baec93f79e072c9e50014039232e95bc6ffc3257efade7266712a002e52,616a4c96586f62d503c402beed96f72f206d53c73e29c171997a855182dd1afa,3,5,e457fd9fb0385b4077d5c8f525b7160ed221a20dedcfd4822deb6aea8f4d74d4,9fe5836dcb30df6aa33935a5511bea820b1827dfdc679d555cb0200dcb613362,False,regular_beltway,0.2982936247488431,12432,34651,1402,19,policy_train_regular_beltway_0000,False,0.4666666666666667,0.20892789560000438,0.34755740599996443,0,0.034902809,0.1395114399999784,0.06336215199996786,lns2.receding_q_label_pilot.v1,target:4,0.20804596599998604,high_cost_progress,policy_train,s3__policy_train__policy_train_regular_beltway_0000__task_0016__seed_0000__official_adaptive__decision_0004__0113,horizon_complete,3
8,600,"25,55,135,385,421,443,571,599",neighborhood-7f9539356bf5f953,True,"5,5,5,5",official_adaptive,3,False,1.0,5,ba99ea43d85278ea10b0fdc25e924e0ec83ff59727fb926435400ca517820f56,4db5326b40557d3c2add50e09be4a3fe72a85dae471a5991f2eae0ed3a963767,3,5,e457fd9fb0385b4077d5c8f525b7160ed221a20dedcfd4822deb6aea8f4d74d4,9fe5836dcb30df6aa33935a5511bea820b1827dfdc679d555cb0200dcb613362,False,regular_beltway,0.3125388779031851,6659,21501,535,16,policy_train_regular_beltway_0000,True,1.0,0.36689108199993825,0.36689108199993825,0,0.023286383,0.14744799899995087,0.06336215199996786,lns2.receding_q_label_pilot.v1,target:8,0.21944308299998738,high_cost_progress,policy_train,s3__policy_train__policy_train_regular_beltway_0000__task_0016__seed_0000__official_adaptive__decision_0004__0113,horizon_complete,2
8,600,"25,55,135,385,421,443,571,599",neighborhood-7f9539356bf5f953,True,"5,3,1,0",official_adaptive,3,True,0.0,0,d19b5c52e4674bdbb9de3ea04b2e6caf21891001fb87ebe3bc865e9eda626a24,6abb7e076d50739915620523bee01bfb7dbabbf5cd1d4c67d9a6f97859ca36d6,3,5,e457fd9fb0385b4077d5c8f525b7160ed221a20dedcfd4822deb6aea8f4d74d4,9fe5836dcb30df6aa33935a5511bea820b1827dfdc679d555cb0200dcb613362,False,regular_beltway,0.3125958054711807,18550,51246,2379,24,policy_train_regular_beltway_0000,False,0.43333333333333335,0.22152533199991922,0.3669688979998682,0,0.05500014,0.16105824900000698,0.06336215199996786,lns2.receding_q_label_pilot.v1,target:8,0.20591064899986122,high_cost_progress,policy_train,s3__policy_train__policy_train_regular_beltway_0000__task_0016__seed_0000__official_adaptive__decision_0004__0113,feasible,3
16,600,"9,31,37,95,107,124,153,183,223,261,276,291,307,355,523,567",neighborhood-a11aafa1e144b13e,True,"5,2,1,0",official_adaptive,3,True,0.0,0,e3ba6a40f56c70c627ef7d1a47787b7e6a09189d8963d483e7f6678b549e57c5,ccacf226c271cd534348f3d0c491a3060877672bb7cf5252f30b04a07b0c7386,3,5,e457fd9fb0385b4077d5c8f525b7160ed221a20dedcfd4822deb6aea8f4d74d4,9fe5836dcb30df6aa33935a5511bea820b1827dfdc679d555cb0200dcb613362,False,regular_beltway,0.32778408512732216,38649,66627,16722,32,policy_train_regular_beltway_0000,False,0.36666666666666664,0.22180662040000243,0.38788927400003104,0,0.08164741199999999,0.18280896400005986,0.06336215199996786,lns2.receding_q_label_pilot.v1,target:16,0.20508030999997118,high_cost_progress,policy_train,s3__policy_train__policy_train_regular_beltway_0000__task_0016__seed_0000__official_adaptive__decision_0004__0113,feasible,2
16,600,"9,31,37,95,107,124,153,183,223,261,276,291,307,355,523,567",neighborhood-a11aafa1e144b13e,True,"5,3,1,1",official_adaptive,3,False,0.2,1,cf80228dba78998ec2a2b2b2f9e661505c3e62d95dedfae8fa33ae2a8b030b91,f4695ed786c42be4f677494e9fd3b8fa0883e27bd9f8f9668b33962ba92e2464,3,5,e457fd9fb0385b4077d5c8f525b7160ed221a20dedcfd4822deb6aea8f4d74d4,9fe5836dcb30df6aa33935a5511bea820b1827dfdc679d555cb0200dcb613362,False,regular_beltway,0.3234138710781837,39046,68702,16361,32,policy_train_regular_beltway_0000,False,0.4666666666666667,0.23821133979997738,0.3818371349999552,0,0.082166387,0.18327650200012613,0.06336215199996786,lns2.receding_q_label_pilot.v1,target:16,0.19856063299982907,high_cost_progress,policy_train,s3__policy_train__policy_train_regular_beltway_0000__task_0016__seed_0000__official_adaptive__decision_0004__0113,horizon_complete,3
4,600,"9,153,223,307",neighborhood-a71a6a6cd6ee7b63,True,"5,3,3,3",official_adaptive,3,False,0.6,3,4a7d7948f05d049f357c3c4ce4d0da7006edb32b63cfe0f5cbfd542842455df1,c9efddb19497f93cbb66fd682803e05b96021e8426c64cb15e2571ad72897b4e,3,5,e457fd9fb0385b4077d5c8f525b7160ed221a20dedcfd4822deb6aea8f4d74d4,9fe5836dcb30df6aa33935a5511bea820b1827dfdc679d555cb0200dcb613362,True,regular_beltway,0.30521005883036717,20371,49738,3744,12,policy_train_regular_beltway_0000,False,0.6666666666666666,0.25887256320004326,0.35691000400004214,0,0.04872123,0.1489387760000227,0.06336215199996786,lns2.receding_q_label_pilot.v1,collision:4,0.20797122800001944,high_cost_progress,policy_train,s3__policy_train__policy_train_regular_beltway_0000__task_0016__seed_0000__official_adaptive__decision_0004__0113,horizon_complete,2
4,600,"9,153,223,307",neighborhood-a71a6a6cd6ee7b63,True,"5,2,0",official_adaptive,2,True,0.0,0,9aad648ce957b5478342acbbceaa527b37f69e3dd352c0ffaea0bfbeada30676,17e07059a94bcdbbe8c24b5ac17ba6a9ad2a82c8e58be8c04f8fd1e2393a75fb,3,5,e457fd9fb0385b4077d5c8f525b7160ed221a20dedcfd4822deb6aea8f4d74d4,9fe5836dcb30df6aa33935a5511bea820b1827dfdc679d555cb0200dcb613362,True,regular_beltway,0.20104291018154874,8396,22508,859,12,policy_train_regular_beltway_0000,False,0.3,0.15689270559987561,0.22267723599986766,1,0.023612966,0.09007459399992968,0.06336215199996786,lns2.receding_q_label_pilot.v1,collision:4,0.132602641999938,high_cost_progress,policy_train,s3__policy_train__policy_train_regular_beltway_0000__task_0016__seed_0000__official_adaptive__decision_0004__0113,feasible,3
8,100,"18,20,24,41,69,73,78,98",neighborhood-00c7159c090bb79a,True,"2,2,1,1",official_adaptive,3,False,0.5,1,078985c7c3a3eb8a85329771608027f0873bd84c365808fd8727ae3d3df2675e,727392d0db63019b3684021c4e789d780fdf5bb629650d899dc8da2af7fff6c4,3,2,034ddd153fa6b944dd94384fb8a3faf8d6822dc97c76a674b3a4e562fcf1aa3c,6dd1eb3d6e2838a0fd5f799f4742eeb5da187344b01ccac665b319475b000e06,False,compartmentalized,0.18189792790930387,51870,41441,29379,24,policy_train_compartmentalized_double_horizontal_0002,False,0.75,0.1808069470000646,0.19949175300007482,0,0.053403009,0.07315796000000319,0.03247874999999567,lns2.receding_q_label_pilot.v1,random:8,0.12633379300007164,no_progress,policy_train,s3__policy_train__policy_train_compartmentalized_double_horizontal_0002__task_0006__seed_0000__fixed_random__decision_0009__0001,environment_terminal,2
8,100,"18,20,24,41,69,73,78,98",neighborhood-00c7159c090bb79a,True,"2,2,0",official_adaptive,2,True,0.0,0,a358cb757ce9b30dc4359bc438483650c40fa13f9c6badb6e822d43056157e86,87172698d1631352f1f9c7cd52d5ed7a5fc41650655adb8fa28e283f9cd1779f,3,2,034ddd153fa6b944dd94384fb8a3faf8d6822dc97c76a674b3a4e562fcf1aa3c,6dd1eb3d6e2838a0fd5f799f4742eeb5da187344b01ccac665b319475b000e06,False,compartmentalized,0.10943534465415329,50311,25820,37966,16,policy_train_compartmentalized_double_horizontal_0002,False,0.5,0.11564793600007306,0.11564793600007306,1,0.042752263,0.05657922900002177,0.03247874999999567,lns2.receding_q_label_pilot.v1,random:8,0.05906870700005129,no_progress,policy_train,s3__policy_train__policy_train_compartmentalized_double_horizontal_0002__task_0006__seed_0000__fixed_random__decision_0009__0001,feasible,3
8,100,"1,8,15,41,58,78,97,98",neighborhood-013a11b8ce02e7a7,True,"2,2,2,1",official_adaptive,3,False,0.5,1,94e69155d5762b8c4c3614eee8523905f7e8f74ec9d92b463c4067a03e28e5ea,b2a7b28840f6724149a51249376b4625190eff50f974cee65227b18e2a186eac,3,2,034ddd153fa6b944dd94384fb8a3faf8d6822dc97c76a674b3a4e562fcf1aa3c,6dd1eb3d6e2838a0fd5f799f4742eeb5da187344b01ccac665b319475b000e06,False,compartmentalized,0.21216762359621588,133561,64781,93275,24,policy_train_compartmentalized_double_horizontal_0002,False,0.9166666666666666,0.2363551099998631,0.2363551099998631,0,0.129722836,0.15057783999986896,0.03247874999999567,lns2.receding_q_label_pilot.v1,collision:8,0.08577726999999413,no_progress,policy_train,s3__policy_train__policy_train_compartmentalized_double_horizontal_0002__task_0006__seed_0000__fixed_random__decision_0009__0001,environment_terminal,2
8,100,"1,8,15,41,58,78,97,98",neighborhood-013a11b8ce02e7a7,True,"2,2,0",official_adaptive,2,True,0.0,0,02f57aa322e5c789946c2477a986008f3efcbd4890a15388b767531a9d52b8d9,a7419267424298dfcc255cab43976e63d54be12ff659cbd3cb825144aa38ff03,3,2,034ddd153fa6b944dd94384fb8a3faf8d6822dc97c76a674b3a4e562fcf1aa3c,6dd1eb3d6e2838a0fd5f799f4742eeb5da187344b01ccac665b319475b000e06,False,compartmentalized,0.11596573291726363,53777,31540,35967,16,policy_train_compartmentalized_double_horizontal_0002,False,0.5,0.1229573910001136,0.1229573910001136,1,0.050388004,0.06400404000009985,0.03247874999999567,lns2.receding_q_label_pilot.v1,collision:8,0.058953351000013754,no_progress,policy_train,s3__policy_train__policy_train_compartmentalized_double_horizontal_0002__task_0006__seed_0000__fixed_random__decision_0009__0001,feasible,3
16,100,"7,9,13,15,18,24,26,34,52,53,54,55,58,80,81,91",neighborhood-02aeb4e930b473aa,True,"2,0",official_adaptive,1,True,0.0,0,95bf2308a35eda90f169bb74cb4541caebf5a7082c0a5038cdbaebad15f75d42,7041eb2565544b71c973739b5e202b051f2c110dbbd82175b725c8c4d1ca358f,3,2,034ddd153fa6b944dd94384fb8a3faf8d6822dc97c76a674b3a4e562fcf1aa3c,6dd1eb3d6e2838a0fd5f799f4742eeb5da187344b01ccac665b319475b000e06,False,compartmentalized,0.052823624534778464,14314,13922,9802,16,policy_train_compartmentalized_double_horizontal_0002,False,0.16666666666666666,0.054243685999949776,0.054243685999949776,2,0.015117991,0.021764935999954105,0.03247874999999567,lns2.receding_q_label_pilot.v1,random:16,0.03247874999999567,no_progress,policy_train,s3__policy_train__policy_train_compartmentalized_double_horizontal_0002__task_0006__seed_0000__fixed_random__decision_0009__0001,feasible,2
16,100,"7,9,13,15,18,24,26,34,52,53,54,55,58,80,81,91",neighborhood-02aeb4e930b473aa,True,"2,0",official_adaptive,1,True,0.0,0,863f31466aeec62058debef770f43d7a66a839c99c8f20ecc780cba071738f96,f8b8c4d5dff781fd85398f94416b854ae348ca4831fb2cfd767447b4e3694349,3,2,034ddd153fa6b944dd94384fb8a3faf8d6822dc97c76a674b3a4e562fcf1aa3c,6dd1eb3d6e2838a0fd5f799f4742eeb5da187344b01ccac665b319475b000e06,False,compartmentalized,0.0531362984117482,14429,13635,9969,16,policy_train_compartmentalized_double_horizontal_0002,False,0.16666666666666666,0.05457337199993617,0.05457337199993617,2,0.014978657,0.0220946219999405,0.03247874999999567,lns2.receding_q_label_pilot.v1,random:16,0.03247874999999567,no_progress,policy_train,s3__policy_train__policy_train_compartmentalized_double_horizontal_0002__task_0006__seed_0000__fixed_random__decision_0009__0001,feasible,3
8,100,"6,15,21,42,60,67,79,83",neighborhood-02fdbc3aacfc77d0,True,"2,2,2,1",official_adaptive,3,False,0.5,1,0e5f4985cafda204036a3e7ed3c65c641b9ef8c410dfc924d959120020831f42,ece22c21923d3f56b57d94eb95dcc2fc69996c9d08bb270e0fa01c654eab84b5,3,2,034ddd153fa6b944dd94384fb8a3faf8d6822dc97c76a674b3a4e562fcf1aa3c,6dd1eb3d6e2838a0fd5f799f4742eeb5da187344b01ccac665b319475b000e06,False,compartmentalized,0.19920081881341029,113992,59310,79812,24,policy_train_compartmentalized_double_horizontal_0002,False,0.9166666666666666,0.2204270259999248,0.2204270259999248,0,0.11374992600000002,0.13501109399999223,0.03247874999999567,lns2.receding_q_label_pilot.v1,random:8,0.08541593199993258,no_progress,policy_train,s3__policy_train__policy_train_compartmentalized_double_horizontal_0002__task_0006__seed_0000__fixed_random__decision_0009__0001,environment_terminal,2
8,100,"6,15,21,42,60,67,79,83",neighborhood-02fdbc3aacfc77d0,True,"2,1,1,1",official_adaptive,3,False,0.5,1,2fdc84dab0defabd59f6f858b6970c464d38363ff3f2fd14c04db4222ad324db,d2e49e2251e7fd169d4efdebe998421905849e0746f1d3dbe3796c9e8c765c86,3,2,034ddd153fa6b944dd94384fb8a3faf8d6822dc97c76a674b3a4e562fcf1aa3c,6dd1eb3d6e2838a0fd5f799f4742eeb5da187344b01ccac665b319475b000e06,False,compartmentalized,0.10751965623524533,16420,21883,6323,14,policy_train_compartmentalized_double_horizontal_0002,False,0.5833333333333334,0.08065282199999046,0.11351274799994826,0,0.019192622,0.03860654100003558,0.03247874999999567,lns2.receding_q_label_pilot.v1,random:8,0.07490620699991268,no_progress,policy_train,s3__policy_train__policy_train_compartmentalized_double_horizontal_0002__task_0006__seed_0000__fixed_random__decision_0009__0001,environment_terminal,3
16,100,"3,4,6,7,15,16,35,38,39,41,43,44,47,58,76,84",neighborhood-033ac0ec2eb3cd1e,True,"2,2,0",official_adaptive,2,True,0.0,0,bdb4ab567e2ec8ac98b3d5613231bfeffd81246c349911ab4fae07e3f2587de3,034afe05b9d00b16d37c5f05ef6800bbb28ae9b38bb075e800113a453216e64f,3,2,034ddd153fa6b944dd94384fb8a3faf8d6822dc97c76a674b3a4e562fcf1aa3c,6dd1eb3d6e2838a0fd5f799f4742eeb5da187344b01ccac665b319475b000e06,False,compartmentalized,0.14709667127743167,104193,51176,76137,24,policy_train_compartmentalized_double_horizontal_0002,False,0.5,0.15846594799995728,0.15846594799995728,1,0.086862786,0.10030908299995644,0.03247874999999567,lns2.receding_q_label_pilot.v1,collision:16,0.058156865000000835,no_progress,policy_train,s3__policy_train__policy_train_compartmentalized_double_horizontal_0002__task_0006__seed_0000__fixed_random__decision_0009__0001,feasible,2
16,100,"3,4,6,7,15,16,35,38,39,41,43,44,47,58,76,84",neighborhood-033ac0ec2eb3cd1e,True,"2,1,1,1",official_adaptive,3,False,0.5,1,c6d8e5f771d726b19b0143829f53fb6d0ff76e59b576c9a3028f14a4f0c5d6e2,3441aaba075c99fb86531858f178da315711d26402edb1d06921dc10bf4a2d09,3,2,034ddd153fa6b944dd94384fb8a3faf8d6822dc97c76a674b3a4e562fcf1aa3c,6dd1eb3d6e2838a0fd5f799f4742eeb5da187344b01ccac665b319475b000e06,False,compartmentalized,0.15051818945815465,57887,38591,37087,22,policy_train_compartmentalized_double_horizontal_0002,False,0.5833333333333334,0.12419801049998114,0.16243644899998344,0,0.056783737,0.07930665300000328,0.03247874999999567,lns2.receding_q_label_pilot.v1,collision:16,0.08312979599998016,no_progress,policy_train,s3__policy_train__policy_train_compartmentalized_double_horizontal_0002__task_0006__seed_0000__fixed_random__decision_0009__0001,environment_terminal,3
4,100,"15,32,36,59",neighborhood-03df38c53372691d,True,"2,1,1,1",official_adaptive,3,False,0.5,1,b15cd32394188f79abd629b0460897eae215cb50aca6ae39521963474f4d9e04,fc58ff82a27a92229a9e8809fb92584d01c5a14c7d7a0e0b03da5871d3ae86fc,3,2,034ddd153fa6b944dd94384fb8a3faf8d6822dc97c76a674b3a4e562fcf1aa3c,6dd1eb3d6e2838a0fd5f799f4742eeb5da187344b01ccac665b319475b000e06,False,compartmentalized,0.14054740251619108,64197,35998,41267,20,policy_train_compartmentalized_double_horizontal_0002,False,0.5833333333333334,0.09669299299997647,0.15090363399997386,0,0.055728012,0.07611357799999041,0.03247874999999567,lns2.receding_q_label_pilot.v1,random:4,0.07479005599998345,no_progress,policy_train,s3__policy_train__policy_train_compartmentalized_double_horizontal_0002__task_0006__seed_0000__fixed_random__decision_0009__0001,environment_terminal,2
4,100,"15,32,36,59",neighborhood-03df38c53372691d,True,"2,1,1,1",official_adaptive,3,False,0.5,1,a0f3ac6d85c37f9f74d0cc525dbf365a59985cc42d5290df26a8af7a38444b38,fd0eea449217d6c4fafcf234d42e0f354fac1b7b67fc2433def7042d6e56c5c3,3,2,034ddd153fa6b944dd94384fb8a3faf8d6822dc97c76a674b3a4e562fcf1aa3c,6dd1eb3d6e2838a0fd5f799f4742eeb5da187344b01ccac665b319475b000e06,False,compartmentalized,0.10442412047674787,9562,13787,2160,10,policy_train_compartmentalized_double_horizontal_0002,False,0.5833333333333334,0.07615513600006807,0.11007115900008557,0,0.013115052,0.03271068300011848,0.03247874999999567,lns2.receding_q_label_pilot.v1,random:4,0.0773604759999671,no_progress,policy_train,s3__policy_train__policy_train_compartmentalized_double_horizontal_0002__task_0006__seed_0000__fixed_random__decision_0009__0001,environment_terminal,3
16,100,"5,6,10,12,15,34,41,45,50,51,58,60,69,74,86,91",neighborhood-05577a796cee700e,True,"2,1,1,0",official_adaptive,3,True,0.0,0,2da55064e0583594a17a9120db5e9d5f67c7bfa4d7dd4ce71b2d9851e588bac1,2b745a46bf5daad6b9bece817ff1bd6c7281238932cd4211a048482ae815253d,3,2,034ddd153fa6b944dd94384fb8a3faf8d6822dc97c76a674b3a4e562fcf1aa3c,6dd1eb3d6e2838a0fd5f799f4742eeb5da187344b01ccac665b319475b000e06,False,compartmentalized,0.12592777349091197,17898,38584,312,32,policy_train_compartmentalized_double_horizontal_0002,False,0.5,0.09358766400009699,0.13420024600020497,0,0.034399221,0.05571504400018057,0.03247874999999567,lns2.receding_q_label_pilot.v1,target:16,0.0784852020000244,no_progress,policy_train,s3__policy_train__policy_train_compartmentalized_double_horizontal_0002__task_0006__seed_0000__fixed_random__decision_0009__0001,feasible,2
16,100,"5,6,10,12,15,34,41,45,50,51,58,60,69,74,86,91",neighborhood-05577a796cee700e,True,"2,2,0",official_adaptive,2,True,0.0,0,67cb0999525533bd1a65cc38cc9be248cd7b7c92c927211a7332340d78e068f0,da96d53bcd01bc2f0cd501f11002c23996e714cbbf92f3d8fd3ed7cfbf4d6e5a,3,2,034ddd153fa6b944dd94384fb8a3faf8d6822dc97c76a674b3a4e562fcf1aa3c,6dd1eb3d6e2838a0fd5f799f4742eeb5da187344b01ccac665b319475b000e06,False,compartmentalized,0.14231192145675306,85789,42989,63657,24,policy_train_compartmentalized_double_horizontal_0002,False,0.5,0.1529362180000362,0.1529362180000362,1,0.081252839,0.09587224100005187,0.03247874999999567,lns2.receding_q_label_pilot.v1,target:16,0.057063976999984334,no_progress,policy_train,s3__policy_train__policy_train_compartmentalized_double_horizontal_0002__task_0006__seed_0000__fixed_random__decision_0009__0001,feasible,3
4,100,"27,41,63,70",neighborhood-1528244465127f3c,True,"2,2,0",official_adaptive,2,True,0.0,0,4b5a9f095e1f309eb6d47c7b97f76e8a57f65c667e348a4e867453785df2032e,d3d98f6208ca45822df75c3eaed5e91636616c55bc4b03670d7052df83cff881,3,2,034ddd153fa6b944dd94384fb8a3faf8d6822dc97c76a674b3a4e562fcf1aa3c,6dd1eb3d6e2838a0fd5f799f4742eeb5da187344b01ccac665b319475b000e06,False,compartmentalized,0.10219537778959006,37917,19789,28291,12,policy_train_compartmentalized_double_horizontal_0002,False,0.5,0.10759985100003178,0.10759985100003178,1,0.037628455,0.051148923000027935,0.03247874999999567,lns2.receding_q_label_pilot.v1,random:4,0.05645092800000384,no_progress,policy_train,s3__policy_train__policy_train_compartmentalized_double_horizontal_0002__task_0006__seed_0000__fixed_random__decision_0009__0001,feasible,2
4,100,"27,41,63,70",neighborhood-1528244465127f3c,True,"2,2,0",official_adaptive,2,True,0.0,0,c9aa6c6b6cf00d1eac195a1c6f7897cd60b1febab6555a96c958f695fb9b6b8e,738714594754dd1bb017483f88d319884dce69a1fdb49b6cd6b32e7a79a203d0,3,2,034ddd153fa6b944dd94384fb8a3faf8d6822dc97c76a674b3a4e562fcf1aa3c,6dd1eb3d6e2838a0fd5f799f4742eeb5da187344b01ccac665b319475b000e06,False,compartmentalized,0.12208563197706679,49941,24833,37639,12,policy_train_compartmentalized_double_horizontal_0002,False,0.5,0.12985084899992216,0.12985084899992216,1,0.043716908,0.05699775799996587,0.03247874999999567,lns2.receding_q_label_pilot.v1,random:4,0.0728530909999563,no_progress,policy_train,s3__policy_train__policy_train_compartmentalized_double_horizontal_0002__task_0006__seed_0000__fixed_random__decision_0009__0001,feasible,3
4,100,"15,41,44,58",neighborhood-17efd1efc98ba3fc,True,"2,1,1,1",official_adaptive,3,False,0.5,1,ac2a30a0b2a23cc071160d02dfd4f3064cc4de674ca859f17e44cdb95c21b0f5,e0959156e200f83bacf569fc67a39b2d4406d684f51d5725bae1caa64727e73f,3,2,034ddd153fa6b944dd94384fb8a3faf8d6822dc97c76a674b3a4e562fcf1aa3c,6dd1eb3d6e2838a0fd5f799f4742eeb5da187344b01ccac665b319475b000e06,False,compartmentalized,0.1205830843032287,21400,40120,217,20,policy_train_compartmentalized_double_horizontal_0002,False,0.5833333333333334,0.08925776300003463,0.12815446900003735,0,0.029456594000000003,0.051166138999974464,0.03247874999999567,lns2.receding_q_label_pilot.v1,collision:4,0.07698833000006289,no_progress,policy_train,s3__policy_train__policy_train_compartmentalized_double_horizontal_0002__task_0006__seed_0000__fixed_random__decision_0009__0001,environment_terminal,2
4,100,"15,41,44,58",neighborhood-17efd1efc98ba3fc,True,"2,1,1,1",official_adaptive,3,False,0.5,1,92b8de6d990836d3ac125f7337d95b6d6da6ec8acfe8b398623af9ce504617c5,4c8c39e3343b7738ec215363afde61e465bdb976717b8bbf933f67f3ef97cd6f,3,2,034ddd153fa6b944dd94384fb8a3faf8d6822dc97c76a674b3a4e562fcf1aa3c,6dd1eb3d6e2838a0fd5f799f4742eeb5da187344b01ccac665b319475b000e06,False,compartmentalized,0.1134479344463737,15008,27449,141,12,policy_train_compartmentalized_double_horizontal_0002,False,0.5833333333333334,0.08571543849990348,0.12013356699981159,0,0.022197933000000003,0.044039831999953094,0.03247874999999567,lns2.receding_q_label_pilot.v1,collision:4,0.0760937349998585,no_progress,policy_train,s3__policy_train__policy_train_compartmentalized_double_horizontal_0002__task_0006__seed_0000__fixed_random__decision_0009__0001,environment_terminal,3
8,100,"15,41,50,58,73,84,87,99",neighborhood-187aa13b3e77987f,True,"2,1,0",official_adaptive,2,True,0.0,0,96d9d244b72f3bb77c006eaa7349924137a11217c48f5f739d02ed95d8f888f3,3e1836f00667240271f8ac61cffb4f1894a366eca2d84274875c78a063cd9b91,3,2,034ddd153fa6b944dd94384fb8a3faf8d6822dc97c76a674b3a4e562fcf1aa3c,6dd1eb3d6e2838a0fd5f799f4742eeb5da187344b01ccac665b319475b000e06,False,compartmentalized,0.08763528390262157,18095,28806,5465,16,policy_train_compartmentalized_double_horizontal_0002,False,0.3333333333333333,0.069535859000041,0.09158992900006524,1,0.024204205,0.03683964500010006,0.03247874999999567,lns2.receding_q_label_pilot.v1,collision:8,0.05475028399996518,no_progress,policy_train,s3__policy_train__policy_train_compartmentalized_double_horizontal_0002__task_0006__seed_0000__fixed_random__decision_0009__0001,feasible,2
8,100,"15,41,50,58,73,84,87,99",neighborhood-187aa13b3e77987f,True,"2,2,1,1",official_adaptive,3,False,0.5,1,4f9a25ea38095e04989319423a69c003dbe21ef86719f68f7678782afdbed896,f0e0c8c6575d3ed0ec2c46d3e9ccb99445350f2250fa622c0235e7439204255a,3,2,034ddd153fa6b944dd94384fb8a3faf8d6822dc97c76a674b3a4e562fcf1aa3c,6dd1eb3d6e2838a0fd5f799f4742eeb5da187344b01ccac665b319475b000e06,False,compartmentalized,0.16349584655880312,70310,39634,46079,16,policy_train_compartmentalized_double_horizontal_0002,False,0.75,0.16220083249993422,0.17762046399991505,0,0.070042632,0.09315426899991053,0.03247874999999567,lns2.receding_q_label_pilot.v1,collision:8,0.08446619500000452,no_progress,policy_train,s3__policy_train__policy_train_compartmentalized_double_horizontal_0002__task_0006__seed_0000__fixed_random__decision_0009__0001,environment_terminal,3
13,100,"5,8,15,37,38,41,46,50,58,65,79,80,86",neighborhood-33eb3e49d48d0eea,True,"2,2,1,0",official_adaptive,3,True,0.0,0,fed0f7916651b2c7db56370f69a8c58934995bb1c3594ed96e603c2bf2cd58d7,c23898da367abc91455d21740020629c11e7cbb3445974587a4ede18f341e88f,3,2,034ddd153fa6b944dd94384fb8a3faf8d6822dc97c76a674b3a4e562fcf1aa3c,6dd1eb3d6e2838a0fd5f799f4742eeb5da187344b01ccac665b319475b000e06,False,compartmentalized,0.17977906489889753,68816,52875,40777,29,policy_train_compartmentalized_double_horizontal_0002,False,0.6666666666666666,0.17303170249999766,0.19695288499997332,0,0.087403566,0.11169718999997258,0.03247874999999567,lns2.receding_q_label_pilot.v1,collision:16,0.08525569500000074,no_progress,policy_train,s3__policy_train__policy_train_compartmentalized_double_horizontal_0002__task_0006__seed_0000__fixed_random__decision_0009__0001,feasible,2
13,100,"5,8,15,37,38,41,46,50,58,65,79,80,86",neighborhood-33eb3e49d48d0eea,True,"2,1,1,1",official_adaptive,3,False,0.5,1,dccfbd2a5b2966ed565e43f5e0489907c54f79bb22d52f63e2f84f869d22377c,5020431d7d44793315b1be242227471330a1d79a7af39cc3946e11a471a155d1,3,2,034ddd153fa6b944dd94384fb8a3faf8d6822dc97c76a674b3a4e562fcf1aa3c,6dd1eb3d6e2838a0fd5f799f4742eeb5da187344b01ccac665b319475b000e06,False,compartmentalized,0.1257360790889409,16859,30736,267,21,policy_train_compartmentalized_double_horizontal_0002,False,0.5833333333333334,0.09478900650003652,0.1339828470000839,0,0.027779973,0.049851779000050556,0.03247874999999567,lns2.receding_q_label_pilot.v1,collision:16,0.08413106800003334,no_progress,policy_train,s3__policy_train__policy_train_compartmentalized_double_horizontal_0002__task_0006__seed_0000__fixed_random__decision_0009__0001,environment_terminal,3
8,100,"5,16,44,58,74,84,91,98",neighborhood-39498bf3b29c568a,True,"2,0",official_adaptive,1,True,0.0,0,edd3fef2d8e38e927c3521245c9a397808861c6f9ae4ce89dc99bfad2fdd82ed,0e567e1bba45b470c86b220ec615b51de3143a5e455d06a083c3c529d9ecad16,3,2,034ddd153fa6b944dd94384fb8a3faf8d6822dc97c76a674b3a4e562fcf1aa3c,6dd1eb3d6e2838a0fd5f799f4742eeb5da187344b01ccac665b319475b000e06,False,compartmentalized,0.04245537598612901,2072,6295,12,8,policy_train_compartmentalized_double_horizontal_0002,False,0.16666666666666666,0.04336949599996842,0.04336949599996842,2,0.004244514,0.01089074599997275,0.03247874999999567,lns2.receding_q_label_pilot.v1,target:8,0.03247874999999567,no_progress,policy_train,s3__policy_train__policy_train_compartmentalized_double_horizontal_0002__task_0006__seed_0000__fixed_random__decision_0009__0001,feasible,2
8,100,"5,16,44,58,74,84,91,98",neighborhood-39498bf3b29c568a,True,"2,0",official_adaptive,1,True,0.0,0,d175a2c3a17e5833eab2f679a3ebec2353d44a9c8f9ef1a94e954e07563f32d6,edb320edaf9cda9425dcb63cd57ebf821a7d770511e1a6dd98773b6a2587f669,3,2,034ddd153fa6b944dd94384fb8a3faf8d6822dc97c76a674b3a4e562fcf1aa3c,6dd1eb3d6e2838a0fd5f799f4742eeb5da187344b01ccac665b319475b000e06,False,compartmentalized,0.043461840498703615,2063,6313,11,8,policy_train_compartmentalized_double_horizontal_0002,False,0.16666666666666666,0.04442013899995345,0.04442013899995345,2,0.005038995,0.01194138899995778,0.03247874999999567,lns2.receding_q_label_pilot.v1,target:8,0.03247874999999567,no_progress,policy_train,s3__policy_train__policy_train_compartmentalized_double_horizontal_0002__task_0006__seed_0000__fixed_random__decision_0009__0001,feasible,3
16,100,"10,12,14,27,28,30,35,39,41,56,66,75,79,84,85,94",neighborhood-5a8d8f62e9fd78f5,True,"2,2,0",official_adaptive,2,True,0.0,0,8c56c3453bed6444116258c01fe1c3432c6f4638f75e71a79691f589fd9de216,6d2cac10f4263d60c3fb6eea6062d2516798bbd28122abe693a6e542c179de00,3,2,034ddd153fa6b944dd94384fb8a3faf8d6822dc97c76a674b3a4e562fcf1aa3c,6dd1eb3d6e2838a0fd5f799f4742eeb5da187344b01ccac665b319475b000e06,False,compartmentalized,0.10858039966306228,42885,30207,30174,24,policy_train_compartmentalized_double_horizontal_0002,False,0.5,0.11469452599999386,0.11469452599999386,1,0.041709384999999995,0.055638391999991654,0.03247874999999567,lns2.receding_q_label_pilot.v1,random:16,0.0590561340000022,no_progress,policy_train,s3__policy_train__policy_train_compartmentalized_double_horizontal_0002__task_0006__seed_0000__fixed_random__decision_0009__0001,feasible,2
16,100,"10,12,14,27,28,30,35,39,41,56,66,75,79,84,85,94",neighborhood-5a8d8f62e9fd78f5,True,"2,2,0",official_adaptive,2,True,0.0,0,bd7a9ae761b1e315b9518b200bbc34a47928ee6f0d37ed8d9948da1351e40ecb,ecf85c38d55c2085eae112e9498a2fc5aaf2e4733841c84aa637337ab3b512a9,3,2,034ddd153fa6b944dd94384fb8a3faf8d6822dc97c76a674b3a4e562fcf1aa3c,6dd1eb3d6e2838a0fd5f799f4742eeb5da187344b01ccac665b319475b000e06,False,compartmentalized,0.1210103405235025,59581,38683,42497,24,policy_train_compartmentalized_double_horizontal_0002,False,0.5,0.12863658300011593,0.12863658300011593,1,0.058530584,0.07202517700011413,0.03247874999999567,lns2.receding_q_label_pilot.v1,random:16,0.05661140600000181,no_progress,policy_train,s3__policy_train__policy_train_compartmentalized_double_horizontal_0002__task_0006__seed_0000__fixed_random__decision_0009__0001,feasible,3
8,100,"12,15,41,51,58,69,86,91",neighborhood-81383f8af226d69d,True,"2,0",official_adaptive,1,True,0.0,0,becc0c05d2aa12cda5e123e9336825e637938642f933b4cd09afb7ae294d2d79,15c50185ae68a2f9e757b734a422181205aa9c4271e6018e7d8a8466f3a732eb,3,2,034ddd153fa6b944dd94384fb8a3faf8d6822dc97c76a674b3a4e562fcf1aa3c,6dd1eb3d6e2838a0fd5f799f4742eeb5da187344b01ccac665b319475b000e06,False,compartmentalized,0.041993701403551666,1554,6156,81,8,policy_train_compartmentalized_double_horizontal_0002,False,0.16666666666666666,0.04288790999999037,0.04288790999999037,2,0.003822208,0.0104091599999947,0.03247874999999567,lns2.receding_q_label_pilot.v1,target:8,0.03247874999999567,no_progress,policy_train,s3__policy_train__policy_train_compartmentalized_double_horizontal_0002__task_0006__seed_0000__fixed_random__decision_0009__0001,feasible,2
8,100,"12,15,41,51,58,69,86,91",neighborhood-81383f8af226d69d,True,"2,0",official_adaptive,1,True,0.0,0,b67fd86ae3bcbe483726b1d2d8b14e8c893d0f1ce33fcfc1573ba75d47a2a6a4,b221c35eda04abb95b9dcb73549e32c74aff4a646e6faac79ec7471e3f48126f,3,2,034ddd153fa6b944dd94384fb8a3faf8d6822dc97c76a674b3a4e562fcf1aa3c,6dd1eb3d6e2838a0fd5f799f4742eeb5da187344b01ccac665b319475b000e06,False,compartmentalized,0.04200287204988142,1468,5803,112,8,policy_train_compartmentalized_double_horizontal_0002,False,0.16666666666666666,0.042897474000028524,0.042897474000028524,2,0.003676043,0.010418724000032853,0.03247874999999567,lns2.receding_q_label_pilot.v1,target:8,0.03247874999999567,no_progress,policy_train,s3__policy_train__policy_train_compartmentalized_double_horizontal_0002__task_0006__seed_0000__fixed_random__decision_0009__0001,feasible,3
4,100,"15,41,58,91",neighborhood-d947482caf3837bd,True,"2,0",official_adaptive,1,True,0.0,0,f08f12ddad1d372a6ccd2bfd42c085cf3c884ffbad747cb0f82461212deca947,61f092033ae8e5c188426c44b058c015c658d418d816cba29d3b587ddbdbbeee,3,2,034ddd153fa6b944dd94384fb8a3faf8d6822dc97c76a674b3a4e562fcf1aa3c,6dd1eb3d6e2838a0fd5f799f4742eeb5da187344b01ccac665b319475b000e06,False,compartmentalized,0.040875396294354605,1058,4104,27,4,policy_train_compartmentalized_double_horizontal_0002,False,0.16666666666666666,0.041722294999999576,0.041722294999999576,2,0.002772777,0.009243545000003905,0.03247874999999567,lns2.receding_q_label_pilot.v1,target:4,0.03247874999999567,no_progress,policy_train,s3__policy_train__policy_train_compartmentalized_double_horizontal_0002__task_0006__seed_0000__fixed_random__decision_0009__0001,feasible,2
4,100,"15,41,58,91",neighborhood-d947482caf3837bd,True,"2,1,1,1",official_adaptive,3,False,0.5,1,cb2d4e842e356a5139787c34c4470a054a0984b19cc6af79dc8ba65aef86e096,926f2259462ace2320716844abbeb088ae85a43f596fd2c16dfa90edf2f7d320,3,2,034ddd153fa6b944dd94384fb8a3faf8d6822dc97c76a674b3a4e562fcf1aa3c,6dd1eb3d6e2838a0fd5f799f4742eeb5da187344b01ccac665b319475b000e06,False,compartmentalized,0.10873370525151647,13520,23915,27,12,policy_train_compartmentalized_double_horizontal_0002,False,0.5833333333333334,0.08131722749999426,0.11486542800003008,0,0.020075803,0.04057295500001601,0.03247874999999567,lns2.receding_q_label_pilot.v1,target:4,0.07429247300001407,no_progress,policy_train,s3__policy_train__policy_train_compartmentalized_double_horizontal_0002__task_0006__seed_0000__fixed_random__decision_0009__0001,environment_terminal,3
5,100,"44,58,83,84,91",neighborhood-ebaa41666283dd55,True,"2,1,0",official_adaptive,2,True,0.0,0,d8481440f5921024663d390899327f796647db7b10ffb03b8465e7948090701f,ffc551eb75730f54ff05800df85ef2bf255eed20330f0eb5f6951de916374fe3,3,2,034ddd153fa6b944dd94384fb8a3faf8d6822dc97c76a674b3a4e562fcf1aa3c,6dd1eb3d6e2838a0fd5f799f4742eeb5da187344b01ccac665b319475b000e06,False,compartmentalized,0.081759572709184,9952,21124,68,13,policy_train_compartmentalized_double_horizontal_0002,False,0.3333333333333333,0.06704194499997129,0.08519486799991682,1,0.016234845,0.029554115999985697,0.03247874999999567,lns2.receding_q_label_pilot.v1,target:16,0.055640751999931126,no_progress,policy_train,s3__policy_train__policy_train_compartmentalized_double_horizontal_0002__task_0006__seed_0000__fixed_random__decision_0009__0001,feasible,2
5,100,"44,58,83,84,91",neighborhood-ebaa41666283dd55,True,"2,1,1,1",official_adaptive,3,False,0.5,1,b01f140ce7458f8b22bd02913f4929bb9ace10f8263f57077871e87a21754db8,3d432026102483785ee75dcbac9705499a9352c5c32d53190187b76f6cd2304d,3,2,034ddd153fa6b944dd94384fb8a3faf8d6822dc97c76a674b3a4e562fcf1aa3c,6dd1eb3d6e2838a0fd5f799f4742eeb5da187344b01ccac665b319475b000e06,False,compartmentalized,0.10843158549165796,12866,21858,15,13,policy_train_compartmentalized_double_horizontal_0002,False,0.5833333333333334,0.08135174799997458,0.11452865599994766,0,0.01842979,0.03957481499980986,0.03247874999999567,lns2.receding_q_label_pilot.v1,target:16,0.0749538410001378,no_progress,policy_train,s3__policy_train__policy_train_compartmentalized_double_horizontal_0002__task_0006__seed_0000__fixed_random__decision_0009__0001,environment_terminal,3
4,100,"6,15,41,58",neighborhood-f8906dff8fee64d5,True,"2,1,1,1",official_adaptive,3,False,0.5,1,2a2058ff99b2a4ae8da003873532e744d18231ced3ecbd1fbca82efc040c3243,75f91ef8295f17da4d5e535fa0a99d2d7a2216949cfc1e63b0baa90cba776ea6,3,2,034ddd153fa6b944dd94384fb8a3faf8d6822dc97c76a674b3a4e562fcf1aa3c,6dd1eb3d6e2838a0fd5f799f4742eeb5da187344b01ccac665b319475b000e06,True,compartmentalized,0.11532762716230287,19596,34816,53,20,policy_train_compartmentalized_double_horizontal_0002,False,0.5833333333333334,0.08506303249998837,0.12224105400002827,0,0.026101449,0.04619249699999273,0.03247874999999567,lns2.receding_q_label_pilot.v1,collision:4,0.07604855700003554,no_progress,policy_train,s3__policy_train__policy_train_compartmentalized_double_horizontal_0002__task_0006__seed_0000__fixed_random__decision_0009__0001,environment_terminal,2
4,100,"6,15,41,58",neighborhood-f8906dff8fee64d5,True,"2,1,1,1",official_adaptive,3,False,0.5,1,91bc7fb625a30fd51ae210c11b39063c968c45ec5c0d6736bb370accf0b60207,beca12ae619c7946b8bb4ebbf8bb16be3bd50019d18433dade569bd685f1ecc9,3,2,034ddd153fa6b944dd94384fb8a3faf8d6822dc97c76a674b3a4e562fcf1aa3c,6dd1eb3d6e2838a0fd5f799f4742eeb5da187344b01ccac665b319475b000e06,True,compartmentalized,0.11205988250279181,13279,23268,26,12,policy_train_compartmentalized_double_horizontal_0002,False,0.5833333333333334,0.08295030149997729,0.11857984200003102,0,0.019772713999999997,0.04146960499997476,0.03247874999999567,lns2.receding_q_label_pilot.v1,collision:4,0.07711023700005626,no_progress,policy_train,s3__policy_train__policy_train_compartmentalized_double_horizontal_0002__task_0006__seed_0000__fixed_random__decision_0009__0001,environment_terminal,3
4,100,"44,58,84,91",neighborhood-fd91e86e2e59e33c,True,"2,0",official_adaptive,1,True,0.0,0,847a3c0454ec3c1decfdab55260dd2f014375d8a7a4925242a1da2ccb1dea035,cd723d36a60e73373d146f1bd3d33d9110307894f90e38c32a787af887eaa9ad,3,2,034ddd153fa6b944dd94384fb8a3faf8d6822dc97c76a674b3a4e562fcf1aa3c,6dd1eb3d6e2838a0fd5f799f4742eeb5da187344b01ccac665b319475b000e06,False,compartmentalized,0.04181079062020097,1658,4504,27,4,policy_train_compartmentalized_double_horizontal_0002,False,0.16666666666666666,0.04269717199997558,0.04269717199997558,2,0.003101053,0.01021842199997991,0.03247874999999567,lns2.receding_q_label_pilot.v1,target:4,0.03247874999999567,no_progress,policy_train,s3__policy_train__policy_train_compartmentalized_double_horizontal_0002__task_0006__seed_0000__fixed_random__decision_0009__0001,feasible,2
4,100,"44,58,84,91",neighborhood-fd91e86e2e59e33c,True,"2,1,1,1",official_adaptive,3,False,0.5,1,163344ffc34d20377becaccb3e6c3ab7b35534adab51d85ec8a59004243d5957,c3392671fc87400d1595df63d1e98803b1d578d98800b4ad92acea4dfeacbf7b,3,2,034ddd153fa6b944dd94384fb8a3faf8d6822dc97c76a674b3a4e562fcf1aa3c,6dd1eb3d6e2838a0fd5f799f4742eeb5da187344b01ccac665b319475b000e06,False,compartmentalized,0.10753451720306664,13548,24279,58,12,policy_train_compartmentalized_double_horizontal_0002,False,0.5833333333333334,0.08099624400000494,0.11352929600002426,0,0.018134698,0.038638309000020854,0.03247874999999567,lns2.receding_q_label_pilot.v1,target:4,0.0748909870000034,no_progress,policy_train,s3__policy_train__policy_train_compartmentalized_double_horizontal_0002__task_0006__seed_0000__fixed_random__decision_0009__0001,environment_terminal,3
8,400,"42,49,55,124,142,258,322,347",neighborhood-010d5da3f949bb5c,True,"22,21,21,16",official_adaptive,3,False,0.7272727272727273,16,f899d2260f1b952cf2c22ab670149c7856855ac2bf30133db037e873f2a1076e,7afbb3661c97541fc24bfd5c7660d9adb9315f0b415e71bcf07ff646775ab0be,3,22,59e8b4cbedea1ecab405db1de8792b4a18a473cc4870436eb2250b04fc142139,b4c807699a4f6783529a0b0af7bf299142998a7f8b466a6bd9d8321189abb56f,False,compartmentalized,0.35824413371620706,96439,113456,33789,24,policy_train_compartmentalized_double_horizontal_0002,False,0.9242424242424242,0.42137621618180465,0.43081488799998624,0,0.192098513,0.2636951039999076,0.053776878000007855,lns2.receding_q_label_pilot.v1,random:8,0.16711978400007865,high_cost_progress,policy_train,s3__policy_train__policy_train_compartmentalized_double_horizontal_0002__task_0014__seed_0000__realized_dynamic__decision_0007__0017,horizon_complete,2
8,400,"42,49,55,124,142,258,322,347",neighborhood-010d5da3f949bb5c,True,"22,21,21,19",official_adaptive,3,False,0.8636363636363636,19,f3956394e02e7e9d207c34710d3358c76c9f304d3a0ccf7b5a356c8d440007ae,1088706731c0ac418073077da45ad4a6b897ce59812b0dfc196a3c8dc72c48c1,3,22,59e8b4cbedea1ecab405db1de8792b4a18a473cc4870436eb2250b04fc142139,b4c807699a4f6783529a0b0af7bf299142998a7f8b466a6bd9d8321189abb56f,False,compartmentalized,0.3760218544706122,107197,135896,35879,24,policy_train_compartmentalized_double_horizontal_0002,False,0.946969696969697,0.44575692904543923,0.45647896399998444,0,0.214245182,0.2893842079998876,0.053776878000007855,lns2.receding_q_label_pilot.v1,random:8,0.16709475600009682,high_cost_progress,policy_train,s3__policy_train__policy_train_compartmentalized_double_horizontal_0002__task_0014__seed_0000__realized_dynamic__decision_0007__0017,horizon_complete,3
8,400,"70,100,126,128,219,278,304,384",neighborhood-049b338c5a7da1e2,True,"22,21,20,20",official_adaptive,3,False,0.9090909090909091,20,6e35d6ebe0020fb59c4fa4b688f41e1abfa2c0fc47e73da4657207d883a21031,c685711ab81912869613478b3aa9345a0d08f1b615a283d7034aed9d8da3213d,3,22,59e8b4cbedea1ecab405db1de8792b4a18a473cc4870436eb2250b04fc142139,b4c807699a4f6783529a0b0af7bf299142998a7f8b466a6bd9d8321189abb56f,False,compartmentalized,0.3344492868374007,63668,97026,2472,20,policy_train_compartmentalized_double_horizontal_0002,False,0.9393939393939394,0.3749548330455044,0.3971707330000527,0,0.156045903,0.2291104629999836,0.053776878000007855,lns2.receding_q_label_pilot.v1,target:8,0.16806027000006907,high_cost_progress,policy_train,s3__policy_train__policy_train_compartmentalized_double_horizontal_0002__task_0014__seed_0000__realized_dynamic__decision_0007__0017,horizon_complete,2
8,400,"70,100,126,128,219,278,304,384",neighborhood-049b338c5a7da1e2,True,"22,21,21,19",official_adaptive,3,False,0.8636363636363636,19,3166305f33d3aacea89694edfdf218fb71224148318768cc55050adab4ad0f3e,8f285baa8b798c2acb294fac642e8a903c5e65c763e451c7ccd983c89bdfedfe,3,22,59e8b4cbedea1ecab405db1de8792b4a18a473cc4870436eb2250b04fc142139,b4c807699a4f6783529a0b0af7bf299142998a7f8b466a6bd9d8321189abb56f,False,compartmentalized,0.24057209918320033,14224,33005,2594,16,policy_train_compartmentalized_double_horizontal_0002,False,0.946969696969697,0.2636084865908556,0.27197663899994495,0,0.03218591,0.10146717699990404,0.053776878000007855,lns2.receding_q_label_pilot.v1,target:8,0.1705094620000409,high_cost_progress,policy_train,s3__policy_train__policy_train_compartmentalized_double_horizontal_0002__task_0014__seed_0000__realized_dynamic__decision_0007__0017,horizon_complete,3
16,400,"3,9,27,59,60,61,76,105,136,174,186,189,192,204,227,340",neighborhood-063c80f0c35dc451,True,"22,22,22,16",official_adaptive,3,False,0.7272727272727273,16,24e5b24c2d0d119ebecf0c412471761a96b806480aa0033451402e061c7eec78,f3d65375439a019cc73aee68ecc842c7e853902ee694e6379d69ade687005885,3,22,59e8b4cbedea1ecab405db1de8792b4a18a473cc4870436eb2250b04fc142139,b4c807699a4f6783529a0b0af7bf299142998a7f8b466a6bd9d8321189abb56f,False,compartmentalized,0.3204542872164983,56506,111345,2141,32,policy_train_compartmentalized_double_horizontal_0002,False,0.9545454545454546,0.37775351799996315,0.37775351799996315,0,0.13105268800000003,0.2038157049998972,0.053776878000007855,lns2.receding_q_label_pilot.v1,collision:16,0.17393781300006594,high_cost_progress,policy_train,s3__policy_train__policy_train_compartmentalized_double_horizontal_0002__task_0014__seed_0000__realized_dynamic__decision_0007__0017,horizon_complete,2
16,400,"3,9,27,59,60,61,76,105,136,174,186,189,192,204,227,340",neighborhood-063c80f0c35dc451,True,"22,20,20,20",official_adaptive,3,False,0.9090909090909091,20,80ffb3d5e03175c5c1024c1d0897f658791d6b09f8bedb13ad4be8405f29d220,1134bee18201998b408d35b231f49e9f5bbde14172a36a03e536c271d5b34e9f,3,22,59e8b4cbedea1ecab405db1de8792b4a18a473cc4870436eb2250b04fc142139,b4c807699a4f6783529a0b0af7bf299142998a7f8b466a6bd9d8321189abb56f,False,compartmentalized,0.44720336241420044,153288,145258,62996,29,policy_train_compartmentalized_double_horizontal_0002,False,0.9242424242424242,0.5264738935454716,0.5639323120000199,0,0.310943815,0.3892993419999584,0.053776878000007855,lns2.receding_q_label_pilot.v1,collision:16,0.1746329700000615,high_cost_progress,policy_train,s3__policy_train__policy_train_compartmentalized_double_horizontal_0002__task_0014__seed_0000__realized_dynamic__decision_0007__0017,horizon_complete,3
16,400,"3,24,29,55,63,73,81,89,106,130,230,246,259,342,389,394",neighborhood-095b8b3c22a72ca4,True,"22,22,22,17",official_adaptive,3,False,0.7727272727272727,17,0737b28699fca7df9386181400221dfcd81cae54a088df11f8b3abc05e54ddf7,f31264e7350c8824f59f2a39a398f6ef21778e581c5a7cb1ad6b63ed2aa8bf48,3,22,59e8b4cbedea1ecab405db1de8792b4a18a473cc4870436eb2250b04fc142139,b4c807699a4f6783529a0b0af7bf299142998a7f8b466a6bd9d8321189abb56f,False,compartmentalized,0.3821328032629321,93467,157627,9333,32,policy_train_compartmentalized_double_horizontal_0002,False,0.9621212121212122,0.4654066830000829,0.4654066830000829,0,0.217326478,0.29141386200001307,0.053776878000007855,lns2.receding_q_label_pilot.v1,random:16,0.17399282100006985,high_cost_progress,policy_train,s3__policy_train__policy_train_compartmentalized_double_horizontal_0002__task_0014__seed_0000__realized_dynamic__decision_0007__0017,horizon_complete,2
16,400,"3,24,29,55,63,73,81,89,106,130,230,246,259,342,389,394",neighborhood-095b8b3c22a72ca4,True,"22,22,21,21",official_adaptive,3,False,0.9545454545454546,21,3ecd0c245a6eccd58b1cda37102722a27408226d462fc90d8a9a0c82b67d8103,047661a0fefcb66eb66f5799d4b547d034ec5292432e56dd289acb00edbc2871,3,22,59e8b4cbedea1ecab405db1de8792b4a18a473cc4870436eb2250b04fc142139,b4c807699a4f6783529a0b0af7bf299142998a7f8b466a6bd9d8321189abb56f,False,compartmentalized,0.31868933463461135,60338,113034,3945,30,policy_train_compartmentalized_double_horizontal_0002,False,0.9772727272727273,0.37034731650004976,0.3753239930000518,0,0.135185627,0.20486144699998476,0.053776878000007855,lns2.receding_q_label_pilot.v1,random:16,0.17046254600006705,high_cost_progress,policy_train,s3__policy_train__policy_train_compartmentalized_double_horizontal_0002__task_0014__seed_0000__realized_dynamic__decision_0007__0017,horizon_complete,3
8,400,"14,21,75,93,110,205,278,289",neighborhood-0bd542ffe1da23e7,True,"22,22,22,22",official_adaptive,3,False,1.0,22,e1c5058251d60f599b0e9c5b052f4baa57adef701a3bc1e3686578876a751d34,2d3b5d5c54e8f41d1f71e066ced849e35a797451657fec6727e647c96f30e7e8,3,22,59e8b4cbedea1ecab405db1de8792b4a18a473cc4870436eb2250b04fc142139,b4c807699a4f6783529a0b0af7bf299142998a7f8b466a6bd9d8321189abb56f,False,compartmentalized,0.3269774599803429,58143,89756,15588,24,policy_train_compartmentalized_double_horizontal_0002,True,1.0,0.3867702190000273,0.3867702190000273,0,0.12022645800000001,0.19099805500002276,0.053776878000007855,lns2.receding_q_label_pilot.v1,random:8,0.19577216400000452,high_cost_progress,policy_train,s3__policy_train__policy_train_compartmentalized_double_horizontal_0002__task_0014__seed_0000__realized_dynamic__decision_0007__0017,horizon_complete,2
8,400,"14,21,75,93,110,205,278,289",neighborhood-0bd542ffe1da23e7,True,"22,22,21,21",official_adaptive,3,False,0.9545454545454546,21,cc8f89c6d3fbd5b1c0ff919f2a0cf794473be350ceb9334745a0ff7d19ae696b,ce4503a9f496abf9722219b83274682a34a9ce9ba47aad7efdf710bdc789ae17,3,22,59e8b4cbedea1ecab405db1de8792b4a18a473cc4870436eb2250b04fc142139,b4c807699a4f6783529a0b0af7bf299142998a7f8b466a6bd9d8321189abb56f,False,compartmentalized,0.30182540433730815,50152,74868,17725,24,policy_train_compartmentalized_double_horizontal_0002,False,0.9772727272727273,0.3471071697273425,0.35232509600007234,0,0.102758726,0.17624501900002087,0.053776878000007855,lns2.receding_q_label_pilot.v1,random:8,0.17608007700005146,high_cost_progress,policy_train,s3__policy_train__policy_train_compartmentalized_double_horizontal_0002__task_0014__seed_0000__realized_dynamic__decision_0007__0017,horizon_complete,3
16,400,"21,56,60,76,80,81,89,104,107,162,172,188,189,202,246,259",neighborhood-11f5009414bf4d08,True,"22,20,20,20",official_adaptive,3,False,0.9090909090909091,20,58f5691efa1c29a9efcaa0704c146ff8651a2c46a1f8dbc258e9744b765302c1,36ac6e5e3dad94b3beec13a3e7629fb02cd07ea5f3acb434620194b034971fce,3,22,59e8b4cbedea1ecab405db1de8792b4a18a473cc4870436eb2250b04fc142139,b4c807699a4f6783529a0b0af7bf299142998a7f8b466a6bd9d8321189abb56f,False,compartmentalized,0.48362879121252567,183359,170890,82644,28,policy_train_compartmentalized_double_horizontal_0002,False,0.9242424242424242,0.5946980445454322,0.6219494519999671,0,0.36322919099999995,0.4434523560000798,0.053776878000007855,lns2.receding_q_label_pilot.v1,target:16,0.17849709599988728,high_cost_progress,policy_train,s3__policy_train__policy_train_compartmentalized_double_horizontal_0002__task_0014__seed_0000__realized_dynamic__decision_0007__0017,horizon_complete,2
16,400,"21,56,60,76,80,81,89,104,107,162,172,188,189,202,246,259",neighborhood-11f5009414bf4d08,True,"22,20,20,20",official_adaptive,3,False,0.9090909090909091,20,103a47d0108d4abe5d580623686c96ca311a1864204e37d21b2d9f6e685cf6a1,284a5fdf647aaf9eb541ef14c546d294835113c981ad35c539c7a5ef969ed749,3,22,59e8b4cbedea1ecab405db1de8792b4a18a473cc4870436eb2250b04fc142139,b4c807699a4f6783529a0b0af7bf299142998a7f8b466a6bd9d8321189abb56f,False,compartmentalized,0.4860144425016563,136356,189296,42554,32,policy_train_compartmentalized_double_horizontal_0002,False,0.9242424242424242,0.5971866840000385,0.6258234770000399,0,0.361423783,0.439220710000086,0.053776878000007855,lns2.receding_q_label_pilot.v1,target:16,0.18660276699995393,high_cost_progress,policy_train,s3__policy_train__policy_train_compartmentalized_double_horizontal_0002__task_0014__seed_0000__realized_dynamic__decision_0007__0017,horizon_complete,3
4,400,"266,278,351,379",neighborhood-1bc9c2a14f9b359e,True,"22,22,22,22",official_adaptive,3,False,1.0,22,6f8be1982d806eea1d4393ed9002f4ce08bcb473d2adaf210be01fd3e6097bcb,60159c35a2a54095687af0b61a62c51146d90836b0f92a4e73121e3205ea974d,3,22,59e8b4cbedea1ecab405db1de8792b4a18a473cc4870436eb2250b04fc142139,b4c807699a4f6783529a0b0af7bf299142998a7f8b466a6bd9d8321189abb56f,False,compartmentalized,0.280534743037094,29913,61009,1568,20,policy_train_compartmentalized_double_horizontal_0002,True,1.0,0.32383753600004184,0.32383753600004184,0,0.065172905,0.14496660700001485,0.053776878000007855,lns2.receding_q_label_pilot.v1,random:4,0.178870929000027,high_cost_progress,policy_train,s3__policy_train__policy_train_compartmentalized_double_horizontal_0002__task_0014__seed_0000__realized_dynamic__decision_0007__0017,horizon_complete,2
4,400,"266,278,351,379",neighborhood-1bc9c2a14f9b359e,True,"22,22,21,21",official_adaptive,3,False,0.9545454545454546,21,ed0f437d63a672db235e4aa92801e13d1d1f249d1d8d484d0eb078b972be3a26,f222fec0a98847c589f75614aee20603e14a0c7f69db712b933ee6d92b5a72ee,3,22,59e8b4cbedea1ecab405db1de8792b4a18a473cc4870436eb2250b04fc142139,b4c807699a4f6783529a0b0af7bf299142998a7f8b466a6bd9d8321189abb56f,False,compartmentalized,0.26409459043586075,21422,46027,3595,20,policy_train_compartmentalized_double_horizontal_0002,False,0.9772727272727273,0.2969437056818265,0.3022513710000112,0,0.04332085,0.12045718999991095,0.053776878000007855,lns2.receding_q_label_pilot.v1,random:4,0.18179418100010025,high_cost_progress,policy_train,s3__policy_train__policy_train_compartmentalized_double_horizontal_0002__task_0014__seed_0000__realized_dynamic__decision_0007__0017,horizon_complete,3
16,400,"4,21,29,53,68,77,79,83,123,197,246,265,278,304,331,334",neighborhood-1cb079732979874f,True,"22,22,22,22",official_adaptive,3,False,1.0,22,4f08e85e85c54cf73e6e440a715a54066da537500da0f93cb56d66c9a89a8693,700215ece06a073131f2e7403378fc7a0e80392bf42ce8b246876c4e9a9a3de7,3,22,59e8b4cbedea1ecab405db1de8792b4a18a473cc4870436eb2250b04fc142139,b4c807699a4f6783529a0b0af7bf299142998a7f8b466a6bd9d8321189abb56f,False,compartmentalized,0.3135299243254218,47906,97240,6808,32,policy_train_compartmentalized_double_horizontal_0002,True,1.0,0.368246405999912,0.368246405999912,0,0.114705074,0.1904791849999583,0.053776878000007855,lns2.receding_q_label_pilot.v1,collision:16,0.17776722099995368,high_cost_progress,policy_train,s3__policy_train__policy_train_compartmentalized_double_horizontal_0002__task_0014__seed_0000__realized_dynamic__decision_0007__0017,horizon_complete,2
16,400,"4,21,29,53,68,77,79,83,123,197,246,265,278,304,331,334",neighborhood-1cb079732979874f,True,"22,22,21,21",official_adaptive,3,False,0.9545454545454546,21,f64f7678ebe1d34c1b5d2a17e4171554d07fbbc9a037462660e72ecf41c4aa4e,047661a0fefcb66eb66f5799d4b547d034ec5292432e56dd289acb00edbc2871,3,22,59e8b4cbedea1ecab405db1de8792b4a18a473cc4870436eb2250b04fc142139,b4c807699a4f6783529a0b0af7bf299142998a7f8b466a6bd9d8321189abb56f,False,compartmentalized,0.3096326574108458,32124,69836,3790,26,policy_train_compartmentalized_double_horizontal_0002,False,0.9772727272727273,0.35631362986369325,0.36292436200005795,0,0.07358885999999999,0.1556791149999981,0.053776878000007855,lns2.receding_q_label_pilot.v1,collision:16,0.20724524700005986,high_cost_progress,policy_train,s3__policy_train__policy_train_compartmentalized_double_horizontal_0002__task_0014__seed_0000__realized_dynamic__decision_0007__0017,horizon_complete,3
8,400,"29,68,77,123,265,278,304,331",neighborhood-1dd95bac7e375f53,True,"22,22,22,22",official_adaptive,3,False,1.0,22,2944c57dd10c58788a1a0031f0c84c6354db91000d0eb5668f2b6c943af2a872,700215ece06a073131f2e7403378fc7a0e80392bf42ce8b246876c4e9a9a3de7,3,22,59e8b4cbedea1ecab405db1de8792b4a18a473cc4870436eb2250b04fc142139,b4c807699a4f6783529a0b0af7bf299142998a7f8b466a6bd9d8321189abb56f,False,compartmentalized,0.2900591185379261,31744,67459,1794,23,policy_train_compartmentalized_double_horizontal_0002,True,1.0,0.3365064980000625,0.3365064980000625,0,0.073561871,0.15697547000002032,0.053776878000007855,lns2.receding_q_label_pilot.v1,collision:8,0.17953102800004217,high_cost_progress,policy_train,s3__policy_train__policy_train_compartmentalized_double_horizontal_0002__task_0014__seed_0000__realized_dynamic__decision_0007__0017,horizon_complete,2
8,400,"29,68,77,123,265,278,304,331",neighborhood-1dd95bac7e375f53,True,"22,22,21,21",official_adaptive,3,False,0.9545454545454546,21,c2b62bd7aead86580eccd64c6c2232d58641558a88128b3edd8eb16615139377,047661a0fefcb66eb66f5799d4b547d034ec5292432e56dd289acb00edbc2871,3,22,59e8b4cbedea1ecab405db1de8792b4a18a473cc4870436eb2250b04fc142139,b4c807699a4f6783529a0b0af7bf299142998a7f8b466a6bd9d8321189abb56f,False,compartmentalized,0.2688182694220725,23659,53088,3562,23,policy_train_compartmentalized_double_horizontal_0002,False,0.9772727272727273,0.3030477698635278,0.30841733999989174,0,0.050821947,0.12932625399992048,0.053776878000007855,lns2.receding_q_label_pilot.v1,collision:8,0.17909108599997126,high_cost_progress,policy_train,s3__policy_train__policy_train_compartmentalized_double_horizontal_0002__task_0014__seed_0000__realized_dynamic__decision_0007__0017,horizon_complete,3
8,400,"21,60,76,80,89,107,162,188",neighborhood-22d9644ae9e50d4a,True,"22,21,21,19",official_adaptive,3,False,0.8636363636363636,19,5f8c1a4f130e4116d30bd628feeebfce9c7600b6cabc0ac3e75b4fed5b00343e,c78c13a8bba96f3cb28184a3041bce11663dbda50a721fa8891159d88f280637,3,22,59e8b4cbedea1ecab405db1de8792b4a18a473cc4870436eb2250b04fc142139,b4c807699a4f6783529a0b0af7bf299142998a7f8b466a6bd9d8321189abb56f,False,compartmentalized,0.3274448326614655,62255,97204,17114,24,policy_train_compartmentalized_double_horizontal_0002,False,0.946969696969697,0.3764957466819138,0.3874185090000992,0,0.131978281,0.2091443240000217,0.053776878000007855,lns2.receding_q_label_pilot.v1,target:8,0.17827418500007752,high_cost_progress,policy_train,s3__policy_train__policy_train_compartmentalized_double_horizontal_0002__task_0014__seed_0000__realized_dynamic__decision_0007__0017,horizon_complete,2
8,400,"21,60,76,80,89,107,162,188",neighborhood-22d9644ae9e50d4a,True,"22,22,21,21",official_adaptive,3,False,0.9545454545454546,21,9fc3ff3028b8e1590cf0395f3f929782cad147a6f8602932278e13524da8b866,0fc2abf227afc0eda659add71f6e78a0bb8a70c3abd2d78321fc45c31fcf5fa2,3,22,59e8b4cbedea1ecab405db1de8792b4a18a473cc4870436eb2250b04fc142139,b4c807699a4f6783529a0b0af7bf299142998a7f8b466a6bd9d8321189abb56f,False,compartmentalized,0.2758436965828576,50616,73669,19618,24,policy_train_compartmentalized_double_horizontal_0002,False,0.9772727272727273,0.3131318074091444,0.31764189600005466,0,0.085945987,0.1532679060001101,0.053776878000007855,lns2.receding_q_label_pilot.v1,target:8,0.16437398999994457,high_cost_progress,policy_train,s3__policy_train__policy_train_compartmentalized_double_horizontal_0002__task_0014__seed_0000__realized_dynamic__decision_0007__0017,horizon_complete,3
4,400,"60,124,292,295",neighborhood-22f566b4aa909399,True,"22,20,20,20",official_adaptive,3,False,0.9090909090909091,20,2662cbce1c2af3aaa8705362c8ed0bd5cf05faf7a5d7368865cb514ca420adec,e215406eaa8909eedf9a08dafa3da3c3335e28f8d9a9c795bcb6d5d571f6302e,3,22,59e8b4cbedea1ecab405db1de8792b4a18a473cc4870436eb2250b04fc142139,b4c807699a4f6783529a0b0af7bf299142998a7f8b466a6bd9d8321189abb56f,False,compartmentalized,0.36713316985084266,110531,116013,32488,16,policy_train_compartmentalized_double_horizontal_0002,False,0.9242424242424242,0.41926602263645857,0.4435901490001015,0,0.20939361899999998,0.27896613400002934,0.053776878000007855,lns2.receding_q_label_pilot.v1,random:4,0.16462401500007218,high_cost_progress,policy_train,s3__policy_train__policy_train_compartmentalized_double_horizontal_0002__task_0014__seed_0000__realized_dynamic__decision_0007__0017,horizon_complete,2
4,400,"60,124,292,295",neighborhood-22f566b4aa909399,True,"22,20,20,20",official_adaptive,3,False,0.9090909090909091,20,408c878091329c473c65e55efde1ffee0bc331fbc45e4e827d54bb22be24c35a,a2eabe1837b5b3c672fba92f2b3e0672b220b6886b03c8319bd606610961aaa2,3,22,59e8b4cbedea1ecab405db1de8792b4a18a473cc4870436eb2250b04fc142139,b4c807699a4f6783529a0b0af7bf299142998a7f8b466a6bd9d8321189abb56f,False,compartmentalized,0.3873672418808713,133045,115816,56368,19,policy_train_compartmentalized_double_horizontal_0002,False,0.9242424242424242,0.4463682737274439,0.47309737500017945,0,0.238095191,0.30760113900009856,0.053776878000007855,lns2.receding_q_label_pilot.v1,random:4,0.1654962360000809,high_cost_progress,policy_train,s3__policy_train__policy_train_compartmentalized_double_horizontal_0002__task_0014__seed_0000__realized_dynamic__decision_0007__0017,horizon_complete,3
16,400,"7,11,35,70,94,100,123,126,128,219,278,304,331,346,384,391",neighborhood-2d45e086d8d274aa,True,"22,22,22,22",official_adaptive,3,False,1.0,22,74c817babd4b93b9418ecb599d7288d39a1e75c3c1355e6245b78aa18109a093,700215ece06a073131f2e7403378fc7a0e80392bf42ce8b246876c4e9a9a3de7,3,22,59e8b4cbedea1ecab405db1de8792b4a18a473cc4870436eb2250b04fc142139,b4c807699a4f6783529a0b0af7bf299142998a7f8b466a6bd9d8321189abb56f,False,compartmentalized,0.3095084263663922,49755,96588,3127,28,policy_train_compartmentalized_double_horizontal_0002,True,1.0,0.36275505499986593,0.36275505499986593,0,0.110909181,0.19986644899984185,0.053776878000007855,lns2.receding_q_label_pilot.v1,target:16,0.16288860600002408,high_cost_progress,policy_train,s3__policy_train__policy_train_compartmentalized_double_horizontal_0002__task_0014__seed_0000__realized_dynamic__decision_0007__0017,horizon_complete,2
16,400,"7,11,35,70,94,100,123,126,128,219,278,304,331,346,384,391",neighborhood-2d45e086d8d274aa,True,"22,22,21,21",official_adaptive,3,False,0.9545454545454546,21,6dd321e29fea873cc27f7767cb29e2052b15659f53991d9f73a7c4225d5f4bde,047661a0fefcb66eb66f5799d4b547d034ec5292432e56dd289acb00edbc2871,3,22,59e8b4cbedea1ecab405db1de8792b4a18a473cc4870436eb2250b04fc142139,b4c807699a4f6783529a0b0af7bf299142998a7f8b466a6bd9d8321189abb56f,False,compartmentalized,0.30671472692428425,61943,103859,5500,31,policy_train_compartmentalized_double_horizontal_0002,False,0.9772727272727273,0.3542638782271607,0.3589532399998916,0,0.129180197,0.19550577399991198,0.053776878000007855,lns2.receding_q_label_pilot.v1,target:16,0.1634474659999796,high_cost_progress,policy_train,s3__policy_train__policy_train_compartmentalized_double_horizontal_0002__task_0014__seed_0000__realized_dynamic__decision_0007__0017,horizon_complete,3
16,400,"43,59,60,72,92,104,127,134,158,212,293,299,303,312,340,357",neighborhood-3001228990feda3d,True,"22,21,21,21",official_adaptive,3,False,0.9545454545454546,21,e268c0ff28b44a27fa5b97f35471328af303c3360e32ec26b2e434126fe26da2,5bba7c638de7f170ddbbb7d1c3226ba21ac2fdb965bbf729a5df507f8c944baf,3,22,59e8b4cbedea1ecab405db1de8792b4a18a473cc4870436eb2250b04fc142139,b4c807699a4f6783529a0b0af7bf299142998a7f8b466a6bd9d8321189abb56f,False,compartmentalized,0.33544399101494937,95879,145519,30911,32,policy_train_compartmentalized_double_horizontal_0002,False,0.9621212121212122,0.38863864536358506,0.398561195999946,0,0.16553273599999999,0.2350089870000147,0.053776878000007855,lns2.receding_q_label_pilot.v1,random:16,0.16355220899993128,high_cost_progress,policy_train,s3__policy_train__policy_train_compartmentalized_double_horizontal_0002__task_0014__seed_0000__realized_dynamic__decision_0007__0017,horizon_complete,2
16,400,"43,59,60,72,92,104,127,134,158,212,293,299,303,312,340,357",neighborhood-3001228990feda3d,True,"22,21,21,21",official_adaptive,3,False,0.9545454545454546,21,c1f81a2176d52c2b17403969d90d22003741982a2f474ca9e6776f4a64f3b369,7beeb08bc6009a5b6cb7160cbe9c970854ce83cee4ad72ee8d307312b5797bd5,3,22,59e8b4cbedea1ecab405db1de8792b4a18a473cc4870436eb2250b04fc142139,b4c807699a4f6783529a0b0af7bf299142998a7f8b466a6bd9d8321189abb56f,False,compartmentalized,0.37653676193398855,84245,159065,7737,32,policy_train_compartmentalized_double_horizontal_0002,False,0.9621212121212122,0.4437729454998589,0.45722910899985436,0,0.21536159300000002,0.2895699019999256,0.053776878000007855,lns2.receding_q_label_pilot.v1,random:16,0.16765920699992876,high_cost_progress,policy_train,s3__policy_train__policy_train_compartmentalized_double_horizontal_0002__task_0014__seed_0000__realized_dynamic__decision_0007__0017,horizon_complete,3
8,400,"17,45,56,106,124,172,239,327",neighborhood-3f0283cdb31bfc90,True,"22,15,15,15",official_adaptive,3,False,0.6818181818181818,15,a1ac0b39b30f614027e66b4d362fececa601d58a72ece3e59e22ec057f52675d,840b19c40df9449a1bf3faacaba806838ac8eb564a52824a7016b3b6bdcf83d2,3,22,59e8b4cbedea1ecab405db1de8792b4a18a473cc4870436eb2250b04fc142139,b4c807699a4f6783529a0b0af7bf299142998a7f8b466a6bd9d8321189abb56f,True,compartmentalized,0.4686609094508767,174418,186850,63391,20,policy_train_compartmentalized_double_horizontal_0002,False,0.7348484848484849,0.4807213438636753,0.5978530900000578,0,0.331765975,0.4070979900000111,0.053776878000007855,lns2.receding_q_label_pilot.v1,collision:8,0.1907551000000467,high_cost_progress,policy_train,s3__policy_train__policy_train_compartmentalized_double_horizontal_0002__task_0014__seed_0000__realized_dynamic__decision_0007__0017,horizon_complete,2
8,400,"17,45,56,106,124,172,239,327",neighborhood-3f0283cdb31bfc90,True,"22,18,17,17",official_adaptive,3,False,0.7727272727272727,17,7119f30fff434efa26c6d41bc7ee7aaef3ede0626e5d3f8ec32bf023b9f967f7,06f88c58ce95468a009f74f1be351a925594a070da9cd5233e29744df67ba0b5,3,22,59e8b4cbedea1ecab405db1de8792b4a18a473cc4870436eb2250b04fc142139,b4c807699a4f6783529a0b0af7bf299142998a7f8b466a6bd9d8321189abb56f,True,compartmentalized,0.44707034205637597,174819,186874,51676,24,policy_train_compartmentalized_double_horizontal_0002,False,0.8257575757575758,0.5018460135909829,0.563724291000085,0,0.328948154,0.39800328500007254,0.053776878000007855,lns2.receding_q_label_pilot.v1,collision:8,0.1657210060000125,high_cost_progress,policy_train,s3__policy_train__policy_train_compartmentalized_double_horizontal_0002__task_0014__seed_0000__realized_dynamic__decision_0007__0017,horizon_complete,3
4,400,"17,45,172,327",neighborhood-6a63453d2de5f189,True,"22,16,14,14",official_adaptive,3,False,0.6363636363636364,14,5392d2dd8429e87b59c981a3f50912d6eb0b7f5e804f0285353c83c50cfeb1f7,ff90491c54890e88c11becad17ad05c094db226005167cc42e5a89cab10cb986,3,22,59e8b4cbedea1ecab405db1de8792b4a18a473cc4870436eb2250b04fc142139,b4c807699a4f6783529a0b0af7bf299142998a7f8b466a6bd9d8321189abb56f,False,compartmentalized,0.32961574307122665,67334,91179,15690,18,policy_train_compartmentalized_double_horizontal_0002,False,0.7272727272727273,0.31575534836376434,0.39043374200014114,0,0.149015098,0.2188329830000839,0.053776878000007855,lns2.receding_q_label_pilot.v1,collision:4,0.17160075900005722,high_cost_progress,policy_train,s3__policy_train__policy_train_compartmentalized_double_horizontal_0002__task_0014__seed_0000__realized_dynamic__decision_0007__0017,horizon_complete,2
4,400,"17,45,172,327",neighborhood-6a63453d2de5f189,True,"22,15,15,15",official_adaptive,3,False,0.6818181818181818,15,4b8684a82ed231cbb93cdeebd52918334069ac0d4f074dc9b9993d9e9e024f0e,ec6ecfde14f18c03eeaadd93f3923ecbbbb9bf5802c573da93e1d91ffe725655,3,22,59e8b4cbedea1ecab405db1de8792b4a18a473cc4870436eb2250b04fc142139,b4c807699a4f6783529a0b0af7bf299142998a7f8b466a6bd9d8321189abb56f,False,compartmentalized,0.2509408745182948,21861,16535,14776,4,policy_train_compartmentalized_double_horizontal_0002,False,0.7348484848484849,0.23195616227265894,0.28523409199988237,0,0.037840682,0.11533554899995124,0.053776878000007855,lns2.receding_q_label_pilot.v1,collision:4,0.16989854299993112,high_cost_progress,policy_train,s3__policy_train__policy_train_compartmentalized_double_horizontal_0002__task_0014__seed_0000__realized_dynamic__decision_0007__0017,horizon_complete,3
4,400,"27,55,83,94",neighborhood-70ffd5dc5eb9b7d5,True,"22,22,22,16",official_adaptive,3,False,0.7272727272727273,16,0c3e0aaeaf039f22437d6426b9ef543e7758ce1bf30281a67d9f1a2b6f248bc1,f74e65e02f5c376d4da4fb8eecaff119b475b3441676631d6a5a0ffe4e441550,3,22,59e8b4cbedea1ecab405db1de8792b4a18a473cc4870436eb2250b04fc142139,b4c807699a4f6783529a0b0af7bf299142998a7f8b466a6bd9d8321189abb56f,False,compartmentalized,0.26460432749789414,26639,58939,1524,20,policy_train_compartmentalized_double_horizontal_0002,False,0.9545454545454546,0.3029153459998497,0.3029153459998497,0,0.0573814,0.13483241099993393,0.053776878000007855,lns2.receding_q_label_pilot.v1,target:4,0.16808293499991578,high_cost_progress,policy_train,s3__policy_train__policy_train_compartmentalized_double_horizontal_0002__task_0014__seed_0000__realized_dynamic__decision_0007__0017,horizon_complete,2
4,400,"27,55,83,94",neighborhood-70ffd5dc5eb9b7d5,True,"22,21,21,21",official_adaptive,3,False,0.9545454545454546,21,df427eea9d4612259232b0218064626ac411e8b9074f115ac7593ef32873fe12,6b29cddcc4667b53d9780435265676c82c7e555f81de1bade6ef96d31e6f1fe6,3,22,59e8b4cbedea1ecab405db1de8792b4a18a473cc4870436eb2250b04fc142139,b4c807699a4f6783529a0b0af7bf299142998a7f8b466a6bd9d8321189abb56f,False,compartmentalized,0.33578221003632835,66954,108010,648,16,policy_train_compartmentalized_double_horizontal_0002,False,0.9621212121212122,0.38476075995473286,0.39903429600019535,0,0.162626004,0.23551179100013542,0.053776878000007855,lns2.receding_q_label_pilot.v1,target:4,0.16352250500005994,high_cost_progress,policy_train,s3__policy_train__policy_train_compartmentalized_double_horizontal_0002__task_0014__seed_0000__realized_dynamic__decision_0007__0017,horizon_complete,3
4,400,"29,123,278,331",neighborhood-a4232fe30a403345,True,"22,20,20,20",official_adaptive,3,False,0.9090909090909091,20,f34a166c3d0a091927516648f640875cdb80c93605df8c7795cc4077bcd386c2,2126ab8e698c17bec53dc6790b81389c357fe022ceb5d65fdd352b53fb8eb842,3,22,59e8b4cbedea1ecab405db1de8792b4a18a473cc4870436eb2250b04fc142139,b4c807699a4f6783529a0b0af7bf299142998a7f8b466a6bd9d8321189abb56f,False,compartmentalized,0.30974785526090215,47797,72323,2179,16,policy_train_compartmentalized_double_horizontal_0002,False,0.9242424242424242,0.33772119763643166,0.36308137700007137,0,0.11321425600000001,0.18828899400011778,0.053776878000007855,lns2.receding_q_label_pilot.v1,collision:4,0.1747923829999536,high_cost_progress,policy_train,s3__policy_train__policy_train_compartmentalized_double_horizontal_0002__task_0014__seed_0000__realized_dynamic__decision_0007__0017,horizon_complete,2
4,400,"29,123,278,331",neighborhood-a4232fe30a403345,True,"22,21,21,19",official_adaptive,3,False,0.8636363636363636,19,f67f5531f303ac294f558da727e5b3dcbbd6329f8706378fb4535c5b0bc9cdc4,c4f721159ad1061606e112485c4474161ca5045180465d6131325542f9d080b2,3,22,59e8b4cbedea1ecab405db1de8792b4a18a473cc4870436eb2250b04fc142139,b4c807699a4f6783529a0b0af7bf299142998a7f8b466a6bd9d8321189abb56f,False,compartmentalized,0.34361712529072513,54743,117673,4044,20,policy_train_compartmentalized_double_horizontal_0002,False,0.946969696969697,0.3953326712727403,0.41003866400001243,0,0.139760106,0.23419569099996806,0.053776878000007855,lns2.receding_q_label_pilot.v1,collision:4,0.17584297300004437,high_cost_progress,policy_train,s3__policy_train__policy_train_compartmentalized_double_horizontal_0002__task_0014__seed_0000__realized_dynamic__decision_0007__0017,horizon_complete,3
4,400,"21,60,76,80",neighborhood-c9a445102a650852,True,"22,21,21,15",official_adaptive,3,False,0.6818181818181818,15,351916535b38e5d3cb677340ce9dddfb681677bb0d5752ae75dbedc5362b363f,40f410a3ba3123b0ecc1336b681f4f9e592a8fdd5ffdd9fe6513d12993dda602,3,22,59e8b4cbedea1ecab405db1de8792b4a18a473cc4870436eb2250b04fc142139,b4c807699a4f6783529a0b0af7bf299142998a7f8b466a6bd9d8321189abb56f,False,compartmentalized,0.2995065558842655,53530,82255,16256,20,policy_train_compartmentalized_double_horizontal_0002,False,0.9166666666666666,0.3395373421362716,0.34919289199990544,0,0.107700055,0.1792837209999334,0.053776878000007855,lns2.receding_q_label_pilot.v1,target:4,0.16990917099997205,high_cost_progress,policy_train,s3__policy_train__policy_train_compartmentalized_double_horizontal_0002__task_0014__seed_0000__realized_dynamic__decision_0007__0017,horizon_complete,2
4,400,"21,60,76,80",neighborhood-c9a445102a650852,True,"22,21,21,21",official_adaptive,3,False,0.9545454545454546,21,8d6dd7f6042ac9496086be68b6b2f672aff15404d205b4e18527773eff8bca40,f57066a8ef21270c27e51fb701bf974fe91105b9dc03814963989f289750d2a6,3,22,59e8b4cbedea1ecab405db1de8792b4a18a473cc4870436eb2250b04fc142139,b4c807699a4f6783529a0b0af7bf299142998a7f8b466a6bd9d8321189abb56f,False,compartmentalized,0.3606277161313793,77881,121446,15849,20,policy_train_compartmentalized_double_horizontal_0002,False,0.9621212121212122,0.4205594883183453,0.43422942100016826,0,0.18028890399999997,0.2570998529999997,0.053776878000007855,lns2.receding_q_label_pilot.v1,target:4,0.17712956800016855,high_cost_progress,policy_train,s3__policy_train__policy_train_compartmentalized_double_horizontal_0002__task_0014__seed_0000__realized_dynamic__decision_0007__0017,horizon_complete,3
