actual_size,agent_count,agents,candidate_id,complete,conflict_trajectory,continuation_teacher,executed_steps,feasible,final_conflict_ratio,final_conflicts,final_fingerprint,final_repair_fingerprint,horizon,initial_conflicts,initial_fingerprint,initial_repair_fingerprint,is_v2_candidate,layout_mode,log_total_seconds,low_level_expanded,low_level_generated,low_level_reopened,low_level_runs,map_id,no_progress,normalized_step_auc,normalized_wall_auc_seconds,observed_total_seconds,padded_steps,pp_replan_seconds,repair_wall_seconds,root_selection_seconds,schema,selection_families,selection_wall_seconds,source_stratum,split,state_id,stop_reason,trial_index
14,100,"0,3,5,15,18,24,25,29,38,48,72,83,98,99",neighborhood-01ad593ef90254f2,True,"2,0",official_adaptive,1,True,0.0,0,8054c32aebb98b9c8e2e5cafaa792278bb8ac4c1f574223d2ae5b4b3476c7c19,c951619294e04d321c713131c858d8f6e4db8487c777934f565166c8c5e3a386,3,2,4f6e69705435e2f6352697e431905b603c294aa340d55dfd9233cc6398fa6c46,0fb48641acba6bb846facc0ea29201b4855f0d28e95134994d3af9a31f5222b0,False,compartmentalized,0.03497827866380057,3914,11509,0,14,policy_train_compartmentalized_double_horizontal_0001,False,0.16666666666666666,0.035597214000063104,0.035597214000063104,2,0.006740917,0.01205673399999796,0.023540480000065145,lns2.receding_q_label_pilot.v1,collision:16,0.023540480000065145,near_feasible,policy_train,s3__policy_train__policy_train_compartmentalized_double_horizontal_0001__task_0007__seed_0000__realized_dynamic__decision_0000__0000,feasible,0
14,100,"0,3,5,15,18,24,25,29,38,48,72,83,98,99",neighborhood-01ad593ef90254f2,True,"2,0",official_adaptive,1,True,0.0,0,38e82a2ef55c290dcb4e9a33c8a90da0fe5f49097add2e8e6ac8bfa68408ad0a,ed390d97276aeb957b6a7ad0a0d888cd48aeb8a7cd3fa29e33a60201fc500855,3,2,4f6e69705435e2f6352697e431905b603c294aa340d55dfd9233cc6398fa6c46,0fb48641acba6bb846facc0ea29201b4855f0d28e95134994d3af9a31f5222b0,False,compartmentalized,0.035685055653259135,3819,11122,0,14,policy_train_compartmentalized_double_horizontal_0001,False,0.16666666666666666,0.036329409000074975,0.036329409000074975,2,0.006922061,0.01278892900000983,0.023540480000065145,lns2.receding_q_label_pilot.v1,collision:16,0.023540480000065145,near_feasible,policy_train,s3__policy_train__policy_train_compartmentalized_double_horizontal_0001__task_0007__seed_0000__realized_dynamic__decision_0000__0000,feasible,1
16,100,"0,1,14,15,18,22,29,43,46,49,55,56,59,73,83,86",neighborhood-027afcb298b35988,True,"2,0",official_adaptive,1,True,0.0,0,58c3edad5ae661a9839ec4a812231fefc3fc63fbbb34085bb0d4273e427d2060,cad81c4c2862666243583cda40001590988a9741ce9c963490860b70c89b8c62,3,2,4f6e69705435e2f6352697e431905b603c294aa340d55dfd9233cc6398fa6c46,0fb48641acba6bb846facc0ea29201b4855f0d28e95134994d3af9a31f5222b0,False,compartmentalized,0.04054618528845444,10083,13614,5197,16,policy_train_compartmentalized_double_horizontal_0001,False,0.16666666666666666,0.041379405000071756,0.041379405000071756,2,0.012136361,0.01783892500000661,0.023540480000065145,lns2.receding_q_label_pilot.v1,random:16,0.023540480000065145,near_feasible,policy_train,s3__policy_train__policy_train_compartmentalized_double_horizontal_0001__task_0007__seed_0000__realized_dynamic__decision_0000__0000,feasible,0
16,100,"0,1,14,15,18,22,29,43,46,49,55,56,59,73,83,86",neighborhood-027afcb298b35988,True,"2,0",official_adaptive,1,True,0.0,0,bd3336aef4ca66a8ec0c63fdc1619a7d5960eeaeed0ef9ddf8fc9cae155b1dee,707200924ad8aebd14fbbd80e5ee7998d6a7b359971d8aad735b4328c6b2c14d,3,2,4f6e69705435e2f6352697e431905b603c294aa340d55dfd9233cc6398fa6c46,0fb48641acba6bb846facc0ea29201b4855f0d28e95134994d3af9a31f5222b0,False,compartmentalized,0.04172083716021453,11561,14889,6154,16,policy_train_compartmentalized_double_horizontal_0001,False,0.16666666666666666,0.04260338200006686,0.04260338200006686,2,0.013072041,0.019062902000001714,0.023540480000065145,lns2.receding_q_label_pilot.v1,random:16,0.023540480000065145,near_feasible,policy_train,s3__policy_train__policy_train_compartmentalized_double_horizontal_0001__task_0007__seed_0000__realized_dynamic__decision_0000__0000,feasible,1
4,100,"15,20,29,52",neighborhood-0322d84e511c38ae,True,"2,2,2,0",official_adaptive,3,True,0.0,0,7f0ce192cab91b81ec057c96163cdb4805afc12014cff379f0f3dc1460dfe9ba,64970b9b44981578e6b97cc913e87190b3f508ea901643bef5e918a34ba56f99,3,2,4f6e69705435e2f6352697e431905b603c294aa340d55dfd9233cc6398fa6c46,0fb48641acba6bb846facc0ea29201b4855f0d28e95134994d3af9a31f5222b0,False,compartmentalized,0.16624578877242285,60144,30464,39619,20,policy_train_compartmentalized_double_horizontal_0001,False,0.8333333333333334,0.18086330900008818,0.18086330900008818,0,0.044466583,0.06224639200000581,0.023540480000065145,lns2.receding_q_label_pilot.v1,random:4,0.11861691700008237,near_feasible,policy_train,s3__policy_train__policy_train_compartmentalized_double_horizontal_0001__task_0007__seed_0000__realized_dynamic__decision_0000__0000,feasible,0
4,100,"15,20,29,52",neighborhood-0322d84e511c38ae,True,"2,2,0",official_adaptive,2,True,0.0,0,622433f42d5d2a4f9950f18888b5b35ced13453461a189ac7c66bdf7860cdd50,8b0cbe924db67987abaa2e6d9cbe93402624261c74cfe27536477d18284ecfa0,3,2,4f6e69705435e2f6352697e431905b603c294aa340d55dfd9233cc6398fa6c46,0fb48641acba6bb846facc0ea29201b4855f0d28e95134994d3af9a31f5222b0,False,compartmentalized,0.0840291797398706,32636,18825,20962,12,policy_train_compartmentalized_double_horizontal_0001,False,0.5,0.0876606310000625,0.0876606310000625,1,0.025706428,0.038588468000000375,0.023540480000065145,lns2.receding_q_label_pilot.v1,random:4,0.04907216300006212,near_feasible,policy_train,s3__policy_train__policy_train_compartmentalized_double_horizontal_0001__task_0007__seed_0000__realized_dynamic__decision_0000__0000,feasible,1
8,100,"5,21,23,27,29,51,86,87",neighborhood-04e998c816ac85fb,True,"2,2,2,0",official_adaptive,3,True,0.0,0,832926aa2d63bb61e001f2997bb22f2815f5cb890b1a1d789ae23b8f35db50cd,ececf841ffb30041a872f66e63572df17ad63cf992c0a84f88d41bfd0375c7b9,3,2,4f6e69705435e2f6352697e431905b603c294aa340d55dfd9233cc6398fa6c46,0fb48641acba6bb846facc0ea29201b4855f0d28e95134994d3af9a31f5222b0,False,compartmentalized,0.12148830576808405,46162,25672,30182,24,policy_train_compartmentalized_double_horizontal_0001,False,0.8333333333333334,0.12917616100004636,0.12917616100004636,0,0.037101972999999996,0.05596321499997714,0.023540480000065145,lns2.receding_q_label_pilot.v1,random:8,0.07321294600006922,near_feasible,policy_train,s3__policy_train__policy_train_compartmentalized_double_horizontal_0001__task_0007__seed_0000__realized_dynamic__decision_0000__0000,feasible,0
8,100,"5,21,23,27,29,51,86,87",neighborhood-04e998c816ac85fb,True,"2,2,0",official_adaptive,2,True,0.0,0,dbedd91f25f86961c8a72a56ef9039f8aeec8a753917fdf0efead35742c3caf7,c0908ea29cf32a0a16c7deb261241ca23aa590a0161194b7de1459846146f9ef,3,2,4f6e69705435e2f6352697e431905b603c294aa340d55dfd9233cc6398fa6c46,0fb48641acba6bb846facc0ea29201b4855f0d28e95134994d3af9a31f5222b0,False,compartmentalized,0.07521027332514252,15547,13949,8459,16,policy_train_compartmentalized_double_horizontal_0001,False,0.5,0.07811082500008126,0.07811082500008126,1,0.012805422,0.029081076000011308,0.023540480000065145,lns2.receding_q_label_pilot.v1,random:8,0.049029749000069955,near_feasible,policy_train,s3__policy_train__policy_train_compartmentalized_double_horizontal_0001__task_0007__seed_0000__realized_dynamic__decision_0000__0000,feasible,1
8,100,"2,15,17,54,59,60,72,91",neighborhood-05986f38350cd5c2,True,"2,1,0",official_adaptive,2,True,0.0,0,3b43c0fc482b1faebc27238d4b4228e4b171856e563bd8c64282968bd3b43015,c8b4c36e9aa8cae5af8ec200e11ac238da1e5867af2ee22fee8fc15e3d0a4204,3,2,4f6e69705435e2f6352697e431905b603c294aa340d55dfd9233cc6398fa6c46,0fb48641acba6bb846facc0ea29201b4855f0d28e95134994d3af9a31f5222b0,False,compartmentalized,0.05867707386967062,2506,7044,88,13,policy_train_compartmentalized_double_horizontal_0001,False,0.3333333333333333,0.04572081750006163,0.06043274400006737,1,0.004368552,0.01642848899999194,0.023540480000065145,lns2.receding_q_label_pilot.v1,random:8,0.04400425500007543,near_feasible,policy_train,s3__policy_train__policy_train_compartmentalized_double_horizontal_0001__task_0007__seed_0000__realized_dynamic__decision_0000__0000,feasible,0
8,100,"2,15,17,54,59,60,72,91",neighborhood-05986f38350cd5c2,True,"2,1,0",official_adaptive,2,True,0.0,0,4bf8ed329fed2eab964e932189b75bed3dc9cbdb958f5517baa7deb9c97ec874,4cd473c3830c74c0b3dad19fb349145ac86ee94e64645e207ab5a1a9fc65a7bb,3,2,4f6e69705435e2f6352697e431905b603c294aa340d55dfd9233cc6398fa6c46,0fb48641acba6bb846facc0ea29201b4855f0d28e95134994d3af9a31f5222b0,False,compartmentalized,0.0585625678319857,2850,8172,74,16,policy_train_compartmentalized_double_horizontal_0001,False,0.3333333333333333,0.045624124000056554,0.060311325000057536,1,0.0052182159999999995,0.016318877999992765,0.023540480000065145,lns2.receding_q_label_pilot.v1,random:8,0.04399244700006477,near_feasible,policy_train,s3__policy_train__policy_train_compartmentalized_double_horizontal_0001__task_0007__seed_0000__realized_dynamic__decision_0000__0000,feasible,1
16,100,"8,12,15,18,19,23,29,34,47,48,49,52,53,60,72,90",neighborhood-061a4d18036d85b8,True,"2,2,0",official_adaptive,2,True,0.0,0,b97be5584d7c37c248c94ada34aa333c505644094d16ebcd707164e77137a19a,63e5ae56620c3ac23c23281fdb3ca4af906153cbb77e0daa7edc81ea51b8b0f9,3,2,4f6e69705435e2f6352697e431905b603c294aa340d55dfd9233cc6398fa6c46,0fb48641acba6bb846facc0ea29201b4855f0d28e95134994d3af9a31f5222b0,False,compartmentalized,0.08957385852772067,33865,25421,20235,24,policy_train_compartmentalized_double_horizontal_0001,False,0.5,0.09370811000005119,0.09370811000005119,1,0.02727936,0.03990339599998549,0.023540480000065145,lns2.receding_q_label_pilot.v1,target:16,0.0538047140000657,near_feasible,policy_train,s3__policy_train__policy_train_compartmentalized_double_horizontal_0001__task_0007__seed_0000__realized_dynamic__decision_0000__0000,feasible,0
16,100,"8,12,15,18,19,23,29,34,47,48,49,52,53,60,72,90",neighborhood-061a4d18036d85b8,True,"2,0",official_adaptive,1,True,0.0,0,e2984129566d7b6ca22b8a6ea45e916ee578bf53d8591e233734995d4d775b22,ca16b4110d830d502169bf479c7281cc561cb2b9c5b6ed75731a74fe754edbbb,3,2,4f6e69705435e2f6352697e431905b603c294aa340d55dfd9233cc6398fa6c46,0fb48641acba6bb846facc0ea29201b4855f0d28e95134994d3af9a31f5222b0,False,compartmentalized,0.03552987962991862,3813,11423,121,16,policy_train_compartmentalized_double_horizontal_0001,False,0.16666666666666666,0.03616860800006805,0.03616860800006805,2,0.006802458,0.012628128000002903,0.023540480000065145,lns2.receding_q_label_pilot.v1,target:16,0.023540480000065145,near_feasible,policy_train,s3__policy_train__policy_train_compartmentalized_double_horizontal_0001__task_0007__seed_0000__realized_dynamic__decision_0000__0000,feasible,1
8,100,"3,13,15,18,29,44,47,90",neighborhood-066c930ad58a5ca0,True,"2,2,2,0",official_adaptive,3,True,0.0,0,7035fdb181ae06f918926cfac16183a48f93855f5c4a7904d0aea814cca0c743,d5c6e65e55120bb4a59c95048595808f0bd2cebc2cd982e4198d4888941bc2c9,3,2,4f6e69705435e2f6352697e431905b603c294aa340d55dfd9233cc6398fa6c46,0fb48641acba6bb846facc0ea29201b4855f0d28e95134994d3af9a31f5222b0,False,compartmentalized,0.12811893793197607,63088,33186,41829,24,policy_train_compartmentalized_double_horizontal_0001,False,0.8333333333333334,0.13668819000007204,0.13668819000007204,0,0.04686123,0.0648862930000007,0.023540480000065145,lns2.receding_q_label_pilot.v1,collision:8,0.07180189700007134,near_feasible,policy_train,s3__policy_train__policy_train_compartmentalized_double_horizontal_0001__task_0007__seed_0000__realized_dynamic__decision_0000__0000,feasible,0
8,100,"3,13,15,18,29,44,47,90",neighborhood-066c930ad58a5ca0,True,"2,2,0",official_adaptive,2,True,0.0,0,ab0670e757d83b9225a7c58d914fe752b285ef97de49d63879c9f45f193b61ae,2373e638a56b8ab2c46b1831f3f928b8d571d44fbf4da9966688e397f049bf4e,3,2,4f6e69705435e2f6352697e431905b603c294aa340d55dfd9233cc6398fa6c46,0fb48641acba6bb846facc0ea29201b4855f0d28e95134994d3af9a31f5222b0,False,compartmentalized,0.08335629597874475,32660,21116,20320,16,policy_train_compartmentalized_double_horizontal_0001,False,0.5,0.08692900800006953,0.08692900800006953,1,0.025465549,0.03809612599999923,0.023540480000065145,lns2.receding_q_label_pilot.v1,collision:8,0.0488328820000703,near_feasible,policy_train,s3__policy_train__policy_train_compartmentalized_double_horizontal_0001__task_0007__seed_0000__realized_dynamic__decision_0000__0000,feasible,1
8,100,"6,15,18,29,37,50,59,81",neighborhood-0bbe363c72cb0441,True,"2,0",official_adaptive,1,True,0.0,0,6babfe67d8ab588a664319ff4ec92d65f4f2894766cf313cbe408b9a6032c597,1649e2bd07fc24f6c70438b2dd38ff937e0d6a6b57146504107cb31fb87a0158,3,2,4f6e69705435e2f6352697e431905b603c294aa340d55dfd9233cc6398fa6c46,0fb48641acba6bb846facc0ea29201b4855f0d28e95134994d3af9a31f5222b0,False,compartmentalized,0.03259394977020799,2297,5778,56,8,policy_train_compartmentalized_double_horizontal_0001,False,0.16666666666666666,0.033130951000060804,0.033130951000060804,2,0.003674066,0.00959047099999566,0.023540480000065145,lns2.receding_q_label_pilot.v1,collision:8,0.023540480000065145,near_feasible,policy_train,s3__policy_train__policy_train_compartmentalized_double_horizontal_0001__task_0007__seed_0000__realized_dynamic__decision_0000__0000,feasible,0
8,100,"6,15,18,29,37,50,59,81",neighborhood-0bbe363c72cb0441,True,"2,0",official_adaptive,1,True,0.0,0,96ef0529aa5ea2d6772df4a4924285871be1133a54afcdfeb6861442bdac04cc,f04e76f9d7b494616ec6920c2c2bd5ba0db8f12101eb52576aa1f0b81d20ddd9,3,2,4f6e69705435e2f6352697e431905b603c294aa340d55dfd9233cc6398fa6c46,0fb48641acba6bb846facc0ea29201b4855f0d28e95134994d3af9a31f5222b0,False,compartmentalized,0.032207615308629506,2475,6412,52,8,policy_train_compartmentalized_double_horizontal_0001,False,0.16666666666666666,0.032731894000065154,0.032731894000065154,2,0.003699935,0.009191414000000009,0.023540480000065145,lns2.receding_q_label_pilot.v1,collision:8,0.023540480000065145,near_feasible,policy_train,s3__policy_train__policy_train_compartmentalized_double_horizontal_0001__task_0007__seed_0000__realized_dynamic__decision_0000__0000,feasible,1
3,100,"15,42,72",neighborhood-0f9cc09c1fdc199e,True,"2,1,0",official_adaptive,2,True,0.0,0,0825499d802af62a83d9ee8f113a45ce051c9fb07277e51dce5cb3584dc1d241,5341603752a0cd45b4b51aa1f2d1abb180330e5e2f54cd61c7b2e8630c2e1549,3,2,4f6e69705435e2f6352697e431905b603c294aa340d55dfd9233cc6398fa6c46,0fb48641acba6bb846facc0ea29201b4855f0d28e95134994d3af9a31f5222b0,False,compartmentalized,0.05749956414163487,2186,5475,145,8,policy_train_compartmentalized_double_horizontal_0001,False,0.3333333333333333,0.04462898100007351,0.05918480900007239,1,0.003599604,0.015049630000007141,0.023540480000065145,lns2.receding_q_label_pilot.v1,target:16,0.04413517900006525,near_feasible,policy_train,s3__policy_train__policy_train_compartmentalized_double_horizontal_0001__task_0007__seed_0000__realized_dynamic__decision_0000__0000,feasible,0
3,100,"15,42,72",neighborhood-0f9cc09c1fdc199e,True,"2,1,0",official_adaptive,2,True,0.0,0,824f400daa09dba3466d3b9425ff9d358f6955ac3b21df858c51c80f312a30c4,72cf2042812edd1ff0fbaad50d518a55f1d19748ca20283753cdd83030f17471,3,2,4f6e69705435e2f6352697e431905b603c294aa340d55dfd9233cc6398fa6c46,0fb48641acba6bb846facc0ea29201b4855f0d28e95134994d3af9a31f5222b0,False,compartmentalized,0.060682628604668415,2713,7290,141,11,policy_train_compartmentalized_double_horizontal_0001,False,0.3333333333333333,0.04715191700007182,0.06256163400007608,1,0.005045967,0.018560543000006646,0.023540480000065145,lns2.receding_q_label_pilot.v1,target:16,0.04400109100006944,near_feasible,policy_train,s3__policy_train__policy_train_compartmentalized_double_horizontal_0001__task_0007__seed_0000__realized_dynamic__decision_0000__0000,feasible,1
16,100,"3,7,9,11,13,20,24,29,51,62,65,70,82,87,89,92",neighborhood-2a1a76153464dec8,True,"2,2,2,0",official_adaptive,3,True,0.0,0,17f89bcb84e6943f1bf2cb41bfa114f042988d34c42994022d395f972ecfbf7f,a695c68f25f6b816db8a93b0054f1f31cb1b01cd5a17db6bd5f9bf99e16c6562,3,2,4f6e69705435e2f6352697e431905b603c294aa340d55dfd9233cc6398fa6c46,0fb48641acba6bb846facc0ea29201b4855f0d28e95134994d3af9a31f5222b0,False,compartmentalized,0.11810023334392815,47247,28503,30436,32,policy_train_compartmentalized_double_horizontal_0001,False,0.8333333333333334,0.12535690400005706,0.12535690400005706,0,0.037043775,0.05567775000000097,0.023540480000065145,lns2.receding_q_label_pilot.v1,random:16,0.06967915400005609,near_feasible,policy_train,s3__policy_train__policy_train_compartmentalized_double_horizontal_0001__task_0007__seed_0000__realized_dynamic__decision_0000__0000,feasible,0
16,100,"3,7,9,11,13,20,24,29,51,62,65,70,82,87,89,92",neighborhood-2a1a76153464dec8,True,"2,2,0",official_adaptive,2,True,0.0,0,ceaa9d2bf2da17b596a8cfcb62f6a90e0a5ea0955cfa0853ca18b42b1b425fe8,7640a143f4de6657cf4af26d5e6b84941601b79322b2efacccf26f49fef0ee7f,3,2,4f6e69705435e2f6352697e431905b603c294aa340d55dfd9233cc6398fa6c46,0fb48641acba6bb846facc0ea29201b4855f0d28e95134994d3af9a31f5222b0,False,compartmentalized,0.07066367837813253,16437,17082,8472,24,policy_train_compartmentalized_double_horizontal_0001,False,0.5,0.07322021800004563,0.07322021800004563,1,0.015092707,0.02709340399998439,0.023540480000065145,lns2.receding_q_label_pilot.v1,random:16,0.046126814000061245,near_feasible,policy_train,s3__policy_train__policy_train_compartmentalized_double_horizontal_0001__task_0007__seed_0000__realized_dynamic__decision_0000__0000,feasible,1
2,100,"15,72",neighborhood-33b42d3739d8a4c3,True,"2,1,0",official_adaptive,2,True,0.0,0,1c0f3d9ebc47d6ddb58d6892ae2b704a7a9bdccfdf2680f46f4983107f8fc6c2,009291b3649f69aacb11a394eb7ea8823f7bf8cdedae1510a947ece2c19808ea,3,2,4f6e69705435e2f6352697e431905b603c294aa340d55dfd9233cc6398fa6c46,0fb48641acba6bb846facc0ea29201b4855f0d28e95134994d3af9a31f5222b0,False,compartmentalized,0.056175188576863586,2047,4893,137,7,policy_train_compartmentalized_double_horizontal_0001,False,0.3333333333333333,0.04382736500005535,0.05778297900005214,1,0.003496018,0.015090352999990841,0.023540480000065145,lns2.receding_q_label_pilot.v1,target:8,0.042692626000061296,near_feasible,policy_train,s3__policy_train__policy_train_compartmentalized_double_horizontal_0001__task_0007__seed_0000__realized_dynamic__decision_0000__0000,feasible,0
2,100,"15,72",neighborhood-33b42d3739d8a4c3,True,"2,2,0",official_adaptive,2,True,0.0,0,d4bfb3f67401b5671fe0c94331a19f6f367663b3677fbc49aef7d772b236d22c,94bf12fb08fb11c2c255803f7b0d60f1fbe4b5786819cbe8925bbf2f51bb3779,3,2,4f6e69705435e2f6352697e431905b603c294aa340d55dfd9233cc6398fa6c46,0fb48641acba6bb846facc0ea29201b4855f0d28e95134994d3af9a31f5222b0,False,compartmentalized,0.07234600451436896,18800,13759,11320,10,policy_train_compartmentalized_double_horizontal_0001,False,0.5,0.07502724400006855,0.07502724400006855,1,0.015818459,0.027544605000002775,0.023540480000065145,lns2.receding_q_label_pilot.v1,target:8,0.047482639000065774,near_feasible,policy_train,s3__policy_train__policy_train_compartmentalized_double_horizontal_0001__task_0007__seed_0000__realized_dynamic__decision_0000__0000,feasible,1
4,100,"18,45,88,94",neighborhood-97beebf11cac1f59,True,"2,0",official_adaptive,1,True,0.0,0,d0c6a473f176744bdd39a01311a15b3832ff4ad4e5a25b4eaca0e83ccf1fb145,b6e33d2cfc44c163bb16a6ab002db303b6f51fa67fbfa6922dc460e6e7fc55fa,3,2,4f6e69705435e2f6352697e431905b603c294aa340d55dfd9233cc6398fa6c46,0fb48641acba6bb846facc0ea29201b4855f0d28e95134994d3af9a31f5222b0,False,compartmentalized,0.03135849541414586,1534,3667,22,4,policy_train_compartmentalized_double_horizontal_0001,False,0.16666666666666666,0.031855353000068476,0.031855353000068476,2,0.002294792,0.008314873000003331,0.023540480000065145,lns2.receding_q_label_pilot.v1,random:4,0.023540480000065145,near_feasible,policy_train,s3__policy_train__policy_train_compartmentalized_double_horizontal_0001__task_0007__seed_0000__realized_dynamic__decision_0000__0000,feasible,0
4,100,"18,45,88,94",neighborhood-97beebf11cac1f59,True,"2,0",official_adaptive,1,True,0.0,0,4e8ca4e7a68a62609006a4ca7c3a6a48060a5ea43f3f4c1aba2cc1774fa08f19,0d327ce285877a24eece10b41eb2dacc235c2204b4391058d9217345c546c934,3,2,4f6e69705435e2f6352697e431905b603c294aa340d55dfd9233cc6398fa6c46,0fb48641acba6bb846facc0ea29201b4855f0d28e95134994d3af9a31f5222b0,False,compartmentalized,0.03173026717603666,1527,3779,0,4,policy_train_compartmentalized_double_horizontal_0001,False,0.16666666666666666,0.03223903900006064,0.03223903900006064,2,0.002725225,0.008698558999995498,0.023540480000065145,lns2.receding_q_label_pilot.v1,random:4,0.023540480000065145,near_feasible,policy_train,s3__policy_train__policy_train_compartmentalized_double_horizontal_0001__task_0007__seed_0000__realized_dynamic__decision_0000__0000,feasible,1
4,100,"15,53,72,97",neighborhood-a242e389716a56bf,True,"2,2,2,2",official_adaptive,3,False,1.0,2,d2735e6118a364bcfdc1a6738a45a4a2edca6859d61e0db1282fe6a4c3ca716c,4e3b85486952130fec657ec035ab96bea36e86ecf3b015edea317347fe00d4dd,3,2,4f6e69705435e2f6352697e431905b603c294aa340d55dfd9233cc6398fa6c46,0fb48641acba6bb846facc0ea29201b4855f0d28e95134994d3af9a31f5222b0,False,compartmentalized,0.15212833626841504,73732,38171,48048,20,policy_train_compartmentalized_double_horizontal_0001,True,1.0,0.16430965000007802,0.16430965000007802,0,0.06735039000000001,0.08790572699999188,0.023540480000065145,lns2.receding_q_label_pilot.v1,target:4,0.07640392300008614,near_feasible,policy_train,s3__policy_train__policy_train_compartmentalized_double_horizontal_0001__task_0007__seed_0000__realized_dynamic__decision_0000__0000,horizon_complete,0
4,100,"15,53,72,97",neighborhood-a242e389716a56bf,True,"2,2,0",official_adaptive,2,True,0.0,0,5b6901add96f77ad31ba8e4e09d77ca7371e23cf32c8687594dc31ee3550199b,5d79a3bf33e02c8d42fbb5cd252b381759b14d4254059ae4f6dedf51ff68da6b,3,2,4f6e69705435e2f6352697e431905b603c294aa340d55dfd9233cc6398fa6c46,0fb48641acba6bb846facc0ea29201b4855f0d28e95134994d3af9a31f5222b0,False,compartmentalized,0.07393654231767853,18468,14138,10933,12,policy_train_compartmentalized_double_horizontal_0001,False,0.5,0.07673847600007377,0.07673847600007377,1,0.016834265,0.029565668000003598,0.023540480000065145,lns2.receding_q_label_pilot.v1,target:4,0.04717280800007018,near_feasible,policy_train,s3__policy_train__policy_train_compartmentalized_double_horizontal_0001__task_0007__seed_0000__realized_dynamic__decision_0000__0000,feasible,1
2,100,"18,29",neighborhood-a3f55c71d02839d8,True,"2,0",official_adaptive,1,True,0.0,0,fa34caa25d96e4aebb237be7b89e628cb9b2e867ac24848f26efd87103915caa,6c697f17446697ce201071cf42058ef7b6289f8895f31cd028fcfb04c4cc4065,3,2,4f6e69705435e2f6352697e431905b603c294aa340d55dfd9233cc6398fa6c46,0fb48641acba6bb846facc0ea29201b4855f0d28e95134994d3af9a31f5222b0,True,compartmentalized,0.03033054223775607,1322,2845,0,2,policy_train_compartmentalized_double_horizontal_0001,False,0.16666666666666666,0.03079519900006744,0.03079519900006744,2,0.001798077,0.0072547190000022965,0.023540480000065145,lns2.receding_q_label_pilot.v1,target:8,0.023540480000065145,near_feasible,policy_train,s3__policy_train__policy_train_compartmentalized_double_horizontal_0001__task_0007__seed_0000__realized_dynamic__decision_0000__0000,feasible,0
2,100,"18,29",neighborhood-a3f55c71d02839d8,True,"2,0",official_adaptive,1,True,0.0,0,257393119a956fd503eaef6ec2b28c61efa709a5e1dbbca530b071a2d00a98f8,59b061e0bd016c56f28055804d1eabc18a7a231ed7e45bc33d85b56b9ae4b302,3,2,4f6e69705435e2f6352697e431905b603c294aa340d55dfd9233cc6398fa6c46,0fb48641acba6bb846facc0ea29201b4855f0d28e95134994d3af9a31f5222b0,True,compartmentalized,0.03073398910883956,1323,2828,0,2,policy_train_compartmentalized_double_horizontal_0001,False,0.16666666666666666,0.03121115400006147,0.03121115400006147,2,0.001954425,0.007670673999996325,0.023540480000065145,lns2.receding_q_label_pilot.v1,target:8,0.023540480000065145,near_feasible,policy_train,s3__policy_train__policy_train_compartmentalized_double_horizontal_0001__task_0007__seed_0000__realized_dynamic__decision_0000__0000,feasible,1
16,100,"6,15,18,23,26,27,28,29,34,40,46,52,58,67,77,94",neighborhood-ae4980de9b52c1a8,True,"2,1,0",official_adaptive,2,True,0.0,0,958878f3a8bdbed291e20a95fe6955d1dff090aa3942766117c570def907775e,ec4a9f263e45c9b056e51d6ae23af70a863e44cc414f3aa2b3db81d19f1f128c,3,2,4f6e69705435e2f6352697e431905b603c294aa340d55dfd9233cc6398fa6c46,0fb48641acba6bb846facc0ea29201b4855f0d28e95134994d3af9a31f5222b0,False,compartmentalized,0.06807702075708176,10865,23444,84,24,policy_train_compartmentalized_double_horizontal_0001,False,0.3333333333333333,0.05532135350006939,0.07044775200007791,1,0.015306929,0.027255905000004077,0.023540480000065145,lns2.receding_q_label_pilot.v1,collision:16,0.043191847000073835,near_feasible,policy_train,s3__policy_train__policy_train_compartmentalized_double_horizontal_0001__task_0007__seed_0000__realized_dynamic__decision_0000__0000,feasible,0
16,100,"6,15,18,23,26,27,28,29,34,40,46,52,58,67,77,94",neighborhood-ae4980de9b52c1a8,True,"2,1,0",official_adaptive,2,True,0.0,0,ee533bd686c0fd728f911b51dc38c5b5850472a48707fe2ca3d8a0e98ed4cf7f,0a9c927f0d90b00e8fb2dcb33a4b84e3750ac05f0e3d9edaa031ddf77b139567,3,2,4f6e69705435e2f6352697e431905b603c294aa340d55dfd9233cc6398fa6c46,0fb48641acba6bb846facc0ea29201b4855f0d28e95134994d3af9a31f5222b0,False,compartmentalized,0.0665553690568494,11118,22844,887,24,policy_train_compartmentalized_double_horizontal_0001,False,0.3333333333333333,0.054599510000052476,0.0688201420000496,1,0.014078655,0.02518780399998377,0.023540480000065145,lns2.receding_q_label_pilot.v1,collision:16,0.04363233800006583,near_feasible,policy_train,s3__policy_train__policy_train_compartmentalized_double_horizontal_0001__task_0007__seed_0000__realized_dynamic__decision_0000__0000,feasible,1
4,100,"15,18,29,61",neighborhood-dd63dad02e162083,True,"2,0",official_adaptive,1,True,0.0,0,340293c73365bae574b9688a19ef7427f3ec7e106d7fa3d2a8cb698b7fa324ae,552cd3796c0d72900e6cc185f33a0b490cc91759d21063f9411270bb79339849,3,2,4f6e69705435e2f6352697e431905b603c294aa340d55dfd9233cc6398fa6c46,0fb48641acba6bb846facc0ea29201b4855f0d28e95134994d3af9a31f5222b0,False,compartmentalized,0.031666319671624685,1650,4037,0,4,policy_train_compartmentalized_double_horizontal_0001,False,0.16666666666666666,0.03217303200007393,0.03217303200007393,2,0.002570498,0.008632552000008786,0.023540480000065145,lns2.receding_q_label_pilot.v1,collision:4,0.023540480000065145,near_feasible,policy_train,s3__policy_train__policy_train_compartmentalized_double_horizontal_0001__task_0007__seed_0000__realized_dynamic__decision_0000__0000,feasible,0
4,100,"15,18,29,61",neighborhood-dd63dad02e162083,True,"2,2,0",official_adaptive,2,True,0.0,0,606e9264400a045454993acbe1022fc841a62006dff9184c54242b2cc061d7ab,eeb0b3d4dfca154d6f6bea5408c0d26ab2e0d62e72b16be613ceeab16f6608f9,3,2,4f6e69705435e2f6352697e431905b603c294aa340d55dfd9233cc6398fa6c46,0fb48641acba6bb846facc0ea29201b4855f0d28e95134994d3af9a31f5222b0,False,compartmentalized,0.08139437806312642,31257,18612,19686,12,policy_train_compartmentalized_double_horizontal_0001,False,0.5,0.08479863300004808,0.08479863300004808,1,0.025148804,0.03665854599998397,0.023540480000065145,lns2.receding_q_label_pilot.v1,collision:4,0.04814008700006411,near_feasible,policy_train,s3__policy_train__policy_train_compartmentalized_double_horizontal_0001__task_0007__seed_0000__realized_dynamic__decision_0000__0000,feasible,1
4,100,"15,18,29,67",neighborhood-f2df7e71c2d4a6a3,True,"2,0",official_adaptive,1,True,0.0,0,b4e423505e716bc81cbdb62921546e9f7dbb8dc1d29e0018740e0e7477f9822c,f349bf283e3b959234eea16cbc8b741d1a0006a9d5f09387dbdf56fb338f840e,3,2,4f6e69705435e2f6352697e431905b603c294aa340d55dfd9233cc6398fa6c46,0fb48641acba6bb846facc0ea29201b4855f0d28e95134994d3af9a31f5222b0,False,compartmentalized,0.03128222018688056,1413,3323,0,4,policy_train_compartmentalized_double_horizontal_0001,False,0.16666666666666666,0.03177665100005811,0.03177665100005811,2,0.00232406,0.008236170999992964,0.023540480000065145,lns2.receding_q_label_pilot.v1,collision:4,0.023540480000065145,near_feasible,policy_train,s3__policy_train__policy_train_compartmentalized_double_horizontal_0001__task_0007__seed_0000__realized_dynamic__decision_0000__0000,feasible,0
4,100,"15,18,29,67",neighborhood-f2df7e71c2d4a6a3,True,"2,2,0",official_adaptive,2,True,0.0,0,56c642996a7610249e0d15a92afa6110c3c5291a3e99c15c70e67d141526236e,705ff6d350f4a903ee213ae84047242caff90926b3ef653d5bdee148e8f89655,3,2,4f6e69705435e2f6352697e431905b603c294aa340d55dfd9233cc6398fa6c46,0fb48641acba6bb846facc0ea29201b4855f0d28e95134994d3af9a31f5222b0,False,compartmentalized,0.07995333752634994,30932,17907,19589,12,policy_train_compartmentalized_double_horizontal_0001,False,0.5,0.08323652000005666,0.08323652000005666,1,0.023245657,0.03565797699998541,0.023540480000065145,lns2.receding_q_label_pilot.v1,collision:4,0.04757854300007125,near_feasible,policy_train,s3__policy_train__policy_train_compartmentalized_double_horizontal_0001__task_0007__seed_0000__realized_dynamic__decision_0000__0000,feasible,1
4,100,"15,18,29,72",neighborhood-fb242e22f3e59dbc,True,"2,0",official_adaptive,1,True,0.0,0,676e136129ea2ae0a55395d3d486959e1befefb818d89dc243541a2a15944fc6,7f93eac42c7e5880871494c7fe8b4feb3bda311c14f1fc89c15390faa732a096,3,2,4f6e69705435e2f6352697e431905b603c294aa340d55dfd9233cc6398fa6c46,0fb48641acba6bb846facc0ea29201b4855f0d28e95134994d3af9a31f5222b0,False,compartmentalized,0.030734009473247947,1454,3436,0,4,policy_train_compartmentalized_double_horizontal_0001,False,0.16666666666666666,0.03121117500006676,0.03121117500006676,2,0.002346355,0.007670695000001615,0.023540480000065145,lns2.receding_q_label_pilot.v1,target:4,0.023540480000065145,near_feasible,policy_train,s3__policy_train__policy_train_compartmentalized_double_horizontal_0001__task_0007__seed_0000__realized_dynamic__decision_0000__0000,feasible,0
4,100,"15,18,29,72",neighborhood-fb242e22f3e59dbc,True,"2,2,0",official_adaptive,2,True,0.0,0,e4f7f1287a1906d019f3f07d644cf9dff00dda0dc6ffee3c127e110e2066e73f,8eac4056f6567a3455fa5a076ad351efe1b745980cbd7a799dede3c0001fdd2e,3,2,4f6e69705435e2f6352697e431905b603c294aa340d55dfd9233cc6398fa6c46,0fb48641acba6bb846facc0ea29201b4855f0d28e95134994d3af9a31f5222b0,False,compartmentalized,0.07733165948575613,32176,18290,20675,12,policy_train_compartmentalized_double_horizontal_0001,False,0.5,0.08040034200006119,0.08040034200006119,1,0.022666156,0.03383908099999644,0.023540480000065145,lns2.receding_q_label_pilot.v1,target:4,0.046561261000064746,near_feasible,policy_train,s3__policy_train__policy_train_compartmentalized_double_horizontal_0001__task_0007__seed_0000__realized_dynamic__decision_0000__0000,feasible,1
16,200,"2,14,25,49,64,72,82,101,127,140,172,174,179,181,190,197",neighborhood-01b9345fc181aa5c,True,"1,0",official_adaptive,1,True,0.0,0,e384bb441641eb508b3d2f437764f3ae406a8de815b8f3aabbdd25e196c7d5e3,390f213c7ee7a7b48edc7a862f9092f9171e0dd020ff9df16bac959124bd4af6,3,1,604343bc2e8025e74155961172c16a81deddeb5453b98d7cccecf60fdb5e717a,00c23ddee6488c20716f32e88060225dd10b3bb6ca9cb8f7445ea39c82e16ae4,False,compartmentalized,0.0795641888939876,29125,35614,15836,16,policy_train_compartmentalized_double_horizontal_0001,False,0.16666666666666666,0.08281506199999455,0.08281506199999455,2,0.043161894,0.05452529099999026,0.028289771000004293,lns2.receding_q_label_pilot.v1,collision:16,0.028289771000004293,high_cost_progress,policy_train,s3__policy_train__policy_train_compartmentalized_double_horizontal_0001__task_0008__seed_0000__realized_dynamic__decision_0000__0006,feasible,0
16,200,"2,14,25,49,64,72,82,101,127,140,172,174,179,181,190,197",neighborhood-01b9345fc181aa5c,True,"1,0",official_adaptive,1,True,0.0,0,d5b0984d928d134a283681fe2188aa03c4495462efc4e1c3cf4b10e8fcca4ce2,fa80c506687253d6303585d1e09efdc982ab74bcb3c9040363bcaa4fc3577c04,3,1,604343bc2e8025e74155961172c16a81deddeb5453b98d7cccecf60fdb5e717a,00c23ddee6488c20716f32e88060225dd10b3bb6ca9cb8f7445ea39c82e16ae4,False,compartmentalized,0.07680841189629183,31244,39304,16086,16,policy_train_compartmentalized_double_horizontal_0001,False,0.16666666666666666,0.07983517300000642,0.07983517300000642,2,0.040206692,0.05154540200000213,0.028289771000004293,lns2.receding_q_label_pilot.v1,collision:16,0.028289771000004293,high_cost_progress,policy_train,s3__policy_train__policy_train_compartmentalized_double_horizontal_0001__task_0008__seed_0000__realized_dynamic__decision_0000__0006,feasible,1
16,200,"2,14,25,49,64,72,82,101,127,140,172,174,179,181,190,197",neighborhood-01b9345fc181aa5c,True,"1,0",official_adaptive,1,True,0.0,0,01e161aafef01e8ad1fa1f3c798c86e5dc6ae9afc58c8d4f894182a5ecee2c21,a7b2dfbbb01200332575cc8547aad4a12d7cee3f3fc7c6ce800d3151c77f1495,3,1,604343bc2e8025e74155961172c16a81deddeb5453b98d7cccecf60fdb5e717a,00c23ddee6488c20716f32e88060225dd10b3bb6ca9cb8f7445ea39c82e16ae4,False,compartmentalized,0.0856050515774522,31227,39562,16074,16,policy_train_compartmentalized_double_horizontal_0001,False,0.16666666666666666,0.08937599600000823,0.08937599600000823,2,0.048915769,0.061086225000003935,0.028289771000004293,lns2.receding_q_label_pilot.v1,collision:16,0.028289771000004293,high_cost_progress,policy_train,s3__policy_train__policy_train_compartmentalized_double_horizontal_0001__task_0008__seed_0000__realized_dynamic__decision_0000__0006,feasible,2
16,200,"2,14,25,49,64,72,82,101,127,140,172,174,179,181,190,197",neighborhood-01b9345fc181aa5c,True,"1,0",official_adaptive,1,True,0.0,0,ad10fef2aa4d7a7b6ff0a0ffb493ef880f0c66f324cb0af5e5d4561a9cf69741,07789f7a2d4255af9b448db651f52c54004e22bfadebb8462c443ef61f2c9f3b,3,1,604343bc2e8025e74155961172c16a81deddeb5453b98d7cccecf60fdb5e717a,00c23ddee6488c20716f32e88060225dd10b3bb6ca9cb8f7445ea39c82e16ae4,False,compartmentalized,0.0739155388539179,31375,39633,16301,16,policy_train_compartmentalized_double_horizontal_0001,False,0.16666666666666666,0.07671586100001093,0.07671586100001093,2,0.038694535,0.04842609000000664,0.028289771000004293,lns2.receding_q_label_pilot.v1,collision:16,0.028289771000004293,high_cost_progress,policy_train,s3__policy_train__policy_train_compartmentalized_double_horizontal_0001__task_0008__seed_0000__realized_dynamic__decision_0000__0006,feasible,3
8,200,"14,34,77,82,151,165,170,188",neighborhood-0620317b839a331b,True,"1,1,0",official_adaptive,2,True,0.0,0,b066a740b44b1e9c26c03bc2f0cb50c1559dcce7e8d229661f75fd8e244cfed5,4da1501cf487e6c736116789bfa20d980c957e2811cf96c8c002a42d0b63925e,3,1,604343bc2e8025e74155961172c16a81deddeb5453b98d7cccecf60fdb5e717a,00c23ddee6488c20716f32e88060225dd10b3bb6ca9cb8f7445ea39c82e16ae4,False,compartmentalized,0.10863607255914055,24251,41267,6305,16,policy_train_compartmentalized_double_horizontal_0001,False,0.5,0.11475658600001282,0.11475658600001282,1,0.037354045,0.05871701700000642,0.028289771000004293,lns2.receding_q_label_pilot.v1,collision:8,0.056039569000006395,high_cost_progress,policy_train,s3__policy_train__policy_train_compartmentalized_double_horizontal_0001__task_0008__seed_0000__realized_dynamic__decision_0000__0006,feasible,0
8,200,"14,34,77,82,151,165,170,188",neighborhood-0620317b839a331b,True,"1,1,1,1",official_adaptive,3,False,1.0,1,636f3987cb88bc2794963c4bf9e3b02dabd45e60e448c262524191993219900c,150a496d30fd99846a563e6ba170a646ea5379cc4b2fbc5e78b4313c3bab8639,3,1,604343bc2e8025e74155961172c16a81deddeb5453b98d7cccecf60fdb5e717a,00c23ddee6488c20716f32e88060225dd10b3bb6ca9cb8f7445ea39c82e16ae4,False,compartmentalized,0.13071149294203166,11706,21509,1505,8,policy_train_compartmentalized_double_horizontal_0001,True,1.0,0.13963894000002597,0.13963894000002597,0,0.020482092,0.05414747000000375,0.028289771000004293,lns2.receding_q_label_pilot.v1,collision:8,0.08549147000002222,high_cost_progress,policy_train,s3__policy_train__policy_train_compartmentalized_double_horizontal_0001__task_0008__seed_0000__realized_dynamic__decision_0000__0006,horizon_complete,1
8,200,"14,34,77,82,151,165,170,188",neighborhood-0620317b839a331b,True,"1,0",official_adaptive,1,True,0.0,0,68178b35c666915627d76719ef8a7a9958390f4333c3698ea7160d3342f1beef,c497afe7a0dd06b6f86b0b402243aa2abc11e674ba4fe026e01e9ddc604ad70a,3,1,604343bc2e8025e74155961172c16a81deddeb5453b98d7cccecf60fdb5e717a,00c23ddee6488c20716f32e88060225dd10b3bb6ca9cb8f7445ea39c82e16ae4,False,compartmentalized,0.052061778977615186,8767,19112,1560,8,policy_train_compartmentalized_double_horizontal_0001,False,0.16666666666666666,0.05344082100000236,0.05344082100000236,2,0.016034448,0.025151049999998065,0.028289771000004293,lns2.receding_q_label_pilot.v1,collision:8,0.028289771000004293,high_cost_progress,policy_train,s3__policy_train__policy_train_compartmentalized_double_horizontal_0001__task_0008__seed_0000__realized_dynamic__decision_0000__0006,feasible,2
8,200,"14,34,77,82,151,165,170,188",neighborhood-0620317b839a331b,True,"1,1,0",official_adaptive,2,True,0.0,0,331d9930a5ee116f0534ba4fdbaa9b7d05f31cb6b8671defc26340318b71b05d,50776ec6c00fe38235182e5ec4ffec9d1bb5d279fdb9b52a4fb37197af2d049c,3,1,604343bc2e8025e74155961172c16a81deddeb5453b98d7cccecf60fdb5e717a,00c23ddee6488c20716f32e88060225dd10b3bb6ca9cb8f7445ea39c82e16ae4,False,compartmentalized,0.1457943957034125,25910,50176,3386,16,policy_train_compartmentalized_double_horizontal_0001,False,0.5,0.15695828800001266,0.15695828800001266,1,0.039373385,0.05984681200001063,0.028289771000004293,lns2.receding_q_label_pilot.v1,collision:8,0.09711147600000203,high_cost_progress,policy_train,s3__policy_train__policy_train_compartmentalized_double_horizontal_0001__task_0008__seed_0000__realized_dynamic__decision_0000__0006,feasible,3
8,200,"12,14,26,74,82,92,146,161",neighborhood-064794b3c45281b4,True,"1,0",official_adaptive,1,True,0.0,0,5b2648db7f130bf83f95b98d16b24f16da0ed24628d020e37be64db8a9096697,544e32564ee417145369b496661f560b09b54ac76f5215c31381e63a70bf9f0f,3,1,604343bc2e8025e74155961172c16a81deddeb5453b98d7cccecf60fdb5e717a,00c23ddee6488c20716f32e88060225dd10b3bb6ca9cb8f7445ea39c82e16ae4,False,compartmentalized,0.0654727452393079,17276,37628,1184,8,policy_train_compartmentalized_double_horizontal_0001,False,0.16666666666666666,0.06766363799999908,0.06766363799999908,2,0.02841746,0.03937386699999479,0.028289771000004293,lns2.receding_q_label_pilot.v1,collision:8,0.028289771000004293,high_cost_progress,policy_train,s3__policy_train__policy_train_compartmentalized_double_horizontal_0001__task_0008__seed_0000__realized_dynamic__decision_0000__0006,feasible,0
8,200,"12,14,26,74,82,92,146,161",neighborhood-064794b3c45281b4,True,"1,0",official_adaptive,1,True,0.0,0,b8a4814d1760dfef98c75796188b7db1151001af498114fbe7b68a835a1a6b75,095e3a1d7e51ca9edec0d09bde097c0a54844a95fb20d0e8afeea31da53f2c01,3,1,604343bc2e8025e74155961172c16a81deddeb5453b98d7cccecf60fdb5e717a,00c23ddee6488c20716f32e88060225dd10b3bb6ca9cb8f7445ea39c82e16ae4,False,compartmentalized,0.06300450106770386,15507,35700,1064,8,policy_train_compartmentalized_double_horizontal_0001,False,0.16666666666666666,0.06503163300000381,0.06503163300000381,2,0.025282593,0.036741861999999514,0.028289771000004293,lns2.receding_q_label_pilot.v1,collision:8,0.028289771000004293,high_cost_progress,policy_train,s3__policy_train__policy_train_compartmentalized_double_horizontal_0001__task_0008__seed_0000__realized_dynamic__decision_0000__0006,feasible,1
8,200,"12,14,26,74,82,92,146,161",neighborhood-064794b3c45281b4,True,"1,1,0",official_adaptive,2,True,0.0,0,87cffff52293009d2720f88c79b95705726dc61ae57a834c5dde32d0cf31eaf2,4c8c5c8a0cfecc294f03b8312f2a2462e8aabfd9f5a1e4fa403952deff2aa563,3,1,604343bc2e8025e74155961172c16a81deddeb5453b98d7cccecf60fdb5e717a,00c23ddee6488c20716f32e88060225dd10b3bb6ca9cb8f7445ea39c82e16ae4,False,compartmentalized,0.11370252524157284,33255,59027,7028,16,policy_train_compartmentalized_double_horizontal_0001,False,0.5,0.12041877899999776,0.12041877899999776,1,0.048194684,0.06780194399999573,0.028289771000004293,lns2.receding_q_label_pilot.v1,collision:8,0.05261683500000203,high_cost_progress,policy_train,s3__policy_train__policy_train_compartmentalized_double_horizontal_0001__task_0008__seed_0000__realized_dynamic__decision_0000__0006,feasible,2
8,200,"12,14,26,74,82,92,146,161",neighborhood-064794b3c45281b4,True,"1,0",official_adaptive,1,True,0.0,0,64cd4dfaefd5e0b333db470d8a7f8dc8b30caf9e2db2258680352d2dccf2886f,29a11be02c580d8f106d82b047340347d0ce2c24caac97b780dcdfebffaa720e,3,1,604343bc2e8025e74155961172c16a81deddeb5453b98d7cccecf60fdb5e717a,00c23ddee6488c20716f32e88060225dd10b3bb6ca9cb8f7445ea39c82e16ae4,False,compartmentalized,0.0774620184038446,18359,37754,2532,8,policy_train_compartmentalized_double_horizontal_0001,False,0.16666666666666666,0.0805411910000089,0.0805411910000089,2,0.040931124,0.0522514200000046,0.028289771000004293,lns2.receding_q_label_pilot.v1,collision:8,0.028289771000004293,high_cost_progress,policy_train,s3__policy_train__policy_train_compartmentalized_double_horizontal_0001__task_0008__seed_0000__realized_dynamic__decision_0000__0006,feasible,3
16,200,"5,14,24,26,40,44,46,65,74,92,94,124,140,142,179,188",neighborhood-07636f198dcab364,True,"1,0",official_adaptive,1,True,0.0,0,73065620ff8bdabce0677e7494c66df8caacb07dfc00ec277f2dd6dd81f71557,6d7f05d1eb11444381ec6defed2ba0f8f2f011acd675e903d8c9e9a09b6fec33,3,1,604343bc2e8025e74155961172c16a81deddeb5453b98d7cccecf60fdb5e717a,00c23ddee6488c20716f32e88060225dd10b3bb6ca9cb8f7445ea39c82e16ae4,False,compartmentalized,0.06995004085416595,22413,42745,5647,16,policy_train_compartmentalized_double_horizontal_0001,False,0.16666666666666666,0.072454601000004,0.072454601000004,2,0.03318419,0.04416482999999971,0.028289771000004293,lns2.receding_q_label_pilot.v1,random:16,0.028289771000004293,high_cost_progress,policy_train,s3__policy_train__policy_train_compartmentalized_double_horizontal_0001__task_0008__seed_0000__realized_dynamic__decision_0000__0006,feasible,0
16,200,"5,14,24,26,40,44,46,65,74,92,94,124,140,142,179,188",neighborhood-07636f198dcab364,True,"1,0",official_adaptive,1,True,0.0,0,87b539b7874eaa8f50c6bf50d7ab7edf4c2fc60dc77fe074e0bcf0c86c44e504,3e33830e9811a4ad96379bb288e5c457e8c0a92e418bbb62153d0cc685258e2e,3,1,604343bc2e8025e74155961172c16a81deddeb5453b98d7cccecf60fdb5e717a,00c23ddee6488c20716f32e88060225dd10b3bb6ca9cb8f7445ea39c82e16ae4,False,compartmentalized,0.06699713345931359,18871,36393,5324,16,policy_train_compartmentalized_double_horizontal_0001,False,0.16666666666666666,0.06929241299999944,0.06929241299999944,2,0.030367681,0.04100264199999515,0.028289771000004293,lns2.receding_q_label_pilot.v1,random:16,0.028289771000004293,high_cost_progress,policy_train,s3__policy_train__policy_train_compartmentalized_double_horizontal_0001__task_0008__seed_0000__realized_dynamic__decision_0000__0006,feasible,1
16,200,"5,14,24,26,40,44,46,65,74,92,94,124,140,142,179,188",neighborhood-07636f198dcab364,True,"1,0",official_adaptive,1,True,0.0,0,055bba9775b5b21e772da74ac5151c1b054914eece07b0dfc22324b44d363fbc,63ef34a5d34a370ab67194343acbd8da7724908d3732425e43b7b2e2d4e04f71,3,1,604343bc2e8025e74155961172c16a81deddeb5453b98d7cccecf60fdb5e717a,00c23ddee6488c20716f32e88060225dd10b3bb6ca9cb8f7445ea39c82e16ae4,False,compartmentalized,0.06279180307590941,17117,35731,3698,16,policy_train_compartmentalized_double_horizontal_0001,False,0.16666666666666666,0.06480512700000673,0.06480512700000673,2,0.026630115,0.03651535600000244,0.028289771000004293,lns2.receding_q_label_pilot.v1,random:16,0.028289771000004293,high_cost_progress,policy_train,s3__policy_train__policy_train_compartmentalized_double_horizontal_0001__task_0008__seed_0000__realized_dynamic__decision_0000__0006,feasible,2
16,200,"5,14,24,26,40,44,46,65,74,92,94,124,140,142,179,188",neighborhood-07636f198dcab364,True,"1,0",official_adaptive,1,True,0.0,0,f809b48d0a8d9182bc6e070966f34981f860e17d48ea27a1712bf1f2519415e8,ba8b13105ee325582bfda96a70400e5400d9035d2cffd906fc2d8f957a6c6e99,3,1,604343bc2e8025e74155961172c16a81deddeb5453b98d7cccecf60fdb5e717a,00c23ddee6488c20716f32e88060225dd10b3bb6ca9cb8f7445ea39c82e16ae4,False,compartmentalized,0.06596938134368971,18360,36473,5635,16,policy_train_compartmentalized_double_horizontal_0001,False,0.16666666666666666,0.06819401000000624,0.06819401000000624,2,0.029187648,0.03990423900000195,0.028289771000004293,lns2.receding_q_label_pilot.v1,random:16,0.028289771000004293,high_cost_progress,policy_train,s3__policy_train__policy_train_compartmentalized_double_horizontal_0001__task_0008__seed_0000__realized_dynamic__decision_0000__0006,feasible,3
16,200,"11,14,23,24,39,44,66,85,86,95,105,109,110,111,156,195",neighborhood-08abb4b13842628b,True,"1,0",official_adaptive,1,True,0.0,0,a7b08b8e236c412927b6a5f6dc15023d6c75d1e90155a0d64b3db8273f3bcd85,a1c39a21d0f6c05f2c5cfd7cd9086572926d469f71cb37d91df1972d5c3a956f,3,1,604343bc2e8025e74155961172c16a81deddeb5453b98d7cccecf60fdb5e717a,00c23ddee6488c20716f32e88060225dd10b3bb6ca9cb8f7445ea39c82e16ae4,False,compartmentalized,0.06283754655020245,15921,31878,4075,16,policy_train_compartmentalized_double_horizontal_0001,False,0.16666666666666666,0.06485383600001171,0.06485383600001171,2,0.025233193,0.03656406500000742,0.028289771000004293,lns2.receding_q_label_pilot.v1,target:16,0.028289771000004293,high_cost_progress,policy_train,s3__policy_train__policy_train_compartmentalized_double_horizontal_0001__task_0008__seed_0000__realized_dynamic__decision_0000__0006,feasible,0
16,200,"11,14,23,24,39,44,66,85,86,95,105,109,110,111,156,195",neighborhood-08abb4b13842628b,True,"1,0",official_adaptive,1,True,0.0,0,bff9762018c5edd0ca3effab195089b304bd5feab584cb27a0e46b97c1c29a82,8915c2a620233baaea7e22c593de415a395519422bddd73955ea02fe29f80609,3,1,604343bc2e8025e74155961172c16a81deddeb5453b98d7cccecf60fdb5e717a,00c23ddee6488c20716f32e88060225dd10b3bb6ca9cb8f7445ea39c82e16ae4,False,compartmentalized,0.07225387423313101,25261,33419,12717,16,policy_train_compartmentalized_double_horizontal_0001,False,0.16666666666666666,0.07492820600000982,0.07492820600000982,2,0.035135004,0.04663843500000553,0.028289771000004293,lns2.receding_q_label_pilot.v1,target:16,0.028289771000004293,high_cost_progress,policy_train,s3__policy_train__policy_train_compartmentalized_double_horizontal_0001__task_0008__seed_0000__realized_dynamic__decision_0000__0006,feasible,1
16,200,"11,14,23,24,39,44,66,85,86,95,105,109,110,111,156,195",neighborhood-08abb4b13842628b,True,"1,1,1,1",official_adaptive,3,False,1.0,1,f40d5866653e3cfee182653b404e4f37ee5637e8f571f0455a6dcec64c4aa50f,ae47b8aec26c052406598b527af5b01c9a83e26f96b35c4704326dea753684f3,3,1,604343bc2e8025e74155961172c16a81deddeb5453b98d7cccecf60fdb5e717a,00c23ddee6488c20716f32e88060225dd10b3bb6ca9cb8f7445ea39c82e16ae4,False,compartmentalized,0.1601785780605602,43154,78125,5797,32,policy_train_compartmentalized_double_horizontal_0001,True,1.0,0.1737204530000156,0.1737204530000156,0,0.061852737000000005,0.09379180700000234,0.028289771000004293,lns2.receding_q_label_pilot.v1,target:16,0.07992864600001326,high_cost_progress,policy_train,s3__policy_train__policy_train_compartmentalized_double_horizontal_0001__task_0008__seed_0000__realized_dynamic__decision_0000__0006,horizon_complete,2
16,200,"11,14,23,24,39,44,66,85,86,95,105,109,110,111,156,195",neighborhood-08abb4b13842628b,True,"1,0",official_adaptive,1,True,0.0,0,4b9ed289b213f584587e7175c86336e6feec3826bb27e15c1f9e1d133a5a13cf,4dc330fd563729b2aceb95f85d1c50f0fee3905e208d009fd2bc998bc0e8f0bd,3,1,604343bc2e8025e74155961172c16a81deddeb5453b98d7cccecf60fdb5e717a,00c23ddee6488c20716f32e88060225dd10b3bb6ca9cb8f7445ea39c82e16ae4,False,compartmentalized,0.06167867222772063,16826,32995,4444,16,policy_train_compartmentalized_double_horizontal_0001,False,0.16666666666666666,0.0636205190000041,0.0636205190000041,2,0.025455688,0.0353307479999998,0.028289771000004293,lns2.receding_q_label_pilot.v1,target:16,0.028289771000004293,high_cost_progress,policy_train,s3__policy_train__policy_train_compartmentalized_double_horizontal_0001__task_0008__seed_0000__realized_dynamic__decision_0000__0006,feasible,3
4,200,"12,14,70,82",neighborhood-095407fd7c8b0b69,True,"1,1,0",official_adaptive,2,True,0.0,0,bb62e906a375cda54a8e57b3f91de2fd36aa256f9953c0b3c6f2af791fa6741c,dadfcc66425e0bc191bfbba4811d03ed5bfa77ef1cb54c2835a1382807ac42b2,3,1,604343bc2e8025e74155961172c16a81deddeb5453b98d7cccecf60fdb5e717a,00c23ddee6488c20716f32e88060225dd10b3bb6ca9cb8f7445ea39c82e16ae4,False,compartmentalized,0.1135201187681667,24382,45465,3510,12,policy_train_compartmentalized_double_horizontal_0001,False,0.5,0.12021442600000398,0.12021442600000398,1,0.0400249,0.0632015200000069,0.028289771000004293,lns2.receding_q_label_pilot.v1,collision:4,0.05701290599999709,high_cost_progress,policy_train,s3__policy_train__policy_train_compartmentalized_double_horizontal_0001__task_0008__seed_0000__realized_dynamic__decision_0000__0006,feasible,0
4,200,"12,14,70,82",neighborhood-095407fd7c8b0b69,True,"1,1,1,1",official_adaptive,3,False,1.0,1,0999d070177961d0cc0b956ca6714e0fa9ae29da4e22f2f25a2ce56b08a8181c,ff10b1f4330b396217c6c515cac2ea374ca6880abd4d97254923f036c8469a97,3,1,604343bc2e8025e74155961172c16a81deddeb5453b98d7cccecf60fdb5e717a,00c23ddee6488c20716f32e88060225dd10b3bb6ca9cb8f7445ea39c82e16ae4,False,compartmentalized,0.12600044055779244,9914,18799,0,4,policy_train_compartmentalized_double_horizontal_0001,True,1.0,0.13428266799998312,0.13428266799998312,0,0.01574742,0.04863217499998029,0.028289771000004293,lns2.receding_q_label_pilot.v1,collision:4,0.08565049300000283,high_cost_progress,policy_train,s3__policy_train__policy_train_compartmentalized_double_horizontal_0001__task_0008__seed_0000__realized_dynamic__decision_0000__0006,horizon_complete,1
4,200,"12,14,70,82",neighborhood-095407fd7c8b0b69,True,"1,0",official_adaptive,1,True,0.0,0,458ad2453e0bff6972d943c7958027c72f30b875222ae0d0ba7564587d575a61,c2a08c17a445a6a1fc9eb221cb432aad28cab6ccf67cb845bba9249f0353890a,3,1,604343bc2e8025e74155961172c16a81deddeb5453b98d7cccecf60fdb5e717a,00c23ddee6488c20716f32e88060225dd10b3bb6ca9cb8f7445ea39c82e16ae4,False,compartmentalized,0.05574814120614621,6947,16467,0,4,policy_train_compartmentalized_double_horizontal_0001,False,0.16666666666666666,0.05733135200000561,0.05733135200000561,2,0.015147164,0.029041581000001315,0.028289771000004293,lns2.receding_q_label_pilot.v1,collision:4,0.028289771000004293,high_cost_progress,policy_train,s3__policy_train__policy_train_compartmentalized_double_horizontal_0001__task_0008__seed_0000__realized_dynamic__decision_0000__0006,feasible,2
4,200,"12,14,70,82",neighborhood-095407fd7c8b0b69,True,"1,0",official_adaptive,1,True,0.0,0,a463b4d97f6f6503e45450e12636ca8e0d5797ead17ba7cceb3790648266a2fb,3cbfa5f5120ee5f9b7dd23ad6c26112b016019d025eb81db56c070f0a4dc3925,3,1,604343bc2e8025e74155961172c16a81deddeb5453b98d7cccecf60fdb5e717a,00c23ddee6488c20716f32e88060225dd10b3bb6ca9cb8f7445ea39c82e16ae4,False,compartmentalized,0.051804189808256414,7011,16566,0,4,policy_train_compartmentalized_double_horizontal_0001,False,0.16666666666666666,0.053169500999999286,0.053169500999999286,2,0.012238082,0.024879729999994993,0.028289771000004293,lns2.receding_q_label_pilot.v1,collision:4,0.028289771000004293,high_cost_progress,policy_train,s3__policy_train__policy_train_compartmentalized_double_horizontal_0001__task_0008__seed_0000__realized_dynamic__decision_0000__0006,feasible,3
8,200,"14,50,55,68,69,91,95,132",neighborhood-0c2868d1d34a0b0c,True,"1,1,0",official_adaptive,2,True,0.0,0,4927c48019eb66f8206d64cd5994c3f591aa89ff6c381ebf19114ca053b37d10,43d885fb859b24e1276444483ca830f9706f70c7057f1f69680b0d462c0a8629,3,1,604343bc2e8025e74155961172c16a81deddeb5453b98d7cccecf60fdb5e717a,00c23ddee6488c20716f32e88060225dd10b3bb6ca9cb8f7445ea39c82e16ae4,False,compartmentalized,0.10998554430483143,17846,39102,1036,16,policy_train_compartmentalized_double_horizontal_0001,False,0.5,0.11626193399999352,0.11626193399999352,1,0.032862442,0.05650677799998505,0.028289771000004293,lns2.receding_q_label_pilot.v1,random:8,0.05975515600000847,high_cost_progress,policy_train,s3__policy_train__policy_train_compartmentalized_double_horizontal_0001__task_0008__seed_0000__realized_dynamic__decision_0000__0006,feasible,0
8,200,"14,50,55,68,69,91,95,132",neighborhood-0c2868d1d34a0b0c,True,"1,1,1,1",official_adaptive,3,False,1.0,1,e65e2e10a8df25dafadca26dd433c67cc2e70455904d1365222747d4925887e9,54fd0af96fa33c0f94c81d702c8f56369b39e7c6c42d5b7a8e111130ba2d1560,3,1,604343bc2e8025e74155961172c16a81deddeb5453b98d7cccecf60fdb5e717a,00c23ddee6488c20716f32e88060225dd10b3bb6ca9cb8f7445ea39c82e16ae4,False,compartmentalized,0.13473496566481766,13034,24086,1455,8,policy_train_compartmentalized_double_horizontal_0001,True,1.0,0.1442334829999936,0.1442334829999936,0,0.022769619,0.05556393899998113,0.028289771000004293,lns2.receding_q_label_pilot.v1,random:8,0.08866954400001248,high_cost_progress,policy_train,s3__policy_train__policy_train_compartmentalized_double_horizontal_0001__task_0008__seed_0000__realized_dynamic__decision_0000__0006,horizon_complete,1
8,200,"14,50,55,68,69,91,95,132",neighborhood-0c2868d1d34a0b0c,True,"1,1,0",official_adaptive,2,True,0.0,0,986ac4bd88c2447a7fd13eccdeee6cdb83c6df4980225e05d1d17d959aeedf4a,c05730996de05ef0bc33edb0d382564837f7b618652e67effc605194d3a8d269,3,1,604343bc2e8025e74155961172c16a81deddeb5453b98d7cccecf60fdb5e717a,00c23ddee6488c20716f32e88060225dd10b3bb6ca9cb8f7445ea39c82e16ae4,False,compartmentalized,0.10809479989330563,21584,46395,838,16,policy_train_compartmentalized_double_horizontal_0001,False,0.5,0.11415336200001036,0.11415336200001036,1,0.035963107,0.05942679200000356,0.028289771000004293,lns2.receding_q_label_pilot.v1,random:8,0.0547265700000068,high_cost_progress,policy_train,s3__policy_train__policy_train_compartmentalized_double_horizontal_0001__task_0008__seed_0000__realized_dynamic__decision_0000__0006,feasible,2
8,200,"14,50,55,68,69,91,95,132",neighborhood-0c2868d1d34a0b0c,True,"1,1,1,0",official_adaptive,3,True,0.0,0,11e02b5393eac5a0725474bef78c2233d709ac49ce4edffefec0663fe8cfc4fd,56b840bc9b943f4262e3261c3840c642f80be04dbdd3736a1289bc947be1d48a,3,1,604343bc2e8025e74155961172c16a81deddeb5453b98d7cccecf60fdb5e717a,00c23ddee6488c20716f32e88060225dd10b3bb6ca9cb8f7445ea39c82e16ae4,False,compartmentalized,0.16815164105081135,32055,65982,840,24,policy_train_compartmentalized_double_horizontal_0001,False,0.8333333333333334,0.18311600599999878,0.18311600599999878,0,0.060002414000000004,0.09690497399999742,0.028289771000004293,lns2.receding_q_label_pilot.v1,random:8,0.08621103200000135,high_cost_progress,policy_train,s3__policy_train__policy_train_compartmentalized_double_horizontal_0001__task_0008__seed_0000__realized_dynamic__decision_0000__0006,feasible,3
8,200,"14,24,36,86,91,110,175,195",neighborhood-14e589ecee0080ca,True,"1,1,0",official_adaptive,2,True,0.0,0,66477706710e7fa5bfbecb4f451c5e836c8020a3242db17022cdce04154694da,bb430a9ad7fb33ced6a51e89edd55ac8209ee650488448aee7df666e0a0f8cce,3,1,604343bc2e8025e74155961172c16a81deddeb5453b98d7cccecf60fdb5e717a,00c23ddee6488c20716f32e88060225dd10b3bb6ca9cb8f7445ea39c82e16ae4,False,compartmentalized,0.10103661154326171,20205,41892,1471,16,policy_train_compartmentalized_double_horizontal_0001,False,0.5,0.10631714499999134,0.10631714499999134,1,0.031180136,0.05118997699999284,0.028289771000004293,lns2.receding_q_label_pilot.v1,target:8,0.055127167999998505,high_cost_progress,policy_train,s3__policy_train__policy_train_compartmentalized_double_horizontal_0001__task_0008__seed_0000__realized_dynamic__decision_0000__0006,feasible,0
8,200,"14,24,36,86,91,110,175,195",neighborhood-14e589ecee0080ca,True,"1,1,1,1",official_adaptive,3,False,1.0,1,fe48bbfc5c7d4abfeaac7ec54ef90b81568142b39090e12dfa607e346f15fd5b,da7f313c3219d13f05a341e56aa24449df11f6adc49664f4b339d3512d9ed18d,3,1,604343bc2e8025e74155961172c16a81deddeb5453b98d7cccecf60fdb5e717a,00c23ddee6488c20716f32e88060225dd10b3bb6ca9cb8f7445ea39c82e16ae4,False,compartmentalized,0.1417131809486585,13623,24446,1400,8,policy_train_compartmentalized_double_horizontal_0001,True,1.0,0.15224611499999696,0.15224611499999696,0,0.021111082,0.055220034000001306,0.028289771000004293,lns2.receding_q_label_pilot.v1,target:8,0.09702608099999566,high_cost_progress,policy_train,s3__policy_train__policy_train_compartmentalized_double_horizontal_0001__task_0008__seed_0000__realized_dynamic__decision_0000__0006,horizon_complete,1
8,200,"14,24,36,86,91,110,175,195",neighborhood-14e589ecee0080ca,True,"1,0",official_adaptive,1,True,0.0,0,20368ffbbf83283b68ed0ec6602e8daaed2d5a5cf1a42f95294273af6ae75733,0caaeede48961c501e8347d8e58435146a646172fdc816b509c5b8e683e42da0,3,1,604343bc2e8025e74155961172c16a81deddeb5453b98d7cccecf60fdb5e717a,00c23ddee6488c20716f32e88060225dd10b3bb6ca9cb8f7445ea39c82e16ae4,False,compartmentalized,0.053853586241415584,10192,21577,1667,8,policy_train_compartmentalized_double_horizontal_0001,False,0.16666666666666666,0.05533007600000417,0.05533007600000417,2,0.016491943,0.027040304999999876,0.028289771000004293,lns2.receding_q_label_pilot.v1,target:8,0.028289771000004293,high_cost_progress,policy_train,s3__policy_train__policy_train_compartmentalized_double_horizontal_0001__task_0008__seed_0000__realized_dynamic__decision_0000__0006,feasible,2
8,200,"14,24,36,86,91,110,175,195",neighborhood-14e589ecee0080ca,True,"1,1,0",official_adaptive,2,True,0.0,0,06557e1e91478269099b9eb24fb15faffab020d61085c4ae9bc8b08bba5b8527,21b622bfae16a5347d2fd87bc91c8014c853e7d86b1d265c79f12eec8a762093,3,1,604343bc2e8025e74155961172c16a81deddeb5453b98d7cccecf60fdb5e717a,00c23ddee6488c20716f32e88060225dd10b3bb6ca9cb8f7445ea39c82e16ae4,False,compartmentalized,0.1133255174448574,24885,47167,3243,16,policy_train_compartmentalized_double_horizontal_0001,False,0.5,0.11999645200001652,0.11999645200001652,1,0.037378901,0.061266075000006026,0.028289771000004293,lns2.receding_q_label_pilot.v1,target:8,0.05873037700001049,high_cost_progress,policy_train,s3__policy_train__policy_train_compartmentalized_double_horizontal_0001__task_0008__seed_0000__realized_dynamic__decision_0000__0006,feasible,3
8,200,"40,46,56,64,82,117,173,191",neighborhood-17bd7cf88dd201dd,True,"1,0",official_adaptive,1,True,0.0,0,b23f309289de29806857131f4c8c7230c87f44810872e17d8930712ab49c6a09,7cb3ba1274511372b93db0b6f2f6983ad9b9b5fdac740b733d25f6682f8f916a,3,1,604343bc2e8025e74155961172c16a81deddeb5453b98d7cccecf60fdb5e717a,00c23ddee6488c20716f32e88060225dd10b3bb6ca9cb8f7445ea39c82e16ae4,False,compartmentalized,0.06729078642834772,28515,23342,19120,8,policy_train_compartmentalized_double_horizontal_0001,False,0.16666666666666666,0.06960646000000281,0.06960646000000281,2,0.03072744,0.04131668899999852,0.028289771000004293,lns2.receding_q_label_pilot.v1,target:8,0.028289771000004293,high_cost_progress,policy_train,s3__policy_train__policy_train_compartmentalized_double_horizontal_0001__task_0008__seed_0000__realized_dynamic__decision_0000__0006,feasible,0
8,200,"40,46,56,64,82,117,173,191",neighborhood-17bd7cf88dd201dd,True,"1,0",official_adaptive,1,True,0.0,0,2b015043e21a00124f55ac6861cecca81a4daae8d4b8ca1ddf0455cbcb31ec99,0488ccf6902b254832a85380e0e737d29c63998a209ae7607cee209b9cfbce62,3,1,604343bc2e8025e74155961172c16a81deddeb5453b98d7cccecf60fdb5e717a,00c23ddee6488c20716f32e88060225dd10b3bb6ca9cb8f7445ea39c82e16ae4,False,compartmentalized,0.07293060668808359,28397,23232,19029,8,policy_train_compartmentalized_double_horizontal_0001,False,0.16666666666666666,0.07565589100001091,0.07565589100001091,2,0.036234429,0.04736612000000662,0.028289771000004293,lns2.receding_q_label_pilot.v1,target:8,0.028289771000004293,high_cost_progress,policy_train,s3__policy_train__policy_train_compartmentalized_double_horizontal_0001__task_0008__seed_0000__realized_dynamic__decision_0000__0006,feasible,1
8,200,"40,46,56,64,82,117,173,191",neighborhood-17bd7cf88dd201dd,True,"1,0",official_adaptive,1,True,0.0,0,007ad8d119a17bd11218480a6595e2039b35face717790582da06c73d3fca805,8b384c3cca381f5858feaf3d4985f6967066e9e05ebb2e1795e552742c78b838,3,1,604343bc2e8025e74155961172c16a81deddeb5453b98d7cccecf60fdb5e717a,00c23ddee6488c20716f32e88060225dd10b3bb6ca9cb8f7445ea39c82e16ae4,False,compartmentalized,0.07989292691850733,29771,25300,19289,8,policy_train_compartmentalized_double_horizontal_0001,False,0.16666666666666666,0.08317108300001053,0.08317108300001053,2,0.040869614,0.05488131200000623,0.028289771000004293,lns2.receding_q_label_pilot.v1,target:8,0.028289771000004293,high_cost_progress,policy_train,s3__policy_train__policy_train_compartmentalized_double_horizontal_0001__task_0008__seed_0000__realized_dynamic__decision_0000__0006,feasible,2
8,200,"40,46,56,64,82,117,173,191",neighborhood-17bd7cf88dd201dd,True,"1,0",official_adaptive,1,True,0.0,0,5134589304453a45417e27b5b273b1b962a21a68a68008139040df5dffffd4c7,879c08f11ab4cdc9b613fdd8937bfda5e96a0739dfce2d43e064245104f600aa,3,1,604343bc2e8025e74155961172c16a81deddeb5453b98d7cccecf60fdb5e717a,00c23ddee6488c20716f32e88060225dd10b3bb6ca9cb8f7445ea39c82e16ae4,False,compartmentalized,0.06840022203829034,27731,23917,18180,8,policy_train_compartmentalized_double_horizontal_0001,False,0.16666666666666666,0.0707937780000023,0.0707937780000023,2,0.031585639,0.04250400699999801,0.028289771000004293,lns2.receding_q_label_pilot.v1,target:8,0.028289771000004293,high_cost_progress,policy_train,s3__policy_train__policy_train_compartmentalized_double_horizontal_0001__task_0008__seed_0000__realized_dynamic__decision_0000__0006,feasible,3
4,200,"0,14,120,127",neighborhood-1a45fbd39195ff78,True,"1,1,0",official_adaptive,2,True,0.0,0,bc4bf0dedb0858b442cc1f26b6da7821c7ef65eb6140584c466e1b7dbc25055a,d260f9e5daf49214dbd6d47b57e4e9d9c3fc85c8f3fa55dadfe4e59239fac4b0,3,1,604343bc2e8025e74155961172c16a81deddeb5453b98d7cccecf60fdb5e717a,00c23ddee6488c20716f32e88060225dd10b3bb6ca9cb8f7445ea39c82e16ae4,False,compartmentalized,0.11363088874608702,13917,28911,540,12,policy_train_compartmentalized_double_horizontal_0001,False,0.5,0.12033851900000059,0.12033851900000059,1,0.028929082000000002,0.05578871000000163,0.028289771000004293,lns2.receding_q_label_pilot.v1,random:4,0.06454980899999896,high_cost_progress,policy_train,s3__policy_train__policy_train_compartmentalized_double_horizontal_0001__task_0008__seed_0000__realized_dynamic__decision_0000__0006,feasible,0
4,200,"0,14,120,127",neighborhood-1a45fbd39195ff78,True,"1,1,1,1",official_adaptive,3,False,1.0,1,a789aba46d078fcc5e12b05b0906101716aed14eb80aede42050592af2a36a55,198b57d7050e1e5e3a1cadf66f58ace7ee72b92722dcdef69ccd2b1fe60c1e07,3,1,604343bc2e8025e74155961172c16a81deddeb5453b98d7cccecf60fdb5e717a,00c23ddee6488c20716f32e88060225dd10b3bb6ca9cb8f7445ea39c82e16ae4,False,compartmentalized,0.12486162544335129,7432,11589,446,4,policy_train_compartmentalized_double_horizontal_0001,True,1.0,0.1329916650000058,0.1329916650000058,0,0.009503726,0.04740150300000323,0.028289771000004293,lns2.receding_q_label_pilot.v1,random:4,0.08559016200000258,high_cost_progress,policy_train,s3__policy_train__policy_train_compartmentalized_double_horizontal_0001__task_0008__seed_0000__realized_dynamic__decision_0000__0006,horizon_complete,1
4,200,"0,14,120,127",neighborhood-1a45fbd39195ff78,True,"1,1,1,0",official_adaptive,3,True,0.0,0,833102a6f654c14aa2a406b1daede97a11b0adb4c45d5a2adc40ca9895019de8,643633f40f4902d1084e1eb5e108050e3535aa4945e0172e770163196d444ae2,3,1,604343bc2e8025e74155961172c16a81deddeb5453b98d7cccecf60fdb5e717a,00c23ddee6488c20716f32e88060225dd10b3bb6ca9cb8f7445ea39c82e16ae4,False,compartmentalized,0.1833840712921198,31574,61189,2208,20,policy_train_compartmentalized_double_horizontal_0001,False,0.8333333333333334,0.20127569499999964,0.20127569499999964,0,0.053469113,0.0890096419999935,0.028289771000004293,lns2.receding_q_label_pilot.v1,random:4,0.11226605300000614,high_cost_progress,policy_train,s3__policy_train__policy_train_compartmentalized_double_horizontal_0001__task_0008__seed_0000__realized_dynamic__decision_0000__0006,feasible,2
4,200,"0,14,120,127",neighborhood-1a45fbd39195ff78,True,"1,1,0",official_adaptive,2,True,0.0,0,0b094b50b3e95b7c171c8164e8d3670298fdc76e1e04dd838cef128842f6ee86,adab668a7293b498b247ffe8a355b5136af096f6b0841684f1389ccbb733124e,3,1,604343bc2e8025e74155961172c16a81deddeb5453b98d7cccecf60fdb5e717a,00c23ddee6488c20716f32e88060225dd10b3bb6ca9cb8f7445ea39c82e16ae4,False,compartmentalized,0.1045736024228136,14314,26817,1618,12,policy_train_compartmentalized_double_horizontal_0001,False,0.5,0.11023710700001033,0.11023710700001033,1,0.026524224,0.050591615000001866,0.028289771000004293,lns2.receding_q_label_pilot.v1,random:4,0.05964549200000846,high_cost_progress,policy_train,s3__policy_train__policy_train_compartmentalized_double_horizontal_0001__task_0008__seed_0000__realized_dynamic__decision_0000__0006,feasible,3
4,200,"8,82,159,166",neighborhood-2009fb47f906235f,True,"1,0",official_adaptive,1,True,0.0,0,6e89e074cc0da155fdb560feb841f32c9b68b9de5ce7f292e77b27e20d842825,b7ff4378a8b59b3ccc876b103a3470bb3e7daf0e96465ea75a9f2661dd0b1c3c,3,1,604343bc2e8025e74155961172c16a81deddeb5453b98d7cccecf60fdb5e717a,00c23ddee6488c20716f32e88060225dd10b3bb6ca9cb8f7445ea39c82e16ae4,False,compartmentalized,0.044562563301776326,4187,10088,0,4,policy_train_compartmentalized_double_horizontal_0001,False,0.16666666666666666,0.04557038900000521,0.04557038900000521,2,0.007272751,0.017280618000000914,0.028289771000004293,lns2.receding_q_label_pilot.v1,random:4,0.028289771000004293,high_cost_progress,policy_train,s3__policy_train__policy_train_compartmentalized_double_horizontal_0001__task_0008__seed_0000__realized_dynamic__decision_0000__0006,feasible,0
4,200,"8,82,159,166",neighborhood-2009fb47f906235f,True,"1,0",official_adaptive,1,True,0.0,0,e13b036b4be20912620375cf3672df5bac12b63ac813ba42f41fedaad1cfe94e,7b7bafd0f60f79f525c99108eeb88fb4576885b95bee7ad677d564fec9f5222f,3,1,604343bc2e8025e74155961172c16a81deddeb5453b98d7cccecf60fdb5e717a,00c23ddee6488c20716f32e88060225dd10b3bb6ca9cb8f7445ea39c82e16ae4,False,compartmentalized,0.04936002176974076,4190,10081,0,4,policy_train_compartmentalized_double_horizontal_0001,False,0.16666666666666666,0.05059852099999773,0.05059852099999773,2,0.011456698,0.022308749999993438,0.028289771000004293,lns2.receding_q_label_pilot.v1,random:4,0.028289771000004293,high_cost_progress,policy_train,s3__policy_train__policy_train_compartmentalized_double_horizontal_0001__task_0008__seed_0000__realized_dynamic__decision_0000__0006,feasible,1
4,200,"8,82,159,166",neighborhood-2009fb47f906235f,True,"1,0",official_adaptive,1,True,0.0,0,d3999b112a46f09dfe06f5dfd9ded507f811b27cd34475d69cd61c8a6a94b825,f0f5291910950451adde7f3abbbf4a53b3ed99b2dc9acb55f6d8289c12826be0,3,1,604343bc2e8025e74155961172c16a81deddeb5453b98d7cccecf60fdb5e717a,00c23ddee6488c20716f32e88060225dd10b3bb6ca9cb8f7445ea39c82e16ae4,False,compartmentalized,0.04925427264491347,5573,11708,0,4,policy_train_compartmentalized_double_horizontal_0001,False,0.16666666666666666,0.0504874270000073,0.0504874270000073,2,0.010297899,0.022197656000003008,0.028289771000004293,lns2.receding_q_label_pilot.v1,random:4,0.028289771000004293,high_cost_progress,policy_train,s3__policy_train__policy_train_compartmentalized_double_horizontal_0001__task_0008__seed_0000__realized_dynamic__decision_0000__0006,feasible,2
4,200,"8,82,159,166",neighborhood-2009fb47f906235f,True,"1,0",official_adaptive,1,True,0.0,0,8b5feee8e4ac16f0b98e07d20e12c0ad38722244d1035bffa9af551f87904512,06e74de1ef21464caea58c52d66d759d5d8b0ed2bd95b7e4e8adc8ad726d3a25,3,1,604343bc2e8025e74155961172c16a81deddeb5453b98d7cccecf60fdb5e717a,00c23ddee6488c20716f32e88060225dd10b3bb6ca9cb8f7445ea39c82e16ae4,False,compartmentalized,0.048498921762480045,5573,11694,0,4,policy_train_compartmentalized_double_horizontal_0001,False,0.16666666666666666,0.04969424000000089,0.04969424000000089,2,0.009867672,0.021404468999996595,0.028289771000004293,lns2.receding_q_label_pilot.v1,random:4,0.028289771000004293,high_cost_progress,policy_train,s3__policy_train__policy_train_compartmentalized_double_horizontal_0001__task_0008__seed_0000__realized_dynamic__decision_0000__0006,feasible,3
16,200,"3,14,20,26,39,82,85,90,92,114,120,123,130,158,159,188",neighborhood-27e2b2df7f1a4de6,True,"1,0",official_adaptive,1,True,0.0,0,5716334e16f91379d476db84f06bf573d7633e4390363a6f3c08c949dba3403c,b105504919b1652ef8d9f9d9440c80202488a8c1b1da4ed5334aeecaf4d607e5,3,1,604343bc2e8025e74155961172c16a81deddeb5453b98d7cccecf60fdb5e717a,00c23ddee6488c20716f32e88060225dd10b3bb6ca9cb8f7445ea39c82e16ae4,False,compartmentalized,0.0653622698884053,17965,33987,5887,16,policy_train_compartmentalized_double_horizontal_0001,False,0.16666666666666666,0.06754569400001742,0.06754569400001742,2,0.028294781,0.039255923000013127,0.028289771000004293,lns2.receding_q_label_pilot.v1,collision:16,0.028289771000004293,high_cost_progress,policy_train,s3__policy_train__policy_train_compartmentalized_double_horizontal_0001__task_0008__seed_0000__realized_dynamic__decision_0000__0006,feasible,0
16,200,"3,14,20,26,39,82,85,90,92,114,120,123,130,158,159,188",neighborhood-27e2b2df7f1a4de6,True,"1,0",official_adaptive,1,True,0.0,0,e2968aa15eba8d69f74f91af0d6ccc85fa05e2713350d0cb4202e4a6195386f6,f8385ecb81525bc6eefc3255ad3876c0990837f4ae20da0ba2d31f27b4731d0c,3,1,604343bc2e8025e74155961172c16a81deddeb5453b98d7cccecf60fdb5e717a,00c23ddee6488c20716f32e88060225dd10b3bb6ca9cb8f7445ea39c82e16ae4,False,compartmentalized,0.062297822646654274,15799,36066,2913,16,policy_train_compartmentalized_double_horizontal_0001,False,0.16666666666666666,0.06427926400000672,0.06427926400000672,2,0.025325894,0.035989493000002426,0.028289771000004293,lns2.receding_q_label_pilot.v1,collision:16,0.028289771000004293,high_cost_progress,policy_train,s3__policy_train__policy_train_compartmentalized_double_horizontal_0001__task_0008__seed_0000__realized_dynamic__decision_0000__0006,feasible,1
16,200,"3,14,20,26,39,82,85,90,92,114,120,123,130,158,159,188",neighborhood-27e2b2df7f1a4de6,True,"1,0",official_adaptive,1,True,0.0,0,3e57e94232c17baaca4407527c50bcff3e81ff9e97625713d7e0d84f776dc4ee,aa170187b78b9d591849b2e5fdd1f2c8c0e19b66f43e34f75740146122a8ab28,3,1,604343bc2e8025e74155961172c16a81deddeb5453b98d7cccecf60fdb5e717a,00c23ddee6488c20716f32e88060225dd10b3bb6ca9cb8f7445ea39c82e16ae4,False,compartmentalized,0.06688970431389064,14536,33316,2689,16,policy_train_compartmentalized_double_horizontal_0001,False,0.16666666666666666,0.06917754600000592,0.06917754600000592,2,0.028179246,0.040887775000001625,0.028289771000004293,lns2.receding_q_label_pilot.v1,collision:16,0.028289771000004293,high_cost_progress,policy_train,s3__policy_train__policy_train_compartmentalized_double_horizontal_0001__task_0008__seed_0000__realized_dynamic__decision_0000__0006,feasible,2
16,200,"3,14,20,26,39,82,85,90,92,114,120,123,130,158,159,188",neighborhood-27e2b2df7f1a4de6,True,"1,0",official_adaptive,1,True,0.0,0,2fbefde636e2e34c967976c51a449b89a2a5bb1ab09da9f12ceb79d3fd4ee65b,27032ff3e0c50aef79798459588e2f4f0db9b8a88f80b8c4b48c258a0164ba7f,3,1,604343bc2e8025e74155961172c16a81deddeb5453b98d7cccecf60fdb5e717a,00c23ddee6488c20716f32e88060225dd10b3bb6ca9cb8f7445ea39c82e16ae4,False,compartmentalized,0.06586136423221245,17559,36777,4837,16,policy_train_compartmentalized_double_horizontal_0001,False,0.16666666666666666,0.06807863300000605,0.06807863300000605,2,0.028751103,0.03978886200000176,0.028289771000004293,lns2.receding_q_label_pilot.v1,collision:16,0.028289771000004293,high_cost_progress,policy_train,s3__policy_train__policy_train_compartmentalized_double_horizontal_0001__task_0008__seed_0000__realized_dynamic__decision_0000__0006,feasible,3
16,200,"17,28,40,46,47,56,61,64,65,82,88,102,117,119,151,191",neighborhood-36155793f09fe58b,True,"1,0",official_adaptive,1,True,0.0,0,7c256ca1a514f9ff77650b370564b8fd6423e7914c495a6cf03e64e9bd838f57,036aeeeb02e01e9fbee5d41d1120c2cc7b702f271362da80ce15b160db5993f4,3,1,604343bc2e8025e74155961172c16a81deddeb5453b98d7cccecf60fdb5e717a,00c23ddee6488c20716f32e88060225dd10b3bb6ca9cb8f7445ea39c82e16ae4,False,compartmentalized,0.07693195182416221,31167,33962,17978,16,policy_train_compartmentalized_double_horizontal_0001,False,0.16666666666666666,0.07996858400001372,0.07996858400001372,2,0.038633732,0.05167881300000943,0.028289771000004293,lns2.receding_q_label_pilot.v1,target:16,0.028289771000004293,high_cost_progress,policy_train,s3__policy_train__policy_train_compartmentalized_double_horizontal_0001__task_0008__seed_0000__realized_dynamic__decision_0000__0006,feasible,0
16,200,"17,28,40,46,47,56,61,64,65,82,88,102,117,119,151,191",neighborhood-36155793f09fe58b,True,"1,0",official_adaptive,1,True,0.0,0,8d58e114bd3c5c39d35cb4e2988e1a4fc43631d68842684bf4d3fed5dc5c095a,4e96315939f7156443860ee234f9cbb920540f9b31847061a72b29c9476aee43,3,1,604343bc2e8025e74155961172c16a81deddeb5453b98d7cccecf60fdb5e717a,00c23ddee6488c20716f32e88060225dd10b3bb6ca9cb8f7445ea39c82e16ae4,False,compartmentalized,0.07361084567826359,35152,36570,20817,16,policy_train_compartmentalized_double_horizontal_0001,False,0.16666666666666666,0.07638784300000623,0.07638784300000623,2,0.036739397,0.048098072000001935,0.028289771000004293,lns2.receding_q_label_pilot.v1,target:16,0.028289771000004293,high_cost_progress,policy_train,s3__policy_train__policy_train_compartmentalized_double_horizontal_0001__task_0008__seed_0000__realized_dynamic__decision_0000__0006,feasible,1
16,200,"17,28,40,46,47,56,61,64,65,82,88,102,117,119,151,191",neighborhood-36155793f09fe58b,True,"1,0",official_adaptive,1,True,0.0,0,818115874d59d70db555e87437bc13c9f45561d075ea509c69ac0f7f7e06cbe2,2ad2f05212c06a8c8130c6e12bffccd362dcfb41868dc6f5d546c7a5fb67ed37,3,1,604343bc2e8025e74155961172c16a81deddeb5453b98d7cccecf60fdb5e717a,00c23ddee6488c20716f32e88060225dd10b3bb6ca9cb8f7445ea39c82e16ae4,False,compartmentalized,0.07051127586068512,27241,29243,16186,16,policy_train_compartmentalized_double_horizontal_0001,False,0.16666666666666666,0.07305666900000318,0.07305666900000318,2,0.033519972,0.04476689799999889,0.028289771000004293,lns2.receding_q_label_pilot.v1,target:16,0.028289771000004293,high_cost_progress,policy_train,s3__policy_train__policy_train_compartmentalized_double_horizontal_0001__task_0008__seed_0000__realized_dynamic__decision_0000__0006,feasible,2
16,200,"17,28,40,46,47,56,61,64,65,82,88,102,117,119,151,191",neighborhood-36155793f09fe58b,True,"1,0",official_adaptive,1,True,0.0,0,60ca731254adf33eac405933d54f4c244d120b50b2d9ecaae70160847f17e6b6,573bbb2b807298fe461426b3948962e298508a2b25f63cae03d312d5895d130b,3,1,604343bc2e8025e74155961172c16a81deddeb5453b98d7cccecf60fdb5e717a,00c23ddee6488c20716f32e88060225dd10b3bb6ca9cb8f7445ea39c82e16ae4,False,compartmentalized,0.07335124476490822,22422,32748,9923,16,policy_train_compartmentalized_double_horizontal_0001,False,0.16666666666666666,0.07610844800000649,0.07610844800000649,2,0.035194904,0.0478186770000022,0.028289771000004293,lns2.receding_q_label_pilot.v1,target:16,0.028289771000004293,high_cost_progress,policy_train,s3__policy_train__policy_train_compartmentalized_double_horizontal_0001__task_0008__seed_0000__realized_dynamic__decision_0000__0006,feasible,3
4,200,"14,82,90,114",neighborhood-3ce767ee788f44d9,True,"1,0",official_adaptive,1,True,0.0,0,9d3e3c5738b0c9612b1db1d72129fd825197339c1ea10a8f2a3eacf3beabd520,342131ea78d738ae9f0e7e7d186f687ec8cadf28bf4a7801c22a44ef79a31a53,3,1,604343bc2e8025e74155961172c16a81deddeb5453b98d7cccecf60fdb5e717a,00c23ddee6488c20716f32e88060225dd10b3bb6ca9cb8f7445ea39c82e16ae4,False,compartmentalized,0.049501980292027306,6718,15197,24,4,policy_train_compartmentalized_double_horizontal_0001,False,0.16666666666666666,0.0507476730000036,0.0507476730000036,2,0.011348748,0.022457901999999308,0.028289771000004293,lns2.receding_q_label_pilot.v1,collision:4,0.028289771000004293,high_cost_progress,policy_train,s3__policy_train__policy_train_compartmentalized_double_horizontal_0001__task_0008__seed_0000__realized_dynamic__decision_0000__0006,feasible,0
4,200,"14,82,90,114",neighborhood-3ce767ee788f44d9,True,"1,0",official_adaptive,1,True,0.0,0,57bfe44c6367f1314468a468049340d016e8c2332db1482975dc98d7380ec752,8e5bd418af7e60d3abc24fafb0bd6bad0acf4ee58a8288de50977b7958483434,3,1,604343bc2e8025e74155961172c16a81deddeb5453b98d7cccecf60fdb5e717a,00c23ddee6488c20716f32e88060225dd10b3bb6ca9cb8f7445ea39c82e16ae4,False,compartmentalized,0.045596148728529434,4098,9539,3,4,policy_train_compartmentalized_double_horizontal_0001,False,0.16666666666666666,0.04665163399999983,0.04665163399999983,2,0.007813624,0.018361862999995537,0.028289771000004293,lns2.receding_q_label_pilot.v1,collision:4,0.028289771000004293,high_cost_progress,policy_train,s3__policy_train__policy_train_compartmentalized_double_horizontal_0001__task_0008__seed_0000__realized_dynamic__decision_0000__0006,feasible,1
4,200,"14,82,90,114",neighborhood-3ce767ee788f44d9,True,"1,1,1,0",official_adaptive,3,True,0.0,0,df479399ffccc88e5717a6262948430a0b8ea102d458715e5548a4e360bdded3,af631717c60aa20d31106bd338c6003c60413482763ba4287821854cde55056f,3,1,604343bc2e8025e74155961172c16a81deddeb5453b98d7cccecf60fdb5e717a,00c23ddee6488c20716f32e88060225dd10b3bb6ca9cb8f7445ea39c82e16ae4,False,compartmentalized,0.1611384157770715,33702,66764,1792,20,policy_train_compartmentalized_double_horizontal_0001,False,0.8333333333333334,0.17484757500001535,0.17484757500001535,0,0.054526034,0.08831786100000727,0.028289771000004293,lns2.receding_q_label_pilot.v1,collision:4,0.08652971400000808,high_cost_progress,policy_train,s3__policy_train__policy_train_compartmentalized_double_horizontal_0001__task_0008__seed_0000__realized_dynamic__decision_0000__0006,feasible,2
4,200,"14,82,90,114",neighborhood-3ce767ee788f44d9,True,"1,1,0",official_adaptive,2,True,0.0,0,ee2e99f3e24ac799c81df70e7c6b679c50f949b403353adc2773f37d3578f014,6f462845af120f148d2e6c15031f0881f6294c55f8c4168f6d75b8aaf9827d6c,3,1,604343bc2e8025e74155961172c16a81deddeb5453b98d7cccecf60fdb5e717a,00c23ddee6488c20716f32e88060225dd10b3bb6ca9cb8f7445ea39c82e16ae4,False,compartmentalized,0.10212193701868705,18471,34490,2008,12,policy_train_compartmentalized_double_horizontal_0001,False,0.5,0.10751851099999499,0.10751851099999499,1,0.028702403,0.05041149799999545,0.028289771000004293,lns2.receding_q_label_pilot.v1,collision:4,0.05710701299999954,high_cost_progress,policy_train,s3__policy_train__policy_train_compartmentalized_double_horizontal_0001__task_0008__seed_0000__realized_dynamic__decision_0000__0006,feasible,3
8,200,"37,79,82,113,152,163,196,197",neighborhood-57e09949000b5db6,True,"1,0",official_adaptive,1,True,0.0,0,3a4609163da652d74b0ec426a368102097f359beca90c510b0cca71516363340,424595763bbcac19dfc711822577450d6e6f5abad77e5d7c68c4e8970677159e,3,1,604343bc2e8025e74155961172c16a81deddeb5453b98d7cccecf60fdb5e717a,00c23ddee6488c20716f32e88060225dd10b3bb6ca9cb8f7445ea39c82e16ae4,False,compartmentalized,0.052336609994498115,7310,17281,53,8,policy_train_compartmentalized_double_horizontal_0001,False,0.16666666666666666,0.053730379000000994,0.053730379000000994,2,0.013398183,0.0254406079999967,0.028289771000004293,lns2.receding_q_label_pilot.v1,random:8,0.028289771000004293,high_cost_progress,policy_train,s3__policy_train__policy_train_compartmentalized_double_horizontal_0001__task_0008__seed_0000__realized_dynamic__decision_0000__0006,feasible,0
8,200,"37,79,82,113,152,163,196,197",neighborhood-57e09949000b5db6,True,"1,0",official_adaptive,1,True,0.0,0,1881319494b3ad36e381045ee66cdcca5b733c50d699cbae94d5a13202ac69c6,e1fbfe0f78167d4fe7d0b343c80f0bbf7e43bfe0aaf8afd30ae34b274515689f,3,1,604343bc2e8025e74155961172c16a81deddeb5453b98d7cccecf60fdb5e717a,00c23ddee6488c20716f32e88060225dd10b3bb6ca9cb8f7445ea39c82e16ae4,False,compartmentalized,0.05071620340258062,7561,18006,67,8,policy_train_compartmentalized_double_horizontal_0001,False,0.16666666666666666,0.052024290000005635,0.052024290000005635,2,0.01401014,0.023734519000001342,0.028289771000004293,lns2.receding_q_label_pilot.v1,random:8,0.028289771000004293,high_cost_progress,policy_train,s3__policy_train__policy_train_compartmentalized_double_horizontal_0001__task_0008__seed_0000__realized_dynamic__decision_0000__0006,feasible,1
8,200,"37,79,82,113,152,163,196,197",neighborhood-57e09949000b5db6,True,"1,0",official_adaptive,1,True,0.0,0,ce4a43931a4b247e605bdc9b903e0579059b788d433b0e4954f1a251d37fae12,2a56cf07d58183693d4a82f2bc46dd9df125e8eba871ae03cb1835a23b183800,3,1,604343bc2e8025e74155961172c16a81deddeb5453b98d7cccecf60fdb5e717a,00c23ddee6488c20716f32e88060225dd10b3bb6ca9cb8f7445ea39c82e16ae4,False,compartmentalized,0.05139526888797777,6578,15650,194,8,policy_train_compartmentalized_double_horizontal_0001,False,0.16666666666666666,0.052738926000003516,0.052738926000003516,2,0.01262059,0.024449154999999223,0.028289771000004293,lns2.receding_q_label_pilot.v1,random:8,0.028289771000004293,high_cost_progress,policy_train,s3__policy_train__policy_train_compartmentalized_double_horizontal_0001__task_0008__seed_0000__realized_dynamic__decision_0000__0006,feasible,2
8,200,"37,79,82,113,152,163,196,197",neighborhood-57e09949000b5db6,True,"1,0",official_adaptive,1,True,0.0,0,28c51eb6b9ac31c62652ddca3e35c1e952c5ffd1e64902256f8e66f0502500cc,f48c2f35f65ca1937d831a907255974383dd33e200837c35b895191409f5ae5c,3,1,604343bc2e8025e74155961172c16a81deddeb5453b98d7cccecf60fdb5e717a,00c23ddee6488c20716f32e88060225dd10b3bb6ca9cb8f7445ea39c82e16ae4,False,compartmentalized,0.04983258066452619,7533,17688,62,8,policy_train_compartmentalized_double_horizontal_0001,False,0.16666666666666666,0.051095108000005496,0.051095108000005496,2,0.01210662,0.022805337000001202,0.028289771000004293,lns2.receding_q_label_pilot.v1,random:8,0.028289771000004293,high_cost_progress,policy_train,s3__policy_train__policy_train_compartmentalized_double_horizontal_0001__task_0008__seed_0000__realized_dynamic__decision_0000__0006,feasible,3
16,200,"37,50,55,70,77,82,91,100,115,123,126,127,156,172,183,194",neighborhood-6eee03a96a4458d8,True,"1,0",official_adaptive,1,True,0.0,0,66102ebf162f90cfc8947871d732c81f907cc646ffc3fb9a0f3e76064181c2ee,201b662e9adae519af703d46e9d35a4e2eb556a7320af46454b6a5c39ace10ee,3,1,604343bc2e8025e74155961172c16a81deddeb5453b98d7cccecf60fdb5e717a,00c23ddee6488c20716f32e88060225dd10b3bb6ca9cb8f7445ea39c82e16ae4,False,compartmentalized,0.06491564408027478,15591,37848,743,16,policy_train_compartmentalized_double_horizontal_0001,False,0.16666666666666666,0.06706900700000062,0.06706900700000062,2,0.028019438,0.03877923599999633,0.028289771000004293,lns2.receding_q_label_pilot.v1,random:16,0.028289771000004293,high_cost_progress,policy_train,s3__policy_train__policy_train_compartmentalized_double_horizontal_0001__task_0008__seed_0000__realized_dynamic__decision_0000__0006,feasible,0
16,200,"37,50,55,70,77,82,91,100,115,123,126,127,156,172,183,194",neighborhood-6eee03a96a4458d8,True,"1,0",official_adaptive,1,True,0.0,0,e2488af6ddaef2b15964ccac036cf19fee46cef4f0ba95f5d0dce0ca1b80ef8f,a6e96ae88daa91f84bcec5d88aa010f50895e33f056156e17fecfd85758a41fa,3,1,604343bc2e8025e74155961172c16a81deddeb5453b98d7cccecf60fdb5e717a,00c23ddee6488c20716f32e88060225dd10b3bb6ca9cb8f7445ea39c82e16ae4,False,compartmentalized,0.06482634596203903,15424,38455,572,16,policy_train_compartmentalized_double_horizontal_0001,False,0.16666666666666666,0.06697372400000745,0.06697372400000745,2,0.028053341,0.03868395300000316,0.028289771000004293,lns2.receding_q_label_pilot.v1,random:16,0.028289771000004293,high_cost_progress,policy_train,s3__policy_train__policy_train_compartmentalized_double_horizontal_0001__task_0008__seed_0000__realized_dynamic__decision_0000__0006,feasible,1
16,200,"37,50,55,70,77,82,91,100,115,123,126,127,156,172,183,194",neighborhood-6eee03a96a4458d8,True,"1,0",official_adaptive,1,True,0.0,0,20b007c470be918535dff801f73d28a1440731018b7f29d3669b7a711ee332af,e75a0702d3dcdc202a8981d226e50714463dab23b7085398e9da27788d8febdc,3,1,604343bc2e8025e74155961172c16a81deddeb5453b98d7cccecf60fdb5e717a,00c23ddee6488c20716f32e88060225dd10b3bb6ca9cb8f7445ea39c82e16ae4,False,compartmentalized,0.0642800380462002,15080,37432,503,16,policy_train_compartmentalized_double_horizontal_0001,False,0.16666666666666666,0.06639098700000545,0.06639098700000545,2,0.02707116,0.03810121600000116,0.028289771000004293,lns2.receding_q_label_pilot.v1,random:16,0.028289771000004293,high_cost_progress,policy_train,s3__policy_train__policy_train_compartmentalized_double_horizontal_0001__task_0008__seed_0000__realized_dynamic__decision_0000__0006,feasible,2
16,200,"37,50,55,70,77,82,91,100,115,123,126,127,156,172,183,194",neighborhood-6eee03a96a4458d8,True,"1,0",official_adaptive,1,True,0.0,0,97c06a1fd364076fb3ba0798a6fd1f7f630a7c8998b800804ef91e51f4af782b,f09f3c340d8d0836557bcb05a9e678175a560b1f98c9fbe6ae8de47c30b5ad9e,3,1,604343bc2e8025e74155961172c16a81deddeb5453b98d7cccecf60fdb5e717a,00c23ddee6488c20716f32e88060225dd10b3bb6ca9cb8f7445ea39c82e16ae4,False,compartmentalized,0.07589096139756478,21664,39116,6185,16,policy_train_compartmentalized_double_horizontal_0001,False,0.16666666666666666,0.07884493200000264,0.07884493200000264,2,0.038942144,0.05055516099999835,0.028289771000004293,lns2.receding_q_label_pilot.v1,random:16,0.028289771000004293,high_cost_progress,policy_train,s3__policy_train__policy_train_compartmentalized_double_horizontal_0001__task_0008__seed_0000__realized_dynamic__decision_0000__0006,feasible,3
4,200,"46,82,117,191",neighborhood-cdaf7f7111f81637,True,"1,0",official_adaptive,1,True,0.0,0,a02153787d65f56c95d84e224874649722a536e5e204a1cb886d29356e34ebc1,aa5ea597bb53795ef3a368631fcdbf907b3cd0b25fa6d939bf53b6440bc670ae,3,1,604343bc2e8025e74155961172c16a81deddeb5453b98d7cccecf60fdb5e717a,00c23ddee6488c20716f32e88060225dd10b3bb6ca9cb8f7445ea39c82e16ae4,True,compartmentalized,0.053373760566188366,9126,13504,3334,4,policy_train_compartmentalized_double_horizontal_0001,False,0.16666666666666666,0.054823823000006655,0.054823823000006655,2,0.011746173,0.02653405200000236,0.028289771000004293,lns2.receding_q_label_pilot.v1,target:4,0.028289771000004293,high_cost_progress,policy_train,s3__policy_train__policy_train_compartmentalized_double_horizontal_0001__task_0008__seed_0000__realized_dynamic__decision_0000__0006,feasible,0
4,200,"46,82,117,191",neighborhood-cdaf7f7111f81637,True,"1,0",official_adaptive,1,True,0.0,0,925e8f576e51ea3f27362238f892d9820e1d7c13cd8c894172284f91cc46a464,725dd6dbea75a75e9973583981ad2c0924145034e0867fa53e80dc0701975995,3,1,604343bc2e8025e74155961172c16a81deddeb5453b98d7cccecf60fdb5e717a,00c23ddee6488c20716f32e88060225dd10b3bb6ca9cb8f7445ea39c82e16ae4,True,compartmentalized,0.04951277350060881,9487,13773,3612,4,policy_train_compartmentalized_double_horizontal_0001,False,0.16666666666666666,0.050759014000007596,0.050759014000007596,2,0.011379942,0.022469243000003303,0.028289771000004293,lns2.receding_q_label_pilot.v1,target:4,0.028289771000004293,high_cost_progress,policy_train,s3__policy_train__policy_train_compartmentalized_double_horizontal_0001__task_0008__seed_0000__realized_dynamic__decision_0000__0006,feasible,1
4,200,"46,82,117,191",neighborhood-cdaf7f7111f81637,True,"1,0",official_adaptive,1,True,0.0,0,7a596740d45dc2033fe6b18b99ad1edab529d1baa3706a99284629d06b024729,f3a36961b9717e538b6a81e1acec5d83cfcbdf44cfb408463351849193c3efa7,3,1,604343bc2e8025e74155961172c16a81deddeb5453b98d7cccecf60fdb5e717a,00c23ddee6488c20716f32e88060225dd10b3bb6ca9cb8f7445ea39c82e16ae4,True,compartmentalized,0.04942984143706151,9295,13644,3553,4,policy_train_compartmentalized_double_horizontal_0001,False,0.16666666666666666,0.05067187600000267,0.05067187600000267,2,0.0120366,0.022382104999998376,0.028289771000004293,lns2.receding_q_label_pilot.v1,target:4,0.028289771000004293,high_cost_progress,policy_train,s3__policy_train__policy_train_compartmentalized_double_horizontal_0001__task_0008__seed_0000__realized_dynamic__decision_0000__0006,feasible,2
4,200,"46,82,117,191",neighborhood-cdaf7f7111f81637,True,"1,0",official_adaptive,1,True,0.0,0,376bcea4fbbc5f17a6056a62ad548eb22de89b9ca530efb4138b8d0ddeeb47e4,e82f8366023ae879e613cb5be7d77b5a6a40a3b3c6ffc2f5f40c7e473993b03a,3,1,604343bc2e8025e74155961172c16a81deddeb5453b98d7cccecf60fdb5e717a,00c23ddee6488c20716f32e88060225dd10b3bb6ca9cb8f7445ea39c82e16ae4,True,compartmentalized,0.05016368426820949,9252,13855,3441,4,policy_train_compartmentalized_double_horizontal_0001,False,0.16666666666666666,0.05144318700000383,0.05144318700000383,2,0.012048375,0.023153415999999538,0.028289771000004293,lns2.receding_q_label_pilot.v1,target:4,0.028289771000004293,high_cost_progress,policy_train,s3__policy_train__policy_train_compartmentalized_double_horizontal_0001__task_0008__seed_0000__realized_dynamic__decision_0000__0006,feasible,3
4,200,"14,24,86,110",neighborhood-ea6fa0d6984d1acd,True,"1,0",official_adaptive,1,True,0.0,0,ed89da35be5ba71d9fd0fde07d0b9f5c13dab02adbba3a6ea36c8047823708a5,cf7f6b24c45b8294893f9a6c9794f074138aed21999d77bda202a720e45610ba,3,1,604343bc2e8025e74155961172c16a81deddeb5453b98d7cccecf60fdb5e717a,00c23ddee6488c20716f32e88060225dd10b3bb6ca9cb8f7445ea39c82e16ae4,False,compartmentalized,0.045074220021390686,3159,7947,254,4,policy_train_compartmentalized_double_horizontal_0001,False,0.16666666666666666,0.04610549900000649,0.04610549900000649,2,0.006417757,0.017815728000002196,0.028289771000004293,lns2.receding_q_label_pilot.v1,target:4,0.028289771000004293,high_cost_progress,policy_train,s3__policy_train__policy_train_compartmentalized_double_horizontal_0001__task_0008__seed_0000__realized_dynamic__decision_0000__0006,feasible,0
4,200,"14,24,86,110",neighborhood-ea6fa0d6984d1acd,True,"1,0",official_adaptive,1,True,0.0,0,dcda53fbe1eb9bc15ec5b5f5be205d860e8c1d43d6f48698b6608f088f23d944,0ed2d51e73dfa56e34d9a1b2ead5ce337063a92a8c443b85fba7ba31288ef275,3,1,604343bc2e8025e74155961172c16a81deddeb5453b98d7cccecf60fdb5e717a,00c23ddee6488c20716f32e88060225dd10b3bb6ca9cb8f7445ea39c82e16ae4,False,compartmentalized,0.044450481352626366,3234,8000,285,4,policy_train_compartmentalized_double_horizontal_0001,False,0.16666666666666666,0.0454532060000048,0.0454532060000048,2,0.006152574,0.017163435000000504,0.028289771000004293,lns2.receding_q_label_pilot.v1,target:4,0.028289771000004293,high_cost_progress,policy_train,s3__policy_train__policy_train_compartmentalized_double_horizontal_0001__task_0008__seed_0000__realized_dynamic__decision_0000__0006,feasible,1
4,200,"14,24,86,110",neighborhood-ea6fa0d6984d1acd,True,"1,1,1,0",official_adaptive,3,True,0.0,0,1cabd4910dda982b36dffd794192db04dc9da21e6b1317c7a88ed52d1c785a7f,ebc9b46e8f4e3975d7c3cf9738db4fccfb61ee7525139438beaa00465d8972ba,3,1,604343bc2e8025e74155961172c16a81deddeb5453b98d7cccecf60fdb5e717a,00c23ddee6488c20716f32e88060225dd10b3bb6ca9cb8f7445ea39c82e16ae4,False,compartmentalized,0.18273193174531024,31418,62659,1457,20,policy_train_compartmentalized_double_horizontal_0001,False,0.8333333333333334,0.20049255100001062,0.20049255100001062,0,0.064427085,0.10142999200000702,0.028289771000004293,lns2.receding_q_label_pilot.v1,target:4,0.0990625590000036,high_cost_progress,policy_train,s3__policy_train__policy_train_compartmentalized_double_horizontal_0001__task_0008__seed_0000__realized_dynamic__decision_0000__0006,feasible,2
4,200,"14,24,86,110",neighborhood-ea6fa0d6984d1acd,True,"1,1,0",official_adaptive,2,True,0.0,0,899527a655835fc71b96597b845507586e260af6b934355c39648016bc3c6399,1b4595f822a382ed0f563619c8588921c08bfcc7e7377e618d5f8a988b512ac7,3,1,604343bc2e8025e74155961172c16a81deddeb5453b98d7cccecf60fdb5e717a,00c23ddee6488c20716f32e88060225dd10b3bb6ca9cb8f7445ea39c82e16ae4,False,compartmentalized,0.10314571168925712,13580,25746,1245,12,policy_train_compartmentalized_double_horizontal_0001,False,0.5,0.10865294100000966,0.10865294100000966,1,0.024963964999999998,0.05104599900000295,0.028289771000004293,lns2.receding_q_label_pilot.v1,target:4,0.05760694200000671,high_cost_progress,policy_train,s3__policy_train__policy_train_compartmentalized_double_horizontal_0001__task_0008__seed_0000__realized_dynamic__decision_0000__0006,feasible,3
16,600,"129,215,221,241,257,277,338,341,383,414,423,433,446,456,490,577",neighborhood-009d727129716af9,True,"94,80,80,80",official_adaptive,3,False,0.851063829787234,80,d8c091c8097e3209b7ddf58ee4a8126edda551718f6f9f95db40803929fa951f,72d15567009c8f5760c56de4523b3a366d396cc809c9826d6d46ce9f85807e2b,3,94,b3375dae54f30c96378484e6ab0f5567d4a17e1e1160cdde79d82f10015c6a0a,d9624a5ba1f7411e4ed84afe317ca136d633e1a90761e80f8a8e11950f4e5531,False,compartmentalized,0.8763145474723082,515416,390692,276889,32,policy_train_compartmentalized_double_horizontal_0001,False,0.875886524822695,1.2725774319361436,1.402030802999974,0,0.960548198,1.0969246239999961,0.10260682199998428,lns2.receding_q_label_pilot.v1,random:16,0.30510617899997783,high_cost_progress,policy_train,s3__policy_train__policy_train_compartmentalized_double_horizontal_0001__task_0016__seed_0000__official_adaptive__decision_0000__0040,horizon_complete,0
16,600,"129,215,221,241,257,277,338,341,383,414,423,433,446,456,490,577",neighborhood-009d727129716af9,True,"94,81,74,72",official_adaptive,3,False,0.7659574468085106,72,44a7792e98194194374fa9d830b7fca0e396577b3aad5f72b2f07a1d46ad1e67,5d9c86e89ab171184b16ec1b07a49e1a1aacfe45e084b4e1c72ef674f00427ea,3,94,b3375dae54f30c96378484e6ab0f5567d4a17e1e1160cdde79d82f10015c6a0a,d9624a5ba1f7411e4ed84afe317ca136d633e1a90761e80f8a8e11950f4e5531,False,compartmentalized,0.755364956162093,317825,348192,118924,32,policy_train_compartmentalized_double_horizontal_0001,False,0.8439716312056738,1.0184897410425584,1.1283881500000064,0,0.68907495,0.8257286870000087,0.10260682199998428,lns2.receding_q_label_pilot.v1,random:16,0.3026594629999977,high_cost_progress,policy_train,s3__policy_train__policy_train_compartmentalized_double_horizontal_0001__task_0016__seed_0000__official_adaptive__decision_0000__0040,horizon_complete,1
16,600,"129,215,221,241,257,277,338,341,383,414,423,433,446,456,490,577",neighborhood-009d727129716af9,True,"94,81,80,72",official_adaptive,3,False,0.7659574468085106,72,aab8393a7887dc08ea6d57c217b6d60cd3ed9ffa9ee7ccbbcc345fd837e6c1f1,c8b0e36841a4030ea9302c32cc34cf586643ab1d6d2e1a3b008327890879b4a2,3,94,b3375dae54f30c96378484e6ab0f5567d4a17e1e1160cdde79d82f10015c6a0a,d9624a5ba1f7411e4ed84afe317ca136d633e1a90761e80f8a8e11950f4e5531,False,compartmentalized,0.9678460287760424,521907,412097,284461,32,policy_train_compartmentalized_double_horizontal_0001,False,0.8652482269503546,1.4842849880850886,1.6322685179999823,0,1.138850219,1.3028742039999983,0.10260682199998428,lns2.receding_q_label_pilot.v1,random:16,0.329394313999984,high_cost_progress,policy_train,s3__policy_train__policy_train_compartmentalized_double_horizontal_0001__task_0016__seed_0000__official_adaptive__decision_0000__0040,horizon_complete,2
16,600,"129,215,221,241,257,277,338,341,383,414,423,433,446,456,490,577",neighborhood-009d727129716af9,True,"94,80,78,78",official_adaptive,3,False,0.8297872340425532,78,a9eaa98eefcf913939b156e13f1f3a346e77ad90073074ae42dc27af8ef85100,9e59505835c80c5c7b5ac3dbb57d454d162d3b287824c1f25b1e5dd79508bef5,3,94,b3375dae54f30c96378484e6ab0f5567d4a17e1e1160cdde79d82f10015c6a0a,d9624a5ba1f7411e4ed84afe317ca136d633e1a90761e80f8a8e11950f4e5531,False,compartmentalized,0.8193083216716017,344695,349291,141392,32,policy_train_compartmentalized_double_horizontal_0001,False,0.8652482269503546,1.1486146690638106,1.2689299249999806,0,0.778231256,0.9315920869999985,0.10260682199998428,lns2.receding_q_label_pilot.v1,random:16,0.33733783799998207,high_cost_progress,policy_train,s3__policy_train__policy_train_compartmentalized_double_horizontal_0001__task_0016__seed_0000__official_adaptive__decision_0000__0040,horizon_complete,3
4,600,"179,278,386,579",neighborhood-01c1fe8dcaf9852d,True,"94,92,78,68",official_adaptive,3,False,0.723404255319149,68,729db64e7da6ae7bb4051fa5d710fd4bee1031b7298823d2bbcf09a77bc032ef,f8f0fb2d11758062b41335f4a27fd521c4558fd237fc48b408b8545b0fd3bd88,3,94,b3375dae54f30c96378484e6ab0f5567d4a17e1e1160cdde79d82f10015c6a0a,d9624a5ba1f7411e4ed84afe317ca136d633e1a90761e80f8a8e11950f4e5531,False,compartmentalized,0.7093068922538923,281444,247122,109312,20,policy_train_compartmentalized_double_horizontal_0001,False,0.8900709219858156,0.9896798018936452,1.032581972000031,0,0.572596421,0.7181112340000197,0.10260682199998428,lns2.receding_q_label_pilot.v1,random:4,0.31447073800001135,high_cost_progress,policy_train,s3__policy_train__policy_train_compartmentalized_double_horizontal_0001__task_0016__seed_0000__official_adaptive__decision_0000__0040,horizon_complete,0
4,600,"179,278,386,579",neighborhood-01c1fe8dcaf9852d,True,"94,92,92,87",official_adaptive,3,False,0.925531914893617,87,10044d267287e4ae15407f62d54ca1688b1927909e26bb84b470aafaba800c4c,2e85d184538701610dec0a0e803d57040a38cf68a77d8f6c65df2407eb025981,3,94,b3375dae54f30c96378484e6ab0f5567d4a17e1e1160cdde79d82f10015c6a0a,d9624a5ba1f7411e4ed84afe317ca136d633e1a90761e80f8a8e11950f4e5531,False,compartmentalized,0.6722302437514411,241325,215156,129268,19,policy_train_compartmentalized_double_horizontal_0001,False,0.973404255319149,0.9463603812340048,0.9586006099999622,0,0.488142438,0.6399150739999584,0.10260682199998428,lns2.receding_q_label_pilot.v1,random:4,0.3186855360000038,high_cost_progress,policy_train,s3__policy_train__policy_train_compartmentalized_double_horizontal_0001__task_0016__seed_0000__official_adaptive__decision_0000__0040,horizon_complete,1
4,600,"179,278,386,579",neighborhood-01c1fe8dcaf9852d,True,"94,92,92,92",official_adaptive,3,False,0.9787234042553191,92,efee64a196eadb969b4c63b662dcbcda001f6a244085b96ff5832de98c2836f1,5289f4f50c974a6e88e150dac75997843658c93c1a40afc256bb4fe50a21084f,3,94,b3375dae54f30c96378484e6ab0f5567d4a17e1e1160cdde79d82f10015c6a0a,d9624a5ba1f7411e4ed84afe317ca136d633e1a90761e80f8a8e11950f4e5531,False,compartmentalized,0.7688801266922931,376850,230238,231540,18,policy_train_compartmentalized_double_horizontal_0001,False,0.9822695035460993,1.1405233433191093,1.1573489429999597,0,0.7009325019999999,0.845061515999987,0.10260682199998428,lns2.receding_q_label_pilot.v1,random:4,0.3122874269999727,high_cost_progress,policy_train,s3__policy_train__policy_train_compartmentalized_double_horizontal_0001__task_0016__seed_0000__official_adaptive__decision_0000__0040,horizon_complete,2
4,600,"179,278,386,579",neighborhood-01c1fe8dcaf9852d,True,"94,92,78,78",official_adaptive,3,False,0.8297872340425532,78,7f6345e486a2aae0e67299d2de5686e0eaa3bde13c830e9e7669afa37e1c2c72,3c73d96aab4a18d90edf49b95943e26c4c7c628ad796a1f823a282655968bfee,3,94,b3375dae54f30c96378484e6ab0f5567d4a17e1e1160cdde79d82f10015c6a0a,d9624a5ba1f7411e4ed84afe317ca136d633e1a90761e80f8a8e11950f4e5531,False,compartmentalized,0.981779157959131,629454,334433,390603,16,policy_train_compartmentalized_double_horizontal_0001,False,0.9078014184397163,1.5910647765957324,1.6692009499999898,0,1.206073257,1.3528129959999973,0.10260682199998428,lns2.receding_q_label_pilot.v1,random:4,0.31638795399999253,high_cost_progress,policy_train,s3__policy_train__policy_train_compartmentalized_double_horizontal_0001__task_0016__seed_0000__official_adaptive__decision_0000__0040,horizon_complete,3
4,600,"278,322,354,480",neighborhood-01f3e0d8ef4ca071,True,"94,89,81,81",official_adaptive,3,False,0.8617021276595744,81,5c8cc794350891fe90a5c3effd2d51949397825576da949bc9896114c596e99f,319244816f9a66a9cfc7673929e8fb7a0f249a552175e41a5f0f63d71a3af085,3,94,b3375dae54f30c96378484e6ab0f5567d4a17e1e1160cdde79d82f10015c6a0a,d9624a5ba1f7411e4ed84afe317ca136d633e1a90761e80f8a8e11950f4e5531,False,compartmentalized,0.5593890708084714,102340,172154,3004,20,policy_train_compartmentalized_double_horizontal_0001,False,0.9131205673758865,0.7115539289893692,0.7496032900000102,0,0.30311124,0.4412092070000142,0.10260682199998428,lns2.receding_q_label_pilot.v1,collision:4,0.30839408299999604,high_cost_progress,policy_train,s3__policy_train__policy_train_compartmentalized_double_horizontal_0001__task_0016__seed_0000__official_adaptive__decision_0000__0040,horizon_complete,0
4,600,"278,322,354,480",neighborhood-01f3e0d8ef4ca071,True,"94,89,86,82",official_adaptive,3,False,0.8723404255319149,82,b8ec8b0f7b1d28292cda759a3826298318933ca2f72a5edb04d356b732f457ce,17119db0b948f783895386b5a792ab7587a678bb476ead6e78fae6409af19b7a,3,94,b3375dae54f30c96378484e6ab0f5567d4a17e1e1160cdde79d82f10015c6a0a,d9624a5ba1f7411e4ed84afe317ca136d633e1a90761e80f8a8e11950f4e5531,False,compartmentalized,0.7137060272423095,374820,302480,203361,20,policy_train_compartmentalized_double_horizontal_0001,False,0.9326241134751773,0.988017525127654,1.0415432709999948,0,0.6129572809999999,0.7444780560000197,0.10260682199998428,lns2.receding_q_label_pilot.v1,collision:4,0.29706521499997507,high_cost_progress,policy_train,s3__policy_train__policy_train_compartmentalized_double_horizontal_0001__task_0016__seed_0000__official_adaptive__decision_0000__0040,horizon_complete,1
4,600,"278,322,354,480",neighborhood-01f3e0d8ef4ca071,True,"94,89,74,72",official_adaptive,3,False,0.7659574468085106,72,505aa7bf8bcb326b992d3a4c38142922c52ca8da4cf08aae5a338372681cb2a7,9a111ca00958a10e1f20d1cb41c7782d97cfa0d8982969032261eb91cb7a24b5,3,94,b3375dae54f30c96378484e6ab0f5567d4a17e1e1160cdde79d82f10015c6a0a,d9624a5ba1f7411e4ed84afe317ca136d633e1a90761e80f8a8e11950f4e5531,False,compartmentalized,0.7828881154147576,244802,335125,14551,20,policy_train_compartmentalized_double_horizontal_0001,False,0.8723404255319149,1.1063608749361458,1.187781715999975,0,0.7243615840000001,0.867611557999993,0.10260682199998428,lns2.receding_q_label_pilot.v1,collision:4,0.32017015799998205,high_cost_progress,policy_train,s3__policy_train__policy_train_compartmentalized_double_horizontal_0001__task_0016__seed_0000__official_adaptive__decision_0000__0040,horizon_complete,2
4,600,"278,322,354,480",neighborhood-01f3e0d8ef4ca071,True,"94,89,84,74",official_adaptive,3,False,0.7872340425531915,74,1dac96592ddff5f76752efc506d15301924fcd31ec41ae8112102bf8f1d398cd,590b8003225d274b80f879b218fe14ec0634f78721ba504f6feb697e89dd8870,3,94,b3375dae54f30c96378484e6ab0f5567d4a17e1e1160cdde79d82f10015c6a0a,d9624a5ba1f7411e4ed84afe317ca136d633e1a90761e80f8a8e11950f4e5531,False,compartmentalized,0.75706814886351,318894,283317,145340,20,policy_train_compartmentalized_double_horizontal_0001,False,0.9113475177304965,1.060541510914888,1.132016293999996,0,0.673229372,0.8247054350000127,0.10260682199998428,lns2.receding_q_label_pilot.v1,collision:4,0.30731085899998334,high_cost_progress,policy_train,s3__policy_train__policy_train_compartmentalized_double_horizontal_0001__task_0016__seed_0000__official_adaptive__decision_0000__0040,horizon_complete,3
8,600,"41,104,116,188,223,380,418,456",neighborhood-03f47798239a2dae,True,"94,82,67,64",official_adaptive,3,False,0.6808510638297872,64,ed938033e2fa7a6f5e7548fa3235cfbb7aa0a8488a0e06923a0284dbda1d4345,cdf724b246c6bd0a4654c9f30e1d315ddcee998e0f15d1f0c5c8413e1324f201,3,94,b3375dae54f30c96378484e6ab0f5567d4a17e1e1160cdde79d82f10015c6a0a,d9624a5ba1f7411e4ed84afe317ca136d633e1a90761e80f8a8e11950f4e5531,False,compartmentalized,0.5802789630613423,137522,237965,9974,24,policy_train_compartmentalized_double_horizontal_0001,False,0.8085106382978723,0.6750709125957017,0.7865367389999562,0,0.350046099,0.4841552789999639,0.10260682199998428,lns2.receding_q_label_pilot.v1,random:8,0.30238145999999233,high_cost_progress,policy_train,s3__policy_train__policy_train_compartmentalized_double_horizontal_0001__task_0016__seed_0000__official_adaptive__decision_0000__0040,horizon_complete,0
8,600,"41,104,116,188,223,380,418,456",neighborhood-03f47798239a2dae,True,"94,81,74,72",official_adaptive,3,False,0.7659574468085106,72,d0ca6af287adeb4e7b3c216bcb109444769164a7855372ec9b1c5df9b98824e8,1d46d891fabbcc4331a7b78a2f814fb53f1bd313978b06a8c71e132926ec89d3,3,94,b3375dae54f30c96378484e6ab0f5567d4a17e1e1160cdde79d82f10015c6a0a,d9624a5ba1f7411e4ed84afe317ca136d633e1a90761e80f8a8e11950f4e5531,False,compartmentalized,0.642133347119523,176543,213818,34339,24,policy_train_compartmentalized_double_horizontal_0001,False,0.8439716312056738,0.7876878099148552,0.9005310499999553,0,0.454469024,0.5939341859999843,0.10260682199998428,lns2.receding_q_label_pilot.v1,random:8,0.306596863999971,high_cost_progress,policy_train,s3__policy_train__policy_train_compartmentalized_double_horizontal_0001__task_0016__seed_0000__official_adaptive__decision_0000__0040,horizon_complete,1
8,600,"41,104,116,188,223,380,418,456",neighborhood-03f47798239a2dae,True,"94,81,80,78",official_adaptive,3,False,0.8297872340425532,78,8a32e0121fc4526a9f1668e57a30717cf589c91be1b182b245c86ad0a4982369,36c305a089219faf4734c00032848695d53fc821b9d89833cbed62e87f254f40,3,94,b3375dae54f30c96378484e6ab0f5567d4a17e1e1160cdde79d82f10015c6a0a,d9624a5ba1f7411e4ed84afe317ca136d633e1a90761e80f8a8e11950f4e5531,False,compartmentalized,0.7898131308919288,361752,285586,182200,24,policy_train_compartmentalized_double_horizontal_0001,False,0.875886524822695,1.0712097515212844,1.2029847180000104,0,0.750333304,0.8918055510000187,0.10260682199998428,lns2.receding_q_label_pilot.v1,random:8,0.3111791669999917,high_cost_progress,policy_train,s3__policy_train__policy_train_compartmentalized_double_horizontal_0001__task_0016__seed_0000__official_adaptive__decision_0000__0040,horizon_complete,2
8,600,"41,104,116,188,223,380,418,456",neighborhood-03f47798239a2dae,True,"94,82,79,79",official_adaptive,3,False,0.8404255319148937,79,0cae7c00d4dbfba28afeb829758a40412e57e948bd1c343e3261254e1c2bd8fb,fbb3676561b870b75c876637f55c59dc0059250c9bfb8334931ed063d2767053,3,94,b3375dae54f30c96378484e6ab0f5567d4a17e1e1160cdde79d82f10015c6a0a,d9624a5ba1f7411e4ed84afe317ca136d633e1a90761e80f8a8e11950f4e5531,False,compartmentalized,0.9669384577071516,514168,326394,292234,22,policy_train_compartmentalized_double_horizontal_0001,False,0.8776595744680851,1.4555978836170012,1.6298806309999776,0,1.133762465,1.2920713100000114,0.10260682199998428,lns2.receding_q_label_pilot.v1,random:8,0.3378093209999662,high_cost_progress,policy_train,s3__policy_train__policy_train_compartmentalized_double_horizontal_0001__task_0016__seed_0000__official_adaptive__decision_0000__0040,horizon_complete,3
8,600,"198,278,376,467,530,535,549,593",neighborhood-05ad9ebec3d27c17,True,"94,92,88,76",official_adaptive,3,False,0.8085106382978723,76,a653df9d8e2ecce8462c6546f012c2b568f767e37b83280e6bcdbbd7d3fd8d46,cb4f0cc6a8c92bf1646e2e5a874e11a5530499d622d551bf28e40d2600dd333d,3,94,b3375dae54f30c96378484e6ab0f5567d4a17e1e1160cdde79d82f10015c6a0a,d9624a5ba1f7411e4ed84afe317ca136d633e1a90761e80f8a8e11950f4e5531,False,compartmentalized,0.764182906730966,237007,310424,41254,24,policy_train_compartmentalized_double_horizontal_0001,False,0.9397163120567376,1.1230315115531586,1.1472391629999663,0,0.68492609,0.8313562289999652,0.10260682199998428,lns2.receding_q_label_pilot.v1,random:8,0.3158829340000011,high_cost_progress,policy_train,s3__policy_train__policy_train_compartmentalized_double_horizontal_0001__task_0016__seed_0000__official_adaptive__decision_0000__0040,horizon_complete,0
8,600,"198,278,376,467,530,535,549,593",neighborhood-05ad9ebec3d27c17,True,"94,91,90,87",official_adaptive,3,False,0.925531914893617,87,ef97c4ed7961e55b6b7889fac96c91b7e3e6d822fbb98b8f5cee4ca201e56f64,40947233869033eaf49e7e6c0108b4ba9ceaebd8159d86000811022159ff1289,3,94,b3375dae54f30c96378484e6ab0f5567d4a17e1e1160cdde79d82f10015c6a0a,d9624a5ba1f7411e4ed84afe317ca136d633e1a90761e80f8a8e11950f4e5531,False,compartmentalized,0.9127630444953421,516846,402379,267425,24,policy_train_compartmentalized_double_horizontal_0001,False,0.9627659574468085,1.4496909930638129,1.4911963189999824,0,1.032864652,1.1728103650000037,0.10260682199998428,lns2.receding_q_label_pilot.v1,random:8,0.3183859539999787,high_cost_progress,policy_train,s3__policy_train__policy_train_compartmentalized_double_horizontal_0001__task_0016__seed_0000__official_adaptive__decision_0000__0040,horizon_complete,1
8,600,"198,278,376,467,530,535,549,593",neighborhood-05ad9ebec3d27c17,True,"94,91,88,85",official_adaptive,3,False,0.9042553191489362,85,9546c3fc63c17d913bdb64ccac9284203d66aad3c5c5424d85bb6cd4bbe1af1f,a0a2f000515891d008c8002b94199e2066db9a1ada75e007f40b64f79bb71ff4,3,94,b3375dae54f30c96378484e6ab0f5567d4a17e1e1160cdde79d82f10015c6a0a,d9624a5ba1f7411e4ed84afe317ca136d633e1a90761e80f8a8e11950f4e5531,False,compartmentalized,0.8406398282289615,470134,286439,290952,24,policy_train_compartmentalized_double_horizontal_0001,False,0.9521276595744681,1.2687637958297424,1.3178495279999538,0,0.862339296,0.9966841819999672,0.10260682199998428,lns2.receding_q_label_pilot.v1,random:8,0.3211653459999866,high_cost_progress,policy_train,s3__policy_train__policy_train_compartmentalized_double_horizontal_0001__task_0016__seed_0000__official_adaptive__decision_0000__0040,horizon_complete,2
8,600,"198,278,376,467,530,535,549,593",neighborhood-05ad9ebec3d27c17,True,"94,91,88,87",official_adaptive,3,False,0.925531914893617,87,d206c84842f4b26e7bab9f98060c87c110324d0ffc6a75d1a36957b2765571fe,eddc16bb1484edeca0706bd1b65dccaf229543dbda04d6234eb5d5819e711efa,3,94,b3375dae54f30c96378484e6ab0f5567d4a17e1e1160cdde79d82f10015c6a0a,d9624a5ba1f7411e4ed84afe317ca136d633e1a90761e80f8a8e11950f4e5531,False,compartmentalized,0.6505894419654752,216769,244780,72670,24,policy_train_compartmentalized_double_horizontal_0001,False,0.9556737588652482,0.8926783012978692,0.9166702619999967,0,0.4766434,0.6116880570000092,0.10260682199998428,lns2.receding_q_label_pilot.v1,random:8,0.3049822049999875,high_cost_progress,policy_train,s3__policy_train__policy_train_compartmentalized_double_horizontal_0001__task_0016__seed_0000__official_adaptive__decision_0000__0040,horizon_complete,3
8,600,"37,103,107,317,389,419,473,547",neighborhood-08e843f52995b092,True,"94,89,67,62",official_adaptive,3,False,0.6595744680851063,62,7a121c77dcf28573644d23ed4dceae4f1e86128e04221cf54eefe12b2a10f49d,549ba42b2ec0e4bbbd5225e7e15ea9ce9a1e8ca69ee8af4c9785f5ef3a5e798a,3,94,b3375dae54f30c96378484e6ab0f5567d4a17e1e1160cdde79d82f10015c6a0a,d9624a5ba1f7411e4ed84afe317ca136d633e1a90761e80f8a8e11950f4e5531,False,compartmentalized,0.6383371739929373,172703,244410,11908,24,policy_train_compartmentalized_double_horizontal_0001,False,0.8297872340425532,0.8237224865105885,0.8933299819999547,0,0.450272079,0.5902608109999505,0.10260682199998428,lns2.receding_q_label_pilot.v1,collision:8,0.3030691710000042,high_cost_progress,policy_train,s3__policy_train__policy_train_compartmentalized_double_horizontal_0001__task_0016__seed_0000__official_adaptive__decision_0000__0040,horizon_complete,0
8,600,"37,103,107,317,389,419,473,547",neighborhood-08e843f52995b092,True,"94,89,87,82",official_adaptive,3,False,0.8723404255319149,82,572cf8592d828285869c48768cfe467221d916cbad2c0523b5592eb347649444,bad052379d7a6889d8ae5bd6bc0169434a2f8be96e1d5580b77d3ed046c8b455,3,94,b3375dae54f30c96378484e6ab0f5567d4a17e1e1160cdde79d82f10015c6a0a,d9624a5ba1f7411e4ed84afe317ca136d633e1a90761e80f8a8e11950f4e5531,False,compartmentalized,0.5395260404184254,161714,180200,76410,24,policy_train_compartmentalized_double_horizontal_0001,False,0.9361702127659575,0.6871940082339794,0.7151937369999359,0,0.29533995999999996,0.4211935429999585,0.10260682199998428,lns2.receding_q_label_pilot.v1,collision:8,0.29400019399997745,high_cost_progress,policy_train,s3__policy_train__policy_train_compartmentalized_double_horizontal_0001__task_0016__seed_0000__official_adaptive__decision_0000__0040,horizon_complete,1
8,600,"37,103,107,317,389,419,473,547",neighborhood-08e843f52995b092,True,"94,89,82,75",official_adaptive,3,False,0.7978723404255319,75,79a66b202a5ce1c77ca94521126b5bfd7ffede208e82c5c696545f6bd28a5b0b,2a804884a12a24b4cd99125c9b43897964080b8d553249e274caf2898ba829e2,3,94,b3375dae54f30c96378484e6ab0f5567d4a17e1e1160cdde79d82f10015c6a0a,d9624a5ba1f7411e4ed84afe317ca136d633e1a90761e80f8a8e11950f4e5531,False,compartmentalized,0.6536997596303602,186643,281887,8388,24,policy_train_compartmentalized_double_horizontal_0001,False,0.9060283687943262,0.8729304167658879,0.9226409959999273,0,0.49185220100000004,0.6262143179999669,0.10260682199998428,lns2.receding_q_label_pilot.v1,collision:8,0.2964266779999605,high_cost_progress,policy_train,s3__policy_train__policy_train_compartmentalized_double_horizontal_0001__task_0016__seed_0000__official_adaptive__decision_0000__0040,horizon_complete,2
8,600,"37,103,107,317,389,419,473,547",neighborhood-08e843f52995b092,True,"94,93,79,79",official_adaptive,3,False,0.8404255319148937,79,4b11a60789920048ad2ab45245d506f250341c348272005153ed0af3c005dfb7,11ed0a26f2aa4e9afd2f8d4b8022ba74c317cf636d619a6220b2fabf20f2c21d,3,94,b3375dae54f30c96378484e6ab0f5567d4a17e1e1160cdde79d82f10015c6a0a,d9624a5ba1f7411e4ed84afe317ca136d633e1a90761e80f8a8e11950f4e5531,False,compartmentalized,0.9902397488237444,580631,413772,307376,22,policy_train_compartmentalized_double_horizontal_0001,False,0.9166666666666666,1.6427142557553325,1.691879770000014,0,1.231143533,1.3787722060000078,0.10260682199998428,lns2.receding_q_label_pilot.v1,collision:8,0.3131075640000063,high_cost_progress,policy_train,s3__policy_train__policy_train_compartmentalized_double_horizontal_0001__task_0016__seed_0000__official_adaptive__decision_0000__0040,horizon_complete,3
8,600,"168,182,196,429,450,469,526,546",neighborhood-0b0290c1b5fb69e2,True,"94,94,84,75",official_adaptive,3,False,0.7978723404255319,75,28ea5a0593158390765b1bce4dcf631107638e79dd7bc5960e90c2dd1c15b2aa,1b92e970ce1ab984108abc34af1e1c5ae856522b19e2d812e0dea1a409666e19,3,94,b3375dae54f30c96378484e6ab0f5567d4a17e1e1160cdde79d82f10015c6a0a,d9624a5ba1f7411e4ed84afe317ca136d633e1a90761e80f8a8e11950f4e5531,False,compartmentalized,0.7157768526045987,248869,353158,61244,24,policy_train_compartmentalized_double_horizontal_0001,False,0.9308510638297872,1.0104695932340548,1.0457753310000157,0,0.592298958,0.7292837590000545,0.10260682199998428,lns2.receding_q_label_pilot.v1,collision:8,0.31649157199996125,high_cost_progress,policy_train,s3__policy_train__policy_train_compartmentalized_double_horizontal_0001__task_0016__seed_0000__official_adaptive__decision_0000__0040,horizon_complete,0
8,600,"168,182,196,429,450,469,526,546",neighborhood-0b0290c1b5fb69e2,True,"94,93,91,86",official_adaptive,3,False,0.9148936170212766,86,5e114cf5ff1720c7d61e1bd1b9d1bbc66a95ee6bc8fad422dd98a53777308dde,20b4ea4669dba21f5b141ad40bc0df6386a899dd131c0841b30d7522375e25c8,3,94,b3375dae54f30c96378484e6ab0f5567d4a17e1e1160cdde79d82f10015c6a0a,d9624a5ba1f7411e4ed84afe317ca136d633e1a90761e80f8a8e11950f4e5531,False,compartmentalized,0.7176277272512899,394004,283399,262322,24,policy_train_compartmentalized_double_horizontal_0001,False,0.9716312056737588,1.0331723707765765,1.0495653109999807,0,0.601810055,0.7419987580000225,0.10260682199998428,lns2.receding_q_label_pilot.v1,collision:8,0.3075665529999583,high_cost_progress,policy_train,s3__policy_train__policy_train_compartmentalized_double_horizontal_0001__task_0016__seed_0000__official_adaptive__decision_0000__0040,horizon_complete,1
8,600,"168,182,196,429,450,469,526,546",neighborhood-0b0290c1b5fb69e2,True,"94,93,93,86",official_adaptive,3,False,0.9148936170212766,86,70270f759aa08e06457c0ed2f365b2f919d04026326148fec97cb3b9eae6dee3,401c84465542d724658b71ec353f070879f28ccd664b1c74328ba6736045035a,3,94,b3375dae54f30c96378484e6ab0f5567d4a17e1e1160cdde79d82f10015c6a0a,d9624a5ba1f7411e4ed84afe317ca136d633e1a90761e80f8a8e11950f4e5531,False,compartmentalized,0.7113345039549318,220436,285651,64029,24,policy_train_compartmentalized_double_horizontal_0001,False,0.9787234042553191,1.0303415384574333,1.0367074399999865,0,0.5733902319999999,0.7201884289999896,0.10260682199998428,lns2.receding_q_label_pilot.v1,collision:8,0.3165190109999969,high_cost_progress,policy_train,s3__policy_train__policy_train_compartmentalized_double_horizontal_0001__task_0016__seed_0000__official_adaptive__decision_0000__0040,horizon_complete,2
8,600,"168,182,196,429,450,469,526,546",neighborhood-0b0290c1b5fb69e2,True,"94,93,92,86",official_adaptive,3,False,0.9148936170212766,86,81e4a7b8a3247267b599637526e3ce185fe89f058e33bc235f142b3c2f58ae50,ff18862c63edd3bb3fb68ec9ad307e89cc2a2efee112586f1f716c966abf52c0,3,94,b3375dae54f30c96378484e6ab0f5567d4a17e1e1160cdde79d82f10015c6a0a,d9624a5ba1f7411e4ed84afe317ca136d633e1a90761e80f8a8e11950f4e5531,False,compartmentalized,0.8057040743624808,379544,364288,206880,24,policy_train_compartmentalized_double_horizontal_0001,False,0.975177304964539,1.2251663707978482,1.2382718539999757,0,0.759798443,0.9071341129999837,0.10260682199998428,lns2.receding_q_label_pilot.v1,collision:8,0.33113774099999205,high_cost_progress,policy_train,s3__policy_train__policy_train_compartmentalized_double_horizontal_0001__task_0016__seed_0000__official_adaptive__decision_0000__0040,horizon_complete,3
16,600,"30,50,65,66,73,103,135,267,281,291,382,402,411,417,515,526",neighborhood-0d85f62f9abd79a0,True,"94,82,80,64",official_adaptive,3,False,0.6808510638297872,64,8f0608d257fd0435c50c68225e0361acecee68b6fa6e45e8acb0ac20a8c09638,240db33d97d6a8274c98f8cf1f1a69b93d2d040d6eb67eb44ae658d787d4a2a8,3,94,b3375dae54f30c96378484e6ab0f5567d4a17e1e1160cdde79d82f10015c6a0a,d9624a5ba1f7411e4ed84afe317ca136d633e1a90761e80f8a8e11950f4e5531,False,compartmentalized,1.0216716514838171,776031,452226,486183,32,policy_train_compartmentalized_double_horizontal_0001,False,0.8546099290780141,1.6618543730850956,1.7778344559999937,0,1.32948497,1.473225604999982,0.10260682199998428,lns2.receding_q_label_pilot.v1,random:16,0.3046088510000118,high_cost_progress,policy_train,s3__policy_train__policy_train_compartmentalized_double_horizontal_0001__task_0016__seed_0000__official_adaptive__decision_0000__0040,horizon_complete,0
16,600,"30,50,65,66,73,103,135,267,281,291,382,402,411,417,515,526",neighborhood-0d85f62f9abd79a0,True,"94,82,80,76",official_adaptive,3,False,0.8085106382978723,76,710a5cfc341ed3425e7e2a8bc01fbba7bcfb4de59c016e807d1d7013eacb1029,6490be11240abbf5086426c7e94e6dd514318d558b9f4394be7b65e74ebf02e9,3,94,b3375dae54f30c96378484e6ab0f5567d4a17e1e1160cdde79d82f10015c6a0a,d9624a5ba1f7411e4ed84afe317ca136d633e1a90761e80f8a8e11950f4e5531,False,compartmentalized,1.1069125152834123,950823,395752,725823,32,policy_train_compartmentalized_double_horizontal_0001,False,0.875886524822695,1.9162904342977833,2.0250043069999037,0,1.531116568,1.6836195259999158,0.10260682199998428,lns2.receding_q_label_pilot.v1,random:16,0.3413847809999879,high_cost_progress,policy_train,s3__policy_train__policy_train_compartmentalized_double_horizontal_0001__task_0016__seed_0000__official_adaptive__decision_0000__0040,horizon_complete,1
16,600,"30,50,65,66,73,103,135,267,281,291,382,402,411,417,515,526",neighborhood-0d85f62f9abd79a0,True,"94,84,83,67",official_adaptive,3,False,0.7127659574468085,67,0073cc48606334e63c946f5e0c824d04e11717230b278cb450189c231e3ac25b,e2690fa2ad2de62da4acdd0e3e19817e446c7f1bcbe0707c1bf631805edb0910,3,94,b3375dae54f30c96378484e6ab0f5567d4a17e1e1160cdde79d82f10015c6a0a,d9624a5ba1f7411e4ed84afe317ca136d633e1a90761e80f8a8e11950f4e5531,False,compartmentalized,0.9340086626016233,701138,364533,482821,32,policy_train_compartmentalized_double_horizontal_0001,False,0.8776595744680851,1.471509766329796,1.5446895610000126,0,1.0903580069999999,1.2356921520000128,0.10260682199998428,lns2.receding_q_label_pilot.v1,random:16,0.30899740899999983,high_cost_progress,policy_train,s3__policy_train__policy_train_compartmentalized_double_horizontal_0001__task_0016__seed_0000__official_adaptive__decision_0000__0040,horizon_complete,2
16,600,"30,50,65,66,73,103,135,267,281,291,382,402,411,417,515,526",neighborhood-0d85f62f9abd79a0,True,"94,84,84,82",official_adaptive,3,False,0.8723404255319149,82,7770398e1f47f443ed9ef8797c65e0a94d955fbf832e26de2f31efcbdec18d34,0f545c86075ee337c85104fd7bb7e40bc0ef0ff0c3e4067a5aa3750c3bb5407c,3,94,b3375dae54f30c96378484e6ab0f5567d4a17e1e1160cdde79d82f10015c6a0a,d9624a5ba1f7411e4ed84afe317ca136d633e1a90761e80f8a8e11950f4e5531,False,compartmentalized,0.9200831344164144,641430,372226,437240,32,policy_train_compartmentalized_double_horizontal_0001,False,0.9078014184397163,1.4493750213616894,1.509499006999988,0,1.0549661970000002,1.201325306000001,0.10260682199998428,lns2.receding_q_label_pilot.v1,random:16,0.308173700999987,high_cost_progress,policy_train,s3__policy_train__policy_train_compartmentalized_double_horizontal_0001__task_0016__seed_0000__official_adaptive__decision_0000__0040,horizon_complete,3
4,600,"59,249,456,596",neighborhood-135be6e82bcd5f43,True,"94,89,85,82",official_adaptive,3,False,0.8723404255319149,82,a0104a752829669cdbe6387bab3e79493f618eeba0b73dfd702376786cc4dbca,dd7e664c908e9c25604555f1b8a65db0c5a4be261aba2712842cca7d3c63a442,3,94,b3375dae54f30c96378484e6ab0f5567d4a17e1e1160cdde79d82f10015c6a0a,d9624a5ba1f7411e4ed84afe317ca136d633e1a90761e80f8a8e11950f4e5531,False,compartmentalized,0.6988250996259336,240798,283297,66789,20,policy_train_compartmentalized_double_horizontal_0001,False,0.9290780141843972,0.9594958403403968,1.0113881379999725,0,0.561216493,0.7013428779999913,0.10260682199998428,lns2.receding_q_label_pilot.v1,random:4,0.3100452599999812,high_cost_progress,policy_train,s3__policy_train__policy_train_compartmentalized_double_horizontal_0001__task_0016__seed_0000__official_adaptive__decision_0000__0040,horizon_complete,0
4,600,"59,249,456,596",neighborhood-135be6e82bcd5f43,True,"94,89,87,87",official_adaptive,3,False,0.925531914893617,87,9f4b5078b9228f9dcbd233afd088c533711cac20fcf6343a4d037b64480adde4,716d3893d4ca6e4c8889a2828b4120f2e31dcb1454f5f4957fc91edca9b1d3ae,3,94,b3375dae54f30c96378484e6ab0f5567d4a17e1e1160cdde79d82f10015c6a0a,d9624a5ba1f7411e4ed84afe317ca136d633e1a90761e80f8a8e11950f4e5531,False,compartmentalized,0.6737443981152068,316816,191593,197384,19,policy_train_compartmentalized_double_horizontal_0001,False,0.9450354609929078,0.9167811453937097,0.9615684800000963,0,0.508729692,0.6543120520000798,0.10260682199998428,lns2.receding_q_label_pilot.v1,random:4,0.3072564280000165,high_cost_progress,policy_train,s3__policy_train__policy_train_compartmentalized_double_horizontal_0001__task_0016__seed_0000__official_adaptive__decision_0000__0040,horizon_complete,1
4,600,"59,249,456,596",neighborhood-135be6e82bcd5f43,True,"94,89,89,84",official_adaptive,3,False,0.8936170212765957,84,3747b38536f387af3e245514827b493bbb7ba75e9d471a8e1a78b8d351c7703d,64aae624b5582c6ba441693250b0a4c8ac7d27e220a973fd81abbef3bd604432,3,94,b3375dae54f30c96378484e6ab0f5567d4a17e1e1160cdde79d82f10015c6a0a,d9624a5ba1f7411e4ed84afe317ca136d633e1a90761e80f8a8e11950f4e5531,False,compartmentalized,0.7232073090582226,247093,310064,35841,20,policy_train_compartmentalized_double_horizontal_0001,False,0.9468085106382979,1.0217986215850954,1.0610329909999905,0,0.6151489490000001,0.7569342330000097,0.10260682199998428,lns2.receding_q_label_pilot.v1,random:4,0.30409875799998076,high_cost_progress,policy_train,s3__policy_train__policy_train_compartmentalized_double_horizontal_0001__task_0016__seed_0000__official_adaptive__decision_0000__0040,horizon_complete,2
4,600,"59,249,456,596",neighborhood-135be6e82bcd5f43,True,"94,89,89,87",official_adaptive,3,False,0.925531914893617,87,bf4eef7f50c8ba83dcb316ac7b0caf51cdceb1b0e73f071269d430de143076f8,0deb7097b1f1013f0ec2643eb29324d7fb8645ccae09d68c719513c6efa2d35c,3,94,b3375dae54f30c96378484e6ab0f5567d4a17e1e1160cdde79d82f10015c6a0a,d9624a5ba1f7411e4ed84afe317ca136d633e1a90761e80f8a8e11950f4e5531,False,compartmentalized,0.8766065073480648,441230,391850,199211,20,policy_train_compartmentalized_double_horizontal_0001,False,0.9521276595744681,1.3451326055638118,1.4027322019999815,0,0.949633854,1.0899669089999975,0.10260682199998428,lns2.receding_q_label_pilot.v1,random:4,0.312765292999984,high_cost_progress,policy_train,s3__policy_train__policy_train_compartmentalized_double_horizontal_0001__task_0016__seed_0000__official_adaptive__decision_0000__0040,horizon_complete,3
8,600,"166,180,274,278,285,358,390,506",neighborhood-1565a9188af2b9f9,True,"94,78,71,67",official_adaptive,3,False,0.7127659574468085,67,3a9c44a48d6b6b45ad59667f7b62bd172fe14b02d9ba5a105a0544694e89d5a2,4611b4f3ed671f0144a00abf0242b9ca26a0cc668a3258f282dd12536fabb8e8,3,94,b3375dae54f30c96378484e6ab0f5567d4a17e1e1160cdde79d82f10015c6a0a,d9624a5ba1f7411e4ed84afe317ca136d633e1a90761e80f8a8e11950f4e5531,False,compartmentalized,0.7436543222604243,335910,251241,189964,24,policy_train_compartmentalized_double_horizontal_0001,False,0.8138297872340425,0.9383164932233864,1.103608749999978,0,0.619489842,0.7677019600000108,0.10260682199998428,lns2.receding_q_label_pilot.v1,target:8,0.33590678999996726,high_cost_progress,policy_train,s3__policy_train__policy_train_compartmentalized_double_horizontal_0001__task_0016__seed_0000__official_adaptive__decision_0000__0040,horizon_complete,0
8,600,"166,180,274,278,285,358,390,506",neighborhood-1565a9188af2b9f9,True,"94,77,75,73",official_adaptive,3,False,0.776595744680851,73,92af6e741defb97d7f82f308c507f5e765f1b925235034dc50e3c02698e818d8,b902c7612dd516a13e2043009567599debeb974df05fa70d40958e73e163ecf3,3,94,b3375dae54f30c96378484e6ab0f5567d4a17e1e1160cdde79d82f10015c6a0a,d9624a5ba1f7411e4ed84afe317ca136d633e1a90761e80f8a8e11950f4e5531,False,compartmentalized,0.6943594854213196,181473,241689,43046,24,policy_train_compartmentalized_double_horizontal_0001,False,0.8351063829787234,0.869830495063743,1.002426079999907,0,0.517656196,0.6764547859999084,0.10260682199998428,lns2.receding_q_label_pilot.v1,target:8,0.3259712939999986,high_cost_progress,policy_train,s3__policy_train__policy_train_compartmentalized_double_horizontal_0001__task_0016__seed_0000__official_adaptive__decision_0000__0040,horizon_complete,1
8,600,"166,180,274,278,285,358,390,506",neighborhood-1565a9188af2b9f9,True,"94,78,75,75",official_adaptive,3,False,0.7978723404255319,75,1aa1b1992b72adb7d3b15ba61ed4015af3b831862e240d73cb40e6cc9333ed21,7f678b1d04c9949db251fe7b53a175553925cebe3977504d1c7c8b0144296dbf,3,94,b3375dae54f30c96378484e6ab0f5567d4a17e1e1160cdde79d82f10015c6a0a,d9624a5ba1f7411e4ed84afe317ca136d633e1a90761e80f8a8e11950f4e5531,False,compartmentalized,0.636680653840291,298641,188649,210601,24,policy_train_compartmentalized_double_horizontal_0001,False,0.8421985815602837,0.8033034409574268,0.8901962389999767,0,0.442901425,0.5838316610000049,0.10260682199998428,lns2.receding_q_label_pilot.v1,target:8,0.30636457799997174,high_cost_progress,policy_train,s3__policy_train__policy_train_compartmentalized_double_horizontal_0001__task_0016__seed_0000__official_adaptive__decision_0000__0040,horizon_complete,2
8,600,"166,180,274,278,285,358,390,506",neighborhood-1565a9188af2b9f9,True,"94,76,75,67",official_adaptive,3,False,0.7127659574468085,67,0666f91c0b7ed171d646f68885acd51315addd8e49663ebedbf943dcdb76435e,30be6d5fb63e5d6f93d240c5ca12a4f8dc1bc27c7711a19dc02e0a59354e53f2,3,94,b3375dae54f30c96378484e6ab0f5567d4a17e1e1160cdde79d82f10015c6a0a,d9624a5ba1f7411e4ed84afe317ca136d633e1a90761e80f8a8e11950f4e5531,False,compartmentalized,0.8677867248578622,710246,239498,597531,24,policy_train_compartmentalized_double_horizontal_0001,False,0.8209219858156028,1.2074070464787252,1.381633805000007,0,0.9335385789999999,1.0709401860000014,0.10260682199998428,lns2.receding_q_label_pilot.v1,target:8,0.3106936190000056,high_cost_progress,policy_train,s3__policy_train__policy_train_compartmentalized_double_horizontal_0001__task_0016__seed_0000__official_adaptive__decision_0000__0040,horizon_complete,3
16,600,"37,71,103,107,144,195,197,343,357,389,394,470,473,493,510,547",neighborhood-1e1ff903415e6925,True,"94,94,84,75",official_adaptive,3,False,0.7978723404255319,75,733b7cced55bd97c01daf3b8328ecc5d088a493d3f230a172df577d5df300a26,5bfb6b25daabbb358396adbb070b211715b85b3ae6b675bc77e1ba813332ef12,3,94,b3375dae54f30c96378484e6ab0f5567d4a17e1e1160cdde79d82f10015c6a0a,d9624a5ba1f7411e4ed84afe317ca136d633e1a90761e80f8a8e11950f4e5531,False,compartmentalized,1.028096951317964,506032,458691,245270,31,policy_train_compartmentalized_double_horizontal_0001,False,0.9308510638297872,1.7567401440000758,1.7957403390000763,0,1.280493987,1.4527290230000744,0.10260682199998428,lns2.receding_q_label_pilot.v1,collision:16,0.3430113160000019,high_cost_progress,policy_train,s3__policy_train__policy_train_compartmentalized_double_horizontal_0001__task_0016__seed_0000__official_adaptive__decision_0000__0040,horizon_complete,0
16,600,"37,71,103,107,144,195,197,343,357,389,394,470,473,493,510,547",neighborhood-1e1ff903415e6925,True,"94,92,91,85",official_adaptive,3,False,0.9042553191489362,85,22e9f2cc86aeba0c4e5ea44a2a1701bc6d8ddba676f98eb3a70865c01884b229,5d03e9266e3f2de825bce008b98a4e2b6f30e989f4f25b3e5d123427b537c306,3,94,b3375dae54f30c96378484e6ab0f5567d4a17e1e1160cdde79d82f10015c6a0a,d9624a5ba1f7411e4ed84afe317ca136d633e1a90761e80f8a8e11950f4e5531,False,compartmentalized,0.8020096307311058,536425,397406,349480,32,policy_train_compartmentalized_double_horizontal_0001,False,0.9663120567375887,1.2136375640424686,1.2300179409999146,0,0.7899449640000001,0.9243036519999919,0.10260682199998428,lns2.receding_q_label_pilot.v1,collision:16,0.3057142889999227,high_cost_progress,policy_train,s3__policy_train__policy_train_compartmentalized_double_horizontal_0001__task_0016__seed_0000__official_adaptive__decision_0000__0040,horizon_complete,1
16,600,"37,71,103,107,144,195,197,343,357,389,394,470,473,493,510,547",neighborhood-1e1ff903415e6925,True,"94,90,71,71",official_adaptive,3,False,0.7553191489361702,71,071013bbcf1c31ec7356db0207925bb89d4a9524f530f085020fa4c72f01243e,75eda055a01f5481e257da853b34fddd2bab3a50001aa731032df13befd01d15,3,94,b3375dae54f30c96378484e6ab0f5567d4a17e1e1160cdde79d82f10015c6a0a,d9624a5ba1f7411e4ed84afe317ca136d633e1a90761e80f8a8e11950f4e5531,False,compartmentalized,0.9290404240250735,506386,410314,273179,32,policy_train_compartmentalized_double_horizontal_0001,False,0.8634751773049646,1.441321018574452,1.532078289999987,0,1.061311125,1.201312865999995,0.10260682199998428,lns2.receding_q_label_pilot.v1,collision:16,0.330765423999992,high_cost_progress,policy_train,s3__policy_train__policy_train_compartmentalized_double_horizontal_0001__task_0016__seed_0000__official_adaptive__decision_0000__0040,horizon_complete,2
16,600,"37,71,103,107,144,195,197,343,357,389,394,470,473,493,510,547",neighborhood-1e1ff903415e6925,True,"94,94,90,81",official_adaptive,3,False,0.8617021276595744,81,7e40808905ad81de29359f7fc97d1bc0ea65557e0b39192139d9bea859096c79,e80987ec63d8f05da9e7d26311f59590d7b3b84e66abd2c1c22d477eb88f8bb6,3,94,b3375dae54f30c96378484e6ab0f5567d4a17e1e1160cdde79d82f10015c6a0a,d9624a5ba1f7411e4ed84afe317ca136d633e1a90761e80f8a8e11950f4e5531,False,compartmentalized,0.9612234584502108,718283,405335,462875,26,policy_train_compartmentalized_double_horizontal_0001,False,0.9627659574468085,1.5895667701063798,1.6148937309999951,0,1.175518405,1.311489666,0.10260682199998428,lns2.receding_q_label_pilot.v1,collision:16,0.30340406499999517,high_cost_progress,policy_train,s3__policy_train__policy_train_compartmentalized_double_horizontal_0001__task_0016__seed_0000__official_adaptive__decision_0000__0040,horizon_complete,3
16,600,"44,164,166,172,210,264,278,318,322,354,368,456,458,480,568,590",neighborhood-336af1eb1254d514,True,"94,71,71,71",official_adaptive,3,False,0.7553191489361702,71,341b4c83d4615dbd99428d6f5aed1f3a098dea3d172e4d68b4e586b7c2b14a54,b70cc64d78a6cc53f169efbc52fad60dfc1d5ea39a17882d44eafc8db1cac741,3,94,b3375dae54f30c96378484e6ab0f5567d4a17e1e1160cdde79d82f10015c6a0a,d9624a5ba1f7411e4ed84afe317ca136d633e1a90761e80f8a8e11950f4e5531,True,compartmentalized,0.7370611329280785,423325,305482,259003,32,policy_train_compartmentalized_double_horizontal_0001,False,0.7960992907801419,0.9265283490425116,1.0897848809999573,0,0.640327155,0.7809110789999636,0.10260682199998428,lns2.receding_q_label_pilot.v1,collision:16,0.3088738019999937,high_cost_progress,policy_train,s3__policy_train__policy_train_compartmentalized_double_horizontal_0001__task_0016__seed_0000__official_adaptive__decision_0000__0040,horizon_complete,0
16,600,"44,164,166,172,210,264,278,318,322,354,368,456,458,480,568,590",neighborhood-336af1eb1254d514,True,"94,72,72,68",official_adaptive,3,False,0.723404255319149,68,bf58be9c12299126ebbd742bdd8d6e9b2da1fbe9df725a6ad0ea1c9a91555f28,f94df3af6ff3465306daa8d34158d2396f0922895327e846983f2e07ea8e3e1a,3,94,b3375dae54f30c96378484e6ab0f5567d4a17e1e1160cdde79d82f10015c6a0a,d9624a5ba1f7411e4ed84afe317ca136d633e1a90761e80f8a8e11950f4e5531,True,compartmentalized,0.8254815821389091,444909,459743,170664,32,policy_train_compartmentalized_double_horizontal_0001,False,0.7978723404255319,1.082386339361641,1.2829799429999298,0,0.830233295,0.9694432099999517,0.10260682199998428,lns2.receding_q_label_pilot.v1,collision:16,0.3135367329999781,high_cost_progress,policy_train,s3__policy_train__policy_train_compartmentalized_double_horizontal_0001__task_0016__seed_0000__official_adaptive__decision_0000__0040,horizon_complete,1
16,600,"44,164,166,172,210,264,278,318,322,354,368,456,458,480,568,590",neighborhood-336af1eb1254d514,True,"94,74,71,71",official_adaptive,3,False,0.7553191489361702,71,3447124171b3b1aafe0ac1a8ab141195f7c7eb31778e1512c3b059d4215f0b7e,9110075efdba283873fc540fe4e47bcb5477423886f6b77f0ccbe8568a0a4088,3,94,b3375dae54f30c96378484e6ab0f5567d4a17e1e1160cdde79d82f10015c6a0a,d9624a5ba1f7411e4ed84afe317ca136d633e1a90761e80f8a8e11950f4e5531,True,compartmentalized,0.7577272253666736,337388,316849,132549,32,policy_train_compartmentalized_double_horizontal_0001,False,0.8067375886524822,0.9990025415213216,1.1334219190000567,0,0.681713438,0.8271300080000401,0.10260682199998428,lns2.receding_q_label_pilot.v1,collision:16,0.3062919110000166,high_cost_progress,policy_train,s3__policy_train__policy_train_compartmentalized_double_horizontal_0001__task_0016__seed_0000__official_adaptive__decision_0000__0040,horizon_complete,2
16,600,"44,164,166,172,210,264,278,318,322,354,368,456,458,480,568,590",neighborhood-336af1eb1254d514,True,"94,69,67,67",official_adaptive,3,False,0.7127659574468085,67,f203da3847aa6b1ccad746b3d37b26c14bc17d71097be5f942126533b75dda0d,7caec0483e0531ed8b3a7b39a45c8df74b8f4174b9066a1b6f37e6ed15822a83,3,94,b3375dae54f30c96378484e6ab0f5567d4a17e1e1160cdde79d82f10015c6a0a,d9624a5ba1f7411e4ed84afe317ca136d633e1a90761e80f8a8e11950f4e5531,True,compartmentalized,0.671065477913389,182073,311316,8352,29,policy_train_compartmentalized_double_horizontal_0001,False,0.7677304964539007,0.8041900397020997,0.9563206269999682,0,0.509042524,0.6499549919999481,0.10260682199998428,lns2.receding_q_label_pilot.v1,collision:16,0.3063656350000201,high_cost_progress,policy_train,s3__policy_train__policy_train_compartmentalized_double_horizontal_0001__task_0016__seed_0000__official_adaptive__decision_0000__0040,horizon_complete,3
8,600,"27,37,89,388,389,399,533,553",neighborhood-76e895e213be33e5,True,"94,90,70,66",official_adaptive,3,False,0.7021276595744681,66,6e0f267a7bed8233d8e6decc81eae3d0cf681727087270e82e686b5de0c33d0c,fb1bcccc2201acc06ca1f9a0bae4adc360d82e325a61c869e341664f055ffbed,3,94,b3375dae54f30c96378484e6ab0f5567d4a17e1e1160cdde79d82f10015c6a0a,d9624a5ba1f7411e4ed84afe317ca136d633e1a90761e80f8a8e11950f4e5531,False,compartmentalized,0.8514405683677841,543071,372296,307537,24,policy_train_compartmentalized_double_horizontal_0001,False,0.851063829787234,1.2026299208510112,1.3430197019999355,0,0.8896315599999999,1.0279179889999455,0.10260682199998428,lns2.receding_q_label_pilot.v1,target:8,0.31510171299999,high_cost_progress,policy_train,s3__policy_train__policy_train_compartmentalized_double_horizontal_0001__task_0016__seed_0000__official_adaptive__decision_0000__0040,horizon_complete,0
8,600,"27,37,89,388,389,399,533,553",neighborhood-76e895e213be33e5,True,"94,90,83,81",official_adaptive,3,False,0.8617021276595744,81,89be6e93ce3d80d263413101b288771b201012565ad0b2ce63923cb6b2143509,9dc9628e1c36bf5979c1ee5d047b2674d74bf51c2f0b73a8eff66dc11f1f9a00,3,94,b3375dae54f30c96378484e6ab0f5567d4a17e1e1160cdde79d82f10015c6a0a,d9624a5ba1f7411e4ed84afe317ca136d633e1a90761e80f8a8e11950f4e5531,False,compartmentalized,0.7713136985205229,545957,323805,386485,24,policy_train_compartmentalized_double_horizontal_0001,False,0.9237588652482269,1.1103516762020935,1.1626053999999613,0,0.722416409,0.8635543760000246,0.10260682199998428,lns2.receding_q_label_pilot.v1,target:8,0.29905102399993666,high_cost_progress,policy_train,s3__policy_train__policy_train_compartmentalized_double_horizontal_0001__task_0016__seed_0000__official_adaptive__decision_0000__0040,horizon_complete,1
8,600,"27,37,89,388,389,399,533,553",neighborhood-76e895e213be33e5,True,"94,90,71,71",official_adaptive,3,False,0.7553191489361702,71,507ceb36cf7b57c0346e512e1a56dc254d59ed6246268f7b9ad4efae0401d093,10aad2022feabe4445ca52a5e3c5273758544475d6e5d5b562197fd71afd2541,3,94,b3375dae54f30c96378484e6ab0f5567d4a17e1e1160cdde79d82f10015c6a0a,d9624a5ba1f7411e4ed84afe317ca136d633e1a90761e80f8a8e11950f4e5531,False,compartmentalized,0.9308294289674434,555058,380205,290564,22,policy_train_compartmentalized_double_horizontal_0001,False,0.8634751773049646,1.4165299309999593,1.536612244999958,0,1.072258904,1.2200354650000236,0.10260682199998428,lns2.receding_q_label_pilot.v1,target:8,0.3165767799999344,high_cost_progress,policy_train,s3__policy_train__policy_train_compartmentalized_double_horizontal_0001__task_0016__seed_0000__official_adaptive__decision_0000__0040,horizon_complete,2
8,600,"27,37,89,388,389,399,533,553",neighborhood-76e895e213be33e5,True,"94,90,88,83",official_adaptive,3,False,0.8829787234042553,83,b3fe1e926209fe3325a3657d008d4a087e69a447fa909b58547db098cfdacecd,43b69df6a3ddda8ec9cd5fe4963eb28e88503e96b5bd4bf2a12cb1a4688b63c1,3,94,b3375dae54f30c96378484e6ab0f5567d4a17e1e1160cdde79d82f10015c6a0a,d9624a5ba1f7411e4ed84afe317ca136d633e1a90761e80f8a8e11950f4e5531,False,compartmentalized,0.8202190724578154,429750,275951,294556,24,policy_train_compartmentalized_double_horizontal_0001,False,0.9450354609929078,1.2296903148723584,1.2709972960000187,0,0.7685300260000001,0.9286314459999971,0.10260682199998428,lns2.receding_q_label_pilot.v1,target:8,0.3423658500000215,high_cost_progress,policy_train,s3__policy_train__policy_train_compartmentalized_double_horizontal_0001__task_0016__seed_0000__official_adaptive__decision_0000__0040,horizon_complete,3
4,600,"27,37,388,533",neighborhood-8996d4a132b34cf9,True,"94,91,77,74",official_adaptive,3,False,0.7872340425531915,74,28b737d82b10f7799b71f5c5af8f5f961c12655a5d67fcf5492011e383a68a36,af1237fa70530c82080b79c06e3ff9eb166dbe1bc8784bd9f70e2cd37dda50e4,3,94,b3375dae54f30c96378484e6ab0f5567d4a17e1e1160cdde79d82f10015c6a0a,d9624a5ba1f7411e4ed84afe317ca136d633e1a90761e80f8a8e11950f4e5531,False,compartmentalized,0.686085259287651,307495,295519,140548,20,policy_train_compartmentalized_double_horizontal_0001,False,0.8936170212765957,0.9204374453085422,0.985925911000038,0,0.54463039,0.6824633280000398,0.10260682199998428,lns2.receding_q_label_pilot.v1,target:4,0.3034625829999982,high_cost_progress,policy_train,s3__policy_train__policy_train_compartmentalized_double_horizontal_0001__task_0016__seed_0000__official_adaptive__decision_0000__0040,horizon_complete,0
4,600,"27,37,388,533",neighborhood-8996d4a132b34cf9,True,"94,91,89,87",official_adaptive,3,False,0.925531914893617,87,43f713e5716543179d4b2243dca6f1330c6f0ff23159134f26ee6f1386d61205,e0ec05927b52264e457894710b11c31eca22dc8c39337d82cd2a5baaa5fb9e93,3,94,b3375dae54f30c96378484e6ab0f5567d4a17e1e1160cdde79d82f10015c6a0a,d9624a5ba1f7411e4ed84afe317ca136d633e1a90761e80f8a8e11950f4e5531,False,compartmentalized,0.5624934514871265,252456,150709,183724,19,policy_train_compartmentalized_double_horizontal_0001,False,0.9592198581560284,0.7374567558509804,0.7550431639999147,0,0.323871979,0.45755082599998786,0.10260682199998428,lns2.receding_q_label_pilot.v1,target:4,0.2974923379999268,high_cost_progress,policy_train,s3__policy_train__policy_train_compartmentalized_double_horizontal_0001__task_0016__seed_0000__official_adaptive__decision_0000__0040,horizon_complete,1
4,600,"27,37,388,533",neighborhood-8996d4a132b34cf9,True,"94,91,86,84",official_adaptive,3,False,0.8936170212765957,84,33bd7a75becf63cffcb487d40414f8d36fdc535f3b4b6213a189f7e907e33cd4,6394497124a0be3c5b6bf33bce2bde1dc335702742b1be7bc0237b788f18eaef,3,94,b3375dae54f30c96378484e6ab0f5567d4a17e1e1160cdde79d82f10015c6a0a,d9624a5ba1f7411e4ed84afe317ca136d633e1a90761e80f8a8e11950f4e5531,False,compartmentalized,0.6272370525329035,257781,145480,194206,20,policy_train_compartmentalized_double_horizontal_0001,False,0.9432624113475178,0.845367803765965,0.8724300000000085,0,0.39728340399999995,0.5472855410000079,0.10260682199998428,lns2.receding_q_label_pilot.v1,target:4,0.32514445900000055,high_cost_progress,policy_train,s3__policy_train__policy_train_compartmentalized_double_horizontal_0001__task_0016__seed_0000__official_adaptive__decision_0000__0040,horizon_complete,2
4,600,"27,37,388,533",neighborhood-8996d4a132b34cf9,True,"94,91,87,81",official_adaptive,3,False,0.8617021276595744,81,42617b1f7c499650843538bb19379c22160389def97b4943e81004fe0ada3401,3fc5ad8436cfb61246f538d742a5a924f7017b2f2528f5cde5a39af31d330705,3,94,b3375dae54f30c96378484e6ab0f5567d4a17e1e1160cdde79d82f10015c6a0a,d9624a5ba1f7411e4ed84afe317ca136d633e1a90761e80f8a8e11950f4e5531,False,compartmentalized,0.6078454434846013,269667,170476,193867,20,policy_train_compartmentalized_double_horizontal_0001,False,0.9414893617021277,0.8099816515744398,0.8364703539999709,0,0.376104572,0.533284014000003,0.10260682199998428,lns2.receding_q_label_pilot.v1,target:4,0.3031863399999679,high_cost_progress,policy_train,s3__policy_train__policy_train_compartmentalized_double_horizontal_0001__task_0016__seed_0000__official_adaptive__decision_0000__0040,horizon_complete,3
16,600,"10,124,132,166,168,180,200,232,274,278,279,285,358,390,490,506",neighborhood-9d9bfc3228790572,True,"94,74,73,66",official_adaptive,3,False,0.7021276595744681,66,659afabeb86eb82751b95a15a966789c85fba114c5536031c475d22d0c562fed,52affbb44d295171abe01b32b1e07ffdb68d7f96fca3e562db16698e88eeb86e,3,94,b3375dae54f30c96378484e6ab0f5567d4a17e1e1160cdde79d82f10015c6a0a,d9624a5ba1f7411e4ed84afe317ca136d633e1a90761e80f8a8e11950f4e5531,False,compartmentalized,0.7216939383329712,317796,401778,116771,32,policy_train_compartmentalized_double_horizontal_0001,False,0.8049645390070922,0.9275202508085768,1.0579162430000792,0,0.6197123699999999,0.7620750630000543,0.10260682199998428,lns2.receding_q_label_pilot.v1,target:16,0.2958411800000249,high_cost_progress,policy_train,s3__policy_train__policy_train_compartmentalized_double_horizontal_0001__task_0016__seed_0000__official_adaptive__decision_0000__0040,horizon_complete,0
16,600,"10,124,132,166,168,180,200,232,274,278,279,285,358,390,490,506",neighborhood-9d9bfc3228790572,True,"94,93,91,87",official_adaptive,3,False,0.925531914893617,87,9c10e3f21241a75ecb16e057a61c313919e77cfb57c731b461207d635c94d30f,83f5629f79c63cac2c7d66815bcbe194a24c5508af485a60e18d910987d36977,3,94,b3375dae54f30c96378484e6ab0f5567d4a17e1e1160cdde79d82f10015c6a0a,d9624a5ba1f7411e4ed84afe317ca136d633e1a90761e80f8a8e11950f4e5531,False,compartmentalized,0.7296141913295012,370626,342129,170033,32,policy_train_compartmentalized_double_horizontal_0001,False,0.973404255319149,1.0659853276382785,1.0742801779999809,0,0.631210136,0.769550535999997,0.10260682199998428,lns2.receding_q_label_pilot.v1,target:16,0.30472964199998387,high_cost_progress,policy_train,s3__policy_train__policy_train_compartmentalized_double_horizontal_0001__task_0016__seed_0000__official_adaptive__decision_0000__0040,horizon_complete,1
16,600,"10,124,132,166,168,180,200,232,274,278,279,285,358,390,490,506",neighborhood-9d9bfc3228790572,True,"94,76,73,73",official_adaptive,3,False,0.776595744680851,73,bcb85d6d6e43cd4be4f3ed00ec90cba5b2d60f9e2ca2d57fd72d52449860a945,632fb3523e6d2a7dcd91194e4308df01811578779edce200a82a2dc881a42c58,3,94,b3375dae54f30c96378484e6ab0f5567d4a17e1e1160cdde79d82f10015c6a0a,d9624a5ba1f7411e4ed84afe317ca136d633e1a90761e80f8a8e11950f4e5531,False,compartmentalized,0.805167572477826,447382,330459,244523,27,policy_train_compartmentalized_double_horizontal_0001,False,0.824468085106383,1.1400170558617067,1.2370713390000105,0,0.778725363,0.9243204800000058,0.10260682199998428,lns2.receding_q_label_pilot.v1,target:16,0.31275085900000477,high_cost_progress,policy_train,s3__policy_train__policy_train_compartmentalized_double_horizontal_0001__task_0016__seed_0000__official_adaptive__decision_0000__0040,horizon_complete,2
16,600,"10,124,132,166,168,180,200,232,274,278,279,285,358,390,490,506",neighborhood-9d9bfc3228790572,True,"94,71,65,63",official_adaptive,3,False,0.6702127659574468,63,e65ff6c0418ae63d0788f1187e39757674f5b495d341697d3294e929b83755da,2fbf273cb599cf12f2043e096bdad825ef5a8416e2c4d7fb8840af0e0201a69c,3,94,b3375dae54f30c96378484e6ab0f5567d4a17e1e1160cdde79d82f10015c6a0a,d9624a5ba1f7411e4ed84afe317ca136d633e1a90761e80f8a8e11950f4e5531,False,compartmentalized,1.005448720975886,813661,399098,592697,32,policy_train_compartmentalized_double_horizontal_0001,False,0.7606382978723404,1.5443257469361877,1.7331334120000292,0,1.266835819,1.4124688530000071,0.10260682199998428,lns2.receding_q_label_pilot.v1,target:16,0.3206645590000221,high_cost_progress,policy_train,s3__policy_train__policy_train_compartmentalized_double_horizontal_0001__task_0016__seed_0000__official_adaptive__decision_0000__0040,horizon_complete,3
4,600,"166,278,358,390",neighborhood-cb8b0c2198d9d49a,True,"94,94,84,75",official_adaptive,3,False,0.7978723404255319,75,07a6f2d22610fcea562c6b07e04860a7a03e5d51b08b5fd0a799d797872a6391,5bfb6b25daabbb358396adbb070b211715b85b3ae6b675bc77e1ba813332ef12,3,94,b3375dae54f30c96378484e6ab0f5567d4a17e1e1160cdde79d82f10015c6a0a,d9624a5ba1f7411e4ed84afe317ca136d633e1a90761e80f8a8e11950f4e5531,False,compartmentalized,0.6026338216925438,170786,276700,4516,19,policy_train_compartmentalized_double_horizontal_0001,False,0.9308510638297872,0.7946581564680076,0.8269242619999204,0,0.38566022,0.5192271319999691,0.10260682199998428,lns2.receding_q_label_pilot.v1,target:4,0.30769712999995136,high_cost_progress,policy_train,s3__policy_train__policy_train_compartmentalized_double_horizontal_0001__task_0016__seed_0000__official_adaptive__decision_0000__0040,horizon_complete,0
4,600,"166,278,358,390",neighborhood-cb8b0c2198d9d49a,True,"94,94,93,87",official_adaptive,3,False,0.925531914893617,87,2f5917036a04b78f5aa62a79cb950c625f51aa4643e3d3423f4e27e815259f29,5155aa878dfa23b4b6773e28bea15081020e4146a54b52cd18b0f796356dbd04,3,94,b3375dae54f30c96378484e6ab0f5567d4a17e1e1160cdde79d82f10015c6a0a,d9624a5ba1f7411e4ed84afe317ca136d633e1a90761e80f8a8e11950f4e5531,False,compartmentalized,0.8326846481773047,687844,280512,506347,20,policy_train_compartmentalized_double_horizontal_0001,False,0.9840425531914894,1.2922371145531715,1.2994837659999803,0,0.876164356,1.006880762000037,0.10260682199998428,lns2.receding_q_label_pilot.v1,target:4,0.2926030039999432,high_cost_progress,policy_train,s3__policy_train__policy_train_compartmentalized_double_horizontal_0001__task_0016__seed_0000__official_adaptive__decision_0000__0040,horizon_complete,1
4,600,"166,278,358,390",neighborhood-cb8b0c2198d9d49a,True,"94,94,94,94",official_adaptive,3,False,1.0,94,ab83162db0c1f60b821b4d104a1808dda6ac49f930ee5bac546615374803310c,d9624a5ba1f7411e4ed84afe317ca136d633e1a90761e80f8a8e11950f4e5531,3,94,b3375dae54f30c96378484e6ab0f5567d4a17e1e1160cdde79d82f10015c6a0a,d9624a5ba1f7411e4ed84afe317ca136d633e1a90761e80f8a8e11950f4e5531,False,compartmentalized,0.6599347741277386,170544,197869,32102,12,policy_train_compartmentalized_double_horizontal_0001,True,1.0,0.9346661399999903,0.9346661399999903,0,0.480417889,0.6227237520000131,0.10260682199998428,lns2.receding_q_label_pilot.v1,target:4,0.3119423879999772,high_cost_progress,policy_train,s3__policy_train__policy_train_compartmentalized_double_horizontal_0001__task_0016__seed_0000__official_adaptive__decision_0000__0040,horizon_complete,2
4,600,"166,278,358,390",neighborhood-cb8b0c2198d9d49a,True,"94,94,91,89",official_adaptive,3,False,0.9468085106382979,89,2b849974737cef64644cf1cd8157e739e2868d9da3b7900a58876a3743b81c40,c5e5534214609f1933f14aa9388429a4500f6c471253db5fd09097f3e6d0833e,3,94,b3375dae54f30c96378484e6ab0f5567d4a17e1e1160cdde79d82f10015c6a0a,d9624a5ba1f7411e4ed84afe317ca136d633e1a90761e80f8a8e11950f4e5531,False,compartmentalized,0.8020455593930798,340880,245757,201530,20,policy_train_compartmentalized_double_horizontal_0001,False,0.9804964539007093,1.222762336787293,1.2300980640000603,0,0.720669744,0.8833834390000561,0.10260682199998428,lns2.receding_q_label_pilot.v1,target:4,0.34671462500000416,high_cost_progress,policy_train,s3__policy_train__policy_train_compartmentalized_double_horizontal_0001__task_0016__seed_0000__official_adaptive__decision_0000__0040,horizon_complete,3
4,600,"37,103,107,547",neighborhood-d7a98bb81d8d1538,True,"94,91,77,74",official_adaptive,3,False,0.7872340425531915,74,f2367062504cf5847b5401c2effb9cb03f7992ae028c6daaa8b7c4096d90efc3,118f746ce075e8820c507c3e4548dab0582abd75d46e50c531de1de00407420c,3,94,b3375dae54f30c96378484e6ab0f5567d4a17e1e1160cdde79d82f10015c6a0a,d9624a5ba1f7411e4ed84afe317ca136d633e1a90761e80f8a8e11950f4e5531,False,compartmentalized,0.6414595758106926,213275,326609,12702,20,policy_train_compartmentalized_double_horizontal_0001,False,0.8936170212765957,0.8362722026276396,0.8992509579999819,0,0.469542597,0.6078440429999432,0.10260682199998428,lns2.receding_q_label_pilot.v1,collision:4,0.2914069150000387,high_cost_progress,policy_train,s3__policy_train__policy_train_compartmentalized_double_horizontal_0001__task_0016__seed_0000__official_adaptive__decision_0000__0040,horizon_complete,0
4,600,"37,103,107,547",neighborhood-d7a98bb81d8d1538,True,"94,91,89,87",official_adaptive,3,False,0.925531914893617,87,f3b595718a53618a663f251b90f54b8ea901286df14d3d7740c3ac871f9bd087,4e68739fe5374cd92994d6c4240a2975f1ae2075d28ffb50f13a7c1118d3e06d,3,94,b3375dae54f30c96378484e6ab0f5567d4a17e1e1160cdde79d82f10015c6a0a,d9624a5ba1f7411e4ed84afe317ca136d633e1a90761e80f8a8e11950f4e5531,False,compartmentalized,0.5314977217864529,155530,181970,53101,19,policy_train_compartmentalized_double_horizontal_0001,False,0.9592198581560284,0.6841589279999952,0.7014787429999956,0,0.27746469700000004,0.40512160200000835,0.10260682199998428,lns2.receding_q_label_pilot.v1,collision:4,0.2963571409999872,high_cost_progress,policy_train,s3__policy_train__policy_train_compartmentalized_double_horizontal_0001__task_0016__seed_0000__official_adaptive__decision_0000__0040,horizon_complete,1
4,600,"37,103,107,547",neighborhood-d7a98bb81d8d1538,True,"94,91,86,84",official_adaptive,3,False,0.8936170212765957,84,4602074fee9a8ea90965540c0586ebd919e122a2eea3054023598e9ddf61a471,8a0d9faf147e4425468a9312033b9ed61d5cdd68f33cee2499dfd629462e8a9c,3,94,b3375dae54f30c96378484e6ab0f5567d4a17e1e1160cdde79d82f10015c6a0a,d9624a5ba1f7411e4ed84afe317ca136d633e1a90761e80f8a8e11950f4e5531,False,compartmentalized,0.5830246796263486,160449,178379,62205,20,policy_train_compartmentalized_double_horizontal_0001,False,0.9432624113475178,0.765209180563808,0.7914488029999802,0,0.336442613,0.4776822510000329,0.10260682199998428,lns2.receding_q_label_pilot.v1,collision:4,0.3137665519999473,high_cost_progress,policy_train,s3__policy_train__policy_train_compartmentalized_double_horizontal_0001__task_0016__seed_0000__official_adaptive__decision_0000__0040,horizon_complete,2
4,600,"37,103,107,547",neighborhood-d7a98bb81d8d1538,True,"94,92,79,79",official_adaptive,3,False,0.8404255319148937,79,41c4e556281698d28a16e8f46522cfbe9c7d5806670f5f27586d08f46116546c,4d4bc9a70a4c6c60e0fe239a18dce07ae1888fe449e014135f525bacb8946d6e,3,94,b3375dae54f30c96378484e6ab0f5567d4a17e1e1160cdde79d82f10015c6a0a,d9624a5ba1f7411e4ed84afe317ca136d633e1a90761e80f8a8e11950f4e5531,False,compartmentalized,0.8649428692608867,510698,328222,283606,18,policy_train_compartmentalized_double_horizontal_0001,False,0.9131205673758865,1.3216060627019959,1.3748704039998643,0,0.934111948,1.0701988349999283,0.10260682199998428,lns2.receding_q_label_pilot.v1,collision:4,0.30467156899993597,high_cost_progress,policy_train,s3__policy_train__policy_train_compartmentalized_double_horizontal_0001__task_0016__seed_0000__official_adaptive__decision_0000__0040,horizon_complete,3
16,600,"27,37,38,89,243,328,388,389,396,399,415,434,469,533,553,597",neighborhood-f897da23a2c6dc3c,True,"94,91,87,85",official_adaptive,3,False,0.9042553191489362,85,1d739a1ffce326c1a66899e8b7fb728aec58040592499eb79028214cf8487d99,7594d9b2c03340f9f2d854eac8e255124c4905d85ab50d3337b7fa05e114c321,3,94,b3375dae54f30c96378484e6ab0f5567d4a17e1e1160cdde79d82f10015c6a0a,d9624a5ba1f7411e4ed84afe317ca136d633e1a90761e80f8a8e11950f4e5531,False,compartmentalized,0.8883673534657484,778488,370954,596272,32,policy_train_compartmentalized_double_horizontal_0001,False,0.9485815602836879,1.3945280478936455,1.4311571890000323,0,0.986219358,1.1240111710000633,0.10260682199998428,lns2.receding_q_label_pilot.v1,target:16,0.307146017999969,high_cost_progress,policy_train,s3__policy_train__policy_train_compartmentalized_double_horizontal_0001__task_0016__seed_0000__official_adaptive__decision_0000__0040,horizon_complete,0
16,600,"27,37,38,89,243,328,388,389,396,399,415,434,469,533,553,597",neighborhood-f897da23a2c6dc3c,True,"94,90,83,81",official_adaptive,3,False,0.8617021276595744,81,cda8600f7257d634cd75dd42e3e9f748ab6496cd5e6fd3d718abb1722bc86580,7375bd887d7fa78aa24ba259cadd5e2a0f838187238da702cae6d6dbebb38580,3,94,b3375dae54f30c96378484e6ab0f5567d4a17e1e1160cdde79d82f10015c6a0a,d9624a5ba1f7411e4ed84afe317ca136d633e1a90761e80f8a8e11950f4e5531,False,compartmentalized,0.783859512808096,524752,360703,350381,32,policy_train_compartmentalized_double_horizontal_0001,False,0.9237588652482269,1.1376726965956696,1.1899079539999207,0,0.7436241720000001,0.8767287109999415,0.10260682199998428,lns2.receding_q_label_pilot.v1,target:16,0.3131792429999791,high_cost_progress,policy_train,s3__policy_train__policy_train_compartmentalized_double_horizontal_0001__task_0016__seed_0000__official_adaptive__decision_0000__0040,horizon_complete,1
16,600,"27,37,38,89,243,328,388,389,396,399,415,434,469,533,553,597",neighborhood-f897da23a2c6dc3c,True,"94,91,89,84",official_adaptive,3,False,0.8936170212765957,84,cce45139f98e2d8e73e750a0e75eb46bbbd4fff93a6a75997d1ae6ef355da4b8,662cbe2926422279fbbfafbb57e50cf1157723283783329b541e046dd918ce44,3,94,b3375dae54f30c96378484e6ab0f5567d4a17e1e1160cdde79d82f10015c6a0a,d9624a5ba1f7411e4ed84afe317ca136d633e1a90761e80f8a8e11950f4e5531,False,compartmentalized,0.7400898572701777,399121,311165,251648,32,policy_train_compartmentalized_double_horizontal_0001,False,0.9539007092198581,1.0751410085106918,1.0961238580000554,0,0.64445586,0.7850816180000493,0.10260682199998428,lns2.receding_q_label_pilot.v1,target:16,0.31104224000000613,high_cost_progress,policy_train,s3__policy_train__policy_train_compartmentalized_double_horizontal_0001__task_0016__seed_0000__official_adaptive__decision_0000__0040,horizon_complete,2
16,600,"27,37,38,89,243,328,388,389,396,399,415,434,469,533,553,597",neighborhood-f897da23a2c6dc3c,True,"94,90,88,83",official_adaptive,3,False,0.8829787234042553,83,bcd6a286d88e7a882f0f0208d0c9b0d0c9778a8b375b7506a21fd65e85fa7f21,ce099315c7d54b340245c531e594bfe4dadc704e9373e4a587b4776b653abe03,3,94,b3375dae54f30c96378484e6ab0f5567d4a17e1e1160cdde79d82f10015c6a0a,d9624a5ba1f7411e4ed84afe317ca136d633e1a90761e80f8a8e11950f4e5531,False,compartmentalized,0.8318947186010038,469871,312723,317796,32,policy_train_compartmentalized_double_horizontal_0001,False,0.9450354609929078,1.2602795743192532,1.297668053000109,0,0.831223572,0.978497538000056,0.10260682199998428,lns2.receding_q_label_pilot.v1,target:16,0.319170515000053,high_cost_progress,policy_train,s3__policy_train__policy_train_compartmentalized_double_horizontal_0001__task_0016__seed_0000__official_adaptive__decision_0000__0040,horizon_complete,3
8,100,"18,20,24,41,69,73,78,98",neighborhood-00c7159c090bb79a,True,"2,2,2,1",official_adaptive,3,False,0.5,1,0605727f077ae1662b7f0ec4f5ff54487694ca3342cf53461b2c098851a1ca0c,1d08678034c5539af1a7e7f633a8d27193e8869085c1fcae3739fce637ec6f59,3,2,034ddd153fa6b944dd94384fb8a3faf8d6822dc97c76a674b3a4e562fcf1aa3c,6dd1eb3d6e2838a0fd5f799f4742eeb5da187344b01ccac665b319475b000e06,False,compartmentalized,0.15177892228967388,77858,31830,59505,16,policy_train_compartmentalized_double_horizontal_0002,False,0.9166666666666666,0.16390289499986466,0.16390289499986466,0,0.059538979,0.08133092699995359,0.03247874999999567,lns2.receding_q_label_pilot.v1,random:8,0.08257196799991107,no_progress,policy_train,s3__policy_train__policy_train_compartmentalized_double_horizontal_0002__task_0006__seed_0000__fixed_random__decision_0009__0001,environment_terminal,0
8,100,"18,20,24,41,69,73,78,98",neighborhood-00c7159c090bb79a,True,"2,2,0",official_adaptive,2,True,0.0,0,86fe347a7ca8ca9feeb92e3d5a50b6d8fbe98a10620a55a2bbb235f277ac494c,bd7eddab44044161aca438472b6e8f7bc2622c3e66920e5583ef7b707d134b14,3,2,034ddd153fa6b944dd94384fb8a3faf8d6822dc97c76a674b3a4e562fcf1aa3c,6dd1eb3d6e2838a0fd5f799f4742eeb5da187344b01ccac665b319475b000e06,False,compartmentalized,0.10478822543100565,51174,27369,38351,16,policy_train_compartmentalized_double_horizontal_0002,False,0.5,0.11047541499999625,0.11047541499999625,1,0.040743301,0.053808598000046004,0.03247874999999567,lns2.receding_q_label_pilot.v1,random:8,0.05666681699995024,no_progress,policy_train,s3__policy_train__policy_train_compartmentalized_double_horizontal_0002__task_0006__seed_0000__fixed_random__decision_0009__0001,feasible,1
8,100,"18,20,24,41,69,73,78,98",neighborhood-00c7159c090bb79a,True,"2,2,1,1",official_adaptive,3,False,0.5,1,078985c7c3a3eb8a85329771608027f0873bd84c365808fd8727ae3d3df2675e,727392d0db63019b3684021c4e789d780fdf5bb629650d899dc8da2af7fff6c4,3,2,034ddd153fa6b944dd94384fb8a3faf8d6822dc97c76a674b3a4e562fcf1aa3c,6dd1eb3d6e2838a0fd5f799f4742eeb5da187344b01ccac665b319475b000e06,False,compartmentalized,0.18189792790930387,51870,41441,29379,24,policy_train_compartmentalized_double_horizontal_0002,False,0.75,0.1808069470000646,0.19949175300007482,0,0.053403009,0.07315796000000319,0.03247874999999567,lns2.receding_q_label_pilot.v1,random:8,0.12633379300007164,no_progress,policy_train,s3__policy_train__policy_train_compartmentalized_double_horizontal_0002__task_0006__seed_0000__fixed_random__decision_0009__0001,environment_terminal,2
8,100,"18,20,24,41,69,73,78,98",neighborhood-00c7159c090bb79a,True,"2,2,0",official_adaptive,2,True,0.0,0,a358cb757ce9b30dc4359bc438483650c40fa13f9c6badb6e822d43056157e86,87172698d1631352f1f9c7cd52d5ed7a5fc41650655adb8fa28e283f9cd1779f,3,2,034ddd153fa6b944dd94384fb8a3faf8d6822dc97c76a674b3a4e562fcf1aa3c,6dd1eb3d6e2838a0fd5f799f4742eeb5da187344b01ccac665b319475b000e06,False,compartmentalized,0.10943534465415329,50311,25820,37966,16,policy_train_compartmentalized_double_horizontal_0002,False,0.5,0.11564793600007306,0.11564793600007306,1,0.042752263,0.05657922900002177,0.03247874999999567,lns2.receding_q_label_pilot.v1,random:8,0.05906870700005129,no_progress,policy_train,s3__policy_train__policy_train_compartmentalized_double_horizontal_0002__task_0006__seed_0000__fixed_random__decision_0009__0001,feasible,3
8,100,"1,8,15,41,58,78,97,98",neighborhood-013a11b8ce02e7a7,True,"2,2,2,0",official_adaptive,3,True,0.0,0,179aab002bfbd42a3ff75087df7471d85e45d4ee3d309db8f8b6f1140aedb1ea,e174f2b95eb299f93d4a9830bb12caccad211f15eb69f5d4145bfb9071c065ff,3,2,034ddd153fa6b944dd94384fb8a3faf8d6822dc97c76a674b3a4e562fcf1aa3c,6dd1eb3d6e2838a0fd5f799f4742eeb5da187344b01ccac665b319475b000e06,False,compartmentalized,0.17009376867777767,92042,45794,63432,24,policy_train_compartmentalized_double_horizontal_0002,False,0.8333333333333334,0.1854160010001351,0.1854160010001351,0,0.081411522,0.10160634900000787,0.03247874999999567,lns2.receding_q_label_pilot.v1,collision:8,0.08380965200012724,no_progress,policy_train,s3__policy_train__policy_train_compartmentalized_double_horizontal_0002__task_0006__seed_0000__fixed_random__decision_0009__0001,feasible,0
8,100,"1,8,15,41,58,78,97,98",neighborhood-013a11b8ce02e7a7,True,"2,1,1,0",official_adaptive,3,True,0.0,0,2af45067f58c5ee01d2df2047660cb3f908971ebba3abc445aba6d3846ee778b,0f0de3105924cad4d282d352ab21a4512f2972daf63ec9e81994dd37ccaaede7,3,2,034ddd153fa6b944dd94384fb8a3faf8d6822dc97c76a674b3a4e562fcf1aa3c,6dd1eb3d6e2838a0fd5f799f4742eeb5da187344b01ccac665b319475b000e06,False,compartmentalized,0.11308633183458378,15396,30619,104,24,policy_train_compartmentalized_double_horizontal_0002,False,0.5,0.0845265769999628,0.11972859699994842,0,0.024194669,0.044937477999951625,0.03247874999999567,lns2.receding_q_label_pilot.v1,collision:8,0.0747911189999968,no_progress,policy_train,s3__policy_train__policy_train_compartmentalized_double_horizontal_0002__task_0006__seed_0000__fixed_random__decision_0009__0001,feasible,1
8,100,"1,8,15,41,58,78,97,98",neighborhood-013a11b8ce02e7a7,True,"2,2,2,1",official_adaptive,3,False,0.5,1,94e69155d5762b8c4c3614eee8523905f7e8f74ec9d92b463c4067a03e28e5ea,b2a7b28840f6724149a51249376b4625190eff50f974cee65227b18e2a186eac,3,2,034ddd153fa6b944dd94384fb8a3faf8d6822dc97c76a674b3a4e562fcf1aa3c,6dd1eb3d6e2838a0fd5f799f4742eeb5da187344b01ccac665b319475b000e06,False,compartmentalized,0.21216762359621588,133561,64781,93275,24,policy_train_compartmentalized_double_horizontal_0002,False,0.9166666666666666,0.2363551099998631,0.2363551099998631,0,0.129722836,0.15057783999986896,0.03247874999999567,lns2.receding_q_label_pilot.v1,collision:8,0.08577726999999413,no_progress,policy_train,s3__policy_train__policy_train_compartmentalized_double_horizontal_0002__task_0006__seed_0000__fixed_random__decision_0009__0001,environment_terminal,2
8,100,"1,8,15,41,58,78,97,98",neighborhood-013a11b8ce02e7a7,True,"2,2,0",official_adaptive,2,True,0.0,0,02f57aa322e5c789946c2477a986008f3efcbd4890a15388b767531a9d52b8d9,a7419267424298dfcc255cab43976e63d54be12ff659cbd3cb825144aa38ff03,3,2,034ddd153fa6b944dd94384fb8a3faf8d6822dc97c76a674b3a4e562fcf1aa3c,6dd1eb3d6e2838a0fd5f799f4742eeb5da187344b01ccac665b319475b000e06,False,compartmentalized,0.11596573291726363,53777,31540,35967,16,policy_train_compartmentalized_double_horizontal_0002,False,0.5,0.1229573910001136,0.1229573910001136,1,0.050388004,0.06400404000009985,0.03247874999999567,lns2.receding_q_label_pilot.v1,collision:8,0.058953351000013754,no_progress,policy_train,s3__policy_train__policy_train_compartmentalized_double_horizontal_0002__task_0006__seed_0000__fixed_random__decision_0009__0001,feasible,3
16,100,"7,9,13,15,18,24,26,34,52,53,54,55,58,80,81,91",neighborhood-02aeb4e930b473aa,True,"2,1,1,0",official_adaptive,3,True,0.0,0,f1d6b8fd816fa426de47fbdc4fa9d859db1ce65ea9ea3980380afc1da5a01ec5,6c7adc476bc434745a99d9454fa28bfc9e01cda0214193053cfdd58b7554e8ae,3,2,034ddd153fa6b944dd94384fb8a3faf8d6822dc97c76a674b3a4e562fcf1aa3c,6dd1eb3d6e2838a0fd5f799f4742eeb5da187344b01ccac665b319475b000e06,False,compartmentalized,0.12590611394141704,41242,43650,20820,32,policy_train_compartmentalized_double_horizontal_0002,False,0.5,0.0968457324999008,0.13417567999988478,0,0.042294607,0.06130831599989506,0.03247874999999567,lns2.receding_q_label_pilot.v1,random:16,0.07286736399998972,no_progress,policy_train,s3__policy_train__policy_train_compartmentalized_double_horizontal_0002__task_0006__seed_0000__fixed_random__decision_0009__0001,feasible,0
16,100,"7,9,13,15,18,24,26,34,52,53,54,55,58,80,81,91",neighborhood-02aeb4e930b473aa,True,"2,0",official_adaptive,1,True,0.0,0,f4e5760b44c54ae954333056dfba410231c032b35c61c0920ab5d2ec12b97461,2357323199b07f1c933341478f1e9fa3a5d10c4b1f6b0d7dca80aad2a6c9f5c1,3,2,034ddd153fa6b944dd94384fb8a3faf8d6822dc97c76a674b3a4e562fcf1aa3c,6dd1eb3d6e2838a0fd5f799f4742eeb5da187344b01ccac665b319475b000e06,False,compartmentalized,0.05224525512907837,14911,14025,10464,16,policy_train_compartmentalized_double_horizontal_0002,False,0.16666666666666666,0.0536341199999697,0.0536341199999697,2,0.014828547,0.021155369999974027,0.03247874999999567,lns2.receding_q_label_pilot.v1,random:16,0.03247874999999567,no_progress,policy_train,s3__policy_train__policy_train_compartmentalized_double_horizontal_0002__task_0006__seed_0000__fixed_random__decision_0009__0001,feasible,1
16,100,"7,9,13,15,18,24,26,34,52,53,54,55,58,80,81,91",neighborhood-02aeb4e930b473aa,True,"2,0",official_adaptive,1,True,0.0,0,95bf2308a35eda90f169bb74cb4541caebf5a7082c0a5038cdbaebad15f75d42,7041eb2565544b71c973739b5e202b051f2c110dbbd82175b725c8c4d1ca358f,3,2,034ddd153fa6b944dd94384fb8a3faf8d6822dc97c76a674b3a4e562fcf1aa3c,6dd1eb3d6e2838a0fd5f799f4742eeb5da187344b01ccac665b319475b000e06,False,compartmentalized,0.052823624534778464,14314,13922,9802,16,policy_train_compartmentalized_double_horizontal_0002,False,0.16666666666666666,0.054243685999949776,0.054243685999949776,2,0.015117991,0.021764935999954105,0.03247874999999567,lns2.receding_q_label_pilot.v1,random:16,0.03247874999999567,no_progress,policy_train,s3__policy_train__policy_train_compartmentalized_double_horizontal_0002__task_0006__seed_0000__fixed_random__decision_0009__0001,feasible,2
16,100,"7,9,13,15,18,24,26,34,52,53,54,55,58,80,81,91",neighborhood-02aeb4e930b473aa,True,"2,0",official_adaptive,1,True,0.0,0,863f31466aeec62058debef770f43d7a66a839c99c8f20ecc780cba071738f96,f8b8c4d5dff781fd85398f94416b854ae348ca4831fb2cfd767447b4e3694349,3,2,034ddd153fa6b944dd94384fb8a3faf8d6822dc97c76a674b3a4e562fcf1aa3c,6dd1eb3d6e2838a0fd5f799f4742eeb5da187344b01ccac665b319475b000e06,False,compartmentalized,0.0531362984117482,14429,13635,9969,16,policy_train_compartmentalized_double_horizontal_0002,False,0.16666666666666666,0.05457337199993617,0.05457337199993617,2,0.014978657,0.0220946219999405,0.03247874999999567,lns2.receding_q_label_pilot.v1,random:16,0.03247874999999567,no_progress,policy_train,s3__policy_train__policy_train_compartmentalized_double_horizontal_0002__task_0006__seed_0000__fixed_random__decision_0009__0001,feasible,3
8,100,"6,15,21,42,60,67,79,83",neighborhood-02fdbc3aacfc77d0,True,"2,2,2,1",official_adaptive,3,False,0.5,1,72d9a42c320fe47a2446f9fc6a97075a50adbdb0b6658cd656df9b989587694d,0e17ae111e2f8af14d2b8e51ee74a0857b4a56dc1200077d613ace464fd8c57f,3,2,034ddd153fa6b944dd94384fb8a3faf8d6822dc97c76a674b3a4e562fcf1aa3c,6dd1eb3d6e2838a0fd5f799f4742eeb5da187344b01ccac665b319475b000e06,False,compartmentalized,0.1310065700659861,42194,29198,26588,16,policy_train_compartmentalized_double_horizontal_0002,False,0.9166666666666666,0.1399752710001394,0.1399752710001394,0,0.03593414,0.05759296300004735,0.03247874999999567,lns2.receding_q_label_pilot.v1,random:8,0.08238230800009205,no_progress,policy_train,s3__policy_train__policy_train_compartmentalized_double_horizontal_0002__task_0006__seed_0000__fixed_random__decision_0009__0001,environment_terminal,0
8,100,"6,15,21,42,60,67,79,83",neighborhood-02fdbc3aacfc77d0,True,"2,2,0",official_adaptive,2,True,0.0,0,87dfd9f57415f48e194600d92c3809719c98bc375aa23b31eb8ed5a11efb59ed,3ddd4a04f0c28225138f7eec04c8d208c1f1bb2d588e337e360d45a0c68549ef,3,2,034ddd153fa6b944dd94384fb8a3faf8d6822dc97c76a674b3a4e562fcf1aa3c,6dd1eb3d6e2838a0fd5f799f4742eeb5da187344b01ccac665b319475b000e06,False,compartmentalized,0.1106152734037586,40104,27317,27418,16,policy_train_compartmentalized_double_horizontal_0002,False,0.5,0.11696509800003696,0.11696509800003696,1,0.041244015,0.0578752930000519,0.03247874999999567,lns2.receding_q_label_pilot.v1,random:8,0.05908980499998506,no_progress,policy_train,s3__policy_train__policy_train_compartmentalized_double_horizontal_0002__task_0006__seed_0000__fixed_random__decision_0009__0001,feasible,1
8,100,"6,15,21,42,60,67,79,83",neighborhood-02fdbc3aacfc77d0,True,"2,2,2,1",official_adaptive,3,False,0.5,1,0e5f4985cafda204036a3e7ed3c65c641b9ef8c410dfc924d959120020831f42,ece22c21923d3f56b57d94eb95dcc2fc69996c9d08bb270e0fa01c654eab84b5,3,2,034ddd153fa6b944dd94384fb8a3faf8d6822dc97c76a674b3a4e562fcf1aa3c,6dd1eb3d6e2838a0fd5f799f4742eeb5da187344b01ccac665b319475b000e06,False,compartmentalized,0.19920081881341029,113992,59310,79812,24,policy_train_compartmentalized_double_horizontal_0002,False,0.9166666666666666,0.2204270259999248,0.2204270259999248,0,0.11374992600000002,0.13501109399999223,0.03247874999999567,lns2.receding_q_label_pilot.v1,random:8,0.08541593199993258,no_progress,policy_train,s3__policy_train__policy_train_compartmentalized_double_horizontal_0002__task_0006__seed_0000__fixed_random__decision_0009__0001,environment_terminal,2
8,100,"6,15,21,42,60,67,79,83",neighborhood-02fdbc3aacfc77d0,True,"2,1,1,1",official_adaptive,3,False,0.5,1,2fdc84dab0defabd59f6f858b6970c464d38363ff3f2fd14c04db4222ad324db,d2e49e2251e7fd169d4efdebe998421905849e0746f1d3dbe3796c9e8c765c86,3,2,034ddd153fa6b944dd94384fb8a3faf8d6822dc97c76a674b3a4e562fcf1aa3c,6dd1eb3d6e2838a0fd5f799f4742eeb5da187344b01ccac665b319475b000e06,False,compartmentalized,0.10751965623524533,16420,21883,6323,14,policy_train_compartmentalized_double_horizontal_0002,False,0.5833333333333334,0.08065282199999046,0.11351274799994826,0,0.019192622,0.03860654100003558,0.03247874999999567,lns2.receding_q_label_pilot.v1,random:8,0.07490620699991268,no_progress,policy_train,s3__policy_train__policy_train_compartmentalized_double_horizontal_0002__task_0006__seed_0000__fixed_random__decision_0009__0001,environment_terminal,3
16,100,"3,4,6,7,15,16,35,38,39,41,43,44,47,58,76,84",neighborhood-033ac0ec2eb3cd1e,True,"2,1,1,0",official_adaptive,3,True,0.0,0,28de586db0c0224fe07e3f7d12b96ed02069ac8d6beb96039011d9e902a32fca,f6c21fc43350b31376ac844e91cd824f8b8bf38949ffe4078ead046a13175d8b,3,2,034ddd153fa6b944dd94384fb8a3faf8d6822dc97c76a674b3a4e562fcf1aa3c,6dd1eb3d6e2838a0fd5f799f4742eeb5da187344b01ccac665b319475b000e06,False,compartmentalized,0.11400691418635057,15366,32324,44,32,policy_train_compartmentalized_double_horizontal_0002,False,0.5,0.08508152699999982,0.12075987399998667,0,0.022455641000000002,0.04363467100006346,0.03247874999999567,lns2.receding_q_label_pilot.v1,collision:16,0.0771252029999232,no_progress,policy_train,s3__policy_train__policy_train_compartmentalized_double_horizontal_0002__task_0006__seed_0000__fixed_random__decision_0009__0001,feasible,0
16,100,"3,4,6,7,15,16,35,38,39,41,43,44,47,58,76,84",neighborhood-033ac0ec2eb3cd1e,True,"2,1,0",official_adaptive,2,True,0.0,0,d9d888b0a791a2e0e4cef3964bceea75c84dc62cddbcd1c3774ea30ed873c39a,42090c397acd8a89fb54f2120589747f48aae958262a26c84740e44d91dcb0c1,3,2,034ddd153fa6b944dd94384fb8a3faf8d6822dc97c76a674b3a4e562fcf1aa3c,6dd1eb3d6e2838a0fd5f799f4742eeb5da187344b01ccac665b319475b000e06,False,compartmentalized,0.10913298583572492,57014,34184,40842,24,policy_train_compartmentalized_double_horizontal_0002,False,0.3333333333333333,0.09672285099998135,0.11531066099996679,1,0.049130497999999995,0.06265453999992587,0.03247874999999567,lns2.receding_q_label_pilot.v1,collision:16,0.05265612100004091,no_progress,policy_train,s3__policy_train__policy_train_compartmentalized_double_horizontal_0002__task_0006__seed_0000__fixed_random__decision_0009__0001,feasible,1
16,100,"3,4,6,7,15,16,35,38,39,41,43,44,47,58,76,84",neighborhood-033ac0ec2eb3cd1e,True,"2,2,0",official_adaptive,2,True,0.0,0,bdb4ab567e2ec8ac98b3d5613231bfeffd81246c349911ab4fae07e3f2587de3,034afe05b9d00b16d37c5f05ef6800bbb28ae9b38bb075e800113a453216e64f,3,2,034ddd153fa6b944dd94384fb8a3faf8d6822dc97c76a674b3a4e562fcf1aa3c,6dd1eb3d6e2838a0fd5f799f4742eeb5da187344b01ccac665b319475b000e06,False,compartmentalized,0.14709667127743167,104193,51176,76137,24,policy_train_compartmentalized_double_horizontal_0002,False,0.5,0.15846594799995728,0.15846594799995728,1,0.086862786,0.10030908299995644,0.03247874999999567,lns2.receding_q_label_pilot.v1,collision:16,0.058156865000000835,no_progress,policy_train,s3__policy_train__policy_train_compartmentalized_double_horizontal_0002__task_0006__seed_0000__fixed_random__decision_0009__0001,feasible,2
16,100,"3,4,6,7,15,16,35,38,39,41,43,44,47,58,76,84",neighborhood-033ac0ec2eb3cd1e,True,"2,1,1,1",official_adaptive,3,False,0.5,1,c6d8e5f771d726b19b0143829f53fb6d0ff76e59b576c9a3028f14a4f0c5d6e2,3441aaba075c99fb86531858f178da315711d26402edb1d06921dc10bf4a2d09,3,2,034ddd153fa6b944dd94384fb8a3faf8d6822dc97c76a674b3a4e562fcf1aa3c,6dd1eb3d6e2838a0fd5f799f4742eeb5da187344b01ccac665b319475b000e06,False,compartmentalized,0.15051818945815465,57887,38591,37087,22,policy_train_compartmentalized_double_horizontal_0002,False,0.5833333333333334,0.12419801049998114,0.16243644899998344,0,0.056783737,0.07930665300000328,0.03247874999999567,lns2.receding_q_label_pilot.v1,collision:16,0.08312979599998016,no_progress,policy_train,s3__policy_train__policy_train_compartmentalized_double_horizontal_0002__task_0006__seed_0000__fixed_random__decision_0009__0001,environment_terminal,3
4,100,"15,32,36,59",neighborhood-03df38c53372691d,True,"2,1,1,1",official_adaptive,3,False,0.5,1,72b80387861ead7e96c946072f53a28ae03f7f8e059fc62c2008a4e7eeff2190,6b786f827ad5ec2f8c7972cea77c83b863ffcb8c8641a6fb6991aa042a128058,3,2,034ddd153fa6b944dd94384fb8a3faf8d6822dc97c76a674b3a4e562fcf1aa3c,6dd1eb3d6e2838a0fd5f799f4742eeb5da187344b01ccac665b319475b000e06,False,compartmentalized,0.12648243084042,44519,24694,31395,12,policy_train_compartmentalized_double_horizontal_0002,False,0.5833333333333334,0.08914575750009135,0.13482951300011337,0,0.035549935,0.05618374000016502,0.03247874999999567,lns2.receding_q_label_pilot.v1,random:4,0.07864577299994835,no_progress,policy_train,s3__policy_train__policy_train_compartmentalized_double_horizontal_0002__task_0006__seed_0000__fixed_random__decision_0009__0001,environment_terminal,0
4,100,"15,32,36,59",neighborhood-03df38c53372691d,True,"2,1,1,1",official_adaptive,3,False,0.5,1,dfeec0a31ac86a36094fa87c790baaeb577cc5883391c7647489056d6af5749e,8f4db590d6cc258a49a9b77270fdb46ecbae0eba734bdafa441937c696be85d5,3,2,034ddd153fa6b944dd94384fb8a3faf8d6822dc97c76a674b3a4e562fcf1aa3c,6dd1eb3d6e2838a0fd5f799f4742eeb5da187344b01ccac665b319475b000e06,False,compartmentalized,0.11687474150431532,18588,31500,2225,20,policy_train_compartmentalized_double_horizontal_0002,False,0.5833333333333334,0.08332052650001742,0.1239786329999788,0,0.026278699000000003,0.04696123300004729,0.03247874999999567,lns2.receding_q_label_pilot.v1,random:4,0.07701739999993151,no_progress,policy_train,s3__policy_train__policy_train_compartmentalized_double_horizontal_0002__task_0006__seed_0000__fixed_random__decision_0009__0001,environment_terminal,1
4,100,"15,32,36,59",neighborhood-03df38c53372691d,True,"2,1,1,1",official_adaptive,3,False,0.5,1,b15cd32394188f79abd629b0460897eae215cb50aca6ae39521963474f4d9e04,fc58ff82a27a92229a9e8809fb92584d01c5a14c7d7a0e0b03da5871d3ae86fc,3,2,034ddd153fa6b944dd94384fb8a3faf8d6822dc97c76a674b3a4e562fcf1aa3c,6dd1eb3d6e2838a0fd5f799f4742eeb5da187344b01ccac665b319475b000e06,False,compartmentalized,0.14054740251619108,64197,35998,41267,20,policy_train_compartmentalized_double_horizontal_0002,False,0.5833333333333334,0.09669299299997647,0.15090363399997386,0,0.055728012,0.07611357799999041,0.03247874999999567,lns2.receding_q_label_pilot.v1,random:4,0.07479005599998345,no_progress,policy_train,s3__policy_train__policy_train_compartmentalized_double_horizontal_0002__task_0006__seed_0000__fixed_random__decision_0009__0001,environment_terminal,2
4,100,"15,32,36,59",neighborhood-03df38c53372691d,True,"2,1,1,1",official_adaptive,3,False,0.5,1,a0f3ac6d85c37f9f74d0cc525dbf365a59985cc42d5290df26a8af7a38444b38,fd0eea449217d6c4fafcf234d42e0f354fac1b7b67fc2433def7042d6e56c5c3,3,2,034ddd153fa6b944dd94384fb8a3faf8d6822dc97c76a674b3a4e562fcf1aa3c,6dd1eb3d6e2838a0fd5f799f4742eeb5da187344b01ccac665b319475b000e06,False,compartmentalized,0.10442412047674787,9562,13787,2160,10,policy_train_compartmentalized_double_horizontal_0002,False,0.5833333333333334,0.07615513600006807,0.11007115900008557,0,0.013115052,0.03271068300011848,0.03247874999999567,lns2.receding_q_label_pilot.v1,random:4,0.0773604759999671,no_progress,policy_train,s3__policy_train__policy_train_compartmentalized_double_horizontal_0002__task_0006__seed_0000__fixed_random__decision_0009__0001,environment_terminal,3
16,100,"5,6,10,12,15,34,41,45,50,51,58,60,69,74,86,91",neighborhood-05577a796cee700e,True,"2,0",official_adaptive,1,True,0.0,0,2598bf390c87964e267b225634ee8eaa74e226af3a4507daea65fe50773ac4c7,02122ddc19e5f5830397296a16c24f8ec96a37d12dbe3a207bbac1be15e12d39,3,2,034ddd153fa6b944dd94384fb8a3faf8d6822dc97c76a674b3a4e562fcf1aa3c,6dd1eb3d6e2838a0fd5f799f4742eeb5da187344b01ccac665b319475b000e06,False,compartmentalized,0.043607113433498136,2740,11203,93,16,policy_train_compartmentalized_double_horizontal_0002,False,0.16666666666666666,0.04457187600007728,0.04457187600007728,2,0.006132436,0.012093126000081611,0.03247874999999567,lns2.receding_q_label_pilot.v1,target:16,0.03247874999999567,no_progress,policy_train,s3__policy_train__policy_train_compartmentalized_double_horizontal_0002__task_0006__seed_0000__fixed_random__decision_0009__0001,feasible,0
16,100,"5,6,10,12,15,34,41,45,50,51,58,60,69,74,86,91",neighborhood-05577a796cee700e,True,"2,0",official_adaptive,1,True,0.0,0,c14e9bed22ba71da5e19ce33ff50dfad106d2eae36150e2e2eb5138fc48d8111,1f760b0c5356dfb74f12657396a5a3b0b09b50519ba8bfdfb6b9bdd84d193e8f,3,2,034ddd153fa6b944dd94384fb8a3faf8d6822dc97c76a674b3a4e562fcf1aa3c,6dd1eb3d6e2838a0fd5f799f4742eeb5da187344b01ccac665b319475b000e06,False,compartmentalized,0.04711631740256092,3773,13484,306,16,policy_train_compartmentalized_double_horizontal_0002,False,0.16666666666666666,0.048243931000001794,0.048243931000001794,2,0.007922725,0.015765181000006123,0.03247874999999567,lns2.receding_q_label_pilot.v1,target:16,0.03247874999999567,no_progress,policy_train,s3__policy_train__policy_train_compartmentalized_double_horizontal_0002__task_0006__seed_0000__fixed_random__decision_0009__0001,feasible,1
16,100,"5,6,10,12,15,34,41,45,50,51,58,60,69,74,86,91",neighborhood-05577a796cee700e,True,"2,1,1,0",official_adaptive,3,True,0.0,0,2da55064e0583594a17a9120db5e9d5f67c7bfa4d7dd4ce71b2d9851e588bac1,2b745a46bf5daad6b9bece817ff1bd6c7281238932cd4211a048482ae815253d,3,2,034ddd153fa6b944dd94384fb8a3faf8d6822dc97c76a674b3a4e562fcf1aa3c,6dd1eb3d6e2838a0fd5f799f4742eeb5da187344b01ccac665b319475b000e06,False,compartmentalized,0.12592777349091197,17898,38584,312,32,policy_train_compartmentalized_double_horizontal_0002,False,0.5,0.09358766400009699,0.13420024600020497,0,0.034399221,0.05571504400018057,0.03247874999999567,lns2.receding_q_label_pilot.v1,target:16,0.0784852020000244,no_progress,policy_train,s3__policy_train__policy_train_compartmentalized_double_horizontal_0002__task_0006__seed_0000__fixed_random__decision_0009__0001,feasible,2
16,100,"5,6,10,12,15,34,41,45,50,51,58,60,69,74,86,91",neighborhood-05577a796cee700e,True,"2,2,0",official_adaptive,2,True,0.0,0,67cb0999525533bd1a65cc38cc9be248cd7b7c92c927211a7332340d78e068f0,da96d53bcd01bc2f0cd501f11002c23996e714cbbf92f3d8fd3ed7cfbf4d6e5a,3,2,034ddd153fa6b944dd94384fb8a3faf8d6822dc97c76a674b3a4e562fcf1aa3c,6dd1eb3d6e2838a0fd5f799f4742eeb5da187344b01ccac665b319475b000e06,False,compartmentalized,0.14231192145675306,85789,42989,63657,24,policy_train_compartmentalized_double_horizontal_0002,False,0.5,0.1529362180000362,0.1529362180000362,1,0.081252839,0.09587224100005187,0.03247874999999567,lns2.receding_q_label_pilot.v1,target:16,0.057063976999984334,no_progress,policy_train,s3__policy_train__policy_train_compartmentalized_double_horizontal_0002__task_0006__seed_0000__fixed_random__decision_0009__0001,feasible,3
4,100,"27,41,63,70",neighborhood-1528244465127f3c,True,"2,2,2,1",official_adaptive,3,False,0.5,1,21aed216de8a1dac1c9502f315134c12e0f9da3abd13d173955a544685695b79,166c4e76160f95043f19bae15a7574a5e8128cc8963ab261a93847a4750d6892,3,2,034ddd153fa6b944dd94384fb8a3faf8d6822dc97c76a674b3a4e562fcf1aa3c,6dd1eb3d6e2838a0fd5f799f4742eeb5da187344b01ccac665b319475b000e06,False,compartmentalized,0.13661086467957217,41868,23590,28176,12,policy_train_compartmentalized_double_horizontal_0002,False,0.9166666666666666,0.14638196400005654,0.14638196400005654,0,0.040929056000000005,0.0605287869999529,0.03247874999999567,lns2.receding_q_label_pilot.v1,random:4,0.08585317700010364,no_progress,policy_train,s3__policy_train__policy_train_compartmentalized_double_horizontal_0002__task_0006__seed_0000__fixed_random__decision_0009__0001,environment_terminal,0
4,100,"27,41,63,70",neighborhood-1528244465127f3c,True,"2,2,0",official_adaptive,2,True,0.0,0,5252db8fde25c8e74faf8a6c2e45a44c9169b6597bbc130ea9c27de8d6ecd6c9,e00b648b7a4cb026d4272af3232ea52943e8079115bf83fc58ebfc0f04fef14f,3,2,034ddd153fa6b944dd94384fb8a3faf8d6822dc97c76a674b3a4e562fcf1aa3c,6dd1eb3d6e2838a0fd5f799f4742eeb5da187344b01ccac665b319475b000e06,False,compartmentalized,0.09790264010956498,42647,19564,32429,12,policy_train_compartmentalized_double_horizontal_0002,False,0.5,0.10285540599988963,0.10285540599988963,1,0.032879671,0.0465008209998814,0.03247874999999567,lns2.receding_q_label_pilot.v1,random:4,0.05635458500000823,no_progress,policy_train,s3__policy_train__policy_train_compartmentalized_double_horizontal_0002__task_0006__seed_0000__fixed_random__decision_0009__0001,feasible,1
4,100,"27,41,63,70",neighborhood-1528244465127f3c,True,"2,2,0",official_adaptive,2,True,0.0,0,4b5a9f095e1f309eb6d47c7b97f76e8a57f65c667e348a4e867453785df2032e,d3d98f6208ca45822df75c3eaed5e91636616c55bc4b03670d7052df83cff881,3,2,034ddd153fa6b944dd94384fb8a3faf8d6822dc97c76a674b3a4e562fcf1aa3c,6dd1eb3d6e2838a0fd5f799f4742eeb5da187344b01ccac665b319475b000e06,False,compartmentalized,0.10219537778959006,37917,19789,28291,12,policy_train_compartmentalized_double_horizontal_0002,False,0.5,0.10759985100003178,0.10759985100003178,1,0.037628455,0.051148923000027935,0.03247874999999567,lns2.receding_q_label_pilot.v1,random:4,0.05645092800000384,no_progress,policy_train,s3__policy_train__policy_train_compartmentalized_double_horizontal_0002__task_0006__seed_0000__fixed_random__decision_0009__0001,feasible,2
4,100,"27,41,63,70",neighborhood-1528244465127f3c,True,"2,2,0",official_adaptive,2,True,0.0,0,c9aa6c6b6cf00d1eac195a1c6f7897cd60b1febab6555a96c958f695fb9b6b8e,738714594754dd1bb017483f88d319884dce69a1fdb49b6cd6b32e7a79a203d0,3,2,034ddd153fa6b944dd94384fb8a3faf8d6822dc97c76a674b3a4e562fcf1aa3c,6dd1eb3d6e2838a0fd5f799f4742eeb5da187344b01ccac665b319475b000e06,False,compartmentalized,0.12208563197706679,49941,24833,37639,12,policy_train_compartmentalized_double_horizontal_0002,False,0.5,0.12985084899992216,0.12985084899992216,1,0.043716908,0.05699775799996587,0.03247874999999567,lns2.receding_q_label_pilot.v1,random:4,0.0728530909999563,no_progress,policy_train,s3__policy_train__policy_train_compartmentalized_double_horizontal_0002__task_0006__seed_0000__fixed_random__decision_0009__0001,feasible,3
4,100,"15,41,44,58",neighborhood-17efd1efc98ba3fc,True,"2,1,1,1",official_adaptive,3,False,0.5,1,6aeb6e72072ac4e3fcf925a44d4bfd9707fb3359ab44e89626823e2f47e74fb1,cb18474c83c3f27290994c3b376355629ace5551acd7df4f6dc03dbd6a86bd1a,3,2,034ddd153fa6b944dd94384fb8a3faf8d6822dc97c76a674b3a4e562fcf1aa3c,6dd1eb3d6e2838a0fd5f799f4742eeb5da187344b01ccac665b319475b000e06,False,compartmentalized,0.11610102186394441,19882,35795,25,20,policy_train_compartmentalized_double_horizontal_0002,False,0.5833333333333334,0.08600933999997551,0.12310932499997307,0,0.026695010999999998,0.047282021000000896,0.03247874999999567,lns2.receding_q_label_pilot.v1,collision:4,0.07582730399997217,no_progress,policy_train,s3__policy_train__policy_train_compartmentalized_double_horizontal_0002__task_0006__seed_0000__fixed_random__decision_0009__0001,environment_terminal,0
4,100,"15,41,44,58",neighborhood-17efd1efc98ba3fc,True,"2,1,1,0",official_adaptive,3,True,0.0,0,eda1154cff9edaddc744a6fe8687fe782f4edc33edb992fe23be010cc160a5c5,dff9d3fde4c8ce1332500d4c0e90f8a81cc6465e377ab3f85493ffe016eff7a0,3,2,034ddd153fa6b944dd94384fb8a3faf8d6822dc97c76a674b3a4e562fcf1aa3c,6dd1eb3d6e2838a0fd5f799f4742eeb5da187344b01ccac665b319475b000e06,False,compartmentalized,0.11578871676810323,15527,29998,42,20,policy_train_compartmentalized_double_horizontal_0002,False,0.5,0.08598265199987054,0.12275862699982554,0,0.021496397,0.04394890499986559,0.03247874999999567,lns2.receding_q_label_pilot.v1,collision:4,0.07880972199995995,no_progress,policy_train,s3__policy_train__policy_train_compartmentalized_double_horizontal_0002__task_0006__seed_0000__fixed_random__decision_0009__0001,feasible,1
4,100,"15,41,44,58",neighborhood-17efd1efc98ba3fc,True,"2,1,1,1",official_adaptive,3,False,0.5,1,ac2a30a0b2a23cc071160d02dfd4f3064cc4de674ca859f17e44cdb95c21b0f5,e0959156e200f83bacf569fc67a39b2d4406d684f51d5725bae1caa64727e73f,3,2,034ddd153fa6b944dd94384fb8a3faf8d6822dc97c76a674b3a4e562fcf1aa3c,6dd1eb3d6e2838a0fd5f799f4742eeb5da187344b01ccac665b319475b000e06,False,compartmentalized,0.1205830843032287,21400,40120,217,20,policy_train_compartmentalized_double_horizontal_0002,False,0.5833333333333334,0.08925776300003463,0.12815446900003735,0,0.029456594000000003,0.051166138999974464,0.03247874999999567,lns2.receding_q_label_pilot.v1,collision:4,0.07698833000006289,no_progress,policy_train,s3__policy_train__policy_train_compartmentalized_double_horizontal_0002__task_0006__seed_0000__fixed_random__decision_0009__0001,environment_terminal,2
4,100,"15,41,44,58",neighborhood-17efd1efc98ba3fc,True,"2,1,1,1",official_adaptive,3,False,0.5,1,92b8de6d990836d3ac125f7337d95b6d6da6ec8acfe8b398623af9ce504617c5,4c8c39e3343b7738ec215363afde61e465bdb976717b8bbf933f67f3ef97cd6f,3,2,034ddd153fa6b944dd94384fb8a3faf8d6822dc97c76a674b3a4e562fcf1aa3c,6dd1eb3d6e2838a0fd5f799f4742eeb5da187344b01ccac665b319475b000e06,False,compartmentalized,0.1134479344463737,15008,27449,141,12,policy_train_compartmentalized_double_horizontal_0002,False,0.5833333333333334,0.08571543849990348,0.12013356699981159,0,0.022197933000000003,0.044039831999953094,0.03247874999999567,lns2.receding_q_label_pilot.v1,collision:4,0.0760937349998585,no_progress,policy_train,s3__policy_train__policy_train_compartmentalized_double_horizontal_0002__task_0006__seed_0000__fixed_random__decision_0009__0001,environment_terminal,3
8,100,"15,41,50,58,73,84,87,99",neighborhood-187aa13b3e77987f,True,"2,1,1,1",official_adaptive,3,False,0.5,1,65c945000066026445e6f71c54f15fa75cd5e28d30e89d9882a9f62486ea8d4b,1e9ed800e60006507a8f1432cfc9b1f3a2656ab408e4a4a6773d6b9209676b24,3,2,034ddd153fa6b944dd94384fb8a3faf8d6822dc97c76a674b3a4e562fcf1aa3c,6dd1eb3d6e2838a0fd5f799f4742eeb5da187344b01ccac665b319475b000e06,False,compartmentalized,0.12843552697790678,49079,31128,31253,16,policy_train_compartmentalized_double_horizontal_0002,False,0.5833333333333334,0.1048745989999702,0.13704811000002337,0,0.041831862,0.06240405100004409,0.03247874999999567,lns2.receding_q_label_pilot.v1,collision:8,0.07464405899997928,no_progress,policy_train,s3__policy_train__policy_train_compartmentalized_double_horizontal_0002__task_0006__seed_0000__fixed_random__decision_0009__0001,environment_terminal,0
8,100,"15,41,50,58,73,84,87,99",neighborhood-187aa13b3e77987f,True,"2,1,0",official_adaptive,2,True,0.0,0,7c93f06febd6fe0a7908af7cd2fa655bab145a799199bed62f66849a2d3a7f9d,31626e3852435fb06946e2b8a882d663bc16942377f46157969d0f9d1a6e88f8,3,2,034ddd153fa6b944dd94384fb8a3faf8d6822dc97c76a674b3a4e562fcf1aa3c,6dd1eb3d6e2838a0fd5f799f4742eeb5da187344b01ccac665b319475b000e06,False,compartmentalized,0.09951738436727021,49061,27033,35197,13,policy_train_compartmentalized_double_horizontal_0002,False,0.3333333333333333,0.08759851350004055,0.10463767400005963,1,0.039838711,0.052829927000061616,0.03247874999999567,lns2.receding_q_label_pilot.v1,collision:8,0.05180774699999802,no_progress,policy_train,s3__policy_train__policy_train_compartmentalized_double_horizontal_0002__task_0006__seed_0000__fixed_random__decision_0009__0001,feasible,1
8,100,"15,41,50,58,73,84,87,99",neighborhood-187aa13b3e77987f,True,"2,1,0",official_adaptive,2,True,0.0,0,96d9d244b72f3bb77c006eaa7349924137a11217c48f5f739d02ed95d8f888f3,3e1836f00667240271f8ac61cffb4f1894a366eca2d84274875c78a063cd9b91,3,2,034ddd153fa6b944dd94384fb8a3faf8d6822dc97c76a674b3a4e562fcf1aa3c,6dd1eb3d6e2838a0fd5f799f4742eeb5da187344b01ccac665b319475b000e06,False,compartmentalized,0.08763528390262157,18095,28806,5465,16,policy_train_compartmentalized_double_horizontal_0002,False,0.3333333333333333,0.069535859000041,0.09158992900006524,1,0.024204205,0.03683964500010006,0.03247874999999567,lns2.receding_q_label_pilot.v1,collision:8,0.05475028399996518,no_progress,policy_train,s3__policy_train__policy_train_compartmentalized_double_horizontal_0002__task_0006__seed_0000__fixed_random__decision_0009__0001,feasible,2
8,100,"15,41,50,58,73,84,87,99",neighborhood-187aa13b3e77987f,True,"2,2,1,1",official_adaptive,3,False,0.5,1,4f9a25ea38095e04989319423a69c003dbe21ef86719f68f7678782afdbed896,f0e0c8c6575d3ed0ec2c46d3e9ccb99445350f2250fa622c0235e7439204255a,3,2,034ddd153fa6b944dd94384fb8a3faf8d6822dc97c76a674b3a4e562fcf1aa3c,6dd1eb3d6e2838a0fd5f799f4742eeb5da187344b01ccac665b319475b000e06,False,compartmentalized,0.16349584655880312,70310,39634,46079,16,policy_train_compartmentalized_double_horizontal_0002,False,0.75,0.16220083249993422,0.17762046399991505,0,0.070042632,0.09315426899991053,0.03247874999999567,lns2.receding_q_label_pilot.v1,collision:8,0.08446619500000452,no_progress,policy_train,s3__policy_train__policy_train_compartmentalized_double_horizontal_0002__task_0006__seed_0000__fixed_random__decision_0009__0001,environment_terminal,3
13,100,"5,8,15,37,38,41,46,50,58,65,79,80,86",neighborhood-33eb3e49d48d0eea,True,"2,1,1,1",official_adaptive,3,False,0.5,1,5a72d7725f0c78f5b4b23e69463bd314c88e9599526d89be9b960b06748a88db,d435369d587e0d36086099d2f7a91d1229d0d4e9c80a52a2bd7b5cd8d8dbb591,3,2,034ddd153fa6b944dd94384fb8a3faf8d6822dc97c76a674b3a4e562fcf1aa3c,6dd1eb3d6e2838a0fd5f799f4742eeb5da187344b01ccac665b319475b000e06,False,compartmentalized,0.12855232172323475,22506,42418,466,29,policy_train_compartmentalized_double_horizontal_0002,False,0.5833333333333334,0.09493336549996911,0.13718091900000218,0,0.034424606999999996,0.05747938699994393,0.03247874999999567,lns2.receding_q_label_pilot.v1,collision:16,0.07970153200005825,no_progress,policy_train,s3__policy_train__policy_train_compartmentalized_double_horizontal_0002__task_0006__seed_0000__fixed_random__decision_0009__0001,environment_terminal,0
13,100,"5,8,15,37,38,41,46,50,58,65,79,80,86",neighborhood-33eb3e49d48d0eea,True,"2,2,1,1",official_adaptive,3,False,0.5,1,f60fef4d383dfb895d0e7cb5cefb87ae6568e6809daebb7e8a45a566c5ded49d,6fe322ce15e3b3887a253f0bd14a50c1fe045bb6e761fcdd7096f635a494aecd,3,2,034ddd153fa6b944dd94384fb8a3faf8d6822dc97c76a674b3a4e562fcf1aa3c,6dd1eb3d6e2838a0fd5f799f4742eeb5da187344b01ccac665b319475b000e06,False,compartmentalized,0.14765708054465512,70953,58007,37688,29,policy_train_compartmentalized_double_horizontal_0002,False,0.75,0.14085469600001943,0.159115345000032,0,0.062458149,0.08293018000006214,0.03247874999999567,lns2.receding_q_label_pilot.v1,collision:16,0.07618516499996986,no_progress,policy_train,s3__policy_train__policy_train_compartmentalized_double_horizontal_0002__task_0006__seed_0000__fixed_random__decision_0009__0001,environment_terminal,1
13,100,"5,8,15,37,38,41,46,50,58,65,79,80,86",neighborhood-33eb3e49d48d0eea,True,"2,2,1,0",official_adaptive,3,True,0.0,0,fed0f7916651b2c7db56370f69a8c58934995bb1c3594ed96e603c2bf2cd58d7,c23898da367abc91455d21740020629c11e7cbb3445974587a4ede18f341e88f,3,2,034ddd153fa6b944dd94384fb8a3faf8d6822dc97c76a674b3a4e562fcf1aa3c,6dd1eb3d6e2838a0fd5f799f4742eeb5da187344b01ccac665b319475b000e06,False,compartmentalized,0.17977906489889753,68816,52875,40777,29,policy_train_compartmentalized_double_horizontal_0002,False,0.6666666666666666,0.17303170249999766,0.19695288499997332,0,0.087403566,0.11169718999997258,0.03247874999999567,lns2.receding_q_label_pilot.v1,collision:16,0.08525569500000074,no_progress,policy_train,s3__policy_train__policy_train_compartmentalized_double_horizontal_0002__task_0006__seed_0000__fixed_random__decision_0009__0001,feasible,2
13,100,"5,8,15,37,38,41,46,50,58,65,79,80,86",neighborhood-33eb3e49d48d0eea,True,"2,1,1,1",official_adaptive,3,False,0.5,1,dccfbd2a5b2966ed565e43f5e0489907c54f79bb22d52f63e2f84f869d22377c,5020431d7d44793315b1be242227471330a1d79a7af39cc3946e11a471a155d1,3,2,034ddd153fa6b944dd94384fb8a3faf8d6822dc97c76a674b3a4e562fcf1aa3c,6dd1eb3d6e2838a0fd5f799f4742eeb5da187344b01ccac665b319475b000e06,False,compartmentalized,0.1257360790889409,16859,30736,267,21,policy_train_compartmentalized_double_horizontal_0002,False,0.5833333333333334,0.09478900650003652,0.1339828470000839,0,0.027779973,0.049851779000050556,0.03247874999999567,lns2.receding_q_label_pilot.v1,collision:16,0.08413106800003334,no_progress,policy_train,s3__policy_train__policy_train_compartmentalized_double_horizontal_0002__task_0006__seed_0000__fixed_random__decision_0009__0001,environment_terminal,3
8,100,"5,16,44,58,74,84,91,98",neighborhood-39498bf3b29c568a,True,"2,0",official_adaptive,1,True,0.0,0,a91abb1e8cbe08dda2981f802d40f752a92642c49e7d46f1fb871e13fb91b646,f676aa9c0e255ace75e79fe049949cc972b76e195cc67b88319b0623e78157f0,3,2,034ddd153fa6b944dd94384fb8a3faf8d6822dc97c76a674b3a4e562fcf1aa3c,6dd1eb3d6e2838a0fd5f799f4742eeb5da187344b01ccac665b319475b000e06,False,compartmentalized,0.04254172709219789,2125,6380,37,8,policy_train_compartmentalized_double_horizontal_0002,False,0.16666666666666666,0.043459596000047895,0.043459596000047895,2,0.004731317,0.010980846000052225,0.03247874999999567,lns2.receding_q_label_pilot.v1,target:8,0.03247874999999567,no_progress,policy_train,s3__policy_train__policy_train_compartmentalized_double_horizontal_0002__task_0006__seed_0000__fixed_random__decision_0009__0001,feasible,0
8,100,"5,16,44,58,74,84,91,98",neighborhood-39498bf3b29c568a,True,"2,0",official_adaptive,1,True,0.0,0,f6085c9bf249c138447672ede70c048f02e1ec51cb193f503ae05b68bd2f2c51,083d0aa11f8a3e2b718809779127e2f6a975c5bca098d5f04c65d107dd1a30f4,3,2,034ddd153fa6b944dd94384fb8a3faf8d6822dc97c76a674b3a4e562fcf1aa3c,6dd1eb3d6e2838a0fd5f799f4742eeb5da187344b01ccac665b319475b000e06,False,compartmentalized,0.04218544092464046,2144,6350,55,8,policy_train_compartmentalized_double_horizontal_0002,False,0.16666666666666666,0.043087892000016836,0.043087892000016836,2,0.003747451,0.010609142000021166,0.03247874999999567,lns2.receding_q_label_pilot.v1,target:8,0.03247874999999567,no_progress,policy_train,s3__policy_train__policy_train_compartmentalized_double_horizontal_0002__task_0006__seed_0000__fixed_random__decision_0009__0001,feasible,1
8,100,"5,16,44,58,74,84,91,98",neighborhood-39498bf3b29c568a,True,"2,0",official_adaptive,1,True,0.0,0,edd3fef2d8e38e927c3521245c9a397808861c6f9ae4ce89dc99bfad2fdd82ed,0e567e1bba45b470c86b220ec615b51de3143a5e455d06a083c3c529d9ecad16,3,2,034ddd153fa6b944dd94384fb8a3faf8d6822dc97c76a674b3a4e562fcf1aa3c,6dd1eb3d6e2838a0fd5f799f4742eeb5da187344b01ccac665b319475b000e06,False,compartmentalized,0.04245537598612901,2072,6295,12,8,policy_train_compartmentalized_double_horizontal_0002,False,0.16666666666666666,0.04336949599996842,0.04336949599996842,2,0.004244514,0.01089074599997275,0.03247874999999567,lns2.receding_q_label_pilot.v1,target:8,0.03247874999999567,no_progress,policy_train,s3__policy_train__policy_train_compartmentalized_double_horizontal_0002__task_0006__seed_0000__fixed_random__decision_0009__0001,feasible,2
8,100,"5,16,44,58,74,84,91,98",neighborhood-39498bf3b29c568a,True,"2,0",official_adaptive,1,True,0.0,0,d175a2c3a17e5833eab2f679a3ebec2353d44a9c8f9ef1a94e954e07563f32d6,edb320edaf9cda9425dcb63cd57ebf821a7d770511e1a6dd98773b6a2587f669,3,2,034ddd153fa6b944dd94384fb8a3faf8d6822dc97c76a674b3a4e562fcf1aa3c,6dd1eb3d6e2838a0fd5f799f4742eeb5da187344b01ccac665b319475b000e06,False,compartmentalized,0.043461840498703615,2063,6313,11,8,policy_train_compartmentalized_double_horizontal_0002,False,0.16666666666666666,0.04442013899995345,0.04442013899995345,2,0.005038995,0.01194138899995778,0.03247874999999567,lns2.receding_q_label_pilot.v1,target:8,0.03247874999999567,no_progress,policy_train,s3__policy_train__policy_train_compartmentalized_double_horizontal_0002__task_0006__seed_0000__fixed_random__decision_0009__0001,feasible,3
16,100,"10,12,14,27,28,30,35,39,41,56,66,75,79,84,85,94",neighborhood-5a8d8f62e9fd78f5,True,"2,2,2,1",official_adaptive,3,False,0.5,1,38bc76a02428498b619994b8363aed5fb36488be2584288d458c274801190540,4cee297df43e5495f26625fba11747b33dc4334e4f956f4400bde79d52aaac68,3,2,034ddd153fa6b944dd94384fb8a3faf8d6822dc97c76a674b3a4e562fcf1aa3c,6dd1eb3d6e2838a0fd5f799f4742eeb5da187344b01ccac665b319475b000e06,False,compartmentalized,0.1460154803573877,53752,36645,35774,24,policy_train_compartmentalized_double_horizontal_0002,False,0.9166666666666666,0.15721410200001174,0.15721410200001174,0,0.052909189,0.07350360400005229,0.03247874999999567,lns2.receding_q_label_pilot.v1,random:16,0.08371049799995944,no_progress,policy_train,s3__policy_train__policy_train_compartmentalized_double_horizontal_0002__task_0006__seed_0000__fixed_random__decision_0009__0001,environment_terminal,0
16,100,"10,12,14,27,28,30,35,39,41,56,66,75,79,84,85,94",neighborhood-5a8d8f62e9fd78f5,True,"2,2,1,1",official_adaptive,3,False,0.5,1,8a993dcd88d90ead287b22b60cc8ff9389d9eb3791e5d11603e754d9c9365879,b01b27cdd29fd2714e64d318566568f393b07fcab4a832509a038cbd8877250d,3,2,034ddd153fa6b944dd94384fb8a3faf8d6822dc97c76a674b3a4e562fcf1aa3c,6dd1eb3d6e2838a0fd5f799f4742eeb5da187344b01ccac665b319475b000e06,False,compartmentalized,0.14313209181901737,52803,45215,29474,32,policy_train_compartmentalized_double_horizontal_0002,False,0.75,0.1365954824998994,0.15388220999989244,0,0.048574003000000004,0.06837902099994153,0.03247874999999567,lns2.receding_q_label_pilot.v1,random:16,0.08550318899995091,no_progress,policy_train,s3__policy_train__policy_train_compartmentalized_double_horizontal_0002__task_0006__seed_0000__fixed_random__decision_0009__0001,environment_terminal,1
16,100,"10,12,14,27,28,30,35,39,41,56,66,75,79,84,85,94",neighborhood-5a8d8f62e9fd78f5,True,"2,2,0",official_adaptive,2,True,0.0,0,8c56c3453bed6444116258c01fe1c3432c6f4638f75e71a79691f589fd9de216,6d2cac10f4263d60c3fb6eea6062d2516798bbd28122abe693a6e542c179de00,3,2,034ddd153fa6b944dd94384fb8a3faf8d6822dc97c76a674b3a4e562fcf1aa3c,6dd1eb3d6e2838a0fd5f799f4742eeb5da187344b01ccac665b319475b000e06,False,compartmentalized,0.10858039966306228,42885,30207,30174,24,policy_train_compartmentalized_double_horizontal_0002,False,0.5,0.11469452599999386,0.11469452599999386,1,0.041709384999999995,0.055638391999991654,0.03247874999999567,lns2.receding_q_label_pilot.v1,random:16,0.0590561340000022,no_progress,policy_train,s3__policy_train__policy_train_compartmentalized_double_horizontal_0002__task_0006__seed_0000__fixed_random__decision_0009__0001,feasible,2
16,100,"10,12,14,27,28,30,35,39,41,56,66,75,79,84,85,94",neighborhood-5a8d8f62e9fd78f5,True,"2,2,0",official_adaptive,2,True,0.0,0,bd7a9ae761b1e315b9518b200bbc34a47928ee6f0d37ed8d9948da1351e40ecb,ecf85c38d55c2085eae112e9498a2fc5aaf2e4733841c84aa637337ab3b512a9,3,2,034ddd153fa6b944dd94384fb8a3faf8d6822dc97c76a674b3a4e562fcf1aa3c,6dd1eb3d6e2838a0fd5f799f4742eeb5da187344b01ccac665b319475b000e06,False,compartmentalized,0.1210103405235025,59581,38683,42497,24,policy_train_compartmentalized_double_horizontal_0002,False,0.5,0.12863658300011593,0.12863658300011593,1,0.058530584,0.07202517700011413,0.03247874999999567,lns2.receding_q_label_pilot.v1,random:16,0.05661140600000181,no_progress,policy_train,s3__policy_train__policy_train_compartmentalized_double_horizontal_0002__task_0006__seed_0000__fixed_random__decision_0009__0001,feasible,3
8,100,"12,15,41,51,58,69,86,91",neighborhood-81383f8af226d69d,True,"2,0",official_adaptive,1,True,0.0,0,e27ee2b9186297b407d1925c4f31a126152e1c94b51744c6f32ec17e91fd20a6,2926c37e41905e67b276332c73d846cc7b88f153c187605ee031bcc64ef54d8b,3,2,034ddd153fa6b944dd94384fb8a3faf8d6822dc97c76a674b3a4e562fcf1aa3c,6dd1eb3d6e2838a0fd5f799f4742eeb5da187344b01ccac665b319475b000e06,False,compartmentalized,0.042186300870931726,1531,6140,94,8,policy_train_compartmentalized_double_horizontal_0002,False,0.16666666666666666,0.04308878899996671,0.04308878899996671,2,0.003754291,0.010610038999971039,0.03247874999999567,lns2.receding_q_label_pilot.v1,target:8,0.03247874999999567,no_progress,policy_train,s3__policy_train__policy_train_compartmentalized_double_horizontal_0002__task_0006__seed_0000__fixed_random__decision_0009__0001,feasible,0
8,100,"12,15,41,51,58,69,86,91",neighborhood-81383f8af226d69d,True,"2,1,1,0",official_adaptive,3,True,0.0,0,6e7928304b3c9f069205071ffe9e09d6d0e799981a632ed1fefb92a2aed0d39b,2a4a9a5bef2712dd56f64e2eebf9da64bf46ba25f9206b5269e43be4501142ec,3,2,034ddd153fa6b944dd94384fb8a3faf8d6822dc97c76a674b3a4e562fcf1aa3c,6dd1eb3d6e2838a0fd5f799f4742eeb5da187344b01ccac665b319475b000e06,False,compartmentalized,0.10823325508785377,14998,29796,156,24,policy_train_compartmentalized_double_horizontal_0002,False,0.5,0.08126607500003047,0.11430763300006674,0,0.020226365,0.04007380300004115,0.03247874999999567,lns2.receding_q_label_pilot.v1,target:8,0.07423383000002559,no_progress,policy_train,s3__policy_train__policy_train_compartmentalized_double_horizontal_0002__task_0006__seed_0000__fixed_random__decision_0009__0001,feasible,1
8,100,"12,15,41,51,58,69,86,91",neighborhood-81383f8af226d69d,True,"2,0",official_adaptive,1,True,0.0,0,becc0c05d2aa12cda5e123e9336825e637938642f933b4cd09afb7ae294d2d79,15c50185ae68a2f9e757b734a422181205aa9c4271e6018e7d8a8466f3a732eb,3,2,034ddd153fa6b944dd94384fb8a3faf8d6822dc97c76a674b3a4e562fcf1aa3c,6dd1eb3d6e2838a0fd5f799f4742eeb5da187344b01ccac665b319475b000e06,False,compartmentalized,0.041993701403551666,1554,6156,81,8,policy_train_compartmentalized_double_horizontal_0002,False,0.16666666666666666,0.04288790999999037,0.04288790999999037,2,0.003822208,0.0104091599999947,0.03247874999999567,lns2.receding_q_label_pilot.v1,target:8,0.03247874999999567,no_progress,policy_train,s3__policy_train__policy_train_compartmentalized_double_horizontal_0002__task_0006__seed_0000__fixed_random__decision_0009__0001,feasible,2
8,100,"12,15,41,51,58,69,86,91",neighborhood-81383f8af226d69d,True,"2,0",official_adaptive,1,True,0.0,0,b67fd86ae3bcbe483726b1d2d8b14e8c893d0f1ce33fcfc1573ba75d47a2a6a4,b221c35eda04abb95b9dcb73549e32c74aff4a646e6faac79ec7471e3f48126f,3,2,034ddd153fa6b944dd94384fb8a3faf8d6822dc97c76a674b3a4e562fcf1aa3c,6dd1eb3d6e2838a0fd5f799f4742eeb5da187344b01ccac665b319475b000e06,False,compartmentalized,0.04200287204988142,1468,5803,112,8,policy_train_compartmentalized_double_horizontal_0002,False,0.16666666666666666,0.042897474000028524,0.042897474000028524,2,0.003676043,0.010418724000032853,0.03247874999999567,lns2.receding_q_label_pilot.v1,target:8,0.03247874999999567,no_progress,policy_train,s3__policy_train__policy_train_compartmentalized_double_horizontal_0002__task_0006__seed_0000__fixed_random__decision_0009__0001,feasible,3
4,100,"15,41,58,91",neighborhood-d947482caf3837bd,True,"2,1,1,0",official_adaptive,3,True,0.0,0,b780820d5a093792959f096ccee211e19408556de9607e1a5146173c68ee77ae,d75cccf49e28458d8294bf18db6c463a151b1f5be4a7ed17ba6ef9549604cfa4,3,2,034ddd153fa6b944dd94384fb8a3faf8d6822dc97c76a674b3a4e562fcf1aa3c,6dd1eb3d6e2838a0fd5f799f4742eeb5da187344b01ccac665b319475b000e06,False,compartmentalized,0.11495607200179411,17511,33233,1417,20,policy_train_compartmentalized_double_horizontal_0002,False,0.5,0.08466307850000021,0.12182415699999183,0,0.024743729,0.04503638999995019,0.03247874999999567,lns2.receding_q_label_pilot.v1,target:4,0.07678776700004164,no_progress,policy_train,s3__policy_train__policy_train_compartmentalized_double_horizontal_0002__task_0006__seed_0000__fixed_random__decision_0009__0001,feasible,0
4,100,"15,41,58,91",neighborhood-d947482caf3837bd,True,"2,1,1,0",official_adaptive,3,True,0.0,0,68acd91c3f6c8aa0a393449a59bf5247c80e54cce1540da3921494c4162593ae,4d8f8f5f41b15f369cd4898dfc79d5cc0ce8273a608c10d5a6b715d76e476e48,3,2,034ddd153fa6b944dd94384fb8a3faf8d6822dc97c76a674b3a4e562fcf1aa3c,6dd1eb3d6e2838a0fd5f799f4742eeb5da187344b01ccac665b319475b000e06,False,compartmentalized,0.10792108789280312,14485,27855,42,20,policy_train_compartmentalized_double_horizontal_0002,False,0.5,0.08088748099999066,0.11395983699992485,0,0.020365637,0.03970580800000789,0.03247874999999567,lns2.receding_q_label_pilot.v1,target:4,0.07425402899991695,no_progress,policy_train,s3__policy_train__policy_train_compartmentalized_double_horizontal_0002__task_0006__seed_0000__fixed_random__decision_0009__0001,feasible,1
4,100,"15,41,58,91",neighborhood-d947482caf3837bd,True,"2,0",official_adaptive,1,True,0.0,0,f08f12ddad1d372a6ccd2bfd42c085cf3c884ffbad747cb0f82461212deca947,61f092033ae8e5c188426c44b058c015c658d418d816cba29d3b587ddbdbbeee,3,2,034ddd153fa6b944dd94384fb8a3faf8d6822dc97c76a674b3a4e562fcf1aa3c,6dd1eb3d6e2838a0fd5f799f4742eeb5da187344b01ccac665b319475b000e06,False,compartmentalized,0.040875396294354605,1058,4104,27,4,policy_train_compartmentalized_double_horizontal_0002,False,0.16666666666666666,0.041722294999999576,0.041722294999999576,2,0.002772777,0.009243545000003905,0.03247874999999567,lns2.receding_q_label_pilot.v1,target:4,0.03247874999999567,no_progress,policy_train,s3__policy_train__policy_train_compartmentalized_double_horizontal_0002__task_0006__seed_0000__fixed_random__decision_0009__0001,feasible,2
4,100,"15,41,58,91",neighborhood-d947482caf3837bd,True,"2,1,1,1",official_adaptive,3,False,0.5,1,cb2d4e842e356a5139787c34c4470a054a0984b19cc6af79dc8ba65aef86e096,926f2259462ace2320716844abbeb088ae85a43f596fd2c16dfa90edf2f7d320,3,2,034ddd153fa6b944dd94384fb8a3faf8d6822dc97c76a674b3a4e562fcf1aa3c,6dd1eb3d6e2838a0fd5f799f4742eeb5da187344b01ccac665b319475b000e06,False,compartmentalized,0.10873370525151647,13520,23915,27,12,policy_train_compartmentalized_double_horizontal_0002,False,0.5833333333333334,0.08131722749999426,0.11486542800003008,0,0.020075803,0.04057295500001601,0.03247874999999567,lns2.receding_q_label_pilot.v1,target:4,0.07429247300001407,no_progress,policy_train,s3__policy_train__policy_train_compartmentalized_double_horizontal_0002__task_0006__seed_0000__fixed_random__decision_0009__0001,environment_terminal,3
5,100,"44,58,83,84,91",neighborhood-ebaa41666283dd55,True,"2,1,1,0",official_adaptive,3,True,0.0,0,4190c72884b1b2300e4023201dc3a870e9933598c1b074ce7d4759f9844f7666,759dfaea41889e3575f1f7982866ee51d396f4ea3dda0a0faa022e87a50ca0d5,3,2,034ddd153fa6b944dd94384fb8a3faf8d6822dc97c76a674b3a4e562fcf1aa3c,6dd1eb3d6e2838a0fd5f799f4742eeb5da187344b01ccac665b319475b000e06,False,compartmentalized,0.1101647469356982,15480,30043,29,21,policy_train_compartmentalized_double_horizontal_0002,False,0.5,0.08145866600000318,0.11646198899995852,0,0.020801096999999998,0.040126751000002514,0.03247874999999567,lns2.receding_q_label_pilot.v1,target:16,0.07633523799995601,no_progress,policy_train,s3__policy_train__policy_train_compartmentalized_double_horizontal_0002__task_0006__seed_0000__fixed_random__decision_0009__0001,feasible,0
5,100,"44,58,83,84,91",neighborhood-ebaa41666283dd55,True,"2,0",official_adaptive,1,True,0.0,0,76f1cbd41b20ef9bf8238425c8a322ab82009c14295e23bbad0446a3198fc06d,f35eced877869a29d55388c5339dca990e3a8ecd7debb33beb7b84de6fb1064f,3,2,034ddd153fa6b944dd94384fb8a3faf8d6822dc97c76a674b3a4e562fcf1aa3c,6dd1eb3d6e2838a0fd5f799f4742eeb5da187344b01ccac665b319475b000e06,False,compartmentalized,0.04114331377174158,1640,4600,0,5,policy_train_compartmentalized_double_horizontal_0002,False,0.16666666666666666,0.04200142800004869,0.04200142800004869,2,0.00316706,0.00952267800005302,0.03247874999999567,lns2.receding_q_label_pilot.v1,target:16,0.03247874999999567,no_progress,policy_train,s3__policy_train__policy_train_compartmentalized_double_horizontal_0002__task_0006__seed_0000__fixed_random__decision_0009__0001,feasible,1
5,100,"44,58,83,84,91",neighborhood-ebaa41666283dd55,True,"2,1,0",official_adaptive,2,True,0.0,0,d8481440f5921024663d390899327f796647db7b10ffb03b8465e7948090701f,ffc551eb75730f54ff05800df85ef2bf255eed20330f0eb5f6951de916374fe3,3,2,034ddd153fa6b944dd94384fb8a3faf8d6822dc97c76a674b3a4e562fcf1aa3c,6dd1eb3d6e2838a0fd5f799f4742eeb5da187344b01ccac665b319475b000e06,False,compartmentalized,0.081759572709184,9952,21124,68,13,policy_train_compartmentalized_double_horizontal_0002,False,0.3333333333333333,0.06704194499997129,0.08519486799991682,1,0.016234845,0.029554115999985697,0.03247874999999567,lns2.receding_q_label_pilot.v1,target:16,0.055640751999931126,no_progress,policy_train,s3__policy_train__policy_train_compartmentalized_double_horizontal_0002__task_0006__seed_0000__fixed_random__decision_0009__0001,feasible,2
5,100,"44,58,83,84,91",neighborhood-ebaa41666283dd55,True,"2,1,1,1",official_adaptive,3,False,0.5,1,b01f140ce7458f8b22bd02913f4929bb9ace10f8263f57077871e87a21754db8,3d432026102483785ee75dcbac9705499a9352c5c32d53190187b76f6cd2304d,3,2,034ddd153fa6b944dd94384fb8a3faf8d6822dc97c76a674b3a4e562fcf1aa3c,6dd1eb3d6e2838a0fd5f799f4742eeb5da187344b01ccac665b319475b000e06,False,compartmentalized,0.10843158549165796,12866,21858,15,13,policy_train_compartmentalized_double_horizontal_0002,False,0.5833333333333334,0.08135174799997458,0.11452865599994766,0,0.01842979,0.03957481499980986,0.03247874999999567,lns2.receding_q_label_pilot.v1,target:16,0.0749538410001378,no_progress,policy_train,s3__policy_train__policy_train_compartmentalized_double_horizontal_0002__task_0006__seed_0000__fixed_random__decision_0009__0001,environment_terminal,3
4,100,"6,15,41,58",neighborhood-f8906dff8fee64d5,True,"2,1,1,0",official_adaptive,3,True,0.0,0,417d7fe45084480535d133671d10959b02ecc12305592da7e8de3db3cf416854,c2acfca0529aa5d014987928061b796289020f0d61a7634ca7b716ba4a95165c,3,2,034ddd153fa6b944dd94384fb8a3faf8d6822dc97c76a674b3a4e562fcf1aa3c,6dd1eb3d6e2838a0fd5f799f4742eeb5da187344b01ccac665b319475b000e06,True,compartmentalized,0.11705241326114431,15649,30967,17,20,policy_train_compartmentalized_double_horizontal_0002,False,0.5,0.08663151699988703,0.12417834999985189,0,0.023786573999999998,0.045057688999918355,0.03247874999999567,lns2.receding_q_label_pilot.v1,collision:4,0.07912066099993353,no_progress,policy_train,s3__policy_train__policy_train_compartmentalized_double_horizontal_0002__task_0006__seed_0000__fixed_random__decision_0009__0001,feasible,0
4,100,"6,15,41,58",neighborhood-f8906dff8fee64d5,True,"2,1,1,0",official_adaptive,3,True,0.0,0,fd5758e175b754035bb0a6c029eca806fde2d51844ffbaf9ec0d12afacddfc04,981aae250d9fff2eff63c9f81eb76b935580c30f0c2b3c4a3c3b000c3622210f,3,2,034ddd153fa6b944dd94384fb8a3faf8d6822dc97c76a674b3a4e562fcf1aa3c,6dd1eb3d6e2838a0fd5f799f4742eeb5da187344b01ccac665b319475b000e06,True,compartmentalized,0.11048414432650652,15986,31843,88,20,policy_train_compartmentalized_double_horizontal_0002,False,0.5,0.08359676850000142,0.11681864100000894,0,0.022079012000000002,0.042634944999917934,0.03247874999999567,lns2.receding_q_label_pilot.v1,collision:4,0.074183696000091,no_progress,policy_train,s3__policy_train__policy_train_compartmentalized_double_horizontal_0002__task_0006__seed_0000__fixed_random__decision_0009__0001,feasible,1
4,100,"6,15,41,58",neighborhood-f8906dff8fee64d5,True,"2,1,1,1",official_adaptive,3,False,0.5,1,2a2058ff99b2a4ae8da003873532e744d18231ced3ecbd1fbca82efc040c3243,75f91ef8295f17da4d5e535fa0a99d2d7a2216949cfc1e63b0baa90cba776ea6,3,2,034ddd153fa6b944dd94384fb8a3faf8d6822dc97c76a674b3a4e562fcf1aa3c,6dd1eb3d6e2838a0fd5f799f4742eeb5da187344b01ccac665b319475b000e06,True,compartmentalized,0.11532762716230287,19596,34816,53,20,policy_train_compartmentalized_double_horizontal_0002,False,0.5833333333333334,0.08506303249998837,0.12224105400002827,0,0.026101449,0.04619249699999273,0.03247874999999567,lns2.receding_q_label_pilot.v1,collision:4,0.07604855700003554,no_progress,policy_train,s3__policy_train__policy_train_compartmentalized_double_horizontal_0002__task_0006__seed_0000__fixed_random__decision_0009__0001,environment_terminal,2
4,100,"6,15,41,58",neighborhood-f8906dff8fee64d5,True,"2,1,1,1",official_adaptive,3,False,0.5,1,91bc7fb625a30fd51ae210c11b39063c968c45ec5c0d6736bb370accf0b60207,beca12ae619c7946b8bb4ebbf8bb16be3bd50019d18433dade569bd685f1ecc9,3,2,034ddd153fa6b944dd94384fb8a3faf8d6822dc97c76a674b3a4e562fcf1aa3c,6dd1eb3d6e2838a0fd5f799f4742eeb5da187344b01ccac665b319475b000e06,True,compartmentalized,0.11205988250279181,13279,23268,26,12,policy_train_compartmentalized_double_horizontal_0002,False,0.5833333333333334,0.08295030149997729,0.11857984200003102,0,0.019772713999999997,0.04146960499997476,0.03247874999999567,lns2.receding_q_label_pilot.v1,collision:4,0.07711023700005626,no_progress,policy_train,s3__policy_train__policy_train_compartmentalized_double_horizontal_0002__task_0006__seed_0000__fixed_random__decision_0009__0001,environment_terminal,3
4,100,"44,58,84,91",neighborhood-fd91e86e2e59e33c,True,"2,0",official_adaptive,1,True,0.0,0,dfb817b50b5d3b502e1bb74c0a0a7c3b54ac08ff913e9182e255b63ac2566a70,110942dd995dc1b7be6024031f638ffebe4e1efbf6213a141a78d53c73ccffc6,3,2,034ddd153fa6b944dd94384fb8a3faf8d6822dc97c76a674b3a4e562fcf1aa3c,6dd1eb3d6e2838a0fd5f799f4742eeb5da187344b01ccac665b319475b000e06,False,compartmentalized,0.040206400281022535,1576,4385,0,4,policy_train_compartmentalized_double_horizontal_0002,False,0.16666666666666666,0.04102562000002763,0.04102562000002763,2,0.002752548,0.008546870000031959,0.03247874999999567,lns2.receding_q_label_pilot.v1,target:4,0.03247874999999567,no_progress,policy_train,s3__policy_train__policy_train_compartmentalized_double_horizontal_0002__task_0006__seed_0000__fixed_random__decision_0009__0001,feasible,0
4,100,"44,58,84,91",neighborhood-fd91e86e2e59e33c,True,"2,0",official_adaptive,1,True,0.0,0,7b399b20895467eba6ed288f0a9ba959edf7ddcbb8683b28fa36d2c8783246d3,2e07aeb545cdb6714358d151341cdfe3730fa48f457cab4a8ab275f6264ed1d5,3,2,034ddd153fa6b944dd94384fb8a3faf8d6822dc97c76a674b3a4e562fcf1aa3c,6dd1eb3d6e2838a0fd5f799f4742eeb5da187344b01ccac665b319475b000e06,False,compartmentalized,0.041486372492248964,1532,4225,0,4,policy_train_compartmentalized_double_horizontal_0002,False,0.16666666666666666,0.04235895699991943,0.04235895699991943,2,0.002798684,0.009880206999923757,0.03247874999999567,lns2.receding_q_label_pilot.v1,target:4,0.03247874999999567,no_progress,policy_train,s3__policy_train__policy_train_compartmentalized_double_horizontal_0002__task_0006__seed_0000__fixed_random__decision_0009__0001,feasible,1
4,100,"44,58,84,91",neighborhood-fd91e86e2e59e33c,True,"2,0",official_adaptive,1,True,0.0,0,847a3c0454ec3c1decfdab55260dd2f014375d8a7a4925242a1da2ccb1dea035,cd723d36a60e73373d146f1bd3d33d9110307894f90e38c32a787af887eaa9ad,3,2,034ddd153fa6b944dd94384fb8a3faf8d6822dc97c76a674b3a4e562fcf1aa3c,6dd1eb3d6e2838a0fd5f799f4742eeb5da187344b01ccac665b319475b000e06,False,compartmentalized,0.04181079062020097,1658,4504,27,4,policy_train_compartmentalized_double_horizontal_0002,False,0.16666666666666666,0.04269717199997558,0.04269717199997558,2,0.003101053,0.01021842199997991,0.03247874999999567,lns2.receding_q_label_pilot.v1,target:4,0.03247874999999567,no_progress,policy_train,s3__policy_train__policy_train_compartmentalized_double_horizontal_0002__task_0006__seed_0000__fixed_random__decision_0009__0001,feasible,2
4,100,"44,58,84,91",neighborhood-fd91e86e2e59e33c,True,"2,1,1,1",official_adaptive,3,False,0.5,1,163344ffc34d20377becaccb3e6c3ab7b35534adab51d85ec8a59004243d5957,c3392671fc87400d1595df63d1e98803b1d578d98800b4ad92acea4dfeacbf7b,3,2,034ddd153fa6b944dd94384fb8a3faf8d6822dc97c76a674b3a4e562fcf1aa3c,6dd1eb3d6e2838a0fd5f799f4742eeb5da187344b01ccac665b319475b000e06,False,compartmentalized,0.10753451720306664,13548,24279,58,12,policy_train_compartmentalized_double_horizontal_0002,False,0.5833333333333334,0.08099624400000494,0.11352929600002426,0,0.018134698,0.038638309000020854,0.03247874999999567,lns2.receding_q_label_pilot.v1,target:4,0.0748909870000034,no_progress,policy_train,s3__policy_train__policy_train_compartmentalized_double_horizontal_0002__task_0006__seed_0000__fixed_random__decision_0009__0001,environment_terminal,3
8,200,"27,72,84,135,150,173,176,187",neighborhood-017a6c5d0b81d916,True,"1,1,1,1",official_adaptive,3,False,1.0,1,1eff656ade607fa1e267f526513518b3aff3efb83bc4d54f7f95b38f8dbc9ce5,b7926d4949b5ccf4df49feb87acfbee7093c863e701d60c81a7baeddce1856b0,3,1,1f21c7498737dd95b7c8bccad4245e26f42b4f7155a8bd7b8ebbed72f4b9800a,5d6c4a5ffdeca83574bd16b51e62383b2aa8378bd2ec55b56b46723e2ba58a65,False,compartmentalized,0.20930020887527376,70829,97472,13506,22,policy_train_compartmentalized_double_horizontal_0002,True,1.0,0.23281504499993844,0.23281504499993844,0,0.10227476,0.14017179699987992,0.028261185000019395,lns2.receding_q_label_pilot.v1,random:8,0.09264324800005852,near_feasible,policy_train,s3__policy_train__policy_train_compartmentalized_double_horizontal_0002__task_0010__seed_0000__official_adaptive__decision_0001__0007,horizon_complete,0
8,200,"27,72,84,135,150,173,176,187",neighborhood-017a6c5d0b81d916,True,"1,1,0",official_adaptive,2,True,0.0,0,9866a9c1015fea1278f6237092f4f23f1bd03ce39229533b8abede1ec119fcba,76f5654bd92775f5c6c87e7c7b7938f18ad174c17d86db523ee98e94095d38ed,3,1,1f21c7498737dd95b7c8bccad4245e26f42b4f7155a8bd7b8ebbed72f4b9800a,5d6c4a5ffdeca83574bd16b51e62383b2aa8378bd2ec55b56b46723e2ba58a65,False,compartmentalized,0.12879161736559658,44684,58311,12540,16,policy_train_compartmentalized_double_horizontal_0002,False,0.5,0.13745307399995,0.13745307399995,1,0.059238334000000004,0.08202315199991972,0.028261185000019395,lns2.receding_q_label_pilot.v1,random:8,0.055429922000030274,near_feasible,policy_train,s3__policy_train__policy_train_compartmentalized_double_horizontal_0002__task_0010__seed_0000__official_adaptive__decision_0001__0007,feasible,1
8,200,"13,32,54,78,84,120,141,186",neighborhood-02745b887efe2bfb,True,"1,0",official_adaptive,1,True,0.0,0,0c48e1f497b02192604b5c022f227b90d0f7b57f8c3d745813177cfa0922f7f7,42adeb3af58a6f8bb71d63b58f4b1fa92f3f1664358b6628216fb5f26f7a9f13,3,1,1f21c7498737dd95b7c8bccad4245e26f42b4f7155a8bd7b8ebbed72f4b9800a,5d6c4a5ffdeca83574bd16b51e62383b2aa8378bd2ec55b56b46723e2ba58a65,False,compartmentalized,0.06458878799924356,18324,29474,4629,8,policy_train_compartmentalized_double_horizontal_0002,False,0.16666666666666666,0.06672028600007707,0.06672028600007707,2,0.026528111,0.03845910100005767,0.028261185000019395,lns2.receding_q_label_pilot.v1,collision:8,0.028261185000019395,near_feasible,policy_train,s3__policy_train__policy_train_compartmentalized_double_horizontal_0002__task_0010__seed_0000__official_adaptive__decision_0001__0007,feasible,0
8,200,"13,32,54,78,84,120,141,186",neighborhood-02745b887efe2bfb,True,"1,1,1,0",official_adaptive,3,True,0.0,0,8ee31f04ffc4cb034c7ab68a5274cee6b6b75944c27cac75d45ed356bd0b0c7b,07adfdabff91e8680e5045a45b911e50d2aca3c9b5925b683e035056f3ec169d,3,1,1f21c7498737dd95b7c8bccad4245e26f42b4f7155a8bd7b8ebbed72f4b9800a,5d6c4a5ffdeca83574bd16b51e62383b2aa8378bd2ec55b56b46723e2ba58a65,False,compartmentalized,0.17853263371524491,53655,77425,10111,24,policy_train_compartmentalized_double_horizontal_0002,False,0.8333333333333334,0.195461894999994,0.195461894999994,0,0.073771806,0.10863414099992497,0.028261185000019395,lns2.receding_q_label_pilot.v1,collision:8,0.08682775400006904,near_feasible,policy_train,s3__policy_train__policy_train_compartmentalized_double_horizontal_0002__task_0010__seed_0000__official_adaptive__decision_0001__0007,feasible,1
4,200,"41,84,153,191",neighborhood-07957fa85926b5b7,True,"1,1,1,1",official_adaptive,3,False,1.0,1,d57bb5f3bb0ff21fba90d1e84a913600ad7a51c8bbd305e430d63f656ffbc9d8,b47dfe2039f5f0a548c954452644bd5593f8bd6131ad3736b2bc23322b82f9a1,3,1,1f21c7498737dd95b7c8bccad4245e26f42b4f7155a8bd7b8ebbed72f4b9800a,5d6c4a5ffdeca83574bd16b51e62383b2aa8378bd2ec55b56b46723e2ba58a65,False,compartmentalized,0.20325198089470292,73000,98949,14264,18,policy_train_compartmentalized_double_horizontal_0002,True,1.0,0.22538120199999412,0.22538120199999412,0,0.098708449,0.13462478299993563,0.028261185000019395,lns2.receding_q_label_pilot.v1,random:4,0.09075641900005849,near_feasible,policy_train,s3__policy_train__policy_train_compartmentalized_double_horizontal_0002__task_0010__seed_0000__official_adaptive__decision_0001__0007,horizon_complete,0
4,200,"41,84,153,191",neighborhood-07957fa85926b5b7,True,"1,1,0",official_adaptive,2,True,0.0,0,0fa48999959df761b592cdb92375aecde341d75080b91e641a547082fe143bd3,abff121c503691e40d6d4999c62f0c792b7b62ba40e267e0c594032d6fd7c134,3,1,1f21c7498737dd95b7c8bccad4245e26f42b4f7155a8bd7b8ebbed72f4b9800a,5d6c4a5ffdeca83574bd16b51e62383b2aa8378bd2ec55b56b46723e2ba58a65,False,compartmentalized,0.12752424717578345,44893,58517,11957,12,policy_train_compartmentalized_double_horizontal_0002,False,0.5,0.13601241299988942,0.13601241299988942,1,0.058039102,0.07903448299987303,0.028261185000019395,lns2.receding_q_label_pilot.v1,random:4,0.056977930000016386,near_feasible,policy_train,s3__policy_train__policy_train_compartmentalized_double_horizontal_0002__task_0010__seed_0000__official_adaptive__decision_0001__0007,feasible,1
16,200,"9,14,19,39,66,78,84,93,100,103,110,116,117,121,132,141",neighborhood-084665ec3d803129,True,"1,1,1,0",official_adaptive,3,True,0.0,0,da46eaa8b6af4c897515e357a245334a3fc3e7a2694229b2a297651394bf1de5,3380b183d005478fae4e41ef93851c9fe95b07aa57e44bdfa79a174df7bef3ca,3,1,1f21c7498737dd95b7c8bccad4245e26f42b4f7155a8bd7b8ebbed72f4b9800a,5d6c4a5ffdeca83574bd16b51e62383b2aa8378bd2ec55b56b46723e2ba58a65,False,compartmentalized,0.27480589311530146,144468,147723,69756,32,policy_train_compartmentalized_double_horizontal_0002,False,0.8333333333333334,0.3162751519998892,0.3162751519998892,0,0.18899115200000002,0.22530637399984244,0.028261185000019395,lns2.receding_q_label_pilot.v1,collision:16,0.09096877800004677,near_feasible,policy_train,s3__policy_train__policy_train_compartmentalized_double_horizontal_0002__task_0010__seed_0000__official_adaptive__decision_0001__0007,feasible,0
16,200,"9,14,19,39,66,78,84,93,100,103,110,116,117,121,132,141",neighborhood-084665ec3d803129,True,"1,1,1,1",official_adaptive,3,False,1.0,1,d6fa9a6aac4eda29d938448fcda3c3f14d915b72c06eca00688679ae11387084,61e611b4dac75c2640bfce9e3af0425ac720531696cd94ce5c170a8cbd7d5470,3,1,1f21c7498737dd95b7c8bccad4245e26f42b4f7155a8bd7b8ebbed72f4b9800a,5d6c4a5ffdeca83574bd16b51e62383b2aa8378bd2ec55b56b46723e2ba58a65,False,compartmentalized,0.24664213152690267,132051,141448,49691,32,policy_train_compartmentalized_double_horizontal_0002,True,1.0,0.27972105900028055,0.27972105900028055,0,0.15894341,0.19212519400014116,0.028261185000019395,lns2.receding_q_label_pilot.v1,collision:16,0.08759586500013938,near_feasible,policy_train,s3__policy_train__policy_train_compartmentalized_double_horizontal_0002__task_0010__seed_0000__official_adaptive__decision_0001__0007,horizon_complete,1
16,200,"8,21,31,37,38,39,43,48,51,76,79,84,89,110,141,169",neighborhood-0a6b45e6733956bd,True,"1,1,1,1",official_adaptive,3,False,1.0,1,c41325d0b53a8df62224c227c0d4feb9478e49eb9aee83f0590cf0c0b2c051d0,eaae0d08893df1fa5e417b36bba0f4e72b1ca8aef6713387a817cdf3f7cb04b9,3,1,1f21c7498737dd95b7c8bccad4245e26f42b4f7155a8bd7b8ebbed72f4b9800a,5d6c4a5ffdeca83574bd16b51e62383b2aa8378bd2ec55b56b46723e2ba58a65,False,compartmentalized,0.22546929347792408,75876,113130,15385,32,policy_train_compartmentalized_double_horizontal_0002,True,1.0,0.25291056099990783,0.25291056099990783,0,0.124222837,0.16121983899995485,0.028261185000019395,lns2.receding_q_label_pilot.v1,target:16,0.09169072199995298,near_feasible,policy_train,s3__policy_train__policy_train_compartmentalized_double_horizontal_0002__task_0010__seed_0000__official_adaptive__decision_0001__0007,horizon_complete,0
16,200,"8,21,31,37,38,39,43,48,51,76,79,84,89,110,141,169",neighborhood-0a6b45e6733956bd,True,"1,1,0",official_adaptive,2,True,0.0,0,a63a60dd7c766c7f0a931ce165b8105c0425a5bb926bfbe473ca74f2b96173fc,d2cd116f02ffe7025cf7943005be72f7b6fb253e3c817f81be638da9937d3ca8,3,1,1f21c7498737dd95b7c8bccad4245e26f42b4f7155a8bd7b8ebbed72f4b9800a,5d6c4a5ffdeca83574bd16b51e62383b2aa8378bd2ec55b56b46723e2ba58a65,False,compartmentalized,0.14889435380410224,63813,78589,29736,24,policy_train_compartmentalized_double_horizontal_0002,False,0.5,0.16055037500007074,0.16055037500007074,1,0.078891851,0.10334859100009908,0.028261185000019395,lns2.receding_q_label_pilot.v1,target:16,0.05720178399997167,near_feasible,policy_train,s3__policy_train__policy_train_compartmentalized_double_horizontal_0002__task_0010__seed_0000__official_adaptive__decision_0001__0007,feasible,1
8,200,"21,38,39,43,84,110,141,169",neighborhood-0acb5b8ed2d5e2d5,True,"1,0",official_adaptive,1,True,0.0,0,f2afbc2c1b218b8607953fba856370a8fff8ab01b877988eb547c6f599cc7a9d,0a7d645a12b40f8a0a4a6afb362fc8a6da1c4d05895c75af81551c5d08105853,3,1,1f21c7498737dd95b7c8bccad4245e26f42b4f7155a8bd7b8ebbed72f4b9800a,5d6c4a5ffdeca83574bd16b51e62383b2aa8378bd2ec55b56b46723e2ba58a65,False,compartmentalized,0.05148370000918279,8185,16075,992,8,policy_train_compartmentalized_double_horizontal_0002,False,0.16666666666666666,0.05283202499992967,0.05283202499992967,2,0.013971408,0.024570839999910277,0.028261185000019395,lns2.receding_q_label_pilot.v1,target:8,0.028261185000019395,near_feasible,policy_train,s3__policy_train__policy_train_compartmentalized_double_horizontal_0002__task_0010__seed_0000__official_adaptive__decision_0001__0007,feasible,0
8,200,"21,38,39,43,84,110,141,169",neighborhood-0acb5b8ed2d5e2d5,True,"1,1,1,1",official_adaptive,3,False,1.0,1,82e4b652066e3a4c08a6bf23c606f5477cd62c7af871eaa04a61e8d0ca8236b8,07e8faf3aadd451373c5af76f2a94446b23fa0e92e2d8fbe427aee948c8e9ede,3,1,1f21c7498737dd95b7c8bccad4245e26f42b4f7155a8bd7b8ebbed72f4b9800a,5d6c4a5ffdeca83574bd16b51e62383b2aa8378bd2ec55b56b46723e2ba58a65,False,compartmentalized,0.19320139281695697,73862,92999,17969,21,policy_train_compartmentalized_double_horizontal_0002,True,1.0,0.21312708399989333,0.21312708399989333,0,0.0938831,0.1274406669998598,0.028261185000019395,lns2.receding_q_label_pilot.v1,target:8,0.08568641700003354,near_feasible,policy_train,s3__policy_train__policy_train_compartmentalized_double_horizontal_0002__task_0010__seed_0000__official_adaptive__decision_0001__0007,horizon_complete,1
4,200,"16,70,141,193",neighborhood-111a5a3b1cf2643e,True,"1,0",official_adaptive,1,True,0.0,0,8407bbfcaa8a551b087f64a8f71c4be2f3cf8bbd102d333a8c59a03d040294be,79d23bcf4a2b00024a214376df07e2f0c5c4f401ca674e86c639cbdc49dc1796,3,1,1f21c7498737dd95b7c8bccad4245e26f42b4f7155a8bd7b8ebbed72f4b9800a,5d6c4a5ffdeca83574bd16b51e62383b2aa8378bd2ec55b56b46723e2ba58a65,False,compartmentalized,0.043965876460446335,4229,7185,1011,4,policy_train_compartmentalized_double_horizontal_0002,False,0.16666666666666666,0.044946697000114,0.044946697000114,2,0.005966095,0.016685512000094604,0.028261185000019395,lns2.receding_q_label_pilot.v1,random:4,0.028261185000019395,near_feasible,policy_train,s3__policy_train__policy_train_compartmentalized_double_horizontal_0002__task_0010__seed_0000__official_adaptive__decision_0001__0007,feasible,0
4,200,"16,70,141,193",neighborhood-111a5a3b1cf2643e,True,"1,0",official_adaptive,1,True,0.0,0,68395ef80795f141af4fb6719c6b387a995198d971c227adf18d25ed0b504b77,2dc1aa92040176f22c4ea250f83c2919e0c8899d878e4203f6dce565d84436f9,3,1,1f21c7498737dd95b7c8bccad4245e26f42b4f7155a8bd7b8ebbed72f4b9800a,5d6c4a5ffdeca83574bd16b51e62383b2aa8378bd2ec55b56b46723e2ba58a65,False,compartmentalized,0.046965008156493904,3888,6935,777,4,policy_train_compartmentalized_double_horizontal_0002,False,0.16666666666666666,0.048085334000006696,0.048085334000006696,2,0.007167738,0.0198241489999873,0.028261185000019395,lns2.receding_q_label_pilot.v1,random:4,0.028261185000019395,near_feasible,policy_train,s3__policy_train__policy_train_compartmentalized_double_horizontal_0002__task_0010__seed_0000__official_adaptive__decision_0001__0007,feasible,1
4,200,"54,57,84,141",neighborhood-1a8048b50b2b4a58,True,"1,1,0",official_adaptive,2,True,0.0,0,e05d3a8d1795422b12106f1ffb3d1e06c32d816527ecf68de8564cab7467bb8e,287f8f72fe980a445597fe908d73a2c914f7e4c7f7a8ed0178afadae3e861c17,3,1,1f21c7498737dd95b7c8bccad4245e26f42b4f7155a8bd7b8ebbed72f4b9800a,5d6c4a5ffdeca83574bd16b51e62383b2aa8378bd2ec55b56b46723e2ba58a65,False,compartmentalized,0.1324300601305259,39746,69872,1765,12,policy_train_compartmentalized_double_horizontal_0002,False,0.5,0.14159917000006317,0.14159917000006317,1,0.061270240999999996,0.08367778499996348,0.028261185000019395,lns2.receding_q_label_pilot.v1,collision:4,0.05792138500009969,near_feasible,policy_train,s3__policy_train__policy_train_compartmentalized_double_horizontal_0002__task_0010__seed_0000__official_adaptive__decision_0001__0007,feasible,0
4,200,"54,57,84,141",neighborhood-1a8048b50b2b4a58,True,"1,1,1,1",official_adaptive,3,False,1.0,1,947cf83f55bd963986befb4a2b677c8b417f0fb8a17231e05087aca1fc6e1eb6,1cb4e21329d4a90847596d3bea82750937a219851966c1df2f7afb09f4eed024,3,1,1f21c7498737dd95b7c8bccad4245e26f42b4f7155a8bd7b8ebbed72f4b9800a,5d6c4a5ffdeca83574bd16b51e62383b2aa8378bd2ec55b56b46723e2ba58a65,False,compartmentalized,0.20353242652807962,66228,84920,15485,20,policy_train_compartmentalized_double_horizontal_0002,True,1.0,0.22572490299978654,0.22572490299978654,0,0.099274631,0.13459692099991116,0.028261185000019395,lns2.receding_q_label_pilot.v1,collision:4,0.09112798199987537,near_feasible,policy_train,s3__policy_train__policy_train_compartmentalized_double_horizontal_0002__task_0010__seed_0000__official_adaptive__decision_0001__0007,horizon_complete,1
16,200,"12,16,21,39,49,51,68,84,91,97,106,110,124,141,171,196",neighborhood-1cce6caee3a589f6,True,"1,1,1,0",official_adaptive,3,True,0.0,0,fae38b2d4d7da2571b6ba2302530c0672ca255c86e5f4c7b45e641f9654f5f04,3b4d9872c7fe0af96d97b1fe516c01ea7da3715b920395a57d77797d3bcb52df,3,1,1f21c7498737dd95b7c8bccad4245e26f42b4f7155a8bd7b8ebbed72f4b9800a,5d6c4a5ffdeca83574bd16b51e62383b2aa8378bd2ec55b56b46723e2ba58a65,False,compartmentalized,0.2082500265364205,66701,99228,15272,25,policy_train_compartmentalized_double_horizontal_0002,False,0.8333333333333334,0.23152104400003282,0.23152104400003282,0,0.096158553,0.1324221290000196,0.028261185000019395,lns2.receding_q_label_pilot.v1,random:16,0.09909891500001322,near_feasible,policy_train,s3__policy_train__policy_train_compartmentalized_double_horizontal_0002__task_0010__seed_0000__official_adaptive__decision_0001__0007,feasible,0
16,200,"12,16,21,39,49,51,68,84,91,97,106,110,124,141,171,196",neighborhood-1cce6caee3a589f6,True,"1,0",official_adaptive,1,True,0.0,0,dad731860a1496760cc5f103b555cbb090ffe4da20529475ac09a325351218ff,3f88dbf2cc3857ea9770ef3b3b8775088496a40375b5566b0dfb83a514da2c98,3,1,1f21c7498737dd95b7c8bccad4245e26f42b4f7155a8bd7b8ebbed72f4b9800a,5d6c4a5ffdeca83574bd16b51e62383b2aa8378bd2ec55b56b46723e2ba58a65,False,compartmentalized,0.09235791524770648,30557,54804,4881,16,policy_train_compartmentalized_double_horizontal_0002,False,0.16666666666666666,0.09675729800005684,0.09675729800005684,2,0.05550012,0.06849611300003744,0.028261185000019395,lns2.receding_q_label_pilot.v1,random:16,0.028261185000019395,near_feasible,policy_train,s3__policy_train__policy_train_compartmentalized_double_horizontal_0002__task_0010__seed_0000__official_adaptive__decision_0001__0007,feasible,1
16,200,"6,29,39,50,57,64,84,85,93,97,110,139,142,159,192,193",neighborhood-203896baf634752f,True,"1,0",official_adaptive,1,True,0.0,0,07d94ad5fe2a2a174b8814342381131b2fd240db342b6013613d3714b0a995a1,5e2dcec0eef2fbaa503a0283f4954463434d4cfa0b762fb90fceec872e9682cb,3,1,1f21c7498737dd95b7c8bccad4245e26f42b4f7155a8bd7b8ebbed72f4b9800a,5d6c4a5ffdeca83574bd16b51e62383b2aa8378bd2ec55b56b46723e2ba58a65,False,compartmentalized,0.14463967642992562,117492,71753,84446,16,policy_train_compartmentalized_double_horizontal_0002,False,0.16666666666666666,0.15562309699998877,0.15562309699998877,2,0.114940559,0.12736191199996938,0.028261185000019395,lns2.receding_q_label_pilot.v1,target:16,0.028261185000019395,near_feasible,policy_train,s3__policy_train__policy_train_compartmentalized_double_horizontal_0002__task_0010__seed_0000__official_adaptive__decision_0001__0007,feasible,0
16,200,"6,29,39,50,57,64,84,85,93,97,110,139,142,159,192,193",neighborhood-203896baf634752f,True,"1,1,1,1",official_adaptive,3,False,1.0,1,eb8b7a909ec6973d571e724acb2a2c60d8b9a8d19ddc26d454818e0cd3635a4a,3c5c281f2dab6818f3ea2db7d8069ff96452ebed8176e37d9d9b8eb7fcf4b035,3,1,1f21c7498737dd95b7c8bccad4245e26f42b4f7155a8bd7b8ebbed72f4b9800a,5d6c4a5ffdeca83574bd16b51e62383b2aa8378bd2ec55b56b46723e2ba58a65,False,compartmentalized,0.291681635027612,169102,148949,89238,32,policy_train_compartmentalized_double_horizontal_0002,True,1.0,0.338676762000091,0.338676762000091,0,0.215186196,0.2504495919999954,0.028261185000019395,lns2.receding_q_label_pilot.v1,target:16,0.08822717000009561,near_feasible,policy_train,s3__policy_train__policy_train_compartmentalized_double_horizontal_0002__task_0010__seed_0000__official_adaptive__decision_0001__0007,horizon_complete,1
16,200,"33,38,58,59,73,82,84,92,96,99,116,136,162,170,176,192",neighborhood-27f26e96872f254b,True,"1,1,1,1",official_adaptive,3,False,1.0,1,4ca3aa6aa262a0dadf93a622a3d45db317871d1249c966c78c37fa240849667e,1eac80b625c2a2b30d59f1e581438277381ff9be591d8c7b1090331d4c0e2cea,3,1,1f21c7498737dd95b7c8bccad4245e26f42b4f7155a8bd7b8ebbed72f4b9800a,5d6c4a5ffdeca83574bd16b51e62383b2aa8378bd2ec55b56b46723e2ba58a65,False,compartmentalized,0.20429450371238395,80994,103657,26711,32,policy_train_compartmentalized_double_horizontal_0002,True,1.0,0.2266593560000274,0.2266593560000274,0,0.107128056,0.14100472000006903,0.028261185000019395,lns2.receding_q_label_pilot.v1,random:16,0.08565463599995837,near_feasible,policy_train,s3__policy_train__policy_train_compartmentalized_double_horizontal_0002__task_0010__seed_0000__official_adaptive__decision_0001__0007,horizon_complete,0
16,200,"33,38,58,59,73,82,84,92,96,99,116,136,162,170,176,192",neighborhood-27f26e96872f254b,True,"1,1,1,0",official_adaptive,3,True,0.0,0,d7e8bdbabe42fd255025e07c63d44232ea32273fee2775799d5488172f9241ab,6417aebd284b92d0cbd78f87db16614edbaa879eda63b719e1952aabac5dad4a,3,1,1f21c7498737dd95b7c8bccad4245e26f42b4f7155a8bd7b8ebbed72f4b9800a,5d6c4a5ffdeca83574bd16b51e62383b2aa8378bd2ec55b56b46723e2ba58a65,False,compartmentalized,0.20491085245923935,56513,94729,10780,32,policy_train_compartmentalized_double_horizontal_0002,False,0.8333333333333334,0.22741563900001438,0.22741563900001438,0,0.09461771699999999,0.13024571899995863,0.028261185000019395,lns2.receding_q_label_pilot.v1,random:16,0.09716992000005575,near_feasible,policy_train,s3__policy_train__policy_train_compartmentalized_double_horizontal_0002__task_0010__seed_0000__official_adaptive__decision_0001__0007,feasible,1
8,200,"17,62,79,105,121,140,141,198",neighborhood-2b42104dbcc1ac60,True,"1,0",official_adaptive,1,True,0.0,0,73278d52f75fdc1a98f65a456d0f3c16283023e0050ac4e60aa72305dd4c36c6,c54cd953e14beb70a6e02131b5e264f1ee7f5515b74b8cf1bc246ee8b9f81c85,3,1,1f21c7498737dd95b7c8bccad4245e26f42b4f7155a8bd7b8ebbed72f4b9800a,5d6c4a5ffdeca83574bd16b51e62383b2aa8378bd2ec55b56b46723e2ba58a65,False,compartmentalized,0.050517052239552517,9452,13750,4056,8,policy_train_compartmentalized_double_horizontal_0002,False,0.16666666666666666,0.05181479899999886,0.05181479899999886,2,0.011653976,0.02355361399997946,0.028261185000019395,lns2.receding_q_label_pilot.v1,random:8,0.028261185000019395,near_feasible,policy_train,s3__policy_train__policy_train_compartmentalized_double_horizontal_0002__task_0010__seed_0000__official_adaptive__decision_0001__0007,feasible,0
8,200,"17,62,79,105,121,140,141,198",neighborhood-2b42104dbcc1ac60,True,"1,0",official_adaptive,1,True,0.0,0,5d15f0aeacc44b50608eb4ed2ea2aae0e13ff69c44b11fc9e83c165cad321872,8c5b4fad7ce3aa326c482911415f5dc7d0b87f388ab46c563bc23ced1ad57db0,3,1,1f21c7498737dd95b7c8bccad4245e26f42b4f7155a8bd7b8ebbed72f4b9800a,5d6c4a5ffdeca83574bd16b51e62383b2aa8378bd2ec55b56b46723e2ba58a65,False,compartmentalized,0.04770101030425305,8670,11505,3912,8,policy_train_compartmentalized_double_horizontal_0002,False,0.16666666666666666,0.04885701099999551,0.04885701099999551,2,0.009754966,0.020595825999976114,0.028261185000019395,lns2.receding_q_label_pilot.v1,random:8,0.028261185000019395,near_feasible,policy_train,s3__policy_train__policy_train_compartmentalized_double_horizontal_0002__task_0010__seed_0000__official_adaptive__decision_0001__0007,feasible,1
8,200,"6,24,39,63,66,84,136,141",neighborhood-2cb87e86a069f6a9,True,"1,1,1,0",official_adaptive,3,True,0.0,0,1a9f780b184857617474d92adfe43c397902c4d55029760659317e490ba7e1e5,3b4d9872c7fe0af96d97b1fe516c01ea7da3715b920395a57d77797d3bcb52df,3,1,1f21c7498737dd95b7c8bccad4245e26f42b4f7155a8bd7b8ebbed72f4b9800a,5d6c4a5ffdeca83574bd16b51e62383b2aa8378bd2ec55b56b46723e2ba58a65,False,compartmentalized,0.2076025133492035,84045,119067,22258,23,policy_train_compartmentalized_double_horizontal_0002,False,0.8333333333333334,0.23072387599995636,0.23072387599995636,0,0.111532826,0.1464476769999692,0.028261185000019395,lns2.receding_q_label_pilot.v1,collision:8,0.08427619899998717,near_feasible,policy_train,s3__policy_train__policy_train_compartmentalized_double_horizontal_0002__task_0010__seed_0000__official_adaptive__decision_0001__0007,feasible,0
8,200,"6,24,39,63,66,84,136,141",neighborhood-2cb87e86a069f6a9,True,"1,1,0",official_adaptive,2,True,0.0,0,4a31e935d0fd361c9028eb3df7eaadb1e5909ef1f503ec74b7c1a67dd73f7a5f,19e8fb7b4e481975cb92b4d811305876c323229d31ae045265cf58ad74bc1bb5,3,1,1f21c7498737dd95b7c8bccad4245e26f42b4f7155a8bd7b8ebbed72f4b9800a,5d6c4a5ffdeca83574bd16b51e62383b2aa8378bd2ec55b56b46723e2ba58a65,False,compartmentalized,0.15486973238982535,68684,81391,22722,14,policy_train_compartmentalized_double_horizontal_0002,False,0.5,0.16750586299997394,0.16750586299997394,1,0.088326129,0.11085427599994091,0.028261185000019395,lns2.receding_q_label_pilot.v1,collision:8,0.05665158700003303,near_feasible,policy_train,s3__policy_train__policy_train_compartmentalized_double_horizontal_0002__task_0010__seed_0000__official_adaptive__decision_0001__0007,feasible,1
8,200,"7,39,57,84,85,110,191,193",neighborhood-37b72efce7ebcb73,True,"1,1,1,1",official_adaptive,3,False,1.0,1,eb63fb8a10a4d29d927c0b8b0bbfd336a5fc99ac0d6f570d951e88655ea4e840,6e9c71545d905d07e2cb1475d127801926231e54303fb8b6b994240167e866a1,3,1,1f21c7498737dd95b7c8bccad4245e26f42b4f7155a8bd7b8ebbed72f4b9800a,5d6c4a5ffdeca83574bd16b51e62383b2aa8378bd2ec55b56b46723e2ba58a65,False,compartmentalized,0.2507005197667137,124328,114769,62162,24,policy_train_compartmentalized_double_horizontal_0002,True,1.0,0.2849252170002501,0.2849252170002501,0,0.155826339,0.19134913700008838,0.028261185000019395,lns2.receding_q_label_pilot.v1,target:8,0.09357608000016171,near_feasible,policy_train,s3__policy_train__policy_train_compartmentalized_double_horizontal_0002__task_0010__seed_0000__official_adaptive__decision_0001__0007,horizon_complete,0
8,200,"7,39,57,84,85,110,191,193",neighborhood-37b72efce7ebcb73,True,"1,1,0",official_adaptive,2,True,0.0,0,081b6ad197f0012382f25dd3809f10e9ba7068f28c4011726c7f95baa9285404,8b9858ef6d2a82b5323173c24e91b6bf131548d3a3c8560faf9c6b0bb0821d99,3,1,1f21c7498737dd95b7c8bccad4245e26f42b4f7155a8bd7b8ebbed72f4b9800a,5d6c4a5ffdeca83574bd16b51e62383b2aa8378bd2ec55b56b46723e2ba58a65,False,compartmentalized,0.1503325818733452,67280,71077,31782,16,policy_train_compartmentalized_double_horizontal_0002,False,0.5,0.1622207120000212,0.1622207120000212,1,0.080555449,0.10552463399994849,0.028261185000019395,lns2.receding_q_label_pilot.v1,target:8,0.0566960780000727,near_feasible,policy_train,s3__policy_train__policy_train_compartmentalized_double_horizontal_0002__task_0010__seed_0000__official_adaptive__decision_0001__0007,feasible,1
4,200,"38,84,141,190",neighborhood-52b4d2bdea7170e5,True,"1,1,1,0",official_adaptive,3,True,0.0,0,f4e764e80127fb317f447f22ba8de3a137cdeb9b7055283d0a212c2fc3deef99,3dc79cb41a5329fcd7bb92ee2c815c4d28a12d6fb41bf6e2dd2a4b5a41bdaf16,3,1,1f21c7498737dd95b7c8bccad4245e26f42b4f7155a8bd7b8ebbed72f4b9800a,5d6c4a5ffdeca83574bd16b51e62383b2aa8378bd2ec55b56b46723e2ba58a65,True,compartmentalized,0.19695544555138866,68690,94745,15339,20,policy_train_compartmentalized_double_horizontal_0002,False,0.8333333333333334,0.21768978600027822,0.21768978600027822,0,0.097221562,0.13110628900017218,0.028261185000019395,lns2.receding_q_label_pilot.v1,collision:4,0.08658349700010604,near_feasible,policy_train,s3__policy_train__policy_train_compartmentalized_double_horizontal_0002__task_0010__seed_0000__official_adaptive__decision_0001__0007,feasible,0
4,200,"38,84,141,190",neighborhood-52b4d2bdea7170e5,True,"1,1,1,0",official_adaptive,3,True,0.0,0,5565943d822213ed83441246fd0f3a4d268fa027eef4074efa4848f2c53b70cb,87ff3d0486339f0febd63982aa270680e3e7009137c484b7172762805afa4d11,3,1,1f21c7498737dd95b7c8bccad4245e26f42b4f7155a8bd7b8ebbed72f4b9800a,5d6c4a5ffdeca83574bd16b51e62383b2aa8378bd2ec55b56b46723e2ba58a65,True,compartmentalized,0.17678094927006546,49171,67256,7608,20,policy_train_compartmentalized_double_horizontal_0002,False,0.8333333333333334,0.19336965599995892,0.19336965599995892,0,0.068809624,0.10449643799995556,0.028261185000019395,lns2.receding_q_label_pilot.v1,collision:4,0.08887321800000336,near_feasible,policy_train,s3__policy_train__policy_train_compartmentalized_double_horizontal_0002__task_0010__seed_0000__official_adaptive__decision_0001__0007,feasible,1
4,200,"21,43,110,141",neighborhood-5e7eea66dfc403a1,True,"1,0",official_adaptive,1,True,0.0,0,0f851765fd6855fd2767eaf5453e330de4f1051261b8bd380ae31ed4aa717bf2,cd6a690cf2cb244735a851a9d0694ee0dea26ca82e771adccc4483f496c767b9,3,1,1f21c7498737dd95b7c8bccad4245e26f42b4f7155a8bd7b8ebbed72f4b9800a,5d6c4a5ffdeca83574bd16b51e62383b2aa8378bd2ec55b56b46723e2ba58a65,False,compartmentalized,0.0425231607959873,1636,2092,958,4,policy_train_compartmentalized_double_horizontal_0002,False,0.16666666666666666,0.043440222999947764,0.043440222999947764,2,0.002553676,0.015179037999928369,0.028261185000019395,lns2.receding_q_label_pilot.v1,target:4,0.028261185000019395,near_feasible,policy_train,s3__policy_train__policy_train_compartmentalized_double_horizontal_0002__task_0010__seed_0000__official_adaptive__decision_0001__0007,feasible,0
4,200,"21,43,110,141",neighborhood-5e7eea66dfc403a1,True,"1,0",official_adaptive,1,True,0.0,0,76e47928d41efe9e1202578114c6f264beade13d51e4d443cb1a7d4d64b00b64,7003ae28a429d92656b307cd169e69aaa98f393bd63d1b25ee5245cdd977ee50,3,1,1f21c7498737dd95b7c8bccad4245e26f42b4f7155a8bd7b8ebbed72f4b9800a,5d6c4a5ffdeca83574bd16b51e62383b2aa8378bd2ec55b56b46723e2ba58a65,False,compartmentalized,0.04100851024511099,2136,2380,1300,4,policy_train_compartmentalized_double_horizontal_0002,False,0.16666666666666666,0.041860971999994945,0.041860971999994945,2,0.002805115,0.01359978699997555,0.028261185000019395,lns2.receding_q_label_pilot.v1,target:4,0.028261185000019395,near_feasible,policy_train,s3__policy_train__policy_train_compartmentalized_double_horizontal_0002__task_0010__seed_0000__official_adaptive__decision_0001__0007,feasible,1
16,200,"31,40,45,54,63,68,84,98,106,118,126,128,141,157,185,190",neighborhood-64293ff8b7ffbe39,True,"1,0",official_adaptive,1,True,0.0,0,290085255a2ec9ac3df8b360b7ff7104ca4342b852a57fa368685c33759ace20,971e3de673ea3d8aa3f77144d57eb8b94b9c8c393ecab873bb50f44fcb365371,3,1,1f21c7498737dd95b7c8bccad4245e26f42b4f7155a8bd7b8ebbed72f4b9800a,5d6c4a5ffdeca83574bd16b51e62383b2aa8378bd2ec55b56b46723e2ba58a65,False,compartmentalized,0.06892997457565934,21170,39149,6001,16,policy_train_compartmentalized_double_horizontal_0002,False,0.16666666666666666,0.07136118400001124,0.07136118400001124,2,0.032140005,0.04309999899999184,0.028261185000019395,lns2.receding_q_label_pilot.v1,collision:16,0.028261185000019395,near_feasible,policy_train,s3__policy_train__policy_train_compartmentalized_double_horizontal_0002__task_0010__seed_0000__official_adaptive__decision_0001__0007,feasible,0
16,200,"31,40,45,54,63,68,84,98,106,118,126,128,141,157,185,190",neighborhood-64293ff8b7ffbe39,True,"1,0",official_adaptive,1,True,0.0,0,67c26e554710a8495a7eed3c6026c806a557e04ba94e6aebf6b0d1fb15e266c4,0befcf582ac6115ef6e9dfa2aae2b767aaaa38a8b31ad879a303615419fc5dfc,3,1,1f21c7498737dd95b7c8bccad4245e26f42b4f7155a8bd7b8ebbed72f4b9800a,5d6c4a5ffdeca83574bd16b51e62383b2aa8378bd2ec55b56b46723e2ba58a65,False,compartmentalized,0.0728940506490299,22380,41002,6088,16,policy_train_compartmentalized_double_horizontal_0002,False,0.16666666666666666,0.07561656999996558,0.07561656999996558,2,0.03591057,0.04735538499994618,0.028261185000019395,lns2.receding_q_label_pilot.v1,collision:16,0.028261185000019395,near_feasible,policy_train,s3__policy_train__policy_train_compartmentalized_double_horizontal_0002__task_0010__seed_0000__official_adaptive__decision_0001__0007,feasible,1
4,200,"39,84,110,193",neighborhood-b2065e9468a77bd5,True,"1,1,0",official_adaptive,2,True,0.0,0,6edbe64e5b505cd99479f0653fd34b82aa12739170315de44d138040033bae90,54ceb3bcd058b11881bac548f1c8042c58baaa49d658026cfe576f06cad25526,3,1,1f21c7498737dd95b7c8bccad4245e26f42b4f7155a8bd7b8ebbed72f4b9800a,5d6c4a5ffdeca83574bd16b51e62383b2aa8378bd2ec55b56b46723e2ba58a65,False,compartmentalized,0.12968013303553141,37005,64431,1349,12,policy_train_compartmentalized_double_horizontal_0002,False,0.5,0.13846416799992767,0.13846416799992767,1,0.059496117,0.08196694699995533,0.028261185000019395,lns2.receding_q_label_pilot.v1,target:4,0.05649722099997234,near_feasible,policy_train,s3__policy_train__policy_train_compartmentalized_double_horizontal_0002__task_0010__seed_0000__official_adaptive__decision_0001__0007,feasible,0
4,200,"39,84,110,193",neighborhood-b2065e9468a77bd5,True,"1,1,0",official_adaptive,2,True,0.0,0,b78b41c17c3fca956b352cfc33b715e64db130a33e87ce853d22914b14d2ebbe,19e8fb7b4e481975cb92b4d811305876c323229d31ae045265cf58ad74bc1bb5,3,1,1f21c7498737dd95b7c8bccad4245e26f42b4f7155a8bd7b8ebbed72f4b9800a,5d6c4a5ffdeca83574bd16b51e62383b2aa8378bd2ec55b56b46723e2ba58a65,False,compartmentalized,0.18088884929197702,103714,70919,62540,12,policy_train_compartmentalized_double_horizontal_0002,False,0.5,0.19828198200013958,0.19828198200013958,1,0.112575903,0.1370719280000685,0.028261185000019395,lns2.receding_q_label_pilot.v1,target:4,0.06121005400007107,near_feasible,policy_train,s3__policy_train__policy_train_compartmentalized_double_horizontal_0002__task_0010__seed_0000__official_adaptive__decision_0001__0007,feasible,1
4,400,"39,254,304,390",neighborhood-0626122416e57905,True,"89,89,74,71",official_adaptive,3,False,0.797752808988764,71,f8715d0ec3a31db223119b8d4c195217f89d3a64f495cf69a8d1eecf75ec0233,dc75f6204c32649498be757cb6a727ad154d412ce8135937ee4480f2e6f8af16,3,89,766d25606feaee2a0bbd4440dbf00dbaaf097a16e7b9ffc61413343ddcb45d46,f5e6dedfcb59a7a6324731fa312d9f3a1d4f5996aad4f8ee1b9d7c25710775ae,False,compartmentalized,0.3018136652271743,78444,96226,28032,20,policy_train_compartmentalized_double_horizontal_0002,False,0.9101123595505618,0.33152161695506754,0.35230922100001294,0,0.115862668,0.17023839799999507,0.04607809300000554,lns2.receding_q_label_pilot.v1,random:4,0.18207082300001787,high_cost_progress,policy_train,s3__policy_train__policy_train_compartmentalized_double_horizontal_0002__task_0013__seed_0000__fixed_random__decision_0003__0016,horizon_complete,0
4,400,"39,254,304,390",neighborhood-0626122416e57905,True,"89,89,76,68",official_adaptive,3,False,0.7640449438202247,68,390b4df0d826e445e150bad941d65ce484e885028aca8517c76c5fa5cf5c8889,44d0a779d7f211c070f4146d249f56a5b21bcf1d2b683db577a031f20fa25c29,3,89,766d25606feaee2a0bbd4440dbf00dbaaf097a16e7b9ffc61413343ddcb45d46,f5e6dedfcb59a7a6324731fa312d9f3a1d4f5996aad4f8ee1b9d7c25710775ae,False,compartmentalized,0.32871764592243413,91881,132075,15428,20,policy_train_compartmentalized_double_horizontal_0002,False,0.9119850187265918,0.36562231889888464,0.3891855580000083,0,0.18657205500000001,0.2466873080000056,0.04607809300000554,lns2.receding_q_label_pilot.v1,random:4,0.1424982500000027,high_cost_progress,policy_train,s3__policy_train__policy_train_compartmentalized_double_horizontal_0002__task_0013__seed_0000__fixed_random__decision_0003__0016,horizon_complete,1
8,400,"102,133,134,217,279,322,329,389",neighborhood-09f4e5568443b43e,True,"89,76,75,64",official_adaptive,3,False,0.7191011235955056,64,8abe4fcff27d98875d8c455df34eeb94539d506222b41f996576bb24c28422c5,66df02878d0984b0faa6ebe5d8193526c287252e2227f611c3bd65fc3b9260bf,3,89,766d25606feaee2a0bbd4440dbf00dbaaf097a16e7b9ffc61413343ddcb45d46,f5e6dedfcb59a7a6324731fa312d9f3a1d4f5996aad4f8ee1b9d7c25710775ae,False,compartmentalized,0.33853254415784706,114398,125572,43326,24,policy_train_compartmentalized_double_horizontal_0002,False,0.8520599250936329,0.35577995621349584,0.4028874040000119,0,0.19970655199999998,0.25914485699999545,0.04607809300000554,lns2.receding_q_label_pilot.v1,random:8,0.14374254700001643,high_cost_progress,policy_train,s3__policy_train__policy_train_compartmentalized_double_horizontal_0002__task_0013__seed_0000__fixed_random__decision_0003__0016,horizon_complete,0
8,400,"102,133,134,217,279,322,329,389",neighborhood-09f4e5568443b43e,True,"89,76,74,67",official_adaptive,3,False,0.7528089887640449,67,71586220564f77bbe8005ca3c51f42940b9a10eddacb9df5f40a2f2a3bdab270,deb7a72c04f18a330f962fdb691c9524fcf80863750d38c068db3cddbd37b7cf,3,89,766d25606feaee2a0bbd4440dbf00dbaaf097a16e7b9ffc61413343ddcb45d46,f5e6dedfcb59a7a6324731fa312d9f3a1d4f5996aad4f8ee1b9d7c25710775ae,False,compartmentalized,0.3227126005187314,72453,114587,9754,24,policy_train_compartmentalized_double_horizontal_0002,False,0.8539325842696629,0.33406251334833226,0.3808684330000176,0,0.147541321,0.21337440800000707,0.04607809300000554,lns2.receding_q_label_pilot.v1,random:8,0.16749402500001054,high_cost_progress,policy_train,s3__policy_train__policy_train_compartmentalized_double_horizontal_0002__task_0013__seed_0000__fixed_random__decision_0003__0016,horizon_complete,1
4,400,"7,155,227,295",neighborhood-0b68232356321d6a,True,"89,88,83,83",official_adaptive,3,False,0.9325842696629213,83,2ef6c4a65277a6e44dfe185b270415f305198295ee2ae294a3a474ffd9d62c28,02fe82e78aa87431e0255df5305bf9c6d3dc679f8caa8b12b94346f69ed8e689,3,89,766d25606feaee2a0bbd4440dbf00dbaaf097a16e7b9ffc61413343ddcb45d46,f5e6dedfcb59a7a6324731fa312d9f3a1d4f5996aad4f8ee1b9d7c25710775ae,False,compartmentalized,0.3441238468169959,106915,131655,31464,20,policy_train_compartmentalized_double_horizontal_0002,False,0.9625468164794008,0.40171098739326483,0.4107533420000067,0,0.20822979,0.2675597329999988,0.04607809300000554,lns2.receding_q_label_pilot.v1,random:4,0.14319360900000788,high_cost_progress,policy_train,s3__policy_train__policy_train_compartmentalized_double_horizontal_0002__task_0013__seed_0000__fixed_random__decision_0003__0016,horizon_complete,0
4,400,"7,155,227,295",neighborhood-0b68232356321d6a,True,"89,88,88,81",official_adaptive,3,False,0.9101123595505618,81,80cb435cd391532a726f3ed923a6266982aff891a3f435891090c3fc61f0a133,cb111de5d6d95bc8c64626074f3236e912a9ea9443c89333d2985c1230c72433,3,89,766d25606feaee2a0bbd4440dbf00dbaaf097a16e7b9ffc61413343ddcb45d46,f5e6dedfcb59a7a6324731fa312d9f3a1d4f5996aad4f8ee1b9d7c25710775ae,False,compartmentalized,0.34479193957168175,92108,116238,19794,12,policy_train_compartmentalized_double_horizontal_0002,False,0.9775280898876404,0.40898525717976386,0.41169617099998845,0,0.19751401899999999,0.2625991389999882,0.04607809300000554,lns2.receding_q_label_pilot.v1,random:4,0.14909703200000024,high_cost_progress,policy_train,s3__policy_train__policy_train_compartmentalized_double_horizontal_0002__task_0013__seed_0000__fixed_random__decision_0003__0016,horizon_complete,1
16,400,"51,53,93,94,191,198,238,247,260,274,295,313,322,326,376,390",neighborhood-0c15b3e1a6c8420f,True,"89,85,85,75",official_adaptive,3,False,0.8426966292134831,75,224486b061ae61ec14b6d8b6e40e3856b0d714eb9e39ef4ddde065d1cf1a8607,3d3a59f094d14b190285b8cde8c17f6392432824dd339f139927724d75e0339b,3,89,766d25606feaee2a0bbd4440dbf00dbaaf097a16e7b9ffc61413343ddcb45d46,f5e6dedfcb59a7a6324731fa312d9f3a1d4f5996aad4f8ee1b9d7c25710775ae,False,compartmentalized,0.33789554609269423,99926,145654,22283,32,policy_train_compartmentalized_double_horizontal_0002,False,0.9438202247191011,0.3910821446741499,0.40199405199999205,0,0.194470697,0.2545643699999971,0.04607809300000554,lns2.receding_q_label_pilot.v1,random:16,0.14742968199999495,high_cost_progress,policy_train,s3__policy_train__policy_train_compartmentalized_double_horizontal_0002__task_0013__seed_0000__fixed_random__decision_0003__0016,horizon_complete,0
16,400,"51,53,93,94,191,198,238,247,260,274,295,313,322,326,376,390",neighborhood-0c15b3e1a6c8420f,True,"89,75,69,62",official_adaptive,3,False,0.6966292134831461,62,95c1f1bbd5f57a0a650b24ea86e03c1139f0b111df5a2f6300142ca8b5acf33d,da91c00ac5a7e46d555abbf413f149f4d8163205f826eca566e285b5ee482b98,3,89,766d25606feaee2a0bbd4440dbf00dbaaf097a16e7b9ffc61413343ddcb45d46,f5e6dedfcb59a7a6324731fa312d9f3a1d4f5996aad4f8ee1b9d7c25710775ae,False,compartmentalized,0.2933608749868542,63376,107328,8638,32,policy_train_compartmentalized_double_horizontal_0002,False,0.8220973782771536,0.30926664842696533,0.3409266099999968,0,0.13373991100000002,0.194724125999997,0.04607809300000554,lns2.receding_q_label_pilot.v1,random:16,0.1462024839999998,high_cost_progress,policy_train,s3__policy_train__policy_train_compartmentalized_double_horizontal_0002__task_0013__seed_0000__fixed_random__decision_0003__0016,horizon_complete,1
16,400,"49,51,121,125,129,155,164,231,266,304,322,335,336,349,379,390",neighborhood-0f33c5e4be79275f,True,"89,45,41,41",official_adaptive,3,False,0.4606741573033708,41,e9393e314d7f643d6cb7930cad4deed25a4d82eed4d8d621c5ee5879d559ea8c,bdb50a4a17b2125907045f47a61d138c67c2a4e30aa313452ebb213499b5cc64,3,89,766d25606feaee2a0bbd4440dbf00dbaaf097a16e7b9ffc61413343ddcb45d46,f5e6dedfcb59a7a6324731fa312d9f3a1d4f5996aad4f8ee1b9d7c25710775ae,True,compartmentalized,0.38053214435243987,95367,118164,39004,32,policy_train_compartmentalized_double_horizontal_0002,False,0.5655430711610487,0.2907537129325981,0.4630629430000113,0,0.21448709100000002,0.28179963600001656,0.04607809300000554,lns2.receding_q_label_pilot.v1,collision:16,0.1812633069999947,high_cost_progress,policy_train,s3__policy_train__policy_train_compartmentalized_double_horizontal_0002__task_0013__seed_0000__fixed_random__decision_0003__0016,horizon_complete,0
16,400,"49,51,121,125,129,155,164,231,266,304,322,335,336,349,379,390",neighborhood-0f33c5e4be79275f,True,"89,40,37,26",official_adaptive,3,False,0.29213483146067415,26,e0e458a753ab3941b145eba65f2cb1d141e91efc7b565c46473dc713f1faa842,511802b99cac19ddcb8d55aec8bdee0eafeeab5efdbad099d6326149a63333b5,3,89,766d25606feaee2a0bbd4440dbf00dbaaf097a16e7b9ffc61413343ddcb45d46,f5e6dedfcb59a7a6324731fa312d9f3a1d4f5996aad4f8ee1b9d7c25710775ae,True,compartmentalized,0.2762840918116355,54692,103623,13276,32,policy_train_compartmentalized_double_horizontal_0002,False,0.5037453183520599,0.22610146353934168,0.3182223070000276,0,0.107729944,0.1685913920000104,0.04607809300000554,lns2.receding_q_label_pilot.v1,collision:16,0.14963091500001724,high_cost_progress,policy_train,s3__policy_train__policy_train_compartmentalized_double_horizontal_0002__task_0013__seed_0000__fixed_random__decision_0003__0016,horizon_complete,1
8,400,"7,51,137,216,231,278,315,357",neighborhood-18d2e369eb9821c4,True,"89,89,74,70",official_adaptive,3,False,0.7865168539325843,70,7c947a51a2bbf382e23fd6dbb489e673974aa9baed2cf6fed23c4d6e4da26116,e7a4e8ba6f85f0b06cb75a97a42725764967ccf5b8f911be492cf356910b39dd,3,89,766d25606feaee2a0bbd4440dbf00dbaaf097a16e7b9ffc61413343ddcb45d46,f5e6dedfcb59a7a6324731fa312d9f3a1d4f5996aad4f8ee1b9d7c25710775ae,False,compartmentalized,0.35532852832791595,113787,156354,26956,23,policy_train_compartmentalized_double_horizontal_0002,False,0.9082397003745318,0.40151761688765963,0.4266492720000201,0,0.217553468,0.2777758380000108,0.04607809300000554,lns2.receding_q_label_pilot.v1,collision:8,0.1488734340000093,high_cost_progress,policy_train,s3__policy_train__policy_train_compartmentalized_double_horizontal_0002__task_0013__seed_0000__fixed_random__decision_0003__0016,horizon_complete,0
8,400,"7,51,137,216,231,278,315,357",neighborhood-18d2e369eb9821c4,True,"89,89,76,68",official_adaptive,3,False,0.7640449438202247,68,678a189724ffe241037a8b45cf6d926b96cab1ac906766d3de984dbada15707e,4c18530c6fbb8b84b5ab0e6a5f9aa8c52a64016628a9cba6580bdf6a87ff3b05,3,89,766d25606feaee2a0bbd4440dbf00dbaaf097a16e7b9ffc61413343ddcb45d46,f5e6dedfcb59a7a6324731fa312d9f3a1d4f5996aad4f8ee1b9d7c25710775ae,False,compartmentalized,0.38903308282542515,108642,169823,15616,23,policy_train_compartmentalized_double_horizontal_0002,False,0.9119850187265918,0.45076126508988645,0.47555336599999976,0,0.24341442400000002,0.3070059899999933,0.04607809300000554,lns2.receding_q_label_pilot.v1,collision:8,0.16854737600000647,high_cost_progress,policy_train,s3__policy_train__policy_train_compartmentalized_double_horizontal_0002__task_0013__seed_0000__fixed_random__decision_0003__0016,horizon_complete,1
16,400,"2,6,7,8,32,61,63,65,132,134,165,177,223,307,322,345",neighborhood-1b424f898cd2b525,True,"89,73,73,69",official_adaptive,3,False,0.7752808988764045,69,c9f6b50610b0094b27efc5ae244dc1ce7624bbb55056569e53a04bd4bde7d16a,85f3073f05f32530d8602db901ef7559036a0c6cf1544d62a2afd39c0ecc167f,3,89,766d25606feaee2a0bbd4440dbf00dbaaf097a16e7b9ffc61413343ddcb45d46,f5e6dedfcb59a7a6324731fa312d9f3a1d4f5996aad4f8ee1b9d7c25710775ae,False,compartmentalized,0.23273755809745555,24937,44062,8512,25,policy_train_compartmentalized_double_horizontal_0002,False,0.8426966292134831,0.22863915619103364,0.26205022100002395,0,0.050616552999999995,0.11188044200001457,0.04607809300000554,lns2.receding_q_label_pilot.v1,target:16,0.15016977900000938,high_cost_progress,policy_train,s3__policy_train__policy_train_compartmentalized_double_horizontal_0002__task_0013__seed_0000__fixed_random__decision_0003__0016,horizon_complete,0
16,400,"2,6,7,8,32,61,63,65,132,134,165,177,223,307,322,345",neighborhood-1b424f898cd2b525,True,"89,74,74,74",official_adaptive,3,False,0.8314606741573034,74,258a22cb835eac1486afae948bfce75797e593f2355ff579352d55a9d9f15017,d71ab0eca6837be0cd78f10a1dc9d9196b7995ce585c5df908e65da6e220e67d,3,89,766d25606feaee2a0bbd4440dbf00dbaaf097a16e7b9ffc61413343ddcb45d46,f5e6dedfcb59a7a6324731fa312d9f3a1d4f5996aad4f8ee1b9d7c25710775ae,False,compartmentalized,0.2878871656687371,63232,84737,16741,30,policy_train_compartmentalized_double_horizontal_0002,False,0.8595505617977528,0.30027468647191957,0.33360681900001055,0,0.121897391,0.18760220200000788,0.04607809300000554,lns2.receding_q_label_pilot.v1,target:16,0.14600461700000267,high_cost_progress,policy_train,s3__policy_train__policy_train_compartmentalized_double_horizontal_0002__task_0013__seed_0000__fixed_random__decision_0003__0016,horizon_complete,1
16,400,"99,102,104,125,151,164,198,232,254,259,266,289,299,306,320,353",neighborhood-1e86979b7793bfe5,True,"89,89,74,70",official_adaptive,3,False,0.7865168539325843,70,4e6815e3aa66ffd624acd2d8a2b3781e00607588ad5d52f9a40d64eff26ff004,e7a4e8ba6f85f0b06cb75a97a42725764967ccf5b8f911be492cf356910b39dd,3,89,766d25606feaee2a0bbd4440dbf00dbaaf097a16e7b9ffc61413343ddcb45d46,f5e6dedfcb59a7a6324731fa312d9f3a1d4f5996aad4f8ee1b9d7c25710775ae,False,compartmentalized,0.4370726006411755,172007,211519,44689,29,policy_train_compartmentalized_double_horizontal_0002,False,0.9082397003745318,0.5232972603820214,0.5481684709999968,0,0.33916319300000003,0.3963737379999941,0.04607809300000554,lns2.receding_q_label_pilot.v1,target:16,0.15179473300000268,high_cost_progress,policy_train,s3__policy_train__policy_train_compartmentalized_double_horizontal_0002__task_0013__seed_0000__fixed_random__decision_0003__0016,horizon_complete,0
16,400,"99,102,104,125,151,164,198,232,254,259,266,289,299,306,320,353",neighborhood-1e86979b7793bfe5,True,"89,84,84,72",official_adaptive,3,False,0.8089887640449438,72,bf4341fbc75f65a79bb9053038e1adf64025a412a1c3867f85ca3ee75f0e40ef,7154e65e549c28461f8d9adbf1e7d3f2cbc4015d559e1f25804858d51e542c4c,3,89,766d25606feaee2a0bbd4440dbf00dbaaf097a16e7b9ffc61413343ddcb45d46,f5e6dedfcb59a7a6324731fa312d9f3a1d4f5996aad4f8ee1b9d7c25710775ae,False,compartmentalized,0.4639911925934279,181081,236099,32045,30,policy_train_compartmentalized_double_horizontal_0002,False,0.9307116104868914,0.5787685280000021,0.5904089630000016,0,0.38894477400000005,0.4441516560000025,0.04607809300000554,lns2.receding_q_label_pilot.v1,target:16,0.14625730699999906,high_cost_progress,policy_train,s3__policy_train__policy_train_compartmentalized_double_horizontal_0002__task_0013__seed_0000__fixed_random__decision_0003__0016,horizon_complete,1
16,400,"16,29,37,40,41,63,93,94,102,103,254,287,325,329,361,366",neighborhood-1eaeb3e9289ccb8a,True,"89,89,74,70",official_adaptive,3,False,0.7865168539325843,70,995be5039b9e4796f453da23ad06ead6fb97f03620062f4017c9dd1bf9488f23,e7a4e8ba6f85f0b06cb75a97a42725764967ccf5b8f911be492cf356910b39dd,3,89,766d25606feaee2a0bbd4440dbf00dbaaf097a16e7b9ffc61413343ddcb45d46,f5e6dedfcb59a7a6324731fa312d9f3a1d4f5996aad4f8ee1b9d7c25710775ae,False,compartmentalized,0.332943571771219,86071,107271,23338,24,policy_train_compartmentalized_double_horizontal_0002,False,0.9082397003745318,0.36993800426966056,0.39506857499999626,0,0.16679838,0.23612771700000224,0.04607809300000554,lns2.receding_q_label_pilot.v1,collision:16,0.15894085799999402,high_cost_progress,policy_train,s3__policy_train__policy_train_compartmentalized_double_horizontal_0002__task_0013__seed_0000__fixed_random__decision_0003__0016,horizon_complete,0
16,400,"16,29,37,40,41,63,93,94,102,103,254,287,325,329,361,366",neighborhood-1eaeb3e9289ccb8a,True,"89,89,76,68",official_adaptive,3,False,0.7640449438202247,68,ec746408961340983c4d604b7daec87d871649f8237eb59b4040e9fe864f6112,4c18530c6fbb8b84b5ab0e6a5f9aa8c52a64016628a9cba6580bdf6a87ff3b05,3,89,766d25606feaee2a0bbd4440dbf00dbaaf097a16e7b9ffc61413343ddcb45d46,f5e6dedfcb59a7a6324731fa312d9f3a1d4f5996aad4f8ee1b9d7c25710775ae,False,compartmentalized,0.29389945292314273,68096,105797,8498,17,policy_train_compartmentalized_double_horizontal_0002,False,0.9119850187265918,0.3196075590561629,0.3416489979999824,0,0.138198434,0.1981592949999822,0.04607809300000554,lns2.receding_q_label_pilot.v1,collision:16,0.1434897030000002,high_cost_progress,policy_train,s3__policy_train__policy_train_compartmentalized_double_horizontal_0002__task_0013__seed_0000__fixed_random__decision_0003__0016,horizon_complete,1
4,400,"7,216,278,315",neighborhood-2442c519b8a25137,True,"89,88,69,56",official_adaptive,3,False,0.6292134831460674,56,decefa05b1e648aafdd917302e52096797bb86d2282f2b9040044ac4e61c52ad,1dcc415f24f6f4544ec4a80e843850dd1b4692d9809472f914dda17692805a34,3,89,766d25606feaee2a0bbd4440dbf00dbaaf097a16e7b9ffc61413343ddcb45d46,f5e6dedfcb59a7a6324731fa312d9f3a1d4f5996aad4f8ee1b9d7c25710775ae,False,compartmentalized,0.3140081083284677,96921,114826,43436,20,policy_train_compartmentalized_double_horizontal_0002,False,0.8595505617977528,0.33833037967415525,0.36890083599999457,0,0.156154787,0.2168892089999872,0.04607809300000554,lns2.receding_q_label_pilot.v1,collision:4,0.15201162700000737,high_cost_progress,policy_train,s3__policy_train__policy_train_compartmentalized_double_horizontal_0002__task_0013__seed_0000__fixed_random__decision_0003__0016,horizon_complete,0
4,400,"7,216,278,315",neighborhood-2442c519b8a25137,True,"89,89,76,68",official_adaptive,3,False,0.7640449438202247,68,b8f56ba0b5e1dcf98f5024b7869696ecf17005d8dcb889d2f1836ccb931fef11,4c18530c6fbb8b84b5ab0e6a5f9aa8c52a64016628a9cba6580bdf6a87ff3b05,3,89,766d25606feaee2a0bbd4440dbf00dbaaf097a16e7b9ffc61413343ddcb45d46,f5e6dedfcb59a7a6324731fa312d9f3a1d4f5996aad4f8ee1b9d7c25710775ae,False,compartmentalized,0.3180298914930435,69696,105810,10255,17,policy_train_compartmentalized_double_horizontal_0002,False,0.9119850187265918,0.349064439157328,0.37441734400002247,0,0.16092578899999999,0.22370464300001913,0.04607809300000554,lns2.receding_q_label_pilot.v1,collision:4,0.15071270100000334,high_cost_progress,policy_train,s3__policy_train__policy_train_compartmentalized_double_horizontal_0002__task_0013__seed_0000__fixed_random__decision_0003__0016,horizon_complete,1
16,400,"0,1,7,33,55,66,69,73,157,162,178,209,296,310,343,382",neighborhood-353a5287502e694e,True,"89,84,84,84",official_adaptive,3,False,0.9438202247191011,84,6353cb8e9aebf934a57dd4da889d48167e6a6b1aa467f21e80fd6def9636fb2d,5ba652d1cb3e0b36a4beb240b5c6bc1d1fb717e5b0694182b030a66c4fd94613,3,89,766d25606feaee2a0bbd4440dbf00dbaaf097a16e7b9ffc61413343ddcb45d46,f5e6dedfcb59a7a6324731fa312d9f3a1d4f5996aad4f8ee1b9d7c25710775ae,False,compartmentalized,0.3281029747052959,93822,123888,20287,30,policy_train_compartmentalized_double_horizontal_0002,False,0.9531835205992509,0.3736064365955193,0.3883319280000137,0,0.178800201,0.24265058299999964,0.04607809300000554,lns2.receding_q_label_pilot.v1,random:16,0.14568134500001406,high_cost_progress,policy_train,s3__policy_train__policy_train_compartmentalized_double_horizontal_0002__task_0013__seed_0000__fixed_random__decision_0003__0016,horizon_complete,0
16,400,"0,1,7,33,55,66,69,73,157,162,178,209,296,310,343,382",neighborhood-353a5287502e694e,True,"89,84,84,84",official_adaptive,3,False,0.9438202247191011,84,2564c05409a28059a8bf48a4ca96000dedcdb541b5cbea34ba360c237deb0bdb,fefb0668afd9f62cf17dfed8d0a3529a12ab390b4cb33e24e2a96326e2444a38,3,89,766d25606feaee2a0bbd4440dbf00dbaaf097a16e7b9ffc61413343ddcb45d46,f5e6dedfcb59a7a6324731fa312d9f3a1d4f5996aad4f8ee1b9d7c25710775ae,False,compartmentalized,0.3233291223337178,82547,137949,4686,29,policy_train_compartmentalized_double_horizontal_0002,False,0.9531835205992509,0.3672649103258299,0.3817200309999862,0,0.172173108,0.22944677099999922,0.04607809300000554,lns2.receding_q_label_pilot.v1,random:16,0.15227325999998698,high_cost_progress,policy_train,s3__policy_train__policy_train_compartmentalized_double_horizontal_0002__task_0013__seed_0000__fixed_random__decision_0003__0016,horizon_complete,1
8,400,"3,94,102,254,287,325,328,361",neighborhood-3a904fcb6ebc0cac,True,"89,89,74,70",official_adaptive,3,False,0.7865168539325843,70,a73025a414f72079fc7aefcad91f9f675727af84cb7919318f05f9694a468216,e7a4e8ba6f85f0b06cb75a97a42725764967ccf5b8f911be492cf356910b39dd,3,89,766d25606feaee2a0bbd4440dbf00dbaaf097a16e7b9ffc61413343ddcb45d46,f5e6dedfcb59a7a6324731fa312d9f3a1d4f5996aad4f8ee1b9d7c25710775ae,False,compartmentalized,0.3040158387297533,73369,104686,15758,24,policy_train_compartmentalized_double_horizontal_0002,False,0.9082397003745318,0.3298961894157178,0.35529052199999,0,0.141958378,0.20381370900000206,0.04607809300000554,lns2.receding_q_label_pilot.v1,collision:8,0.15147681299998794,high_cost_progress,policy_train,s3__policy_train__policy_train_compartmentalized_double_horizontal_0002__task_0013__seed_0000__fixed_random__decision_0003__0016,horizon_complete,0
8,400,"3,94,102,254,287,325,328,361",neighborhood-3a904fcb6ebc0cac,True,"89,85,83,74",official_adaptive,3,False,0.8314606741573034,74,b781d95c3305b5ab462962a6f86b7f3ed33933622a07fd6b17bc44c58ba6aead,3e43b66f950f5751f716e5c0b11068e5e90dded33de8d45453c82bc593851b8c,3,89,766d25606feaee2a0bbd4440dbf00dbaaf097a16e7b9ffc61413343ddcb45d46,f5e6dedfcb59a7a6324731fa312d9f3a1d4f5996aad4f8ee1b9d7c25710775ae,False,compartmentalized,0.319828921111187,75862,98246,19298,24,policy_train_compartmentalized_double_horizontal_0002,False,0.9344569288389513,0.3656644556741678,0.3768921870000099,0,0.15426031099999998,0.21562303499999302,0.04607809300000554,lns2.receding_q_label_pilot.v1,collision:8,0.1612691520000169,high_cost_progress,policy_train,s3__policy_train__policy_train_compartmentalized_double_horizontal_0002__task_0013__seed_0000__fixed_random__decision_0003__0016,horizon_complete,1
8,400,"102,125,254,259,266,289,320,353",neighborhood-4fcd2a746486cd1c,True,"89,87,87,79",official_adaptive,3,False,0.8876404494382022,79,fb3a27e8b0a534790be31be2273ebad74e4d794e3d599d3c096afdbe6f7fc2aa,fffdb47bc10c61c91d9850ce71b7cad108a846c1d79d4910b81faefe354603b7,3,89,766d25606feaee2a0bbd4440dbf00dbaaf097a16e7b9ffc61413343ddcb45d46,f5e6dedfcb59a7a6324731fa312d9f3a1d4f5996aad4f8ee1b9d7c25710775ae,False,compartmentalized,0.3743411828403345,147061,150784,49971,23,policy_train_compartmentalized_double_horizontal_0002,False,0.9662921348314607,0.45004277785395846,0.4540331570000262,0,0.259171178,0.3150723180000341,0.04607809300000554,lns2.receding_q_label_pilot.v1,target:8,0.13896083899999212,high_cost_progress,policy_train,s3__policy_train__policy_train_compartmentalized_double_horizontal_0002__task_0013__seed_0000__fixed_random__decision_0003__0016,horizon_complete,0
8,400,"102,125,254,259,266,289,320,353",neighborhood-4fcd2a746486cd1c,True,"89,85,84,48",official_adaptive,3,False,0.5393258426966292,48,72ae0be268c6c4dc99747ce2ab550a1b457a465678ae6efb255c4dd26a00f7a9,1b412a72e3445534719a23af712490b56f30436498ca685851a7a2b828e9938e,3,89,766d25606feaee2a0bbd4440dbf00dbaaf097a16e7b9ffc61413343ddcb45d46,f5e6dedfcb59a7a6324731fa312d9f3a1d4f5996aad4f8ee1b9d7c25710775ae,False,compartmentalized,0.41285440786353617,154157,203485,31810,24,policy_train_compartmentalized_double_horizontal_0002,False,0.8895131086142322,0.4965961228651687,0.511125002,0,0.29633678,0.36248794899998416,0.04607809300000554,lns2.receding_q_label_pilot.v1,target:8,0.14863705300001584,high_cost_progress,policy_train,s3__policy_train__policy_train_compartmentalized_double_horizontal_0002__task_0013__seed_0000__fixed_random__decision_0003__0016,horizon_complete,1
4,400,"254,259,266,353",neighborhood-5dd50f3143ec74d7,True,"89,88,83,77",official_adaptive,3,False,0.8651685393258427,77,60b65060cb61194c13f930f4d55767f21b551922dde712924470d09959f6eff6,69a4f7315ea1e960124d972d251fb09f68b8bfc568c803eeb958b66f34f4915e,3,89,766d25606feaee2a0bbd4440dbf00dbaaf097a16e7b9ffc61413343ddcb45d46,f5e6dedfcb59a7a6324731fa312d9f3a1d4f5996aad4f8ee1b9d7c25710775ae,False,compartmentalized,0.36060342474340457,107471,141520,30483,20,policy_train_compartmentalized_double_horizontal_0002,False,0.951310861423221,0.42331450940449655,0.4341945820000035,0,0.21570472799999998,0.2762201639999944,0.04607809300000554,lns2.receding_q_label_pilot.v1,target:4,0.1579744180000091,high_cost_progress,policy_train,s3__policy_train__policy_train_compartmentalized_double_horizontal_0002__task_0013__seed_0000__fixed_random__decision_0003__0016,horizon_complete,0
4,400,"254,259,266,353",neighborhood-5dd50f3143ec74d7,True,"89,88,87,87",official_adaptive,3,False,0.9775280898876404,87,91cfdb60c0b7a86b54b3621e329899c24df327691bb09b3c8f7805c8819d84ed,17348533a94b196100ba56ec8a4b89e76335acbd2b18b5a76ad38b6e4484b4c9,3,89,766d25606feaee2a0bbd4440dbf00dbaaf097a16e7b9ffc61413343ddcb45d46,f5e6dedfcb59a7a6324731fa312d9f3a1d4f5996aad4f8ee1b9d7c25710775ae,False,compartmentalized,0.36204134372364083,112622,142576,28841,20,policy_train_compartmentalized_double_horizontal_0002,False,0.9850187265917603,0.432256267033677,0.4362583209999684,0,0.229109324,0.28907877999998277,0.04607809300000554,lns2.receding_q_label_pilot.v1,target:4,0.14717954099998565,high_cost_progress,policy_train,s3__policy_train__policy_train_compartmentalized_double_horizontal_0002__task_0013__seed_0000__fixed_random__decision_0003__0016,horizon_complete,1
8,400,"0,7,47,66,86,267,277,369",neighborhood-65d7d777d485e490,True,"89,89,88,79",official_adaptive,3,False,0.8876404494382022,79,238da15580a6dd70b1ee67cd5b70f1d24380599e4b985ea4605b1103f592d4a8,8100fc23692a28fcf3e05cc6c322862f624e87555b52f84a7ef986327dff2be6,3,89,766d25606feaee2a0bbd4440dbf00dbaaf097a16e7b9ffc61413343ddcb45d46,f5e6dedfcb59a7a6324731fa312d9f3a1d4f5996aad4f8ee1b9d7c25710775ae,False,compartmentalized,0.34775683606506363,77653,95258,21907,24,policy_train_compartmentalized_double_horizontal_0002,False,0.9775280898876404,0.41474496398874894,0.4158879149999848,0,0.17265867699999998,0.24418146399995067,0.04607809300000554,lns2.receding_q_label_pilot.v1,random:8,0.17170645100003412,high_cost_progress,policy_train,s3__policy_train__policy_train_compartmentalized_double_horizontal_0002__task_0013__seed_0000__fixed_random__decision_0003__0016,horizon_complete,0
8,400,"0,7,47,66,86,267,277,369",neighborhood-65d7d777d485e490,True,"89,89,76,60",official_adaptive,3,False,0.6741573033707865,60,62ca68cd94a33832daba687945b92a079d0c27ae16e4b1b8bb8f74bbd125d86e,ff391133aeb6856d5c8ef12d957814ec2c7373311f0ef1641d950c2104c7286f,3,89,766d25606feaee2a0bbd4440dbf00dbaaf097a16e7b9ffc61413343ddcb45d46,f5e6dedfcb59a7a6324731fa312d9f3a1d4f5996aad4f8ee1b9d7c25710775ae,False,compartmentalized,0.32430745984153847,77527,128533,7378,24,policy_train_compartmentalized_double_horizontal_0002,False,0.897003745318352,0.3659725014157552,0.38307248100002766,0,0.165915094,0.2304246700000192,0.04607809300000554,lns2.receding_q_label_pilot.v1,random:8,0.15264781100000846,high_cost_progress,policy_train,s3__policy_train__policy_train_compartmentalized_double_horizontal_0002__task_0013__seed_0000__fixed_random__decision_0003__0016,horizon_complete,1
4,400,"14,98,264,322",neighborhood-ae8a1a23782fe5e9,True,"89,77,77,76",official_adaptive,3,False,0.8539325842696629,76,c5edd16559ebca2ba55e6eccd91e860223d88d497f6b95d16075188fa758b2ec,c3d4953ba7383d1eea44e4eb05d16aa8717ecb4d83019639088864ac6f6956e1,3,89,766d25606feaee2a0bbd4440dbf00dbaaf097a16e7b9ffc61413343ddcb45d46,f5e6dedfcb59a7a6324731fa312d9f3a1d4f5996aad4f8ee1b9d7c25710775ae,False,compartmentalized,0.24980547115531807,27671,46367,5564,20,policy_train_compartmentalized_double_horizontal_0002,False,0.8857677902621723,0.2548199895842891,0.2837756610000213,0,0.060376362999999995,0.12166454000001181,0.04607809300000554,lns2.receding_q_label_pilot.v1,target:4,0.16211112100000946,high_cost_progress,policy_train,s3__policy_train__policy_train_compartmentalized_double_horizontal_0002__task_0013__seed_0000__fixed_random__decision_0003__0016,horizon_complete,0
4,400,"14,98,264,322",neighborhood-ae8a1a23782fe5e9,True,"89,77,75,69",official_adaptive,3,False,0.7752808988764045,69,20ca02f0ef97723d472f516c5640ec01e9b8568acbfff4c5ddad43a6be3df9e6,2a12bcda5dbf1e6cd074b014b6cd6fa2bb446375570ea4f0f6c71d1c6cb5d0a0,3,89,766d25606feaee2a0bbd4440dbf00dbaaf097a16e7b9ffc61413343ddcb45d46,f5e6dedfcb59a7a6324731fa312d9f3a1d4f5996aad4f8ee1b9d7c25710775ae,False,compartmentalized,0.3296037201317988,85005,114353,12872,20,policy_train_compartmentalized_double_horizontal_0002,False,0.8651685393258427,0.34300440846065416,0.39041702499997655,0,0.181118778,0.23831617899998037,0.04607809300000554,lns2.receding_q_label_pilot.v1,target:4,0.15210084599999618,high_cost_progress,policy_train,s3__policy_train__policy_train_compartmentalized_double_horizontal_0002__task_0013__seed_0000__fixed_random__decision_0003__0016,horizon_complete,1
4,400,"254,287,325,361",neighborhood-b8e2e25e86232fc2,True,"89,88,84,84",official_adaptive,3,False,0.9438202247191011,84,8d3235d12ea160cfce8984f4143cd22113c816bdcda47583db3bafb5cf5906b8,79deccca3630ba0d8b0a6974e6f6eae2552a65a7330e19d28dc430cc6f1fa0df,3,89,766d25606feaee2a0bbd4440dbf00dbaaf097a16e7b9ffc61413343ddcb45d46,f5e6dedfcb59a7a6324731fa312d9f3a1d4f5996aad4f8ee1b9d7c25710775ae,False,compartmentalized,0.30799215332457675,75025,104786,20968,20,policy_train_compartmentalized_double_horizontal_0002,False,0.9681647940074907,0.35324463591014277,0.3606903120000311,0,0.14977204900000002,0.21170847000001913,0.04607809300000554,lns2.receding_q_label_pilot.v1,collision:4,0.14898184200001197,high_cost_progress,policy_train,s3__policy_train__policy_train_compartmentalized_double_horizontal_0002__task_0013__seed_0000__fixed_random__decision_0003__0016,horizon_complete,0
4,400,"254,287,325,361",neighborhood-b8e2e25e86232fc2,True,"89,88,87,69",official_adaptive,3,False,0.7752808988764045,69,7a2ee8de4627757b66288cc65bc54613ae23939017d837afc3d4d0ee3be2e4ab,744abba14631516c2837f5c555dc8437240ab50052085352eef74dd23213cbec,3,89,766d25606feaee2a0bbd4440dbf00dbaaf097a16e7b9ffc61413343ddcb45d46,f5e6dedfcb59a7a6324731fa312d9f3a1d4f5996aad4f8ee1b9d7c25710775ae,False,compartmentalized,0.31181843963463457,71067,109813,7156,20,policy_train_compartmentalized_double_horizontal_0002,False,0.951310861423221,0.3623329539325649,0.3659066759999803,0,0.157369378,0.21720982899998376,0.04607809300000554,lns2.receding_q_label_pilot.v1,collision:4,0.14869684699999652,high_cost_progress,policy_train,s3__policy_train__policy_train_compartmentalized_double_horizontal_0002__task_0013__seed_0000__fixed_random__decision_0003__0016,horizon_complete,1
8,400,"7,8,32,132,134,165,322,345",neighborhood-ba335b9dd5048d61,True,"89,75,72,69",official_adaptive,3,False,0.7752808988764045,69,752a27f8f245f38167fbc9d6a7fa81ba14f18834610862bc807a6e27a7e102a3,e83b682bced78d1e85ef19b170df1803182014c7c3112b7c4a4d7d9236095b31,3,89,766d25606feaee2a0bbd4440dbf00dbaaf097a16e7b9ffc61413343ddcb45d46,f5e6dedfcb59a7a6324731fa312d9f3a1d4f5996aad4f8ee1b9d7c25710775ae,False,compartmentalized,0.2533940917254377,28938,55777,7445,24,policy_train_compartmentalized_double_horizontal_0002,False,0.846441947565543,0.2507236324494177,0.2883909209999729,0,0.06398565,0.12890739399998097,0.04607809300000554,lns2.receding_q_label_pilot.v1,target:8,0.1594835269999919,high_cost_progress,policy_train,s3__policy_train__policy_train_compartmentalized_double_horizontal_0002__task_0013__seed_0000__fixed_random__decision_0003__0016,horizon_complete,0
8,400,"7,8,32,132,134,165,322,345",neighborhood-ba335b9dd5048d61,True,"89,76,74,67",official_adaptive,3,False,0.7528089887640449,67,d967c3b4bd88fd27f91eb6d2d8ce8c8d302aba3da0947a9b2b674f8fe2965162,381fdb0b39c7c18836609d0b564679f553598e8baa7b9ae32ece67f7b768c1c2,3,89,766d25606feaee2a0bbd4440dbf00dbaaf097a16e7b9ffc61413343ddcb45d46,f5e6dedfcb59a7a6324731fa312d9f3a1d4f5996aad4f8ee1b9d7c25710775ae,False,compartmentalized,0.33080498518830365,95372,134249,17446,24,policy_train_compartmentalized_double_horizontal_0002,False,0.8539325842696629,0.35241665492137353,0.39208828800002493,0,0.18369031300000002,0.24262774499999296,0.04607809300000554,lns2.receding_q_label_pilot.v1,target:8,0.14946054300003198,high_cost_progress,policy_train,s3__policy_train__policy_train_compartmentalized_double_horizontal_0002__task_0013__seed_0000__fixed_random__decision_0003__0016,horizon_complete,1
8,400,"42,49,55,124,142,258,322,347",neighborhood-010d5da3f949bb5c,True,"22,21,17,16",official_adaptive,3,False,0.7272727272727273,16,67b6f4bd1ccb9f5d3a077574e20af394c938a669a0ca8edc927205c3f3cdede9,4df8dd1844d430a5eb48aef3454b5b78e127825103e7a47a5a4a1b11d6660d6d,3,22,59e8b4cbedea1ecab405db1de8792b4a18a473cc4870436eb2250b04fc142139,b4c807699a4f6783529a0b0af7bf299142998a7f8b466a6bd9d8321189abb56f,False,compartmentalized,0.3885059829851064,155017,161311,39306,24,policy_train_compartmentalized_double_horizontal_0002,False,0.8636363636363636,0.4387828925454549,0.47477580700001454,0,0.24796203199999997,0.3169318079999357,0.053776878000007855,lns2.receding_q_label_pilot.v1,random:8,0.15784399900007884,high_cost_progress,policy_train,s3__policy_train__policy_train_compartmentalized_double_horizontal_0002__task_0014__seed_0000__realized_dynamic__decision_0007__0017,horizon_complete,0
8,400,"42,49,55,124,142,258,322,347",neighborhood-010d5da3f949bb5c,True,"22,21,16,16",official_adaptive,3,False,0.7272727272727273,16,8295800121993213fbb11d43f34a2a946a62a1cf2f1c4ff4b03b6e7feedb53ae,03b97cc11d852993a89f2b6ab4164724bcea2fc4889b8c8c7c6546f2d510782f,3,22,59e8b4cbedea1ecab405db1de8792b4a18a473cc4870436eb2250b04fc142139,b4c807699a4f6783529a0b0af7bf299142998a7f8b466a6bd9d8321189abb56f,False,compartmentalized,0.3446405463884495,116087,131791,38462,24,policy_train_compartmentalized_double_horizontal_0002,False,0.8484848484848485,0.38118199927277435,0.4114824660000522,0,0.182216331,0.24898773200004598,0.053776878000007855,lns2.receding_q_label_pilot.v1,random:8,0.16249473400000625,high_cost_progress,policy_train,s3__policy_train__policy_train_compartmentalized_double_horizontal_0002__task_0014__seed_0000__realized_dynamic__decision_0007__0017,horizon_complete,1
8,400,"42,49,55,124,142,258,322,347",neighborhood-010d5da3f949bb5c,True,"22,21,21,16",official_adaptive,3,False,0.7272727272727273,16,f899d2260f1b952cf2c22ab670149c7856855ac2bf30133db037e873f2a1076e,7afbb3661c97541fc24bfd5c7660d9adb9315f0b415e71bcf07ff646775ab0be,3,22,59e8b4cbedea1ecab405db1de8792b4a18a473cc4870436eb2250b04fc142139,b4c807699a4f6783529a0b0af7bf299142998a7f8b466a6bd9d8321189abb56f,False,compartmentalized,0.35824413371620706,96439,113456,33789,24,policy_train_compartmentalized_double_horizontal_0002,False,0.9242424242424242,0.42137621618180465,0.43081488799998624,0,0.192098513,0.2636951039999076,0.053776878000007855,lns2.receding_q_label_pilot.v1,random:8,0.16711978400007865,high_cost_progress,policy_train,s3__policy_train__policy_train_compartmentalized_double_horizontal_0002__task_0014__seed_0000__realized_dynamic__decision_0007__0017,horizon_complete,2
8,400,"42,49,55,124,142,258,322,347",neighborhood-010d5da3f949bb5c,True,"22,21,21,19",official_adaptive,3,False,0.8636363636363636,19,f3956394e02e7e9d207c34710d3358c76c9f304d3a0ccf7b5a356c8d440007ae,1088706731c0ac418073077da45ad4a6b897ce59812b0dfc196a3c8dc72c48c1,3,22,59e8b4cbedea1ecab405db1de8792b4a18a473cc4870436eb2250b04fc142139,b4c807699a4f6783529a0b0af7bf299142998a7f8b466a6bd9d8321189abb56f,False,compartmentalized,0.3760218544706122,107197,135896,35879,24,policy_train_compartmentalized_double_horizontal_0002,False,0.946969696969697,0.44575692904543923,0.45647896399998444,0,0.214245182,0.2893842079998876,0.053776878000007855,lns2.receding_q_label_pilot.v1,random:8,0.16709475600009682,high_cost_progress,policy_train,s3__policy_train__policy_train_compartmentalized_double_horizontal_0002__task_0014__seed_0000__realized_dynamic__decision_0007__0017,horizon_complete,3
8,400,"70,100,126,128,219,278,304,384",neighborhood-049b338c5a7da1e2,True,"22,21,17,17",official_adaptive,3,False,0.7727272727272727,17,bf968f7e0aed98d4cc6c36d1eb90543f1618c0666a9a3f68407a2578356eb59f,5f889026ace496029b5909fd7db9b010edfa2a566a9562514cd70d963f206b60,3,22,59e8b4cbedea1ecab405db1de8792b4a18a473cc4870436eb2250b04fc142139,b4c807699a4f6783529a0b0af7bf299142998a7f8b466a6bd9d8321189abb56f,False,compartmentalized,0.3526567198787282,113404,136527,27898,23,policy_train_compartmentalized_double_horizontal_0002,False,0.8712121212121212,0.38323074786367006,0.4228426260000333,0,0.192765484,0.2604181989999006,0.053776878000007855,lns2.receding_q_label_pilot.v1,target:8,0.1624244270001327,high_cost_progress,policy_train,s3__policy_train__policy_train_compartmentalized_double_horizontal_0002__task_0014__seed_0000__realized_dynamic__decision_0007__0017,horizon_complete,0
8,400,"70,100,126,128,219,278,304,384",neighborhood-049b338c5a7da1e2,True,"22,22,16,16",official_adaptive,3,False,0.7272727272727273,16,3c623f082e2f5adbf16a36801dfe829d1662a470ce5473d12b643de3e95fb43a,60f4b50e34852cd31356e51128b1690418c5291dac1f30011056c0bfd476703d,3,22,59e8b4cbedea1ecab405db1de8792b4a18a473cc4870436eb2250b04fc142139,b4c807699a4f6783529a0b0af7bf299142998a7f8b466a6bd9d8321189abb56f,False,compartmentalized,0.3618662575226435,132811,125326,73074,17,policy_train_compartmentalized_double_horizontal_0002,False,0.8636363636363636,0.41516051054542336,0.43600687399998606,0,0.20852681,0.27430555099988396,0.053776878000007855,lns2.receding_q_label_pilot.v1,target:8,0.1617013230001021,high_cost_progress,policy_train,s3__policy_train__policy_train_compartmentalized_double_horizontal_0002__task_0014__seed_0000__realized_dynamic__decision_0007__0017,horizon_complete,1
8,400,"70,100,126,128,219,278,304,384",neighborhood-049b338c5a7da1e2,True,"22,21,20,20",official_adaptive,3,False,0.9090909090909091,20,6e35d6ebe0020fb59c4fa4b688f41e1abfa2c0fc47e73da4657207d883a21031,c685711ab81912869613478b3aa9345a0d08f1b615a283d7034aed9d8da3213d,3,22,59e8b4cbedea1ecab405db1de8792b4a18a473cc4870436eb2250b04fc142139,b4c807699a4f6783529a0b0af7bf299142998a7f8b466a6bd9d8321189abb56f,False,compartmentalized,0.3344492868374007,63668,97026,2472,20,policy_train_compartmentalized_double_horizontal_0002,False,0.9393939393939394,0.3749548330455044,0.3971707330000527,0,0.156045903,0.2291104629999836,0.053776878000007855,lns2.receding_q_label_pilot.v1,target:8,0.16806027000006907,high_cost_progress,policy_train,s3__policy_train__policy_train_compartmentalized_double_horizontal_0002__task_0014__seed_0000__realized_dynamic__decision_0007__0017,horizon_complete,2
8,400,"70,100,126,128,219,278,304,384",neighborhood-049b338c5a7da1e2,True,"22,21,21,19",official_adaptive,3,False,0.8636363636363636,19,3166305f33d3aacea89694edfdf218fb71224148318768cc55050adab4ad0f3e,8f285baa8b798c2acb294fac642e8a903c5e65c763e451c7ccd983c89bdfedfe,3,22,59e8b4cbedea1ecab405db1de8792b4a18a473cc4870436eb2250b04fc142139,b4c807699a4f6783529a0b0af7bf299142998a7f8b466a6bd9d8321189abb56f,False,compartmentalized,0.24057209918320033,14224,33005,2594,16,policy_train_compartmentalized_double_horizontal_0002,False,0.946969696969697,0.2636084865908556,0.27197663899994495,0,0.03218591,0.10146717699990404,0.053776878000007855,lns2.receding_q_label_pilot.v1,target:8,0.1705094620000409,high_cost_progress,policy_train,s3__policy_train__policy_train_compartmentalized_double_horizontal_0002__task_0014__seed_0000__realized_dynamic__decision_0007__0017,horizon_complete,3
16,400,"3,9,27,59,60,61,76,105,136,174,186,189,192,204,227,340",neighborhood-063c80f0c35dc451,True,"22,20,20,19",official_adaptive,3,False,0.8636363636363636,19,49590c1109c4c03c4e445d4adf37cc6b812354d1851576674a90b22ba496a32f,d425259217cc987ce80ec9d09ae78928bc28f043cb43ba239a412bb5a994a9dc,3,22,59e8b4cbedea1ecab405db1de8792b4a18a473cc4870436eb2250b04fc142139,b4c807699a4f6783529a0b0af7bf299142998a7f8b466a6bd9d8321189abb56f,False,compartmentalized,0.28580490492468924,50407,108703,4021,31,policy_train_compartmentalized_double_horizontal_0002,False,0.9166666666666666,0.3128155675453854,0.3308327909999207,0,0.10663566199999999,0.17487613799994506,0.053776878000007855,lns2.receding_q_label_pilot.v1,collision:16,0.15595665299997563,high_cost_progress,policy_train,s3__policy_train__policy_train_compartmentalized_double_horizontal_0002__task_0014__seed_0000__realized_dynamic__decision_0007__0017,horizon_complete,0
16,400,"3,9,27,59,60,61,76,105,136,174,186,189,192,204,227,340",neighborhood-063c80f0c35dc451,True,"22,20,19,19",official_adaptive,3,False,0.8636363636363636,19,87ef8ef1c672e401bf5e31373160f97dcbd6787bf20bdfb629a06637cf9c8172,53739944a9617bcb9c91c247fc2034276434363311db20ccf7798ca69c3cb92a,3,22,59e8b4cbedea1ecab405db1de8792b4a18a473cc4870436eb2250b04fc142139,b4c807699a4f6783529a0b0af7bf299142998a7f8b466a6bd9d8321189abb56f,False,compartmentalized,0.33972131763644775,129543,119366,78810,32,policy_train_compartmentalized_double_horizontal_0002,False,0.9015151515151515,0.3826610880001288,0.4045561110001472,0,0.179294614,0.24569573300004777,0.053776878000007855,lns2.receding_q_label_pilot.v1,collision:16,0.15886037800009944,high_cost_progress,policy_train,s3__policy_train__policy_train_compartmentalized_double_horizontal_0002__task_0014__seed_0000__realized_dynamic__decision_0007__0017,horizon_complete,1
16,400,"3,9,27,59,60,61,76,105,136,174,186,189,192,204,227,340",neighborhood-063c80f0c35dc451,True,"22,22,22,16",official_adaptive,3,False,0.7272727272727273,16,24e5b24c2d0d119ebecf0c412471761a96b806480aa0033451402e061c7eec78,f3d65375439a019cc73aee68ecc842c7e853902ee694e6379d69ade687005885,3,22,59e8b4cbedea1ecab405db1de8792b4a18a473cc4870436eb2250b04fc142139,b4c807699a4f6783529a0b0af7bf299142998a7f8b466a6bd9d8321189abb56f,False,compartmentalized,0.3204542872164983,56506,111345,2141,32,policy_train_compartmentalized_double_horizontal_0002,False,0.9545454545454546,0.37775351799996315,0.37775351799996315,0,0.13105268800000003,0.2038157049998972,0.053776878000007855,lns2.receding_q_label_pilot.v1,collision:16,0.17393781300006594,high_cost_progress,policy_train,s3__policy_train__policy_train_compartmentalized_double_horizontal_0002__task_0014__seed_0000__realized_dynamic__decision_0007__0017,horizon_complete,2
16,400,"3,9,27,59,60,61,76,105,136,174,186,189,192,204,227,340",neighborhood-063c80f0c35dc451,True,"22,20,20,20",official_adaptive,3,False,0.9090909090909091,20,80ffb3d5e03175c5c1024c1d0897f658791d6b09f8bedb13ad4be8405f29d220,1134bee18201998b408d35b231f49e9f5bbde14172a36a03e536c271d5b34e9f,3,22,59e8b4cbedea1ecab405db1de8792b4a18a473cc4870436eb2250b04fc142139,b4c807699a4f6783529a0b0af7bf299142998a7f8b466a6bd9d8321189abb56f,False,compartmentalized,0.44720336241420044,153288,145258,62996,29,policy_train_compartmentalized_double_horizontal_0002,False,0.9242424242424242,0.5264738935454716,0.5639323120000199,0,0.310943815,0.3892993419999584,0.053776878000007855,lns2.receding_q_label_pilot.v1,collision:16,0.1746329700000615,high_cost_progress,policy_train,s3__policy_train__policy_train_compartmentalized_double_horizontal_0002__task_0014__seed_0000__realized_dynamic__decision_0007__0017,horizon_complete,3
16,400,"3,24,29,55,63,73,81,89,106,130,230,246,259,342,389,394",neighborhood-095b8b3c22a72ca4,True,"22,22,16,16",official_adaptive,3,False,0.7272727272727273,16,d0b7e7a9a86263ed07998cce911fbcf3c084bdf8cc77936d9b58edebb1975375,1a4d9b71bd2ab13e1abba916a88fa7b8106d7d6ea5da8bfbd40d378e07d67d54,3,22,59e8b4cbedea1ecab405db1de8792b4a18a473cc4870436eb2250b04fc142139,b4c807699a4f6783529a0b0af7bf299142998a7f8b466a6bd9d8321189abb56f,False,compartmentalized,0.36874507444801563,129921,182309,28573,30,policy_train_compartmentalized_double_horizontal_0002,False,0.8636363636363636,0.4158727560909173,0.44591895500002465,0,0.213481396,0.2777638229999866,0.053776878000007855,lns2.receding_q_label_pilot.v1,random:16,0.16815513200003807,high_cost_progress,policy_train,s3__policy_train__policy_train_compartmentalized_double_horizontal_0002__task_0014__seed_0000__realized_dynamic__decision_0007__0017,horizon_complete,0
16,400,"3,24,29,55,63,73,81,89,106,130,230,246,259,342,389,394",neighborhood-095b8b3c22a72ca4,True,"22,20,20,15",official_adaptive,3,False,0.6818181818181818,15,9f4c0f4830f712f14101207e351dd2597094b0b223f2df195f2622b8a9a8395e,76232b5d977f5c15dd5979840838fae9f46f9d27b8336997d560659131642631,3,22,59e8b4cbedea1ecab405db1de8792b4a18a473cc4870436eb2250b04fc142139,b4c807699a4f6783529a0b0af7bf299142998a7f8b466a6bd9d8321189abb56f,False,compartmentalized,0.5406187919397807,242634,220223,119261,30,policy_train_compartmentalized_double_horizontal_0002,False,0.8863636363636364,0.6677260196364098,0.7170690420000483,0,0.459817879,0.5348031160000346,0.053776878000007855,lns2.receding_q_label_pilot.v1,random:16,0.18226592600001368,high_cost_progress,policy_train,s3__policy_train__policy_train_compartmentalized_double_horizontal_0002__task_0014__seed_0000__realized_dynamic__decision_0007__0017,horizon_complete,1
16,400,"3,24,29,55,63,73,81,89,106,130,230,246,259,342,389,394",neighborhood-095b8b3c22a72ca4,True,"22,22,22,17",official_adaptive,3,False,0.7727272727272727,17,0737b28699fca7df9386181400221dfcd81cae54a088df11f8b3abc05e54ddf7,f31264e7350c8824f59f2a39a398f6ef21778e581c5a7cb1ad6b63ed2aa8bf48,3,22,59e8b4cbedea1ecab405db1de8792b4a18a473cc4870436eb2250b04fc142139,b4c807699a4f6783529a0b0af7bf299142998a7f8b466a6bd9d8321189abb56f,False,compartmentalized,0.3821328032629321,93467,157627,9333,32,policy_train_compartmentalized_double_horizontal_0002,False,0.9621212121212122,0.4654066830000829,0.4654066830000829,0,0.217326478,0.29141386200001307,0.053776878000007855,lns2.receding_q_label_pilot.v1,random:16,0.17399282100006985,high_cost_progress,policy_train,s3__policy_train__policy_train_compartmentalized_double_horizontal_0002__task_0014__seed_0000__realized_dynamic__decision_0007__0017,horizon_complete,2
16,400,"3,24,29,55,63,73,81,89,106,130,230,246,259,342,389,394",neighborhood-095b8b3c22a72ca4,True,"22,22,21,21",official_adaptive,3,False,0.9545454545454546,21,3ecd0c245a6eccd58b1cda37102722a27408226d462fc90d8a9a0c82b67d8103,047661a0fefcb66eb66f5799d4b547d034ec5292432e56dd289acb00edbc2871,3,22,59e8b4cbedea1ecab405db1de8792b4a18a473cc4870436eb2250b04fc142139,b4c807699a4f6783529a0b0af7bf299142998a7f8b466a6bd9d8321189abb56f,False,compartmentalized,0.31868933463461135,60338,113034,3945,30,policy_train_compartmentalized_double_horizontal_0002,False,0.9772727272727273,0.37034731650004976,0.3753239930000518,0,0.135185627,0.20486144699998476,0.053776878000007855,lns2.receding_q_label_pilot.v1,random:16,0.17046254600006705,high_cost_progress,policy_train,s3__policy_train__policy_train_compartmentalized_double_horizontal_0002__task_0014__seed_0000__realized_dynamic__decision_0007__0017,horizon_complete,3
8,400,"14,21,75,93,110,205,278,289",neighborhood-0bd542ffe1da23e7,True,"22,22,18,18",official_adaptive,3,False,0.8181818181818182,18,0add3f788e179cd4da41961915af354522f2ea54001d042ea464e97d4f2a0f8b,8f53f35d2f1a4c891ced797793ab530b99eb4d0db61dc09a06d3c085db82cea8,3,22,59e8b4cbedea1ecab405db1de8792b4a18a473cc4870436eb2250b04fc142139,b4c807699a4f6783529a0b0af7bf299142998a7f8b466a6bd9d8321189abb56f,False,compartmentalized,0.40050720130817014,157331,183880,50268,24,policy_train_compartmentalized_double_horizontal_0002,False,0.9090909090909091,0.4631961151820447,0.49258154500023466,0,0.264732311,0.3323741010001413,0.053776878000007855,lns2.receding_q_label_pilot.v1,random:8,0.16020744400009335,high_cost_progress,policy_train,s3__policy_train__policy_train_compartmentalized_double_horizontal_0002__task_0014__seed_0000__realized_dynamic__decision_0007__0017,horizon_complete,0
8,400,"14,21,75,93,110,205,278,289",neighborhood-0bd542ffe1da23e7,True,"22,22,16,16",official_adaptive,3,False,0.7272727272727273,16,674c57ff9a4854adb67dabf08c17e13b11c5eed99832a13f44b9143325296e80,cbf6ffcc82092621224a695723bd13e066fc81c92c3c2088199ad61d6dbeac4e,3,22,59e8b4cbedea1ecab405db1de8792b4a18a473cc4870436eb2250b04fc142139,b4c807699a4f6783529a0b0af7bf299142998a7f8b466a6bd9d8321189abb56f,False,compartmentalized,0.36444370898594697,144931,148002,72808,17,policy_train_compartmentalized_double_horizontal_0002,False,0.8636363636363636,0.4183651358182384,0.4397128860000521,0,0.215300639,0.2798898889999464,0.053776878000007855,lns2.receding_q_label_pilot.v1,random:8,0.15982299700010572,high_cost_progress,policy_train,s3__policy_train__policy_train_compartmentalized_double_horizontal_0002__task_0014__seed_0000__realized_dynamic__decision_0007__0017,horizon_complete,1
8,400,"14,21,75,93,110,205,278,289",neighborhood-0bd542ffe1da23e7,True,"22,22,22,22",official_adaptive,3,False,1.0,22,e1c5058251d60f599b0e9c5b052f4baa57adef701a3bc1e3686578876a751d34,2d3b5d5c54e8f41d1f71e066ced849e35a797451657fec6727e647c96f30e7e8,3,22,59e8b4cbedea1ecab405db1de8792b4a18a473cc4870436eb2250b04fc142139,b4c807699a4f6783529a0b0af7bf299142998a7f8b466a6bd9d8321189abb56f,False,compartmentalized,0.3269774599803429,58143,89756,15588,24,policy_train_compartmentalized_double_horizontal_0002,True,1.0,0.3867702190000273,0.3867702190000273,0,0.12022645800000001,0.19099805500002276,0.053776878000007855,lns2.receding_q_label_pilot.v1,random:8,0.19577216400000452,high_cost_progress,policy_train,s3__policy_train__policy_train_compartmentalized_double_horizontal_0002__task_0014__seed_0000__realized_dynamic__decision_0007__0017,horizon_complete,2
8,400,"14,21,75,93,110,205,278,289",neighborhood-0bd542ffe1da23e7,True,"22,22,21,21",official_adaptive,3,False,0.9545454545454546,21,cc8f89c6d3fbd5b1c0ff919f2a0cf794473be350ceb9334745a0ff7d19ae696b,ce4503a9f496abf9722219b83274682a34a9ce9ba47aad7efdf710bdc789ae17,3,22,59e8b4cbedea1ecab405db1de8792b4a18a473cc4870436eb2250b04fc142139,b4c807699a4f6783529a0b0af7bf299142998a7f8b466a6bd9d8321189abb56f,False,compartmentalized,0.30182540433730815,50152,74868,17725,24,policy_train_compartmentalized_double_horizontal_0002,False,0.9772727272727273,0.3471071697273425,0.35232509600007234,0,0.102758726,0.17624501900002087,0.053776878000007855,lns2.receding_q_label_pilot.v1,random:8,0.17608007700005146,high_cost_progress,policy_train,s3__policy_train__policy_train_compartmentalized_double_horizontal_0002__task_0014__seed_0000__realized_dynamic__decision_0007__0017,horizon_complete,3
16,400,"21,56,60,76,80,81,89,104,107,162,172,188,189,202,246,259",neighborhood-11f5009414bf4d08,True,"22,20,17,16",official_adaptive,3,False,0.7272727272727273,16,4d10494a50e03623b78f7b7549238125e7ec747fe339765ba59356d7c72d76c5,4b9a776e744834567b4bead27e887fb2f23a10a18b65d4db820dbf8111603d03,3,22,59e8b4cbedea1ecab405db1de8792b4a18a473cc4870436eb2250b04fc142139,b4c807699a4f6783529a0b0af7bf299142998a7f8b466a6bd9d8321189abb56f,False,compartmentalized,0.44605817722706165,175118,235254,37718,32,policy_train_compartmentalized_double_horizontal_0002,False,0.8484848484848485,0.5157146915000794,0.5621423450000975,0,0.33344810399999997,0.4003449830000818,0.053776878000007855,lns2.receding_q_label_pilot.v1,target:16,0.1617973620000157,high_cost_progress,policy_train,s3__policy_train__policy_train_compartmentalized_double_horizontal_0002__task_0014__seed_0000__realized_dynamic__decision_0007__0017,horizon_complete,0
16,400,"21,56,60,76,80,81,89,104,107,162,172,188,189,202,246,259",neighborhood-11f5009414bf4d08,True,"22,20,20,19",official_adaptive,3,False,0.8636363636363636,19,75c4f38a5f1b707c8378170137276bf4869328daa5fbdf0494a3945b531b9bfd,7edebd3ae9a48c78b87f41ff06118009af58807edcc8121b00d22eff83e6b0d7,3,22,59e8b4cbedea1ecab405db1de8792b4a18a473cc4870436eb2250b04fc142139,b4c807699a4f6783529a0b0af7bf299142998a7f8b466a6bd9d8321189abb56f,False,compartmentalized,0.37140433341242485,120194,156328,46760,32,policy_train_compartmentalized_double_horizontal_0002,False,0.9166666666666666,0.4301328337273844,0.44976914500011844,0,0.202086618,0.2697735610000791,0.053776878000007855,lns2.receding_q_label_pilot.v1,target:16,0.17999558400003934,high_cost_progress,policy_train,s3__policy_train__policy_train_compartmentalized_double_horizontal_0002__task_0014__seed_0000__realized_dynamic__decision_0007__0017,horizon_complete,1
16,400,"21,56,60,76,80,81,89,104,107,162,172,188,189,202,246,259",neighborhood-11f5009414bf4d08,True,"22,20,20,20",official_adaptive,3,False,0.9090909090909091,20,58f5691efa1c29a9efcaa0704c146ff8651a2c46a1f8dbc258e9744b765302c1,36ac6e5e3dad94b3beec13a3e7629fb02cd07ea5f3acb434620194b034971fce,3,22,59e8b4cbedea1ecab405db1de8792b4a18a473cc4870436eb2250b04fc142139,b4c807699a4f6783529a0b0af7bf299142998a7f8b466a6bd9d8321189abb56f,False,compartmentalized,0.48362879121252567,183359,170890,82644,28,policy_train_compartmentalized_double_horizontal_0002,False,0.9242424242424242,0.5946980445454322,0.6219494519999671,0,0.36322919099999995,0.4434523560000798,0.053776878000007855,lns2.receding_q_label_pilot.v1,target:16,0.17849709599988728,high_cost_progress,policy_train,s3__policy_train__policy_train_compartmentalized_double_horizontal_0002__task_0014__seed_0000__realized_dynamic__decision_0007__0017,horizon_complete,2
16,400,"21,56,60,76,80,81,89,104,107,162,172,188,189,202,246,259",neighborhood-11f5009414bf4d08,True,"22,20,20,20",official_adaptive,3,False,0.9090909090909091,20,103a47d0108d4abe5d580623686c96ca311a1864204e37d21b2d9f6e685cf6a1,284a5fdf647aaf9eb541ef14c546d294835113c981ad35c539c7a5ef969ed749,3,22,59e8b4cbedea1ecab405db1de8792b4a18a473cc4870436eb2250b04fc142139,b4c807699a4f6783529a0b0af7bf299142998a7f8b466a6bd9d8321189abb56f,False,compartmentalized,0.4860144425016563,136356,189296,42554,32,policy_train_compartmentalized_double_horizontal_0002,False,0.9242424242424242,0.5971866840000385,0.6258234770000399,0,0.361423783,0.439220710000086,0.053776878000007855,lns2.receding_q_label_pilot.v1,target:16,0.18660276699995393,high_cost_progress,policy_train,s3__policy_train__policy_train_compartmentalized_double_horizontal_0002__task_0014__seed_0000__realized_dynamic__decision_0007__0017,horizon_complete,3
4,400,"266,278,351,379",neighborhood-1bc9c2a14f9b359e,True,"22,22,18,18",official_adaptive,3,False,0.8181818181818182,18,7a623574cf99455c1e0fd592bfc71f87c63c398f189a7d8f5c0acdb4731ed035,ca5b45243e9e7f240ee01a210718aa97adc5691d6f956e822b3c731acb74e74f,3,22,59e8b4cbedea1ecab405db1de8792b4a18a473cc4870436eb2250b04fc142139,b4c807699a4f6783529a0b0af7bf299142998a7f8b466a6bd9d8321189abb56f,False,compartmentalized,0.3509248561246805,106500,142141,26912,20,policy_train_compartmentalized_double_horizontal_0002,False,0.9090909090909091,0.3965827060909739,0.4203805890000467,0,0.19128452499999998,0.25915158100008284,0.053776878000007855,lns2.receding_q_label_pilot.v1,random:4,0.16122900799996387,high_cost_progress,policy_train,s3__policy_train__policy_train_compartmentalized_double_horizontal_0002__task_0014__seed_0000__realized_dynamic__decision_0007__0017,horizon_complete,0
4,400,"266,278,351,379",neighborhood-1bc9c2a14f9b359e,True,"22,22,16,16",official_adaptive,3,False,0.7272727272727273,16,921c7c1ffc40ffc3a54bf5775360808d95bc25b4ecda6afcf666c82ce91cf5dc,f56227d8c347d4a6b31544174b180b6365f7dcace132597c4944669c684a9734,3,22,59e8b4cbedea1ecab405db1de8792b4a18a473cc4870436eb2250b04fc142139,b4c807699a4f6783529a0b0af7bf299142998a7f8b466a6bd9d8321189abb56f,False,compartmentalized,0.34341584388710505,116144,118832,58192,13,policy_train_compartmentalized_double_horizontal_0002,False,0.8636363636363636,0.38859245527268366,0.40975487799994426,0,0.183671871,0.24996989999999641,0.053776878000007855,lns2.receding_q_label_pilot.v1,random:4,0.15978497799994784,high_cost_progress,policy_train,s3__policy_train__policy_train_compartmentalized_double_horizontal_0002__task_0014__seed_0000__realized_dynamic__decision_0007__0017,horizon_complete,1
4,400,"266,278,351,379",neighborhood-1bc9c2a14f9b359e,True,"22,22,22,22",official_adaptive,3,False,1.0,22,6f8be1982d806eea1d4393ed9002f4ce08bcb473d2adaf210be01fd3e6097bcb,60159c35a2a54095687af0b61a62c51146d90836b0f92a4e73121e3205ea974d,3,22,59e8b4cbedea1ecab405db1de8792b4a18a473cc4870436eb2250b04fc142139,b4c807699a4f6783529a0b0af7bf299142998a7f8b466a6bd9d8321189abb56f,False,compartmentalized,0.280534743037094,29913,61009,1568,20,policy_train_compartmentalized_double_horizontal_0002,True,1.0,0.32383753600004184,0.32383753600004184,0,0.065172905,0.14496660700001485,0.053776878000007855,lns2.receding_q_label_pilot.v1,random:4,0.178870929000027,high_cost_progress,policy_train,s3__policy_train__policy_train_compartmentalized_double_horizontal_0002__task_0014__seed_0000__realized_dynamic__decision_0007__0017,horizon_complete,2
4,400,"266,278,351,379",neighborhood-1bc9c2a14f9b359e,True,"22,22,21,21",official_adaptive,3,False,0.9545454545454546,21,ed0f437d63a672db235e4aa92801e13d1d1f249d1d8d484d0eb078b972be3a26,f222fec0a98847c589f75614aee20603e14a0c7f69db712b933ee6d92b5a72ee,3,22,59e8b4cbedea1ecab405db1de8792b4a18a473cc4870436eb2250b04fc142139,b4c807699a4f6783529a0b0af7bf299142998a7f8b466a6bd9d8321189abb56f,False,compartmentalized,0.26409459043586075,21422,46027,3595,20,policy_train_compartmentalized_double_horizontal_0002,False,0.9772727272727273,0.2969437056818265,0.3022513710000112,0,0.04332085,0.12045718999991095,0.053776878000007855,lns2.receding_q_label_pilot.v1,random:4,0.18179418100010025,high_cost_progress,policy_train,s3__policy_train__policy_train_compartmentalized_double_horizontal_0002__task_0014__seed_0000__realized_dynamic__decision_0007__0017,horizon_complete,3
16,400,"4,21,29,53,68,77,79,83,123,197,246,265,278,304,331,334",neighborhood-1cb079732979874f,True,"22,22,18,18",official_adaptive,3,False,0.8181818181818182,18,3cc4036fbfad05b57e606565f19ead553cfc8a077b458162c72fec49db59c401,c2f32e766c99385f3459b55e7e70be1093f390788d5b1a13e841b80ab82facb8,3,22,59e8b4cbedea1ecab405db1de8792b4a18a473cc4870436eb2250b04fc142139,b4c807699a4f6783529a0b0af7bf299142998a7f8b466a6bd9d8321189abb56f,False,compartmentalized,0.36777403214322646,118971,167997,27563,27,policy_train_compartmentalized_double_horizontal_0002,False,0.9090909090909091,0.4215884547273328,0.4445155880000584,0,0.216638088,0.2820760090000931,0.053776878000007855,lns2.receding_q_label_pilot.v1,collision:16,0.1624395789999653,high_cost_progress,policy_train,s3__policy_train__policy_train_compartmentalized_double_horizontal_0002__task_0014__seed_0000__realized_dynamic__decision_0007__0017,horizon_complete,0
16,400,"4,21,29,53,68,77,79,83,123,197,246,265,278,304,331,334",neighborhood-1cb079732979874f,True,"22,22,21,21",official_adaptive,3,False,0.9545454545454546,21,869e446fd33d68c36daed2a397828f74973c031ce9bc2d54131bfbdb1bcbde3c,3926a978df589654fb54c83f201a7daf883edbeacf926584cc18b4f596ed24b9,3,22,59e8b4cbedea1ecab405db1de8792b4a18a473cc4870436eb2250b04fc142139,b4c807699a4f6783529a0b0af7bf299142998a7f8b466a6bd9d8321189abb56f,False,compartmentalized,0.31016162681464166,79867,137182,20303,32,policy_train_compartmentalized_double_horizontal_0002,False,0.9772727272727273,0.3593046123635046,0.3636454979998689,0,0.142123374,0.20646134599985544,0.053776878000007855,lns2.receding_q_label_pilot.v1,collision:16,0.15718415200001346,high_cost_progress,policy_train,s3__policy_train__policy_train_compartmentalized_double_horizontal_0002__task_0014__seed_0000__realized_dynamic__decision_0007__0017,horizon_complete,1
16,400,"4,21,29,53,68,77,79,83,123,197,246,265,278,304,331,334",neighborhood-1cb079732979874f,True,"22,22,22,22",official_adaptive,3,False,1.0,22,4f08e85e85c54cf73e6e440a715a54066da537500da0f93cb56d66c9a89a8693,700215ece06a073131f2e7403378fc7a0e80392bf42ce8b246876c4e9a9a3de7,3,22,59e8b4cbedea1ecab405db1de8792b4a18a473cc4870436eb2250b04fc142139,b4c807699a4f6783529a0b0af7bf299142998a7f8b466a6bd9d8321189abb56f,False,compartmentalized,0.3135299243254218,47906,97240,6808,32,policy_train_compartmentalized_double_horizontal_0002,True,1.0,0.368246405999912,0.368246405999912,0,0.114705074,0.1904791849999583,0.053776878000007855,lns2.receding_q_label_pilot.v1,collision:16,0.17776722099995368,high_cost_progress,policy_train,s3__policy_train__policy_train_compartmentalized_double_horizontal_0002__task_0014__seed_0000__realized_dynamic__decision_0007__0017,horizon_complete,2
16,400,"4,21,29,53,68,77,79,83,123,197,246,265,278,304,331,334",neighborhood-1cb079732979874f,True,"22,22,21,21",official_adaptive,3,False,0.9545454545454546,21,f64f7678ebe1d34c1b5d2a17e4171554d07fbbc9a037462660e72ecf41c4aa4e,047661a0fefcb66eb66f5799d4b547d034ec5292432e56dd289acb00edbc2871,3,22,59e8b4cbedea1ecab405db1de8792b4a18a473cc4870436eb2250b04fc142139,b4c807699a4f6783529a0b0af7bf299142998a7f8b466a6bd9d8321189abb56f,False,compartmentalized,0.3096326574108458,32124,69836,3790,26,policy_train_compartmentalized_double_horizontal_0002,False,0.9772727272727273,0.35631362986369325,0.36292436200005795,0,0.07358885999999999,0.1556791149999981,0.053776878000007855,lns2.receding_q_label_pilot.v1,collision:16,0.20724524700005986,high_cost_progress,policy_train,s3__policy_train__policy_train_compartmentalized_double_horizontal_0002__task_0014__seed_0000__realized_dynamic__decision_0007__0017,horizon_complete,3
8,400,"29,68,77,123,265,278,304,331",neighborhood-1dd95bac7e375f53,True,"22,22,18,18",official_adaptive,3,False,0.8181818181818182,18,522aa1bfb818d1e3d2c19c5c299fff1baec2fa0ad80166c4559a9d4f9a541dbc,c2f32e766c99385f3459b55e7e70be1093f390788d5b1a13e841b80ab82facb8,3,22,59e8b4cbedea1ecab405db1de8792b4a18a473cc4870436eb2250b04fc142139,b4c807699a4f6783529a0b0af7bf299142998a7f8b466a6bd9d8321189abb56f,False,compartmentalized,0.345596589248893,108143,147445,27017,23,policy_train_compartmentalized_double_horizontal_0002,False,0.9090909090909091,0.3891758857273544,0.41283254900008615,0,0.184823941,0.2531294140001137,0.053776878000007855,lns2.receding_q_label_pilot.v1,collision:8,0.15970313499997246,high_cost_progress,policy_train,s3__policy_train__policy_train_compartmentalized_double_horizontal_0002__task_0014__seed_0000__realized_dynamic__decision_0007__0017,horizon_complete,0
8,400,"29,68,77,123,265,278,304,331",neighborhood-1dd95bac7e375f53,True,"22,22,16,14",official_adaptive,3,False,0.6363636363636364,14,a4682927c5cf203d9d8d715baf2e2dec7f8a9c78f978e164569c25e9404eb9f4,8ad2c994de3f78c305d71b569b1c69dfa0022b52dab651b01445432c9c4601a2,3,22,59e8b4cbedea1ecab405db1de8792b4a18a473cc4870436eb2250b04fc142139,b4c807699a4f6783529a0b0af7bf299142998a7f8b466a6bd9d8321189abb56f,False,compartmentalized,0.38357276872388196,183806,148662,105071,24,policy_train_compartmentalized_double_horizontal_0002,False,0.8484848484848485,0.4173288373637289,0.46751833800010445,0,0.243170775,0.30910311400009505,0.053776878000007855,lns2.receding_q_label_pilot.v1,collision:8,0.1584152240000094,high_cost_progress,policy_train,s3__policy_train__policy_train_compartmentalized_double_horizontal_0002__task_0014__seed_0000__realized_dynamic__decision_0007__0017,horizon_complete,1
8,400,"29,68,77,123,265,278,304,331",neighborhood-1dd95bac7e375f53,True,"22,22,22,22",official_adaptive,3,False,1.0,22,2944c57dd10c58788a1a0031f0c84c6354db91000d0eb5668f2b6c943af2a872,700215ece06a073131f2e7403378fc7a0e80392bf42ce8b246876c4e9a9a3de7,3,22,59e8b4cbedea1ecab405db1de8792b4a18a473cc4870436eb2250b04fc142139,b4c807699a4f6783529a0b0af7bf299142998a7f8b466a6bd9d8321189abb56f,False,compartmentalized,0.2900591185379261,31744,67459,1794,23,policy_train_compartmentalized_double_horizontal_0002,True,1.0,0.3365064980000625,0.3365064980000625,0,0.073561871,0.15697547000002032,0.053776878000007855,lns2.receding_q_label_pilot.v1,collision:8,0.17953102800004217,high_cost_progress,policy_train,s3__policy_train__policy_train_compartmentalized_double_horizontal_0002__task_0014__seed_0000__realized_dynamic__decision_0007__0017,horizon_complete,2
8,400,"29,68,77,123,265,278,304,331",neighborhood-1dd95bac7e375f53,True,"22,22,21,21",official_adaptive,3,False,0.9545454545454546,21,c2b62bd7aead86580eccd64c6c2232d58641558a88128b3edd8eb16615139377,047661a0fefcb66eb66f5799d4b547d034ec5292432e56dd289acb00edbc2871,3,22,59e8b4cbedea1ecab405db1de8792b4a18a473cc4870436eb2250b04fc142139,b4c807699a4f6783529a0b0af7bf299142998a7f8b466a6bd9d8321189abb56f,False,compartmentalized,0.2688182694220725,23659,53088,3562,23,policy_train_compartmentalized_double_horizontal_0002,False,0.9772727272727273,0.3030477698635278,0.30841733999989174,0,0.050821947,0.12932625399992048,0.053776878000007855,lns2.receding_q_label_pilot.v1,collision:8,0.17909108599997126,high_cost_progress,policy_train,s3__policy_train__policy_train_compartmentalized_double_horizontal_0002__task_0014__seed_0000__realized_dynamic__decision_0007__0017,horizon_complete,3
8,400,"21,60,76,80,89,107,162,188",neighborhood-22d9644ae9e50d4a,True,"22,21,15,15",official_adaptive,3,False,0.6818181818181818,15,27e14b13e715338a2a191b77c0497e0c5cefdcd84a31ffd324caff3fe7120f19,637bbba5c0349dcec56aa5e8b77e1de0cdbf5ea3927949808dbff1cb62e2f16c,3,22,59e8b4cbedea1ecab405db1de8792b4a18a473cc4870436eb2250b04fc142139,b4c807699a4f6783529a0b0af7bf299142998a7f8b466a6bd9d8321189abb56f,False,compartmentalized,0.39698191065493943,169891,172466,70137,23,policy_train_compartmentalized_double_horizontal_0002,False,0.8257575757575758,0.4189409488636526,0.4873290250000082,0,0.253475216,0.32836468599998625,0.053776878000007855,lns2.receding_q_label_pilot.v1,target:8,0.15896433900002194,high_cost_progress,policy_train,s3__policy_train__policy_train_compartmentalized_double_horizontal_0002__task_0014__seed_0000__realized_dynamic__decision_0007__0017,horizon_complete,0
8,400,"21,60,76,80,89,107,162,188",neighborhood-22d9644ae9e50d4a,True,"22,21,21,21",official_adaptive,3,False,0.9545454545454546,21,51e154b3a3320a944ce57ef4f34bbdf7d7534b6c1a2fb70b1dcda873d0e6c031,5ac17e9c3758e9ba0176019ae85957cd938089807cc22c51fd4525daf4f27fbf,3,22,59e8b4cbedea1ecab405db1de8792b4a18a473cc4870436eb2250b04fc142139,b4c807699a4f6783529a0b0af7bf299142998a7f8b466a6bd9d8321189abb56f,False,compartmentalized,0.26189092630666244,46931,73367,15499,24,policy_train_compartmentalized_double_horizontal_0002,False,0.9621212121212122,0.2913041872270903,0.2993848059998072,0,0.076986502,0.14117423199991208,0.053776878000007855,lns2.receding_q_label_pilot.v1,target:8,0.15821057399989513,high_cost_progress,policy_train,s3__policy_train__policy_train_compartmentalized_double_horizontal_0002__task_0014__seed_0000__realized_dynamic__decision_0007__0017,horizon_complete,1
8,400,"21,60,76,80,89,107,162,188",neighborhood-22d9644ae9e50d4a,True,"22,21,21,19",official_adaptive,3,False,0.8636363636363636,19,5f8c1a4f130e4116d30bd628feeebfce9c7600b6cabc0ac3e75b4fed5b00343e,c78c13a8bba96f3cb28184a3041bce11663dbda50a721fa8891159d88f280637,3,22,59e8b4cbedea1ecab405db1de8792b4a18a473cc4870436eb2250b04fc142139,b4c807699a4f6783529a0b0af7bf299142998a7f8b466a6bd9d8321189abb56f,False,compartmentalized,0.3274448326614655,62255,97204,17114,24,policy_train_compartmentalized_double_horizontal_0002,False,0.946969696969697,0.3764957466819138,0.3874185090000992,0,0.131978281,0.2091443240000217,0.053776878000007855,lns2.receding_q_label_pilot.v1,target:8,0.17827418500007752,high_cost_progress,policy_train,s3__policy_train__policy_train_compartmentalized_double_horizontal_0002__task_0014__seed_0000__realized_dynamic__decision_0007__0017,horizon_complete,2
8,400,"21,60,76,80,89,107,162,188",neighborhood-22d9644ae9e50d4a,True,"22,22,21,21",official_adaptive,3,False,0.9545454545454546,21,9fc3ff3028b8e1590cf0395f3f929782cad147a6f8602932278e13524da8b866,0fc2abf227afc0eda659add71f6e78a0bb8a70c3abd2d78321fc45c31fcf5fa2,3,22,59e8b4cbedea1ecab405db1de8792b4a18a473cc4870436eb2250b04fc142139,b4c807699a4f6783529a0b0af7bf299142998a7f8b466a6bd9d8321189abb56f,False,compartmentalized,0.2758436965828576,50616,73669,19618,24,policy_train_compartmentalized_double_horizontal_0002,False,0.9772727272727273,0.3131318074091444,0.31764189600005466,0,0.085945987,0.1532679060001101,0.053776878000007855,lns2.receding_q_label_pilot.v1,target:8,0.16437398999994457,high_cost_progress,policy_train,s3__policy_train__policy_train_compartmentalized_double_horizontal_0002__task_0014__seed_0000__realized_dynamic__decision_0007__0017,horizon_complete,3
4,400,"60,124,292,295",neighborhood-22f566b4aa909399,True,"22,20,16,16",official_adaptive,3,False,0.7272727272727273,16,62c7dd7a80bfedfcaa0283ffeda73e80a591f6397ca9e20b71954fac69ef75f2,272c63e9b9d9fa9ac5092a6de2ccddf7195d86ee6fb021e2da1df54da1e15573,3,22,59e8b4cbedea1ecab405db1de8792b4a18a473cc4870436eb2250b04fc142139,b4c807699a4f6783529a0b0af7bf299142998a7f8b466a6bd9d8321189abb56f,False,compartmentalized,0.3624216514391486,136181,133744,37894,20,policy_train_compartmentalized_double_horizontal_0002,False,0.8333333333333334,0.38942537363631013,0.4368046449999383,0,0.207558073,0.2721270879999338,0.053776878000007855,lns2.receding_q_label_pilot.v1,random:4,0.16467755700000453,high_cost_progress,policy_train,s3__policy_train__policy_train_compartmentalized_double_horizontal_0002__task_0014__seed_0000__realized_dynamic__decision_0007__0017,horizon_complete,0
4,400,"60,124,292,295",neighborhood-22f566b4aa909399,True,"22,20,20,20",official_adaptive,3,False,0.9090909090909091,20,15e32e686dddbfb230ed857f026a04ae6fbbbda480b343aae026699ac4c15815,f7b51efc9d1202deb71455d9cece328798bd1c153ff4f492b82e99bda3e1d923,3,22,59e8b4cbedea1ecab405db1de8792b4a18a473cc4870436eb2250b04fc142139,b4c807699a4f6783529a0b0af7bf299142998a7f8b466a6bd9d8321189abb56f,False,compartmentalized,0.29518616642859585,74930,76157,33790,20,policy_train_compartmentalized_double_horizontal_0002,False,0.9242424242424242,0.3266212877273347,0.34337642700006654,0,0.11206095399999999,0.18062720000011723,0.053776878000007855,lns2.receding_q_label_pilot.v1,random:4,0.16274922699994931,high_cost_progress,policy_train,s3__policy_train__policy_train_compartmentalized_double_horizontal_0002__task_0014__seed_0000__realized_dynamic__decision_0007__0017,horizon_complete,1
4,400,"60,124,292,295",neighborhood-22f566b4aa909399,True,"22,20,20,20",official_adaptive,3,False,0.9090909090909091,20,2662cbce1c2af3aaa8705362c8ed0bd5cf05faf7a5d7368865cb514ca420adec,e215406eaa8909eedf9a08dafa3da3c3335e28f8d9a9c795bcb6d5d571f6302e,3,22,59e8b4cbedea1ecab405db1de8792b4a18a473cc4870436eb2250b04fc142139,b4c807699a4f6783529a0b0af7bf299142998a7f8b466a6bd9d8321189abb56f,False,compartmentalized,0.36713316985084266,110531,116013,32488,16,policy_train_compartmentalized_double_horizontal_0002,False,0.9242424242424242,0.41926602263645857,0.4435901490001015,0,0.20939361899999998,0.27896613400002934,0.053776878000007855,lns2.receding_q_label_pilot.v1,random:4,0.16462401500007218,high_cost_progress,policy_train,s3__policy_train__policy_train_compartmentalized_double_horizontal_0002__task_0014__seed_0000__realized_dynamic__decision_0007__0017,horizon_complete,2
4,400,"60,124,292,295",neighborhood-22f566b4aa909399,True,"22,20,20,20",official_adaptive,3,False,0.9090909090909091,20,408c878091329c473c65e55efde1ffee0bc331fbc45e4e827d54bb22be24c35a,a2eabe1837b5b3c672fba92f2b3e0672b220b6886b03c8319bd606610961aaa2,3,22,59e8b4cbedea1ecab405db1de8792b4a18a473cc4870436eb2250b04fc142139,b4c807699a4f6783529a0b0af7bf299142998a7f8b466a6bd9d8321189abb56f,False,compartmentalized,0.3873672418808713,133045,115816,56368,19,policy_train_compartmentalized_double_horizontal_0002,False,0.9242424242424242,0.4463682737274439,0.47309737500017945,0,0.238095191,0.30760113900009856,0.053776878000007855,lns2.receding_q_label_pilot.v1,random:4,0.1654962360000809,high_cost_progress,policy_train,s3__policy_train__policy_train_compartmentalized_double_horizontal_0002__task_0014__seed_0000__realized_dynamic__decision_0007__0017,horizon_complete,3
16,400,"7,11,35,70,94,100,123,126,128,219,278,304,331,346,384,391",neighborhood-2d45e086d8d274aa,True,"22,22,18,18",official_adaptive,3,False,0.8181818181818182,18,cb38f067c10c20913c0f0103a6a9863ece48d13a6a58d3b3ab586dcf80fc44ab,c2f32e766c99385f3459b55e7e70be1093f390788d5b1a13e841b80ab82facb8,3,22,59e8b4cbedea1ecab405db1de8792b4a18a473cc4870436eb2250b04fc142139,b4c807699a4f6783529a0b0af7bf299142998a7f8b466a6bd9d8321189abb56f,False,compartmentalized,0.4128169390501754,145727,194664,30551,29,policy_train_compartmentalized_double_horizontal_0002,False,0.9090909090909091,0.4862578117273312,0.5110683830000653,0,0.26738784,0.33636932800004615,0.053776878000007855,lns2.receding_q_label_pilot.v1,target:16,0.17469905500001914,high_cost_progress,policy_train,s3__policy_train__policy_train_compartmentalized_double_horizontal_0002__task_0014__seed_0000__realized_dynamic__decision_0007__0017,horizon_complete,0
16,400,"7,11,35,70,94,100,123,126,128,219,278,304,331,346,384,391",neighborhood-2d45e086d8d274aa,True,"22,22,16,16",official_adaptive,3,False,0.7272727272727273,16,38de566d805e019fbbeed0a5b7459d764e15095459bfe5da488ce8b32c061f0a,6fdf88f0320cf46f701766f764ecea79a9cbceb99f067cb480895c94eb8c0fd9,3,22,59e8b4cbedea1ecab405db1de8792b4a18a473cc4870436eb2250b04fc142139,b4c807699a4f6783529a0b0af7bf299142998a7f8b466a6bd9d8321189abb56f,False,compartmentalized,0.35549738248516016,139207,137861,71512,18,policy_train_compartmentalized_double_horizontal_0002,False,0.8636363636363636,0.4063680165452607,0.4268901879997884,0,0.203608251,0.2696089869998559,0.053776878000007855,lns2.receding_q_label_pilot.v1,target:16,0.15728120099993248,high_cost_progress,policy_train,s3__policy_train__policy_train_compartmentalized_double_horizontal_0002__task_0014__seed_0000__realized_dynamic__decision_0007__0017,horizon_complete,1
16,400,"7,11,35,70,94,100,123,126,128,219,278,304,331,346,384,391",neighborhood-2d45e086d8d274aa,True,"22,22,22,22",official_adaptive,3,False,1.0,22,74c817babd4b93b9418ecb599d7288d39a1e75c3c1355e6245b78aa18109a093,700215ece06a073131f2e7403378fc7a0e80392bf42ce8b246876c4e9a9a3de7,3,22,59e8b4cbedea1ecab405db1de8792b4a18a473cc4870436eb2250b04fc142139,b4c807699a4f6783529a0b0af7bf299142998a7f8b466a6bd9d8321189abb56f,False,compartmentalized,0.3095084263663922,49755,96588,3127,28,policy_train_compartmentalized_double_horizontal_0002,True,1.0,0.36275505499986593,0.36275505499986593,0,0.110909181,0.19986644899984185,0.053776878000007855,lns2.receding_q_label_pilot.v1,target:16,0.16288860600002408,high_cost_progress,policy_train,s3__policy_train__policy_train_compartmentalized_double_horizontal_0002__task_0014__seed_0000__realized_dynamic__decision_0007__0017,horizon_complete,2
16,400,"7,11,35,70,94,100,123,126,128,219,278,304,331,346,384,391",neighborhood-2d45e086d8d274aa,True,"22,22,21,21",official_adaptive,3,False,0.9545454545454546,21,6dd321e29fea873cc27f7767cb29e2052b15659f53991d9f73a7c4225d5f4bde,047661a0fefcb66eb66f5799d4b547d034ec5292432e56dd289acb00edbc2871,3,22,59e8b4cbedea1ecab405db1de8792b4a18a473cc4870436eb2250b04fc142139,b4c807699a4f6783529a0b0af7bf299142998a7f8b466a6bd9d8321189abb56f,False,compartmentalized,0.30671472692428425,61943,103859,5500,31,policy_train_compartmentalized_double_horizontal_0002,False,0.9772727272727273,0.3542638782271607,0.3589532399998916,0,0.129180197,0.19550577399991198,0.053776878000007855,lns2.receding_q_label_pilot.v1,target:16,0.1634474659999796,high_cost_progress,policy_train,s3__policy_train__policy_train_compartmentalized_double_horizontal_0002__task_0014__seed_0000__realized_dynamic__decision_0007__0017,horizon_complete,3
16,400,"43,59,60,72,92,104,127,134,158,212,293,299,303,312,340,357",neighborhood-3001228990feda3d,True,"22,21,16,16",official_adaptive,3,False,0.7272727272727273,16,7f43249f54bca5718071459dc85da3a8b0134d063513fa4132712543738fb422,647e7414529e492b5cc89d9f04bd564f52e2eec6beb98ebda0a7b14ed4174f5b,3,22,59e8b4cbedea1ecab405db1de8792b4a18a473cc4870436eb2250b04fc142139,b4c807699a4f6783529a0b0af7bf299142998a7f8b466a6bd9d8321189abb56f,False,compartmentalized,0.40380966595280654,163036,202408,58676,30,policy_train_compartmentalized_double_horizontal_0002,False,0.8484848484848485,0.45586636127255403,0.4975188909997996,0,0.26613196299999997,0.3325044489998845,0.053776878000007855,lns2.receding_q_label_pilot.v1,random:16,0.1650144419999151,high_cost_progress,policy_train,s3__policy_train__policy_train_compartmentalized_double_horizontal_0002__task_0014__seed_0000__realized_dynamic__decision_0007__0017,horizon_complete,0
16,400,"43,59,60,72,92,104,127,134,158,212,293,299,303,312,340,357",neighborhood-3001228990feda3d,True,"22,21,21,21",official_adaptive,3,False,0.9545454545454546,21,413e7a9e5bddc52c1499ed22b459d43f974c59c2c5d9b25d6b3b6eef87f401a1,f103b1b7b72457839a51f7bd58631735a8dd8ebe3b73fa236a2289ee365b69ca,3,22,59e8b4cbedea1ecab405db1de8792b4a18a473cc4870436eb2250b04fc142139,b4c807699a4f6783529a0b0af7bf299142998a7f8b466a6bd9d8321189abb56f,False,compartmentalized,0.28983394501232,46512,107106,2515,31,policy_train_compartmentalized_double_horizontal_0002,False,0.9621212121212122,0.32729572068171303,0.3362055859998918,0,0.10218552699999998,0.16616174299986142,0.053776878000007855,lns2.receding_q_label_pilot.v1,random:16,0.1700438430000304,high_cost_progress,policy_train,s3__policy_train__policy_train_compartmentalized_double_horizontal_0002__task_0014__seed_0000__realized_dynamic__decision_0007__0017,horizon_complete,1
16,400,"43,59,60,72,92,104,127,134,158,212,293,299,303,312,340,357",neighborhood-3001228990feda3d,True,"22,21,21,21",official_adaptive,3,False,0.9545454545454546,21,e268c0ff28b44a27fa5b97f35471328af303c3360e32ec26b2e434126fe26da2,5bba7c638de7f170ddbbb7d1c3226ba21ac2fdb965bbf729a5df507f8c944baf,3,22,59e8b4cbedea1ecab405db1de8792b4a18a473cc4870436eb2250b04fc142139,b4c807699a4f6783529a0b0af7bf299142998a7f8b466a6bd9d8321189abb56f,False,compartmentalized,0.33544399101494937,95879,145519,30911,32,policy_train_compartmentalized_double_horizontal_0002,False,0.9621212121212122,0.38863864536358506,0.398561195999946,0,0.16553273599999999,0.2350089870000147,0.053776878000007855,lns2.receding_q_label_pilot.v1,random:16,0.16355220899993128,high_cost_progress,policy_train,s3__policy_train__policy_train_compartmentalized_double_horizontal_0002__task_0014__seed_0000__realized_dynamic__decision_0007__0017,horizon_complete,2
16,400,"43,59,60,72,92,104,127,134,158,212,293,299,303,312,340,357",neighborhood-3001228990feda3d,True,"22,21,21,21",official_adaptive,3,False,0.9545454545454546,21,c1f81a2176d52c2b17403969d90d22003741982a2f474ca9e6776f4a64f3b369,7beeb08bc6009a5b6cb7160cbe9c970854ce83cee4ad72ee8d307312b5797bd5,3,22,59e8b4cbedea1ecab405db1de8792b4a18a473cc4870436eb2250b04fc142139,b4c807699a4f6783529a0b0af7bf299142998a7f8b466a6bd9d8321189abb56f,False,compartmentalized,0.37653676193398855,84245,159065,7737,32,policy_train_compartmentalized_double_horizontal_0002,False,0.9621212121212122,0.4437729454998589,0.45722910899985436,0,0.21536159300000002,0.2895699019999256,0.053776878000007855,lns2.receding_q_label_pilot.v1,random:16,0.16765920699992876,high_cost_progress,policy_train,s3__policy_train__policy_train_compartmentalized_double_horizontal_0002__task_0014__seed_0000__realized_dynamic__decision_0007__0017,horizon_complete,3
8,400,"17,45,56,106,124,172,239,327",neighborhood-3f0283cdb31bfc90,True,"22,17,16,15",official_adaptive,3,False,0.6818181818181818,15,9d5f6661420bc8642d638be0cf5ba08be875511950c74cf1436fdf6cd994c47c,035801ae016b470b88be46018b280b5c6cebe2ac1e796d37ac7c4eec6c957d8b,3,22,59e8b4cbedea1ecab405db1de8792b4a18a473cc4870436eb2250b04fc142139,b4c807699a4f6783529a0b0af7bf299142998a7f8b466a6bd9d8321189abb56f,True,compartmentalized,0.3574271178849931,123782,154248,41316,24,policy_train_compartmentalized_double_horizontal_0002,False,0.7803030303030303,0.3792168705454835,0.4296463670000321,0,0.201345816,0.26831431599998723,0.053776878000007855,lns2.receding_q_label_pilot.v1,collision:8,0.16133205100004488,high_cost_progress,policy_train,s3__policy_train__policy_train_compartmentalized_double_horizontal_0002__task_0014__seed_0000__realized_dynamic__decision_0007__0017,horizon_complete,0
8,400,"17,45,56,106,124,172,239,327",neighborhood-3f0283cdb31bfc90,True,"22,22,16,16",official_adaptive,3,False,0.7272727272727273,16,767558e3c51ffedb2d9f2b3e0799f0bb70853d62cbce526f3a0a651821f2d466,6fdf88f0320cf46f701766f764ecea79a9cbceb99f067cb480895c94eb8c0fd9,3,22,59e8b4cbedea1ecab405db1de8792b4a18a473cc4870436eb2250b04fc142139,b4c807699a4f6783529a0b0af7bf299142998a7f8b466a6bd9d8321189abb56f,True,compartmentalized,0.36381840346905825,153271,147273,74731,15,policy_train_compartmentalized_double_horizontal_0002,False,0.8636363636363636,0.418411486636294,0.43881290699994224,0,0.218542824,0.2835538939999651,0.053776878000007855,lns2.receding_q_label_pilot.v1,collision:8,0.15525901299997713,high_cost_progress,policy_train,s3__policy_train__policy_train_compartmentalized_double_horizontal_0002__task_0014__seed_0000__realized_dynamic__decision_0007__0017,horizon_complete,1
8,400,"17,45,56,106,124,172,239,327",neighborhood-3f0283cdb31bfc90,True,"22,15,15,15",official_adaptive,3,False,0.6818181818181818,15,a1ac0b39b30f614027e66b4d362fececa601d58a72ece3e59e22ec057f52675d,840b19c40df9449a1bf3faacaba806838ac8eb564a52824a7016b3b6bdcf83d2,3,22,59e8b4cbedea1ecab405db1de8792b4a18a473cc4870436eb2250b04fc142139,b4c807699a4f6783529a0b0af7bf299142998a7f8b466a6bd9d8321189abb56f,True,compartmentalized,0.4686609094508767,174418,186850,63391,20,policy_train_compartmentalized_double_horizontal_0002,False,0.7348484848484849,0.4807213438636753,0.5978530900000578,0,0.331765975,0.4070979900000111,0.053776878000007855,lns2.receding_q_label_pilot.v1,collision:8,0.1907551000000467,high_cost_progress,policy_train,s3__policy_train__policy_train_compartmentalized_double_horizontal_0002__task_0014__seed_0000__realized_dynamic__decision_0007__0017,horizon_complete,2
8,400,"17,45,56,106,124,172,239,327",neighborhood-3f0283cdb31bfc90,True,"22,18,17,17",official_adaptive,3,False,0.7727272727272727,17,7119f30fff434efa26c6d41bc7ee7aaef3ede0626e5d3f8ec32bf023b9f967f7,06f88c58ce95468a009f74f1be351a925594a070da9cd5233e29744df67ba0b5,3,22,59e8b4cbedea1ecab405db1de8792b4a18a473cc4870436eb2250b04fc142139,b4c807699a4f6783529a0b0af7bf299142998a7f8b466a6bd9d8321189abb56f,True,compartmentalized,0.44707034205637597,174819,186874,51676,24,policy_train_compartmentalized_double_horizontal_0002,False,0.8257575757575758,0.5018460135909829,0.563724291000085,0,0.328948154,0.39800328500007254,0.053776878000007855,lns2.receding_q_label_pilot.v1,collision:8,0.1657210060000125,high_cost_progress,policy_train,s3__policy_train__policy_train_compartmentalized_double_horizontal_0002__task_0014__seed_0000__realized_dynamic__decision_0007__0017,horizon_complete,3
4,400,"17,45,172,327",neighborhood-6a63453d2de5f189,True,"22,20,16,16",official_adaptive,3,False,0.7272727272727273,16,d901c79cff1b4d72ee345dde8df11c27a71b7210a2c011c8ec7c5917a3836e15,97f0772700ff370d022a875760dae85f6b2baed4aae96c7e010b1ed628227791,3,22,59e8b4cbedea1ecab405db1de8792b4a18a473cc4870436eb2250b04fc142139,b4c807699a4f6783529a0b0af7bf299142998a7f8b466a6bd9d8321189abb56f,False,compartmentalized,0.40127605024415747,168760,168561,69111,20,policy_train_compartmentalized_double_horizontal_0002,False,0.8333333333333334,0.4210738051817874,0.4937295559999484,0,0.262112095,0.32991097400008584,0.053776878000007855,lns2.receding_q_label_pilot.v1,collision:4,0.16381858199986254,high_cost_progress,policy_train,s3__policy_train__policy_train_compartmentalized_double_horizontal_0002__task_0014__seed_0000__realized_dynamic__decision_0007__0017,horizon_complete,0
4,400,"17,45,172,327",neighborhood-6a63453d2de5f189,True,"22,16,15,15",official_adaptive,3,False,0.6818181818181818,15,7d0a3b2fc26e99728f286751c3e504a1c24de03501472cbe6d9e9f9e6a9f8038,136db04cb33dedd82ee268fc49106dfa3b40a67e0570536cce3361d302209fe4,3,22,59e8b4cbedea1ecab405db1de8792b4a18a473cc4870436eb2250b04fc142139,b4c807699a4f6783529a0b0af7bf299142998a7f8b466a6bd9d8321189abb56f,False,compartmentalized,0.3782322409013523,146403,168530,56202,20,policy_train_compartmentalized_double_horizontal_0002,False,0.75,0.36624040513641953,0.45970190600007754,0,0.234140784,0.30272847000003367,0.053776878000007855,lns2.receding_q_label_pilot.v1,collision:4,0.15697343600004388,high_cost_progress,policy_train,s3__policy_train__policy_train_compartmentalized_double_horizontal_0002__task_0014__seed_0000__realized_dynamic__decision_0007__0017,horizon_complete,1
4,400,"17,45,172,327",neighborhood-6a63453d2de5f189,True,"22,16,14,14",official_adaptive,3,False,0.6363636363636364,14,5392d2dd8429e87b59c981a3f50912d6eb0b7f5e804f0285353c83c50cfeb1f7,ff90491c54890e88c11becad17ad05c094db226005167cc42e5a89cab10cb986,3,22,59e8b4cbedea1ecab405db1de8792b4a18a473cc4870436eb2250b04fc142139,b4c807699a4f6783529a0b0af7bf299142998a7f8b466a6bd9d8321189abb56f,False,compartmentalized,0.32961574307122665,67334,91179,15690,18,policy_train_compartmentalized_double_horizontal_0002,False,0.7272727272727273,0.31575534836376434,0.39043374200014114,0,0.149015098,0.2188329830000839,0.053776878000007855,lns2.receding_q_label_pilot.v1,collision:4,0.17160075900005722,high_cost_progress,policy_train,s3__policy_train__policy_train_compartmentalized_double_horizontal_0002__task_0014__seed_0000__realized_dynamic__decision_0007__0017,horizon_complete,2
4,400,"17,45,172,327",neighborhood-6a63453d2de5f189,True,"22,15,15,15",official_adaptive,3,False,0.6818181818181818,15,4b8684a82ed231cbb93cdeebd52918334069ac0d4f074dc9b9993d9e9e024f0e,ec6ecfde14f18c03eeaadd93f3923ecbbbb9bf5802c573da93e1d91ffe725655,3,22,59e8b4cbedea1ecab405db1de8792b4a18a473cc4870436eb2250b04fc142139,b4c807699a4f6783529a0b0af7bf299142998a7f8b466a6bd9d8321189abb56f,False,compartmentalized,0.2509408745182948,21861,16535,14776,4,policy_train_compartmentalized_double_horizontal_0002,False,0.7348484848484849,0.23195616227265894,0.28523409199988237,0,0.037840682,0.11533554899995124,0.053776878000007855,lns2.receding_q_label_pilot.v1,collision:4,0.16989854299993112,high_cost_progress,policy_train,s3__policy_train__policy_train_compartmentalized_double_horizontal_0002__task_0014__seed_0000__realized_dynamic__decision_0007__0017,horizon_complete,3
4,400,"27,55,83,94",neighborhood-70ffd5dc5eb9b7d5,True,"22,21,17,17",official_adaptive,3,False,0.7727272727272727,17,237839b19b0726e4aadf948d0738526a3806c76e114904b5d2cd98dc57de134f,b9e934e3001577ceaaf34796abf3eaff88159b748c090f1afe22525ffb934df5,3,22,59e8b4cbedea1ecab405db1de8792b4a18a473cc4870436eb2250b04fc142139,b4c807699a4f6783529a0b0af7bf299142998a7f8b466a6bd9d8321189abb56f,False,compartmentalized,0.36153746061960906,108144,142839,18247,19,policy_train_compartmentalized_double_horizontal_0002,False,0.8712121212121212,0.3925471600000492,0.43553479700005937,0,0.200324886,0.2714039429999957,0.053776878000007855,lns2.receding_q_label_pilot.v1,target:4,0.16413085400006366,high_cost_progress,policy_train,s3__policy_train__policy_train_compartmentalized_double_horizontal_0002__task_0014__seed_0000__realized_dynamic__decision_0007__0017,horizon_complete,0
4,400,"27,55,83,94",neighborhood-70ffd5dc5eb9b7d5,True,"22,21,19,19",official_adaptive,3,False,0.8636363636363636,19,a9ba243c8ae276ddc993e7553634617782eeee1306a01173feaaa50fe7f08508,5a1f74a6942305d79b5a021cb5f7c7460023d503b5b51f64d1b08e31f471e77c,3,22,59e8b4cbedea1ecab405db1de8792b4a18a473cc4870436eb2250b04fc142139,b4c807699a4f6783529a0b0af7bf299142998a7f8b466a6bd9d8321189abb56f,False,compartmentalized,0.30242902663654475,57622,98806,11916,20,policy_train_compartmentalized_double_horizontal_0002,False,0.9166666666666666,0.3323159669090087,0.35314163599991844,0,0.115447344,0.1875263659999291,0.053776878000007855,lns2.receding_q_label_pilot.v1,target:4,0.16561526999998932,high_cost_progress,policy_train,s3__policy_train__policy_train_compartmentalized_double_horizontal_0002__task_0014__seed_0000__realized_dynamic__decision_0007__0017,horizon_complete,1
4,400,"27,55,83,94",neighborhood-70ffd5dc5eb9b7d5,True,"22,22,22,16",official_adaptive,3,False,0.7272727272727273,16,0c3e0aaeaf039f22437d6426b9ef543e7758ce1bf30281a67d9f1a2b6f248bc1,f74e65e02f5c376d4da4fb8eecaff119b475b3441676631d6a5a0ffe4e441550,3,22,59e8b4cbedea1ecab405db1de8792b4a18a473cc4870436eb2250b04fc142139,b4c807699a4f6783529a0b0af7bf299142998a7f8b466a6bd9d8321189abb56f,False,compartmentalized,0.26460432749789414,26639,58939,1524,20,policy_train_compartmentalized_double_horizontal_0002,False,0.9545454545454546,0.3029153459998497,0.3029153459998497,0,0.0573814,0.13483241099993393,0.053776878000007855,lns2.receding_q_label_pilot.v1,target:4,0.16808293499991578,high_cost_progress,policy_train,s3__policy_train__policy_train_compartmentalized_double_horizontal_0002__task_0014__seed_0000__realized_dynamic__decision_0007__0017,horizon_complete,2
4,400,"27,55,83,94",neighborhood-70ffd5dc5eb9b7d5,True,"22,21,21,21",official_adaptive,3,False,0.9545454545454546,21,df427eea9d4612259232b0218064626ac411e8b9074f115ac7593ef32873fe12,6b29cddcc4667b53d9780435265676c82c7e555f81de1bade6ef96d31e6f1fe6,3,22,59e8b4cbedea1ecab405db1de8792b4a18a473cc4870436eb2250b04fc142139,b4c807699a4f6783529a0b0af7bf299142998a7f8b466a6bd9d8321189abb56f,False,compartmentalized,0.33578221003632835,66954,108010,648,16,policy_train_compartmentalized_double_horizontal_0002,False,0.9621212121212122,0.38476075995473286,0.39903429600019535,0,0.162626004,0.23551179100013542,0.053776878000007855,lns2.receding_q_label_pilot.v1,target:4,0.16352250500005994,high_cost_progress,policy_train,s3__policy_train__policy_train_compartmentalized_double_horizontal_0002__task_0014__seed_0000__realized_dynamic__decision_0007__0017,horizon_complete,3
4,400,"29,123,278,331",neighborhood-a4232fe30a403345,True,"22,22,18,18",official_adaptive,3,False,0.8181818181818182,18,f0f66894693d4047d40b3d99347703a98cff724dc8660debad50ae71b5ee8137,ffa26158b6f7ebfe79006f30b6b1f891596556dd21d19ac252159fac827cc0c3,3,22,59e8b4cbedea1ecab405db1de8792b4a18a473cc4870436eb2250b04fc142139,b4c807699a4f6783529a0b0af7bf299142998a7f8b466a6bd9d8321189abb56f,False,compartmentalized,0.3499911402040957,107336,143005,27328,20,policy_train_compartmentalized_double_horizontal_0002,False,0.9090909090909091,0.3947832018182618,0.41905497600009767,0,0.183439654,0.25548772400009057,0.053776878000007855,lns2.receding_q_label_pilot.v1,collision:4,0.1635672520000071,high_cost_progress,policy_train,s3__policy_train__policy_train_compartmentalized_double_horizontal_0002__task_0014__seed_0000__realized_dynamic__decision_0007__0017,horizon_complete,0
4,400,"29,123,278,331",neighborhood-a4232fe30a403345,True,"22,22,16,14",official_adaptive,3,False,0.6363636363636364,14,e4595b1b2a9ea37478c2f70df298c9b4b83cd3e0496e0d492dd56f37d58b0041,d8ee8b39be24d98af6df63b24502ce894a49451dba36b6108abf6da043fb1a19,3,22,59e8b4cbedea1ecab405db1de8792b4a18a473cc4870436eb2250b04fc142139,b4c807699a4f6783529a0b0af7bf299142998a7f8b466a6bd9d8321189abb56f,False,compartmentalized,0.45498551606083376,224397,177259,140017,20,policy_train_compartmentalized_double_horizontal_0002,False,0.8484848484848485,0.5176900536362878,0.5761505539999234,0,0.334490395,0.405650236999918,0.053776878000007855,lns2.receding_q_label_pilot.v1,collision:4,0.17050031700000545,high_cost_progress,policy_train,s3__policy_train__policy_train_compartmentalized_double_horizontal_0002__task_0014__seed_0000__realized_dynamic__decision_0007__0017,horizon_complete,1
4,400,"29,123,278,331",neighborhood-a4232fe30a403345,True,"22,20,20,20",official_adaptive,3,False,0.9090909090909091,20,f34a166c3d0a091927516648f640875cdb80c93605df8c7795cc4077bcd386c2,2126ab8e698c17bec53dc6790b81389c357fe022ceb5d65fdd352b53fb8eb842,3,22,59e8b4cbedea1ecab405db1de8792b4a18a473cc4870436eb2250b04fc142139,b4c807699a4f6783529a0b0af7bf299142998a7f8b466a6bd9d8321189abb56f,False,compartmentalized,0.30974785526090215,47797,72323,2179,16,policy_train_compartmentalized_double_horizontal_0002,False,0.9242424242424242,0.33772119763643166,0.36308137700007137,0,0.11321425600000001,0.18828899400011778,0.053776878000007855,lns2.receding_q_label_pilot.v1,collision:4,0.1747923829999536,high_cost_progress,policy_train,s3__policy_train__policy_train_compartmentalized_double_horizontal_0002__task_0014__seed_0000__realized_dynamic__decision_0007__0017,horizon_complete,2
4,400,"29,123,278,331",neighborhood-a4232fe30a403345,True,"22,21,21,19",official_adaptive,3,False,0.8636363636363636,19,f67f5531f303ac294f558da727e5b3dcbbd6329f8706378fb4535c5b0bc9cdc4,c4f721159ad1061606e112485c4474161ca5045180465d6131325542f9d080b2,3,22,59e8b4cbedea1ecab405db1de8792b4a18a473cc4870436eb2250b04fc142139,b4c807699a4f6783529a0b0af7bf299142998a7f8b466a6bd9d8321189abb56f,False,compartmentalized,0.34361712529072513,54743,117673,4044,20,policy_train_compartmentalized_double_horizontal_0002,False,0.946969696969697,0.3953326712727403,0.41003866400001243,0,0.139760106,0.23419569099996806,0.053776878000007855,lns2.receding_q_label_pilot.v1,collision:4,0.17584297300004437,high_cost_progress,policy_train,s3__policy_train__policy_train_compartmentalized_double_horizontal_0002__task_0014__seed_0000__realized_dynamic__decision_0007__0017,horizon_complete,3
4,400,"21,60,76,80",neighborhood-c9a445102a650852,True,"22,21,15,15",official_adaptive,3,False,0.6818181818181818,15,c01ab54ddecda82cdf3439c54eefbbce32231666eebb2d48d4614d933d6101d6,d568e53c982d54ddf3982edfda1fe5d5429895688d92de1e803101fa2c696635,3,22,59e8b4cbedea1ecab405db1de8792b4a18a473cc4870436eb2250b04fc142139,b4c807699a4f6783529a0b0af7bf299142998a7f8b466a6bd9d8321189abb56f,False,compartmentalized,0.4074878583022215,171954,169501,72620,19,policy_train_compartmentalized_double_horizontal_0002,False,0.8257575757575758,0.4302919039999644,0.5030371959999229,0,0.268789447,0.33860559699996884,0.053776878000007855,lns2.receding_q_label_pilot.v1,target:4,0.16443159899995408,high_cost_progress,policy_train,s3__policy_train__policy_train_compartmentalized_double_horizontal_0002__task_0014__seed_0000__realized_dynamic__decision_0007__0017,horizon_complete,0
4,400,"21,60,76,80",neighborhood-c9a445102a650852,True,"22,21,21,21",official_adaptive,3,False,0.9545454545454546,21,1352742acec213034c5a0a1c6fb45b82a25c079bb1b200128262145d21cca0d9,c093b60cbf854bfde7bced286c0078f006e5bfe7a11eff5eaa1bb0a9107a52e5,3,22,59e8b4cbedea1ecab405db1de8792b4a18a473cc4870436eb2250b04fc142139,b4c807699a4f6783529a0b0af7bf299142998a7f8b466a6bd9d8321189abb56f,False,compartmentalized,0.2643266131858024,44191,66455,15075,20,policy_train_compartmentalized_double_horizontal_0002,False,0.9621212121212122,0.2943797325454563,0.3025535579999996,0,0.076968761,0.14307608599995092,0.053776878000007855,lns2.receding_q_label_pilot.v1,target:4,0.1594774720000487,high_cost_progress,policy_train,s3__policy_train__policy_train_compartmentalized_double_horizontal_0002__task_0014__seed_0000__realized_dynamic__decision_0007__0017,horizon_complete,1
4,400,"21,60,76,80",neighborhood-c9a445102a650852,True,"22,21,21,15",official_adaptive,3,False,0.6818181818181818,15,351916535b38e5d3cb677340ce9dddfb681677bb0d5752ae75dbedc5362b363f,40f410a3ba3123b0ecc1336b681f4f9e592a8fdd5ffdd9fe6513d12993dda602,3,22,59e8b4cbedea1ecab405db1de8792b4a18a473cc4870436eb2250b04fc142139,b4c807699a4f6783529a0b0af7bf299142998a7f8b466a6bd9d8321189abb56f,False,compartmentalized,0.2995065558842655,53530,82255,16256,20,policy_train_compartmentalized_double_horizontal_0002,False,0.9166666666666666,0.3395373421362716,0.34919289199990544,0,0.107700055,0.1792837209999334,0.053776878000007855,lns2.receding_q_label_pilot.v1,target:4,0.16990917099997205,high_cost_progress,policy_train,s3__policy_train__policy_train_compartmentalized_double_horizontal_0002__task_0014__seed_0000__realized_dynamic__decision_0007__0017,horizon_complete,2
4,400,"21,60,76,80",neighborhood-c9a445102a650852,True,"22,21,21,21",official_adaptive,3,False,0.9545454545454546,21,8d6dd7f6042ac9496086be68b6b2f672aff15404d205b4e18527773eff8bca40,f57066a8ef21270c27e51fb701bf974fe91105b9dc03814963989f289750d2a6,3,22,59e8b4cbedea1ecab405db1de8792b4a18a473cc4870436eb2250b04fc142139,b4c807699a4f6783529a0b0af7bf299142998a7f8b466a6bd9d8321189abb56f,False,compartmentalized,0.3606277161313793,77881,121446,15849,20,policy_train_compartmentalized_double_horizontal_0002,False,0.9621212121212122,0.4205594883183453,0.43422942100016826,0,0.18028890399999997,0.2570998529999997,0.053776878000007855,lns2.receding_q_label_pilot.v1,target:4,0.17712956800016855,high_cost_progress,policy_train,s3__policy_train__policy_train_compartmentalized_double_horizontal_0002__task_0014__seed_0000__realized_dynamic__decision_0007__0017,horizon_complete,3
8,400,"17,27,112,202,239,282,296,389",neighborhood-01654e9603f5bed9,True,"1,0",official_adaptive,1,True,0.0,0,fa4064264a2c893ea8bf922d18320b308ac11ab844b417568b06d9f082ff65bf,d7aa46e5a757fa0018db7fca6f84122415b1c7f9c52d99fa2c57e4b8d55e691a,3,1,c9a0257f27a860ba1a97805c8e44aaedd2fab1a56a9b411bfa212b22d93dca17,06071f887c068aa0e662bd8c4147a295edb26864487180a8d97dca80829e7d17,False,dead_end_aisles,0.12105786310626086,8117,12216,4238,8,policy_train_dead_end_aisles_0002,False,0.16666666666666666,0.12869022000000996,0.12869022000000996,2,0.013125914,0.032757130999982564,0.0959330890000274,lns2.receding_q_label_pilot.v1,random:8,0.0959330890000274,near_feasible,policy_train,s3__policy_train__policy_train_dead_end_aisles_0002__task_0012__seed_0000__realized_dynamic__decision_0000__0090,feasible,0
8,400,"17,27,112,202,239,282,296,389",neighborhood-01654e9603f5bed9,True,"1,0",official_adaptive,1,True,0.0,0,31881568ac8f8e368c883306ae381067764707eabbdbf5b82b038c667f330e6a,7851b776bb9d65826aba1a99311804e059bd770f59138fc0ecabf12aacff95fc,3,1,c9a0257f27a860ba1a97805c8e44aaedd2fab1a56a9b411bfa212b22d93dca17,06071f887c068aa0e662bd8c4147a295edb26864487180a8d97dca80829e7d17,False,dead_end_aisles,0.12602246480770568,10119,14634,5397,8,policy_train_dead_end_aisles_0002,False,0.16666666666666666,0.1343076500000393,0.1343076500000393,2,0.015390874,0.03837456100001191,0.0959330890000274,lns2.receding_q_label_pilot.v1,random:8,0.0959330890000274,near_feasible,policy_train,s3__policy_train__policy_train_dead_end_aisles_0002__task_0012__seed_0000__realized_dynamic__decision_0000__0090,feasible,1
16,400,"17,29,81,89,93,121,137,144,152,200,216,221,236,245,276,342",neighborhood-02ae0d4752239855,True,"1,1,0",official_adaptive,2,True,0.0,0,956bcfc6a23eff31843a62d3860ed36f46eac1dfc0aa632a276889cda9a83fa3,9e3d23a020f507e01c338657f524047311bafb82b58e3bf4e289b46931d0d6bf,3,1,c9a0257f27a860ba1a97805c8e44aaedd2fab1a56a9b411bfa212b22d93dca17,06071f887c068aa0e662bd8c4147a295edb26864487180a8d97dca80829e7d17,False,dead_end_aisles,0.2245256038394905,10381,35073,1446,24,policy_train_dead_end_aisles_0002,False,0.5,0.2517287599999918,0.2517287599999918,1,0.028229320999999998,0.06879902099996116,0.0959330890000274,lns2.receding_q_label_pilot.v1,random:16,0.18292973900003062,near_feasible,policy_train,s3__policy_train__policy_train_dead_end_aisles_0002__task_0012__seed_0000__realized_dynamic__decision_0000__0090,feasible,0
16,400,"17,29,81,89,93,121,137,144,152,200,216,221,236,245,276,342",neighborhood-02ae0d4752239855,True,"1,1,0",official_adaptive,2,True,0.0,0,23e7b5a23eec448f2d6c88ca8128254ce1c9cf334a3d28813bfc30ab063c0419,d0c2db8e8884bfd61aa19dcb51e7bac83dd8143b7d1d5881ccb53715654cfbbb,3,1,c9a0257f27a860ba1a97805c8e44aaedd2fab1a56a9b411bfa212b22d93dca17,06071f887c068aa0e662bd8c4147a295edb26864487180a8d97dca80829e7d17,False,dead_end_aisles,0.18753960821983123,9261,30615,1347,24,policy_train_dead_end_aisles_0002,False,0.5,0.20627802700005304,0.20627802700005304,1,0.024445959000000003,0.06665805300002603,0.0959330890000274,lns2.receding_q_label_pilot.v1,random:16,0.13961997400002701,near_feasible,policy_train,s3__policy_train__policy_train_dead_end_aisles_0002__task_0012__seed_0000__realized_dynamic__decision_0000__0090,feasible,1
16,400,"45,47,76,101,110,132,144,168,169,190,202,225,249,323,380,385",neighborhood-03cc9666eac8405a,True,"1,0",official_adaptive,1,True,0.0,0,4e19cdc685bfd851bdc9006a8aaf2b94e5b018e30b3f540dd1d9808303f691e1,36a63bad4bbf52eef33ba29592194af54006e282a2c49c7cb2287c681656dee8,3,1,c9a0257f27a860ba1a97805c8e44aaedd2fab1a56a9b411bfa212b22d93dca17,06071f887c068aa0e662bd8c4147a295edb26864487180a8d97dca80829e7d17,False,dead_end_aisles,0.12476370730791557,5880,19815,897,16,policy_train_dead_end_aisles_0002,False,0.16666666666666666,0.13288073000006762,0.13288073000006762,2,0.015936571,0.03694764100004022,0.0959330890000274,lns2.receding_q_label_pilot.v1,collision:16,0.0959330890000274,near_feasible,policy_train,s3__policy_train__policy_train_dead_end_aisles_0002__task_0012__seed_0000__realized_dynamic__decision_0000__0090,feasible,0
16,400,"45,47,76,101,110,132,144,168,169,190,202,225,249,323,380,385",neighborhood-03cc9666eac8405a,True,"1,0",official_adaptive,1,True,0.0,0,c4765808936b977ad45e4c7b37fdae3021fde48a3578c314e4a03cd8b6152247,81f65e30791f454b1fe9d3b16307b2a3936e5f5031a0c92a9f0b3ce45ab5e34d,3,1,c9a0257f27a860ba1a97805c8e44aaedd2fab1a56a9b411bfa212b22d93dca17,06071f887c068aa0e662bd8c4147a295edb26864487180a8d97dca80829e7d17,False,dead_end_aisles,0.12769122524760856,5039,17535,692,16,policy_train_dead_end_aisles_0002,False,0.16666666666666666,0.13620211800002835,0.13620211800002835,2,0.016426217,0.040269029000000955,0.0959330890000274,lns2.receding_q_label_pilot.v1,collision:16,0.0959330890000274,near_feasible,policy_train,s3__policy_train__policy_train_dead_end_aisles_0002__task_0012__seed_0000__realized_dynamic__decision_0000__0090,feasible,1
8,400,"61,144,188,202,241,260,279,394",neighborhood-05d83eb083269066,True,"1,0",official_adaptive,1,True,0.0,0,b3740077bfd25a9741b736f692d2a21bbe5c2e80cfa85d6e8af32bfb5e34a09f,1211c9880010febe4bbeaf72d0424a52ed33e7b24f03b6129673a6ad0036acc8,3,1,c9a0257f27a860ba1a97805c8e44aaedd2fab1a56a9b411bfa212b22d93dca17,06071f887c068aa0e662bd8c4147a295edb26864487180a8d97dca80829e7d17,False,dead_end_aisles,0.11667376019337204,3464,11777,356,8,policy_train_dead_end_aisles_0002,False,0.16666666666666666,0.12375275700003385,0.12375275700003385,2,0.009027807,0.02781966800000646,0.0959330890000274,lns2.receding_q_label_pilot.v1,collision:8,0.0959330890000274,near_feasible,policy_train,s3__policy_train__policy_train_dead_end_aisles_0002__task_0012__seed_0000__realized_dynamic__decision_0000__0090,feasible,0
8,400,"61,144,188,202,241,260,279,394",neighborhood-05d83eb083269066,True,"1,0",official_adaptive,1,True,0.0,0,472a42fe8ee6cc03222afc9710437fc66992f6f2b32025e3c1d4ad5701437221,9e1ff1a4a07e6d6cef38df60134cc40ae65c84b7923bcb79051f10d48abba543,3,1,c9a0257f27a860ba1a97805c8e44aaedd2fab1a56a9b411bfa212b22d93dca17,06071f887c068aa0e662bd8c4147a295edb26864487180a8d97dca80829e7d17,False,dead_end_aisles,0.11932985560228392,3538,11689,445,8,policy_train_dead_end_aisles_0002,False,0.16666666666666666,0.12674151900006336,0.12674151900006336,2,0.009536518,0.03080843000003597,0.0959330890000274,lns2.receding_q_label_pilot.v1,collision:8,0.0959330890000274,near_feasible,policy_train,s3__policy_train__policy_train_dead_end_aisles_0002__task_0012__seed_0000__realized_dynamic__decision_0000__0090,feasible,1
4,400,"49,144,202,228",neighborhood-06f4663447c6a436,True,"1,0",official_adaptive,1,True,0.0,0,3006d2ddf098549dbdee965a5961f515e17fb16e5979eed97c2ea5a67a86fa5a,428b83f7e267602488fe3deef06e908bbe837337e5fa9157f4d06737bdb3c231,3,1,c9a0257f27a860ba1a97805c8e44aaedd2fab1a56a9b411bfa212b22d93dca17,06071f887c068aa0e662bd8c4147a295edb26864487180a8d97dca80829e7d17,False,dead_end_aisles,0.1117198203490197,968,3509,186,4,policy_train_dead_end_aisles_0002,False,0.16666666666666666,0.11819952000001877,0.11819952000001877,2,0.002986529,0.02226643099999137,0.0959330890000274,lns2.receding_q_label_pilot.v1,target:4,0.0959330890000274,near_feasible,policy_train,s3__policy_train__policy_train_dead_end_aisles_0002__task_0012__seed_0000__realized_dynamic__decision_0000__0090,feasible,0
4,400,"49,144,202,228",neighborhood-06f4663447c6a436,True,"1,0",official_adaptive,1,True,0.0,0,8d9d47040912b3cccfa9645db57020256febf4de6c07ae045d5db02d86dcc746,82c726863f3f1dd8d01a8c109d80cbd26f35a87c7ed11141d87967c0b65bd065,3,1,c9a0257f27a860ba1a97805c8e44aaedd2fab1a56a9b411bfa212b22d93dca17,06071f887c068aa0e662bd8c4147a295edb26864487180a8d97dca80829e7d17,False,dead_end_aisles,0.11247855976701314,679,3128,2,4,policy_train_dead_end_aisles_0002,False,0.16666666666666666,0.11904826400007096,0.11904826400007096,2,0.002705606,0.023115175000043564,0.0959330890000274,lns2.receding_q_label_pilot.v1,target:4,0.0959330890000274,near_feasible,policy_train,s3__policy_train__policy_train_dead_end_aisles_0002__task_0012__seed_0000__realized_dynamic__decision_0000__0090,feasible,1
4,400,"77,103,202,384",neighborhood-0971c913969383de,True,"1,0",official_adaptive,1,True,0.0,0,392a72d4d3780490f41a6641c00429fe753e3a143a53e97e9b8691a9fc7a4bec,be035bb7bad5c39b16e8c9ea5cf47c1a7a16c5f27d8c9728843b9e08973b1a02,3,1,c9a0257f27a860ba1a97805c8e44aaedd2fab1a56a9b411bfa212b22d93dca17,06071f887c068aa0e662bd8c4147a295edb26864487180a8d97dca80829e7d17,False,dead_end_aisles,0.11707642250854282,1161,3650,185,4,policy_train_dead_end_aisles_0002,False,0.16666666666666666,0.12420534099999259,0.12420534099999259,2,0.003481568,0.028272251999965192,0.0959330890000274,lns2.receding_q_label_pilot.v1,random:4,0.0959330890000274,near_feasible,policy_train,s3__policy_train__policy_train_dead_end_aisles_0002__task_0012__seed_0000__realized_dynamic__decision_0000__0090,feasible,0
4,400,"77,103,202,384",neighborhood-0971c913969383de,True,"1,0",official_adaptive,1,True,0.0,0,0ccced00bf01cba670c22993516c5106fc7489723a7b401e3299ead07060349d,c2900878a09f59c15d42c3d7e0abf330645d8940a710b3dedca5909a412e6615,3,1,c9a0257f27a860ba1a97805c8e44aaedd2fab1a56a9b411bfa212b22d93dca17,06071f887c068aa0e662bd8c4147a295edb26864487180a8d97dca80829e7d17,False,dead_end_aisles,0.11312170138735032,772,2824,102,4,policy_train_dead_end_aisles_0002,False,0.16666666666666666,0.11976820200004568,0.11976820200004568,2,0.002524424,0.023835113000018282,0.0959330890000274,lns2.receding_q_label_pilot.v1,random:4,0.0959330890000274,near_feasible,policy_train,s3__policy_train__policy_train_dead_end_aisles_0002__task_0012__seed_0000__realized_dynamic__decision_0000__0090,feasible,1
8,400,"42,92,144,146,313,322,378,390",neighborhood-0cd5e422764d2f85,True,"1,1,1,0",official_adaptive,3,True,0.0,0,252f3f4fefd2d91521ce04430a9a616f452f7b9d72801207f3bbe25d7117d3aa,3727de54b63c5694f2bfb46cb3f46c9479b64229051ba22e323dcc83928cf0d1,3,1,c9a0257f27a860ba1a97805c8e44aaedd2fab1a56a9b411bfa212b22d93dca17,06071f887c068aa0e662bd8c4147a295edb26864487180a8d97dca80829e7d17,False,dead_end_aisles,0.22972265507064982,8429,27129,1788,24,policy_train_dead_end_aisles_0002,False,0.8333333333333334,0.2582509920000575,0.2582509920000575,0,0.021620188,0.07956339100002197,0.0959330890000274,lns2.receding_q_label_pilot.v1,random:8,0.17868760100003556,near_feasible,policy_train,s3__policy_train__policy_train_dead_end_aisles_0002__task_0012__seed_0000__realized_dynamic__decision_0000__0090,feasible,0
8,400,"42,92,144,146,313,322,378,390",neighborhood-0cd5e422764d2f85,True,"1,1,0",official_adaptive,2,True,0.0,0,94e041ca55defec36023c4c9747e783e929956b580dbfcc18633f2b7c50fd663,a9e819c777ccddea758dbe54823d41b6310583abb028ea908b2eb6c7021cbfc7,3,1,c9a0257f27a860ba1a97805c8e44aaedd2fab1a56a9b411bfa212b22d93dca17,06071f887c068aa0e662bd8c4147a295edb26864487180a8d97dca80829e7d17,False,dead_end_aisles,0.1760788784281088,4586,15852,739,16,policy_train_dead_end_aisles_0002,False,0.5,0.19253212000000985,0.19253212000000985,1,0.013176251,0.05192955100000063,0.0959330890000274,lns2.receding_q_label_pilot.v1,random:8,0.14060256900000923,near_feasible,policy_train,s3__policy_train__policy_train_dead_end_aisles_0002__task_0012__seed_0000__realized_dynamic__decision_0000__0090,feasible,1
4,400,"9,144,343,357",neighborhood-0f790d5657186438,True,"1,1,0",official_adaptive,2,True,0.0,0,373e16218fb8e9655ce8b69ecdc5217714f6ba6ae0a0c4519af586aab780f65e,3c0d936b89837c893cfd76124c9e0f06481222ecd80f560dc84da4318aebbaee,3,1,c9a0257f27a860ba1a97805c8e44aaedd2fab1a56a9b411bfa212b22d93dca17,06071f887c068aa0e662bd8c4147a295edb26864487180a8d97dca80829e7d17,False,dead_end_aisles,0.18035836265547808,3808,13180,630,12,policy_train_dead_end_aisles_0002,False,0.5,0.19764647800002422,0.19764647800002422,1,0.010817535,0.050737578999985544,0.0959330890000274,lns2.receding_q_label_pilot.v1,random:4,0.14690889900003867,near_feasible,policy_train,s3__policy_train__policy_train_dead_end_aisles_0002__task_0012__seed_0000__realized_dynamic__decision_0000__0090,feasible,0
4,400,"9,144,343,357",neighborhood-0f790d5657186438,True,"1,1,0",official_adaptive,2,True,0.0,0,836b88aa6af1e31e8c64518f8be6c758eeb27105ad5c4fd387cbf05ecb2aaef6,c9c1883ceb1c100f838caff6cbe4e5a8a241f207f6a2a59c00eee62f3b589be6,3,1,c9a0257f27a860ba1a97805c8e44aaedd2fab1a56a9b411bfa212b22d93dca17,06071f887c068aa0e662bd8c4147a295edb26864487180a8d97dca80829e7d17,False,dead_end_aisles,0.18103479427003993,3776,12958,557,12,policy_train_dead_end_aisles_0002,False,0.5,0.19845687800000178,0.19845687800000178,1,0.01076632,0.05383694699997932,0.0959330890000274,lns2.receding_q_label_pilot.v1,random:4,0.14461993100002246,near_feasible,policy_train,s3__policy_train__policy_train_dead_end_aisles_0002__task_0012__seed_0000__realized_dynamic__decision_0000__0090,feasible,1
16,400,"32,49,62,115,138,144,156,187,198,199,202,228,255,269,362,372",neighborhood-17f54830bd444853,True,"1,0",official_adaptive,1,True,0.0,0,730b3ba8b973d29144182b7f287cb04d8653ea4c5e11d2dad1ab750995805362,431fa68c02f98bece15b744ef50f30bb9c22beda2930f4082b1a8a734152197d,3,1,c9a0257f27a860ba1a97805c8e44aaedd2fab1a56a9b411bfa212b22d93dca17,06071f887c068aa0e662bd8c4147a295edb26864487180a8d97dca80829e7d17,False,dead_end_aisles,0.1251137870301563,6361,20041,1186,16,policy_train_dead_end_aisles_0002,False,0.16666666666666666,0.13327739800001837,0.13327739800001837,2,0.017277745,0.03734430899999097,0.0959330890000274,lns2.receding_q_label_pilot.v1,target:16,0.0959330890000274,near_feasible,policy_train,s3__policy_train__policy_train_dead_end_aisles_0002__task_0012__seed_0000__realized_dynamic__decision_0000__0090,feasible,0
16,400,"32,49,62,115,138,144,156,187,198,199,202,228,255,269,362,372",neighborhood-17f54830bd444853,True,"1,0",official_adaptive,1,True,0.0,0,0b2a435aa7a4dfb14e19291af25b862f7b17175d0aa6cdd7c9e3adf16f50d326,66c58a5079bbf1dfe20f21263f57abc2491c2ec7c83e03ad559b6a0f07f59805,3,1,c9a0257f27a860ba1a97805c8e44aaedd2fab1a56a9b411bfa212b22d93dca17,06071f887c068aa0e662bd8c4147a295edb26864487180a8d97dca80829e7d17,False,dead_end_aisles,0.12277290861858414,4399,15293,717,16,policy_train_dead_end_aisles_0002,False,0.16666666666666666,0.13062763600004246,0.13062763600004246,2,0.01311805,0.034694547000015064,0.0959330890000274,lns2.receding_q_label_pilot.v1,target:16,0.0959330890000274,near_feasible,policy_train,s3__policy_train__policy_train_dead_end_aisles_0002__task_0012__seed_0000__realized_dynamic__decision_0000__0090,feasible,1
8,400,"38,144,168,202,210,228,230,316",neighborhood-1a5e6bc5d5a955c0,True,"1,0",official_adaptive,1,True,0.0,0,0da2a81eef74134de0c419a934005e6dadaa9e70544cf4952f276ffecf525a00,6af946b4d7004d0ff8c1e5779e1f1b8587bb745e41fa6d31cf699eca5dd67bd1,3,1,c9a0257f27a860ba1a97805c8e44aaedd2fab1a56a9b411bfa212b22d93dca17,06071f887c068aa0e662bd8c4147a295edb26864487180a8d97dca80829e7d17,False,dead_end_aisles,0.11838395373561365,4333,12915,797,8,policy_train_dead_end_aisles_0002,False,0.16666666666666666,0.12567623600000388,0.12567623600000388,2,0.010049497,0.02974314699997649,0.0959330890000274,lns2.receding_q_label_pilot.v1,collision:8,0.0959330890000274,near_feasible,policy_train,s3__policy_train__policy_train_dead_end_aisles_0002__task_0012__seed_0000__realized_dynamic__decision_0000__0090,feasible,0
8,400,"38,144,168,202,210,228,230,316",neighborhood-1a5e6bc5d5a955c0,True,"1,0",official_adaptive,1,True,0.0,0,f20bfa92bc32c24e6d1ee757991675e19ef90a29686ef4afe064ab53996c4eef,c2384db8027df8f28db390a275aca39123803e721805f12a56ed8cbfbafb56ba,3,1,c9a0257f27a860ba1a97805c8e44aaedd2fab1a56a9b411bfa212b22d93dca17,06071f887c068aa0e662bd8c4147a295edb26864487180a8d97dca80829e7d17,False,dead_end_aisles,0.12475578499506476,4396,13453,640,8,policy_train_dead_end_aisles_0002,False,0.16666666666666666,0.13287175500005333,0.13287175500005333,2,0.01318946,0.03693866600002593,0.0959330890000274,lns2.receding_q_label_pilot.v1,collision:8,0.0959330890000274,near_feasible,policy_train,s3__policy_train__policy_train_dead_end_aisles_0002__task_0012__seed_0000__realized_dynamic__decision_0000__0090,feasible,1
4,400,"144,202,228,269",neighborhood-1d77237d50783ecd,True,"1,0",official_adaptive,1,True,0.0,0,7d79e8e680b3ff421e58795687d2942619a988e054bd04bda639415de2055d16,cec869605cb888cfcb80bb57880d5566d513b64a624491cf14b0607201e4aab1,3,1,c9a0257f27a860ba1a97805c8e44aaedd2fab1a56a9b411bfa212b22d93dca17,06071f887c068aa0e662bd8c4147a295edb26864487180a8d97dca80829e7d17,False,dead_end_aisles,0.11321843369379879,1138,4890,2,4,policy_train_dead_end_aisles_0002,False,0.16666666666666666,0.11987652499999513,0.11987652499999513,2,0.003597927,0.023943435999967733,0.0959330890000274,lns2.receding_q_label_pilot.v1,target:4,0.0959330890000274,near_feasible,policy_train,s3__policy_train__policy_train_dead_end_aisles_0002__task_0012__seed_0000__realized_dynamic__decision_0000__0090,feasible,0
4,400,"144,202,228,269",neighborhood-1d77237d50783ecd,True,"1,0",official_adaptive,1,True,0.0,0,9de385ce48eb3836eb54dc3fb2fd08d000112e883d1cba73aee48b8a3fc0af10,f941e69c40b20175baa847523b3d7b450df4bbaf3f2bc14e8c23da60eec6bec4,3,1,c9a0257f27a860ba1a97805c8e44aaedd2fab1a56a9b411bfa212b22d93dca17,06071f887c068aa0e662bd8c4147a295edb26864487180a8d97dca80829e7d17,False,dead_end_aisles,0.11407937132888045,1003,4363,0,4,policy_train_dead_end_aisles_0002,False,0.16666666666666666,0.1208410840000056,0.1208410840000056,2,0.003599446,0.0249079949999782,0.0959330890000274,lns2.receding_q_label_pilot.v1,target:4,0.0959330890000274,near_feasible,policy_train,s3__policy_train__policy_train_dead_end_aisles_0002__task_0012__seed_0000__realized_dynamic__decision_0000__0090,feasible,1
4,400,"38,144,202,249",neighborhood-1d9b8e237304ae61,True,"1,0",official_adaptive,1,True,0.0,0,702d43f6c5dff18e0c4bceb5195d217a5d7c2f5a308bae811931569f02487af6,49c2652cae905fdbbbe4d154d0272ab474959dcf9b68c414f442483413505f0b,3,1,c9a0257f27a860ba1a97805c8e44aaedd2fab1a56a9b411bfa212b22d93dca17,06071f887c068aa0e662bd8c4147a295edb26864487180a8d97dca80829e7d17,False,dead_end_aisles,0.11330514485136456,1970,6785,179,4,policy_train_dead_end_aisles_0002,False,0.16666666666666666,0.11997363500000802,0.11997363500000802,2,0.005274348,0.024040545999980623,0.0959330890000274,lns2.receding_q_label_pilot.v1,collision:4,0.0959330890000274,near_feasible,policy_train,s3__policy_train__policy_train_dead_end_aisles_0002__task_0012__seed_0000__realized_dynamic__decision_0000__0090,feasible,0
4,400,"38,144,202,249",neighborhood-1d9b8e237304ae61,True,"1,0",official_adaptive,1,True,0.0,0,9ceb9a980b644cc06f5a7ed88279a3ac276b7a335a52eda6277f266e5d860293,c17f870c83851911ba2b365f833a15fd4402f3a1c24291d29ef0c99d9b22f3b8,3,1,c9a0257f27a860ba1a97805c8e44aaedd2fab1a56a9b411bfa212b22d93dca17,06071f887c068aa0e662bd8c4147a295edb26864487180a8d97dca80829e7d17,False,dead_end_aisles,0.11945618981968441,1816,6250,84,4,policy_train_dead_end_aisles_0002,False,0.16666666666666666,0.1268838740000433,0.1268838740000433,2,0.005735127,0.030950785000015912,0.0959330890000274,lns2.receding_q_label_pilot.v1,collision:4,0.0959330890000274,near_feasible,policy_train,s3__policy_train__policy_train_dead_end_aisles_0002__task_0012__seed_0000__realized_dynamic__decision_0000__0090,feasible,1
4,400,"128,144,202,304",neighborhood-1e6a773079301979,True,"1,0",official_adaptive,1,True,0.0,0,0ca508cfb03272b558f5f0b6f605f9f499b280e4ae0afb548647dc4938c34d06,537a3e7a8fe1077e178d599982f93056c7a1835863c59534c098c36bd53971eb,3,1,c9a0257f27a860ba1a97805c8e44aaedd2fab1a56a9b411bfa212b22d93dca17,06071f887c068aa0e662bd8c4147a295edb26864487180a8d97dca80829e7d17,False,dead_end_aisles,0.11201894761779475,702,3269,20,4,policy_train_dead_end_aisles_0002,False,0.16666666666666666,0.11853405400000838,0.11853405400000838,2,0.003425271,0.022600964999980988,0.0959330890000274,lns2.receding_q_label_pilot.v1,collision:4,0.0959330890000274,near_feasible,policy_train,s3__policy_train__policy_train_dead_end_aisles_0002__task_0012__seed_0000__realized_dynamic__decision_0000__0090,feasible,0
4,400,"128,144,202,304",neighborhood-1e6a773079301979,True,"1,0",official_adaptive,1,True,0.0,0,296158919402551df5655642ab9e08fffb0a849fc869c75662764703f4f471da,e3590d3c70e76f85574ec3f20620309919306fcb8ca8dd56040156c52b7c58a4,3,1,c9a0257f27a860ba1a97805c8e44aaedd2fab1a56a9b411bfa212b22d93dca17,06071f887c068aa0e662bd8c4147a295edb26864487180a8d97dca80829e7d17,False,dead_end_aisles,0.11388731852813513,825,3494,54,4,policy_train_dead_end_aisles_0002,False,0.16666666666666666,0.12062584400001697,0.12062584400001697,2,0.003088755,0.024692754999989575,0.0959330890000274,lns2.receding_q_label_pilot.v1,collision:4,0.0959330890000274,near_feasible,policy_train,s3__policy_train__policy_train_dead_end_aisles_0002__task_0012__seed_0000__realized_dynamic__decision_0000__0090,feasible,1
8,400,"49,62,138,144,156,202,228,255",neighborhood-215958cc63d4200e,True,"1,0",official_adaptive,1,True,0.0,0,6a258bc5c8123ffdd0145590b46497865ef3ed2854923d279774fda3abe77b71,19694de439df230db95a4ca28bc4639ec8f638b08216cb8f7811a6fe1dc8279a,3,1,c9a0257f27a860ba1a97805c8e44aaedd2fab1a56a9b411bfa212b22d93dca17,06071f887c068aa0e662bd8c4147a295edb26864487180a8d97dca80829e7d17,True,dead_end_aisles,0.11567947004616203,1898,7289,282,8,policy_train_dead_end_aisles_0002,False,0.16666666666666666,0.1226359760000264,0.1226359760000264,2,0.005626944,0.02670288699999901,0.0959330890000274,lns2.receding_q_label_pilot.v1,target:8,0.0959330890000274,near_feasible,policy_train,s3__policy_train__policy_train_dead_end_aisles_0002__task_0012__seed_0000__realized_dynamic__decision_0000__0090,feasible,0
8,400,"49,62,138,144,156,202,228,255",neighborhood-215958cc63d4200e,True,"1,0",official_adaptive,1,True,0.0,0,17410b345a655ede66ff132a1cf77dd3230fa1ed65cb7a49af333464768e46db,02ce35e9d6441b6a81f67a95d15f922443b966d0e9e7f5e89858adf45c020948,3,1,c9a0257f27a860ba1a97805c8e44aaedd2fab1a56a9b411bfa212b22d93dca17,06071f887c068aa0e662bd8c4147a295edb26864487180a8d97dca80829e7d17,True,dead_end_aisles,0.11863850430542262,2697,8753,651,8,policy_train_dead_end_aisles_0002,False,0.16666666666666666,0.12596281400004727,0.12596281400004727,2,0.007355082,0.03002972500001988,0.0959330890000274,lns2.receding_q_label_pilot.v1,target:8,0.0959330890000274,near_feasible,policy_train,s3__policy_train__policy_train_dead_end_aisles_0002__task_0012__seed_0000__realized_dynamic__decision_0000__0090,feasible,1
16,400,"50,120,144,145,183,188,189,192,202,212,220,260,296,364,382,392",neighborhood-21777d16db19e6e5,True,"1,0",official_adaptive,1,True,0.0,0,82f6b0b2f998de5b6d6e83c2412514dde9a1fc5a83eabb6802e9e2a320bbff99,473d2c2fda30a8a523204976b29b44a5216e10a2228b7e078f1af45427847111,3,1,c9a0257f27a860ba1a97805c8e44aaedd2fab1a56a9b411bfa212b22d93dca17,06071f887c068aa0e662bd8c4147a295edb26864487180a8d97dca80829e7d17,False,dead_end_aisles,0.12969621246382526,11800,22535,5266,16,policy_train_dead_end_aisles_0002,False,0.16666666666666666,0.13848247400005675,0.13848247400005675,2,0.022068762,0.04254938500002936,0.0959330890000274,lns2.receding_q_label_pilot.v1,collision:16,0.0959330890000274,near_feasible,policy_train,s3__policy_train__policy_train_dead_end_aisles_0002__task_0012__seed_0000__realized_dynamic__decision_0000__0090,feasible,0
16,400,"50,120,144,145,183,188,189,192,202,212,220,260,296,364,382,392",neighborhood-21777d16db19e6e5,True,"1,0",official_adaptive,1,True,0.0,0,27345f5204a6f91768a739badb67bfab6866790e129b5fab60301dce31e0c6ee,02a96d517fe5b875dac7e28d692fd9f268fbdd251df69c9c87dee9ba720c241f,3,1,c9a0257f27a860ba1a97805c8e44aaedd2fab1a56a9b411bfa212b22d93dca17,06071f887c068aa0e662bd8c4147a295edb26864487180a8d97dca80829e7d17,False,dead_end_aisles,0.1337007967748866,11358,22254,4904,16,policy_train_dead_end_aisles_0002,False,0.16666666666666666,0.14305076400006556,0.14305076400006556,2,0.023672612,0.04711767500003816,0.0959330890000274,lns2.receding_q_label_pilot.v1,collision:16,0.0959330890000274,near_feasible,policy_train,s3__policy_train__policy_train_dead_end_aisles_0002__task_0012__seed_0000__realized_dynamic__decision_0000__0090,feasible,1
16,400,"2,10,23,25,102,124,202,247,262,297,298,300,313,341,382,394",neighborhood-3adf680806c53134,True,"1,0",official_adaptive,1,True,0.0,0,5ffc818af0bb516774b169422004db15181a57ff469ac02db533b48486a12b21,9f681dc32b49fed45bd95953b927ecffc16b7c70550a6ee27586e3a81fedea33,3,1,c9a0257f27a860ba1a97805c8e44aaedd2fab1a56a9b411bfa212b22d93dca17,06071f887c068aa0e662bd8c4147a295edb26864487180a8d97dca80829e7d17,False,dead_end_aisles,0.12529166587110405,5460,17711,812,16,policy_train_dead_end_aisles_0002,False,0.16666666666666666,0.13347900200005824,0.13347900200005824,2,0.016543432,0.03754591300003085,0.0959330890000274,lns2.receding_q_label_pilot.v1,random:16,0.0959330890000274,near_feasible,policy_train,s3__policy_train__policy_train_dead_end_aisles_0002__task_0012__seed_0000__realized_dynamic__decision_0000__0090,feasible,0
16,400,"2,10,23,25,102,124,202,247,262,297,298,300,313,341,382,394",neighborhood-3adf680806c53134,True,"1,0",official_adaptive,1,True,0.0,0,3a4b0bf2d868a1cde17e95863cc84149b068a3e8aa4e11f946096b196172df5a,12071355f64206f65034ea14a506e75b6f73da1d05199c0d30e82303f83e9114,3,1,c9a0257f27a860ba1a97805c8e44aaedd2fab1a56a9b411bfa212b22d93dca17,06071f887c068aa0e662bd8c4147a295edb26864487180a8d97dca80829e7d17,False,dead_end_aisles,0.1269119476092475,4893,16415,672,16,policy_train_dead_end_aisles_0002,False,0.16666666666666666,0.1353170460000115,0.1353170460000115,2,0.015230691,0.03938395699998409,0.0959330890000274,lns2.receding_q_label_pilot.v1,random:16,0.0959330890000274,near_feasible,policy_train,s3__policy_train__policy_train_dead_end_aisles_0002__task_0012__seed_0000__realized_dynamic__decision_0000__0090,feasible,1
16,400,"18,49,62,123,138,144,156,202,228,255,263,265,272,322,329,356",neighborhood-5e4609efa92355f8,True,"1,0",official_adaptive,1,True,0.0,0,51c1ca4dd6e6b0166849a23ab8ebe90080d7013e21d22f68937c49399e1814bd,97c3265a016e175518879582a6d84cb5dba16d0046290e450a33a65e27474af8,3,1,c9a0257f27a860ba1a97805c8e44aaedd2fab1a56a9b411bfa212b22d93dca17,06071f887c068aa0e662bd8c4147a295edb26864487180a8d97dca80829e7d17,False,dead_end_aisles,0.12933905931289233,7411,22545,1506,16,policy_train_dead_end_aisles_0002,False,0.16666666666666666,0.13807593400002816,0.13807593400002816,2,0.019688091,0.04214284500000076,0.0959330890000274,lns2.receding_q_label_pilot.v1,target:16,0.0959330890000274,near_feasible,policy_train,s3__policy_train__policy_train_dead_end_aisles_0002__task_0012__seed_0000__realized_dynamic__decision_0000__0090,feasible,0
16,400,"18,49,62,123,138,144,156,202,228,255,263,265,272,322,329,356",neighborhood-5e4609efa92355f8,True,"1,1,0",official_adaptive,2,True,0.0,0,fe7575ffe52ec979b8469ed214b70fd8d10c7978a1befeafb37c78a3ba82c7fa,41708f0678b8248f1d89fe76c2e5a8a8ad41dac8629c277fcb69904d29a50d6e,3,1,c9a0257f27a860ba1a97805c8e44aaedd2fab1a56a9b411bfa212b22d93dca17,06071f887c068aa0e662bd8c4147a295edb26864487180a8d97dca80829e7d17,False,dead_end_aisles,0.18696175523556485,7608,22448,2159,21,policy_train_dead_end_aisles_0002,False,0.5,0.2055811770001128,0.2055811770001128,1,0.020831119999999998,0.06409908600005565,0.0959330890000274,lns2.receding_q_label_pilot.v1,target:16,0.14148209100005715,near_feasible,policy_train,s3__policy_train__policy_train_dead_end_aisles_0002__task_0012__seed_0000__realized_dynamic__decision_0000__0090,feasible,1
8,400,"62,138,144,156,202,228,269,372",neighborhood-e5f2343aff46a0ba,True,"1,0",official_adaptive,1,True,0.0,0,9aeab18fd0c3a0a9bdd8a72dd34d12e7ddf16a084f64b28cf0944c04611708fa,5d3722987ae022f615ad7b6a2c1b5c770720d6650ac31f08e77243a7e34b8af6,3,1,c9a0257f27a860ba1a97805c8e44aaedd2fab1a56a9b411bfa212b22d93dca17,06071f887c068aa0e662bd8c4147a295edb26864487180a8d97dca80829e7d17,False,dead_end_aisles,0.11780927442326294,3552,10615,864,8,policy_train_dead_end_aisles_0002,False,0.16666666666666666,0.1250295190000088,0.1250295190000088,2,0.010530627,0.02909642999998141,0.0959330890000274,lns2.receding_q_label_pilot.v1,target:8,0.0959330890000274,near_feasible,policy_train,s3__policy_train__policy_train_dead_end_aisles_0002__task_0012__seed_0000__realized_dynamic__decision_0000__0090,feasible,0
8,400,"62,138,144,156,202,228,269,372",neighborhood-e5f2343aff46a0ba,True,"1,0",official_adaptive,1,True,0.0,0,ba6d97e5d5b7e91be49df424afa0cedb668ffeaf59a9b083bf367062105b7b98,40b5e0993addb03607f74acd924f2ecfc6d682bcd3c1d31d7b09daca9d7c89d6,3,1,c9a0257f27a860ba1a97805c8e44aaedd2fab1a56a9b411bfa212b22d93dca17,06071f887c068aa0e662bd8c4147a295edb26864487180a8d97dca80829e7d17,False,dead_end_aisles,0.12401368964443159,5925,13843,2199,8,policy_train_dead_end_aisles_0002,False,0.16666666666666666,0.13203136800001403,0.13203136800001403,2,0.013851589,0.03609827899998663,0.0959330890000274,lns2.receding_q_label_pilot.v1,target:8,0.0959330890000274,near_feasible,policy_train,s3__policy_train__policy_train_dead_end_aisles_0002__task_0012__seed_0000__realized_dynamic__decision_0000__0090,feasible,1
8,600,"93,97,174,214,282,384,427,575",neighborhood-00786277cb79c057,True,"2,1,0",official_adaptive,2,True,0.0,0,ea99cf9553f3b2b461e4170061f9b9cf761f2f20a380d129ee73534dd0ad84f9,48bb35098287f4c367d600ad0f4dddffb758b276f982c133c654b70156646a8c,3,2,2399178568aa47f5d0bbe56a4a1ba15b0cfee5227e86cf01b4472395d4215490,d2e2f2081150cd72f57b90ab7c6fe55e7c484d2a56a4df6007d4c64df968e473,False,dead_end_aisles,0.19257654502979518,8401,25155,1037,16,policy_train_dead_end_aisles_0002,False,0.3333333333333333,0.15747274500009212,0.21236930100008067,1,0.023724252,0.09132008799997493,0.06255813700011004,lns2.receding_q_label_pilot.v1,random:8,0.12104921300010574,high_cost_progress,policy_train,s3__policy_train__policy_train_dead_end_aisles_0002__task_0019__seed_0000__official_adaptive__decision_0000__0093,feasible,0
8,600,"93,97,174,214,282,384,427,575",neighborhood-00786277cb79c057,True,"2,1,0",official_adaptive,2,True,0.0,0,b99044bc52bcffa1bcc927c2d8b6d157a1e6bc4479923c15bad1a565c7109b6e,8822842bd06568d95e3411ca4cffd3774a4b601292707945c3728b41c563a864,3,2,2399178568aa47f5d0bbe56a4a1ba15b0cfee5227e86cf01b4472395d4215490,d2e2f2081150cd72f57b90ab7c6fe55e7c484d2a56a4df6007d4c64df968e473,False,dead_end_aisles,0.19770557693083757,20691,30383,11362,16,policy_train_dead_end_aisles_0002,False,0.3333333333333333,0.16094291450011156,0.21860355600011872,1,0.035840949999999996,0.09693135499998107,0.06255813700011004,lns2.receding_q_label_pilot.v1,random:8,0.12167220100013765,high_cost_progress,policy_train,s3__policy_train__policy_train_dead_end_aisles_0002__task_0019__seed_0000__official_adaptive__decision_0000__0093,feasible,1
8,600,"93,97,174,214,282,384,427,575",neighborhood-00786277cb79c057,True,"2,1,0",official_adaptive,2,True,0.0,0,274fe96f2b73efb7ca4283d08f8465f461ea8e1fee30384c836b5289dcf8ff47,e3fbaa589d744c6f468342735ca1a8f905983c073252ced8ed5b903993d90343,3,2,2399178568aa47f5d0bbe56a4a1ba15b0cfee5227e86cf01b4472395d4215490,d2e2f2081150cd72f57b90ab7c6fe55e7c484d2a56a4df6007d4c64df968e473,False,dead_end_aisles,0.21915964528864784,5696,17471,977,16,policy_train_dead_end_aisles_0002,False,0.3333333333333333,0.17431959850011935,0.24503002400012974,1,0.016570187,0.07720337800003563,0.06255813700011004,lns2.receding_q_label_pilot.v1,random:8,0.16782664600009412,high_cost_progress,policy_train,s3__policy_train__policy_train_dead_end_aisles_0002__task_0019__seed_0000__official_adaptive__decision_0000__0093,feasible,2
8,600,"93,97,174,214,282,384,427,575",neighborhood-00786277cb79c057,True,"2,1,1,0",official_adaptive,3,True,0.0,0,3188a9601535932d29889d07d47e76b462af27f15655fcea652536c47dddedaf,61bce7356486ff650c50f4187e56276275a3af12c222850c18c0132b8d3bfba6,3,2,2399178568aa47f5d0bbe56a4a1ba15b0cfee5227e86cf01b4472395d4215490,d2e2f2081150cd72f57b90ab7c6fe55e7c484d2a56a4df6007d4c64df968e473,False,dead_end_aisles,0.26436668213666076,12586,34167,2378,24,policy_train_dead_end_aisles_0002,False,0.5,0.2047426550001319,0.30260575100015785,0,0.034211017999999996,0.12344966700004534,0.06255813700011004,lns2.receding_q_label_pilot.v1,random:8,0.17915608400011251,high_cost_progress,policy_train,s3__policy_train__policy_train_dead_end_aisles_0002__task_0019__seed_0000__official_adaptive__decision_0000__0093,feasible,3
4,600,"203,385,453,561",neighborhood-02ea817cfbcb3903,True,"2,1,0",official_adaptive,2,True,0.0,0,bf42347279fb360c6f59ef52dc0f98f35c73521285bd775bc151f36c556251af,1dec358020a3f90600b0440699eefa1b39225c5206885355b112f691bb0bb4bc,3,2,2399178568aa47f5d0bbe56a4a1ba15b0cfee5227e86cf01b4472395d4215490,d2e2f2081150cd72f57b90ab7c6fe55e7c484d2a56a4df6007d4c64df968e473,False,dead_end_aisles,0.18060981593459016,4335,12298,1053,12,policy_train_dead_end_aisles_0002,False,0.3333333333333333,0.14604847800012521,0.19794766800015395,1,0.012233966999999998,0.07215364000001045,0.06255813700011004,lns2.receding_q_label_pilot.v1,collision:4,0.1257940280001435,high_cost_progress,policy_train,s3__policy_train__policy_train_dead_end_aisles_0002__task_0019__seed_0000__official_adaptive__decision_0000__0093,feasible,0
4,600,"203,385,453,561",neighborhood-02ea817cfbcb3903,True,"2,1,1,0",official_adaptive,3,True,0.0,0,812373114c0191bc3ba680cae52d0105cb4ab600b6e3910009855a2d2ea766df,5c30822a06d8eeb10b7c7229901e681828e40e5253a848dfdf72ed84c1c7380f,3,2,2399178568aa47f5d0bbe56a4a1ba15b0cfee5227e86cf01b4472395d4215490,d2e2f2081150cd72f57b90ab7c6fe55e7c484d2a56a4df6007d4c64df968e473,False,dead_end_aisles,0.25508724491608004,7823,25001,802,20,policy_train_dead_end_aisles_0002,False,0.5,0.19311614000011446,0.2905742120001378,0,0.021279021999999998,0.10944617199999129,0.06255813700011004,lns2.receding_q_label_pilot.v1,collision:4,0.18112804000014648,high_cost_progress,policy_train,s3__policy_train__policy_train_dead_end_aisles_0002__task_0019__seed_0000__official_adaptive__decision_0000__0093,feasible,1
4,600,"203,385,453,561",neighborhood-02ea817cfbcb3903,True,"2,1,0",official_adaptive,2,True,0.0,0,ae5691adb4cf1bb8b7e49b435eb4330d78efebd7e695e4e8e4721ccb362a613f,a56fd9452ef507a3dd4dddbd57cb2fd387e95c9c5d32d96fd635b2eb54dbbdee,3,2,2399178568aa47f5d0bbe56a4a1ba15b0cfee5227e86cf01b4472395d4215490,d2e2f2081150cd72f57b90ab7c6fe55e7c484d2a56a4df6007d4c64df968e473,False,dead_end_aisles,0.17289463263968993,3906,12630,343,12,policy_train_dead_end_aisles_0002,False,0.3333333333333333,0.14098054700011176,0.18874084400010815,1,0.01039797,0.0675971829999753,0.06255813700011004,lns2.receding_q_label_pilot.v1,collision:4,0.12114366100013285,high_cost_progress,policy_train,s3__policy_train__policy_train_dead_end_aisles_0002__task_0019__seed_0000__official_adaptive__decision_0000__0093,feasible,2
4,600,"203,385,453,561",neighborhood-02ea817cfbcb3903,True,"2,1,0",official_adaptive,2,True,0.0,0,5d5f884eda2243471d4371f6aac04f5477e434b3d56c54cd2e7203fe485d2628,ec217e777a1ae9ea5e995ef6540fad94d5b8092cf37657e2aa72baa3c3e76f5a,3,2,2399178568aa47f5d0bbe56a4a1ba15b0cfee5227e86cf01b4472395d4215490,d2e2f2081150cd72f57b90ab7c6fe55e7c484d2a56a4df6007d4c64df968e473,False,dead_end_aisles,0.1983235681126533,7021,17634,1852,12,policy_train_dead_end_aisles_0002,False,0.3333333333333333,0.1595472655001231,0.21935687500013046,1,0.017915689,0.08716472899999417,0.06255813700011004,lns2.receding_q_label_pilot.v1,collision:4,0.1321921460001363,high_cost_progress,policy_train,s3__policy_train__policy_train_dead_end_aisles_0002__task_0019__seed_0000__official_adaptive__decision_0000__0093,feasible,3
8,600,"101,103,136,214,441,442,469,587",neighborhood-042cc5addba53e0c,True,"2,1,0",official_adaptive,2,True,0.0,0,412d604c00606af6bc043cf7d823d19d84caf3f5bddb916847cf9f02938e6e79,acfc12cf25b8e4151dd90b5f823fd1c919af67ee1d947d54ce8c09a4bf72f22d,3,2,2399178568aa47f5d0bbe56a4a1ba15b0cfee5227e86cf01b4472395d4215490,d2e2f2081150cd72f57b90ab7c6fe55e7c484d2a56a4df6007d4c64df968e473,False,dead_end_aisles,0.1970910431449395,9298,28404,806,16,policy_train_dead_end_aisles_0002,False,0.3333333333333333,0.16110983050009509,0.21785491300011017,1,0.024965913,0.08245843899999272,0.06255813700011004,lns2.receding_q_label_pilot.v1,collision:8,0.13539647400011745,high_cost_progress,policy_train,s3__policy_train__policy_train_dead_end_aisles_0002__task_0019__seed_0000__official_adaptive__decision_0000__0093,feasible,0
8,600,"101,103,136,214,441,442,469,587",neighborhood-042cc5addba53e0c,True,"2,1,0",official_adaptive,2,True,0.0,0,3b5598c1814069b24dd9195239673e3389ab6d569f75f05bf0f9a360d8a8827d,a41a9eb63ba454d48e0540d5b872ba67acb089ff3654f8a5c2b7bb33e6ed317b,3,2,2399178568aa47f5d0bbe56a4a1ba15b0cfee5227e86cf01b4472395d4215490,d2e2f2081150cd72f57b90ab7c6fe55e7c484d2a56a4df6007d4c64df968e473,False,dead_end_aisles,0.1949662331839995,20738,32564,10839,16,policy_train_dead_end_aisles_0002,False,0.3333333333333333,0.16056024400012348,0.2152699500001063,1,0.035032838,0.09582187900002737,0.06255813700011004,lns2.receding_q_label_pilot.v1,collision:8,0.11944807100007893,high_cost_progress,policy_train,s3__policy_train__policy_train_dead_end_aisles_0002__task_0019__seed_0000__official_adaptive__decision_0000__0093,feasible,1
8,600,"101,103,136,214,441,442,469,587",neighborhood-042cc5addba53e0c,True,"2,1,0",official_adaptive,2,True,0.0,0,ab1f4e44949126c33e0ea2e5416f49bc7258b86adc3b0d235a6e8907fab0e1ec,431a8a24d734ca2e5b54e42814806c5f6bce132fe115b3618a8b957468caae3d,3,2,2399178568aa47f5d0bbe56a4a1ba15b0cfee5227e86cf01b4472395d4215490,d2e2f2081150cd72f57b90ab7c6fe55e7c484d2a56a4df6007d4c64df968e473,False,dead_end_aisles,0.2108506948090329,10338,28340,1973,16,policy_train_dead_end_aisles_0002,False,0.3333333333333333,0.1730366440000921,0.23472799000006717,1,0.031425591,0.10463471999997864,0.06255813700011004,lns2.receding_q_label_pilot.v1,collision:8,0.13009327000008852,high_cost_progress,policy_train,s3__policy_train__policy_train_dead_end_aisles_0002__task_0019__seed_0000__official_adaptive__decision_0000__0093,feasible,2
8,600,"101,103,136,214,441,442,469,587",neighborhood-042cc5addba53e0c,True,"2,1,0",official_adaptive,2,True,0.0,0,f53572dadf387194a145fe0a56c22dba1f9c78d111475bfea98bf173d25fa200,68a4d32552bb93f954a9ceaec22eac64fb3ae58dd2dd1f747b6ed3f1b18f1ba2,3,2,2399178568aa47f5d0bbe56a4a1ba15b0cfee5227e86cf01b4472395d4215490,d2e2f2081150cd72f57b90ab7c6fe55e7c484d2a56a4df6007d4c64df968e473,False,dead_end_aisles,0.20070738106197406,6753,20455,1214,16,policy_train_dead_end_aisles_0002,False,0.3333333333333333,0.1637073920000489,0.22226706100002502,1,0.01882187,0.09420357399994828,0.06255813700011004,lns2.receding_q_label_pilot.v1,collision:8,0.12806348700007675,high_cost_progress,policy_train,s3__policy_train__policy_train_dead_end_aisles_0002__task_0019__seed_0000__official_adaptive__decision_0000__0093,feasible,3
16,600,"17,46,104,125,168,188,203,214,324,360,376,384,460,464,475,533",neighborhood-04b772e2c05ea3e7,True,"2,1,0",official_adaptive,2,True,0.0,0,d81f9f2488c569224f98b0410288d9eba0e4336af6c556e5884671f8567c2021,7cfaa3febd0683e897da950e7c978f5164b0b7997267a39bec2c86cac5061a83,3,2,2399178568aa47f5d0bbe56a4a1ba15b0cfee5227e86cf01b4472395d4215490,d2e2f2081150cd72f57b90ab7c6fe55e7c484d2a56a4df6007d4c64df968e473,False,dead_end_aisles,0.19640520581856402,12732,34907,2683,24,policy_train_dead_end_aisles_0002,False,0.3333333333333333,0.1661764190001236,0.21701994900013233,1,0.033885359,0.09454429400000208,0.06255813700011004,lns2.receding_q_label_pilot.v1,random:16,0.12247565500013025,high_cost_progress,policy_train,s3__policy_train__policy_train_dead_end_aisles_0002__task_0019__seed_0000__official_adaptive__decision_0000__0093,feasible,0
16,600,"17,46,104,125,168,188,203,214,324,360,376,384,460,464,475,533",neighborhood-04b772e2c05ea3e7,True,"2,1,0",official_adaptive,2,True,0.0,0,8e7ea037b1b776c6bd42e6b0bbdbb9a435dc3437604b53e9c2eee8859b1628c7,a2024dee7d75fc6621e54b792f09a1415622e1d1e8cecb02d0c5494bb42afa49,3,2,2399178568aa47f5d0bbe56a4a1ba15b0cfee5227e86cf01b4472395d4215490,d2e2f2081150cd72f57b90ab7c6fe55e7c484d2a56a4df6007d4c64df968e473,False,dead_end_aisles,0.20891292982486312,29642,49132,14299,24,policy_train_dead_end_aisles_0002,False,0.3333333333333333,0.17569752550002704,0.23233769399996618,1,0.050763595,0.11193006699988928,0.06255813700011004,lns2.receding_q_label_pilot.v1,random:16,0.1204076270000769,high_cost_progress,policy_train,s3__policy_train__policy_train_dead_end_aisles_0002__task_0019__seed_0000__official_adaptive__decision_0000__0093,feasible,1
16,600,"17,46,104,125,168,188,203,214,324,360,376,384,460,464,475,533",neighborhood-04b772e2c05ea3e7,True,"2,1,0",official_adaptive,2,True,0.0,0,50e88714ae4ec409badb5a7868906f4bc5919ea47a6c62845e26bd760afc059e,7e0bab72ebf831bd0957fbb6b8f9e1c311c6500fa2df604e4cfc4f088f010f96,3,2,2399178568aa47f5d0bbe56a4a1ba15b0cfee5227e86cf01b4472395d4215490,d2e2f2081150cd72f57b90ab7c6fe55e7c484d2a56a4df6007d4c64df968e473,False,dead_end_aisles,0.19778589433093566,11896,31490,2924,24,policy_train_dead_end_aisles_0002,False,0.3333333333333333,0.16907346200011375,0.21870143500012773,1,0.031288924,0.09579994800003533,0.06255813700011004,lns2.receding_q_label_pilot.v1,random:16,0.1229014870000924,high_cost_progress,policy_train,s3__policy_train__policy_train_dead_end_aisles_0002__task_0019__seed_0000__official_adaptive__decision_0000__0093,feasible,2
16,600,"17,46,104,125,168,188,203,214,324,360,376,384,460,464,475,533",neighborhood-04b772e2c05ea3e7,True,"2,1,0",official_adaptive,2,True,0.0,0,2aa317a1aebad9be45666b36862a60f8fa3d4683f0cc89c47f39fa76c3d66205,180e062216e3890cda063e3db0ba247f97d96ef981ce90087bf0f900cb8a4519,3,2,2399178568aa47f5d0bbe56a4a1ba15b0cfee5227e86cf01b4472395d4215490,d2e2f2081150cd72f57b90ab7c6fe55e7c484d2a56a4df6007d4c64df968e473,False,dead_end_aisles,0.20579253568889738,14153,36493,3301,24,policy_train_dead_end_aisles_0002,False,0.3333333333333333,0.1729048345001445,0.22849830800015525,1,0.031512683,0.09347989400004053,0.06255813700011004,lns2.receding_q_label_pilot.v1,random:16,0.13501841400011472,high_cost_progress,policy_train,s3__policy_train__policy_train_dead_end_aisles_0002__task_0019__seed_0000__official_adaptive__decision_0000__0093,feasible,3
6,600,"26,127,170,214,442,558",neighborhood-04c78e7898a7fec9,True,"2,1,0",official_adaptive,2,True,0.0,0,b40ed61549ed3ff983e25354a8a719002842446690630fe5efb55663804635ed,c280a2060b7006318dfa4e5bc695a7fb5ff76856f30f26e4a372ba98cfe792e0,3,2,2399178568aa47f5d0bbe56a4a1ba15b0cfee5227e86cf01b4472395d4215490,d2e2f2081150cd72f57b90ab7c6fe55e7c484d2a56a4df6007d4c64df968e473,False,dead_end_aisles,0.188873483468979,8271,24370,1000,14,policy_train_dead_end_aisles_0002,False,0.3333333333333333,0.15407164050009214,0.2078881250000677,1,0.023036025,0.07863247099999171,0.06255813700011004,lns2.receding_q_label_pilot.v1,target:8,0.129255654000076,high_cost_progress,policy_train,s3__policy_train__policy_train_dead_end_aisles_0002__task_0019__seed_0000__official_adaptive__decision_0000__0093,feasible,0
6,600,"26,127,170,214,442,558",neighborhood-04c78e7898a7fec9,True,"2,1,0",official_adaptive,2,True,0.0,0,7aa88c0f5f49d96761058bbde79f0b063891850ce63a4b338feba6d8af762151,9e293d91a718eaba5641ae80e539a4e4d7e724e78e962698d5520661663e594a,3,2,2399178568aa47f5d0bbe56a4a1ba15b0cfee5227e86cf01b4472395d4215490,d2e2f2081150cd72f57b90ab7c6fe55e7c484d2a56a4df6007d4c64df968e473,False,dead_end_aisles,0.1958260854488642,21843,30871,12080,14,policy_train_dead_end_aisles_0002,False,0.3333333333333333,0.1601506725002082,0.2163153520002652,1,0.03588258,0.09495645500010141,0.06255813700011004,lns2.receding_q_label_pilot.v1,target:8,0.12135889700016378,high_cost_progress,policy_train,s3__policy_train__policy_train_dead_end_aisles_0002__task_0019__seed_0000__official_adaptive__decision_0000__0093,feasible,1
6,600,"26,127,170,214,442,558",neighborhood-04c78e7898a7fec9,True,"2,1,0",official_adaptive,2,True,0.0,0,56c7795e41bae620d1817d1879cb4cc44c288649b0e00a2e4694b377f19014f0,9d51e60b2db4ca8b7f6bca3ae880bee4cb16fe34429b47d5267bf61288bb1f98,3,2,2399178568aa47f5d0bbe56a4a1ba15b0cfee5227e86cf01b4472395d4215490,d2e2f2081150cd72f57b90ab7c6fe55e7c484d2a56a4df6007d4c64df968e473,False,dead_end_aisles,0.19124582016584205,5754,17939,602,14,policy_train_dead_end_aisles_0002,False,0.3333333333333333,0.15789830950009787,0.2107570440001041,1,0.017270371,0.08279996300001358,0.06255813700011004,lns2.receding_q_label_pilot.v1,target:8,0.1279570810000905,high_cost_progress,policy_train,s3__policy_train__policy_train_dead_end_aisles_0002__task_0019__seed_0000__official_adaptive__decision_0000__0093,feasible,2
6,600,"26,127,170,214,442,558",neighborhood-04c78e7898a7fec9,True,"2,1,1,0",official_adaptive,3,True,0.0,0,f75dfcc840535310e4b3aaf983b9d559fa287022f0aeb1858b2f682ba8fe8797,fa48ed3fa5e5b2ced4027daa3cd835c234991bd1b4b67881d4b5e5fa6f0c3aaf,3,2,2399178568aa47f5d0bbe56a4a1ba15b0cfee5227e86cf01b4472395d4215490,d2e2f2081150cd72f57b90ab7c6fe55e7c484d2a56a4df6007d4c64df968e473,False,dead_end_aisles,0.2826548428320138,11040,31516,1580,22,policy_train_dead_end_aisles_0002,False,0.5,0.21593721450011572,0.32664718100011214,0,0.030115282,0.1264347599999951,0.06255813700011004,lns2.receding_q_label_pilot.v1,target:8,0.20021242100011705,high_cost_progress,policy_train,s3__policy_train__policy_train_dead_end_aisles_0002__task_0019__seed_0000__official_adaptive__decision_0000__0093,feasible,3
16,600,"14,26,96,148,166,173,212,214,241,244,288,318,357,377,426,442",neighborhood-05a3cc318280ee06,True,"2,1,0",official_adaptive,2,True,0.0,0,02777ef280d632c8211e8579e0801fe0c091b374b581f96619810b666dea3deb,739dc11015b046479ececfe22510b60d3859318ca89d8bab01f6dcb8dbec13d8,3,2,2399178568aa47f5d0bbe56a4a1ba15b0cfee5227e86cf01b4472395d4215490,d2e2f2081150cd72f57b90ab7c6fe55e7c484d2a56a4df6007d4c64df968e473,False,dead_end_aisles,0.20045921055545218,14275,42925,1562,24,policy_train_dead_end_aisles_0002,False,0.3333333333333333,0.1701094185001466,0.22196376800013695,1,0.042248757,0.0998800749999873,0.06255813700011004,lns2.receding_q_label_pilot.v1,collision:16,0.12208369300014965,high_cost_progress,policy_train,s3__policy_train__policy_train_dead_end_aisles_0002__task_0019__seed_0000__official_adaptive__decision_0000__0093,feasible,0
16,600,"14,26,96,148,166,173,212,214,241,244,288,318,357,377,426,442",neighborhood-05a3cc318280ee06,True,"2,1,0",official_adaptive,2,True,0.0,0,333cda4651e3fbf1ea8261759bc25f88d4e57eca0d0eca729a55ef4c4d48979e,c70deb9ecbaf80bd88f51310f6671e846717a418865027fe43eecbe3659bb956,3,2,2399178568aa47f5d0bbe56a4a1ba15b0cfee5227e86cf01b4472395d4215490,d2e2f2081150cd72f57b90ab7c6fe55e7c484d2a56a4df6007d4c64df968e473,False,dead_end_aisles,0.2027695476936743,24381,42670,11508,24,policy_train_dead_end_aisles_0002,False,0.3333333333333333,0.16818929550004214,0.2247901800000136,1,0.044888485,0.10263726199991652,0.06255813700011004,lns2.receding_q_label_pilot.v1,collision:16,0.12215291800009709,high_cost_progress,policy_train,s3__policy_train__policy_train_dead_end_aisles_0002__task_0019__seed_0000__official_adaptive__decision_0000__0093,feasible,1
16,600,"14,26,96,148,166,173,212,214,241,244,288,318,357,377,426,442",neighborhood-05a3cc318280ee06,True,"2,1,0",official_adaptive,2,True,0.0,0,bbd6aa92b9f02efd3d5d5699010dbd2d849c057e5f17df301156994366f64e05,66cd765b2d9e396929303fb0a4f72f3e634ad39bfde56b61af34ba93fc2d6efc,3,2,2399178568aa47f5d0bbe56a4a1ba15b0cfee5227e86cf01b4472395d4215490,d2e2f2081150cd72f57b90ab7c6fe55e7c484d2a56a4df6007d4c64df968e473,False,dead_end_aisles,0.20507160170708472,11733,35923,1552,24,policy_train_dead_end_aisles_0002,False,0.3333333333333333,0.1758718625000597,0.22761296100003392,1,0.037107886,0.10096184199994696,0.06255813700011004,lns2.receding_q_label_pilot.v1,collision:16,0.12665111900008696,high_cost_progress,policy_train,s3__policy_train__policy_train_dead_end_aisles_0002__task_0019__seed_0000__official_adaptive__decision_0000__0093,feasible,2
16,600,"14,26,96,148,166,173,212,214,241,244,288,318,357,377,426,442",neighborhood-05a3cc318280ee06,True,"2,1,1,1",official_adaptive,3,False,0.5,1,0c8c2bda80324a3a44689a6c461675ca708bb5e40fad7921dd2ccb1f9b462d59,15510cdc61e011b662fd7119c02861117edbfe08ab7625e87e206da609cdb9b5,3,2,2399178568aa47f5d0bbe56a4a1ba15b0cfee5227e86cf01b4472395d4215490,d2e2f2081150cd72f57b90ab7c6fe55e7c484d2a56a4df6007d4c64df968e473,False,dead_end_aisles,0.3102070752775883,18215,53350,2158,32,policy_train_dead_end_aisles_0002,False,0.5833333333333334,0.2437579970001309,0.3637074750001261,0,0.056342573,0.16182606200004557,0.06255813700011004,lns2.receding_q_label_pilot.v1,collision:16,0.20188141300008056,high_cost_progress,policy_train,s3__policy_train__policy_train_dead_end_aisles_0002__task_0019__seed_0000__official_adaptive__decision_0000__0093,horizon_complete,3
16,600,"40,92,122,124,160,161,326,350,425,427,437,438,453,457,547,586",neighborhood-062da7cbb7252d6a,True,"2,2,1,0",official_adaptive,3,True,0.0,0,68596d4a4ac314ada5a669677d64d037d04d93aae1afe769f70543f6ca535b2f,edb535eedd513dea273c3dd04b539d871d601e0172c3137c8ff017e1b4e5bc78,3,2,2399178568aa47f5d0bbe56a4a1ba15b0cfee5227e86cf01b4472395d4215490,d2e2f2081150cd72f57b90ab7c6fe55e7c484d2a56a4df6007d4c64df968e473,False,dead_end_aisles,0.2800758352332621,20200,39217,8644,32,policy_train_dead_end_aisles_0002,False,0.6666666666666666,0.27044511350010225,0.32323015600013605,0,0.041260002,0.12907937199997832,0.06255813700011004,lns2.receding_q_label_pilot.v1,random:16,0.19415078400015773,high_cost_progress,policy_train,s3__policy_train__policy_train_dead_end_aisles_0002__task_0019__seed_0000__official_adaptive__decision_0000__0093,feasible,0
16,600,"40,92,122,124,160,161,326,350,425,427,437,438,453,457,547,586",neighborhood-062da7cbb7252d6a,True,"2,2,2,1",official_adaptive,3,False,0.5,1,c320e2aa4d292cbc43e7d1d88cdb4bbf8d30a1bd85a77cf47d50aff70d2eed9d,e822c795911a776f5e76a87d38aac076222afe3e3158f7f530a28a4c9aa0b03e,3,2,2399178568aa47f5d0bbe56a4a1ba15b0cfee5227e86cf01b4472395d4215490,d2e2f2081150cd72f57b90ab7c6fe55e7c484d2a56a4df6007d4c64df968e473,False,dead_end_aisles,0.27948254779019704,11593,35558,1145,30,policy_train_dead_end_aisles_0002,False,0.9166666666666666,0.32244533300013245,0.32244533300013245,0,0.032164072,0.12361338499999874,0.06255813700011004,lns2.receding_q_label_pilot.v1,random:16,0.1988319480001337,high_cost_progress,policy_train,s3__policy_train__policy_train_dead_end_aisles_0002__task_0019__seed_0000__official_adaptive__decision_0000__0093,horizon_complete,1
16,600,"40,92,122,124,160,161,326,350,425,427,437,438,453,457,547,586",neighborhood-062da7cbb7252d6a,True,"2,2,1,1",official_adaptive,3,False,0.5,1,9fbb41b48d123291f342d8f5510f01385592627f7e8e447f311d9fcc19aa095f,e0d9719127b72c96eed342675ff94060085c931d6cc303909536b8a41530050a,3,2,2399178568aa47f5d0bbe56a4a1ba15b0cfee5227e86cf01b4472395d4215490,d2e2f2081150cd72f57b90ab7c6fe55e7c484d2a56a4df6007d4c64df968e473,False,dead_end_aisles,0.2898282101001688,7614,24327,550,24,policy_train_dead_end_aisles_0002,False,0.75,0.28363926000022843,0.33619792300021345,0,0.025765633000000003,0.1264697680000495,0.06255813700011004,lns2.receding_q_label_pilot.v1,random:16,0.20972815500016395,high_cost_progress,policy_train,s3__policy_train__policy_train_dead_end_aisles_0002__task_0019__seed_0000__official_adaptive__decision_0000__0093,horizon_complete,2
16,600,"40,92,122,124,160,161,326,350,425,427,437,438,453,457,547,586",neighborhood-062da7cbb7252d6a,True,"2,2,1,0",official_adaptive,3,True,0.0,0,09ef8a77a48b3353a8c7fb73a1154b3ef2b78e02863cbf46a993f939f291f3ef,1d1bed120609b98b2c5dca1a19cbf48e52d9909bc9af8ef735f370014ea42be0,3,2,2399178568aa47f5d0bbe56a4a1ba15b0cfee5227e86cf01b4472395d4215490,d2e2f2081150cd72f57b90ab7c6fe55e7c484d2a56a4df6007d4c64df968e473,False,dead_end_aisles,0.30722793075636706,13550,36163,2915,30,policy_train_dead_end_aisles_0002,False,0.6666666666666666,0.30445787750019804,0.35965083900021,0,0.038986337999999995,0.14406171100006304,0.06255813700011004,lns2.receding_q_label_pilot.v1,random:16,0.21558912800014696,high_cost_progress,policy_train,s3__policy_train__policy_train_dead_end_aisles_0002__task_0019__seed_0000__official_adaptive__decision_0000__0093,feasible,3
8,600,"161,259,327,338,426,453,475,561",neighborhood-08f619b14a47e8e5,True,"2,1,0",official_adaptive,2,True,0.0,0,ff34fccece1bd2b0be4e32738aad706d647e3eb1d939a76b26074001eecfd238,90d4e5a38b26d0fac57dbada495c09d8678a3755285627ec221e3716b0fc39ae,3,2,2399178568aa47f5d0bbe56a4a1ba15b0cfee5227e86cf01b4472395d4215490,d2e2f2081150cd72f57b90ab7c6fe55e7c484d2a56a4df6007d4c64df968e473,False,dead_end_aisles,0.1759942087803223,6247,17897,980,16,policy_train_dead_end_aisles_0002,False,0.3333333333333333,0.14520234549996758,0.19243115299991587,1,0.016637736,0.07235907099982342,0.06255813700011004,lns2.receding_q_label_pilot.v1,collision:8,0.12007208200009245,high_cost_progress,policy_train,s3__policy_train__policy_train_dead_end_aisles_0002__task_0019__seed_0000__official_adaptive__decision_0000__0093,feasible,0
8,600,"161,259,327,338,426,453,475,561",neighborhood-08f619b14a47e8e5,True,"2,1,0",official_adaptive,2,True,0.0,0,aaa722d2b1a47230465e722a44ecfbebe19c78dbc9a7931ad02eb935c9af66cc,ba5beba62d3ba56f0073062483e3dc95b48a831c3130aa1e0f542403102f870a,3,2,2399178568aa47f5d0bbe56a4a1ba15b0cfee5227e86cf01b4472395d4215490,d2e2f2081150cd72f57b90ab7c6fe55e7c484d2a56a4df6007d4c64df968e473,False,dead_end_aisles,0.19284712233309012,5967,18061,638,16,policy_train_dead_end_aisles_0002,False,0.3333333333333333,0.15646363000013253,0.2126973850001832,1,0.0160248,0.07623578200002612,0.06255813700011004,lns2.receding_q_label_pilot.v1,collision:8,0.13646160300015708,high_cost_progress,policy_train,s3__policy_train__policy_train_dead_end_aisles_0002__task_0019__seed_0000__official_adaptive__decision_0000__0093,feasible,1
8,600,"161,259,327,338,426,453,475,561",neighborhood-08f619b14a47e8e5,True,"2,1,0",official_adaptive,2,True,0.0,0,b0e4a02b18c90909efc29edb32e558cd6b5fb9b5f2b530a0e9dbe7644ca42b3d,2c123c2a5e83004fceb216d247c8677765c505816f50e26f696e66445a577003,3,2,2399178568aa47f5d0bbe56a4a1ba15b0cfee5227e86cf01b4472395d4215490,d2e2f2081150cd72f57b90ab7c6fe55e7c484d2a56a4df6007d4c64df968e473,False,dead_end_aisles,0.19825563491337106,5911,18035,500,16,policy_train_dead_end_aisles_0002,False,0.3333333333333333,0.1603033105000975,0.21927404300009812,1,0.020042381999999997,0.08656292599999915,0.06255813700011004,lns2.receding_q_label_pilot.v1,collision:8,0.13271111700009897,high_cost_progress,policy_train,s3__policy_train__policy_train_dead_end_aisles_0002__task_0019__seed_0000__official_adaptive__decision_0000__0093,feasible,2
8,600,"161,259,327,338,426,453,475,561",neighborhood-08f619b14a47e8e5,True,"2,1,0",official_adaptive,2,True,0.0,0,ece06a350d5d1f0630d747f7b62b75024ca081c626742dcc56e43f10fd9f4b4b,c4266e4ee3837c97df1d7e59b7e57b30e239a72dd121b99d6ba055b67cc60967,3,2,2399178568aa47f5d0bbe56a4a1ba15b0cfee5227e86cf01b4472395d4215490,d2e2f2081150cd72f57b90ab7c6fe55e7c484d2a56a4df6007d4c64df968e473,False,dead_end_aisles,0.20805391890144212,7397,20669,1113,16,policy_train_dead_end_aisles_0002,False,0.3333333333333333,0.167473817500138,0.231279557000164,1,0.020862833,0.08579724000003353,0.06255813700011004,lns2.receding_q_label_pilot.v1,collision:8,0.14548231700013048,high_cost_progress,policy_train,s3__policy_train__policy_train_dead_end_aisles_0002__task_0019__seed_0000__official_adaptive__decision_0000__0093,feasible,3
16,600,"14,17,125,127,135,170,181,214,263,271,294,386,442,445,489,501",neighborhood-0903f5551be3ea91,True,"2,1,0",official_adaptive,2,True,0.0,0,ad5bf5b3c42d9941b44852303717a591f5d857b303492c6ce43665ad70e6af70,c6677ef5a6f7d115af1c23901dec1f4b5106658869685a1282a26d11d487c72a,3,2,2399178568aa47f5d0bbe56a4a1ba15b0cfee5227e86cf01b4472395d4215490,d2e2f2081150cd72f57b90ab7c6fe55e7c484d2a56a4df6007d4c64df968e473,False,dead_end_aisles,0.1919789181681269,11843,34341,1723,24,policy_train_dead_end_aisles_0002,False,0.3333333333333333,0.16164219500006993,0.21164497300003404,1,0.031775608,0.09111303399993176,0.06255813700011004,lns2.receding_q_label_pilot.v1,target:16,0.12053193900010228,high_cost_progress,policy_train,s3__policy_train__policy_train_dead_end_aisles_0002__task_0019__seed_0000__official_adaptive__decision_0000__0093,feasible,0
16,600,"14,17,125,127,135,170,181,214,263,271,294,386,442,445,489,501",neighborhood-0903f5551be3ea91,True,"2,1,0",official_adaptive,2,True,0.0,0,348f900c5c6c974ca04a364bf67e3b4bc5f6992aa2fc7dfba579ae5b1e80a69f,a71191089e4540d6b8f91d36948d938bb71531ac05d39035bc5d71f474ce07d5,3,2,2399178568aa47f5d0bbe56a4a1ba15b0cfee5227e86cf01b4472395d4215490,d2e2f2081150cd72f57b90ab7c6fe55e7c484d2a56a4df6007d4c64df968e473,False,dead_end_aisles,0.20687976604376926,22754,39115,10726,24,policy_train_dead_end_aisles_0002,False,0.3333333333333333,0.1706720870001277,0.22983469500013598,1,0.040956418,0.10182629799999177,0.06255813700011004,lns2.receding_q_label_pilot.v1,target:16,0.12800839700014421,high_cost_progress,policy_train,s3__policy_train__policy_train_dead_end_aisles_0002__task_0019__seed_0000__official_adaptive__decision_0000__0093,feasible,1
16,600,"14,17,125,127,135,170,181,214,263,271,294,386,442,445,489,501",neighborhood-0903f5551be3ea91,True,"2,1,0",official_adaptive,2,True,0.0,0,6ed8f2ce7fb54c3b0eaa2912e143ef50fa827dc295abe702257af10c21dde91e,844f84176e55ffb82d2b5b012831e7bb5bb8322d0907fa4521c437ec0c194370,3,2,2399178568aa47f5d0bbe56a4a1ba15b0cfee5227e86cf01b4472395d4215490,d2e2f2081150cd72f57b90ab7c6fe55e7c484d2a56a4df6007d4c64df968e473,False,dead_end_aisles,0.1989975553617718,8654,27653,810,24,policy_train_dead_end_aisles_0002,False,0.3333333333333333,0.16756190600005993,0.22017898300003935,1,0.027195654,0.09126674199995932,0.06255813700011004,lns2.receding_q_label_pilot.v1,target:16,0.12891224100008003,high_cost_progress,policy_train,s3__policy_train__policy_train_dead_end_aisles_0002__task_0019__seed_0000__official_adaptive__decision_0000__0093,feasible,2
16,600,"14,17,125,127,135,170,181,214,263,271,294,386,442,445,489,501",neighborhood-0903f5551be3ea91,True,"2,1,1,1",official_adaptive,3,False,0.5,1,dd807db09746f088ea0ab31f6444071e0100075f0a1e597f3186cd9131d3686a,e790ba2f560bcdf9200830644280e69b79213eb4a1e5f63ce76e99c8c30e3906,3,2,2399178568aa47f5d0bbe56a4a1ba15b0cfee5227e86cf01b4472395d4215490,d2e2f2081150cd72f57b90ab7c6fe55e7c484d2a56a4df6007d4c64df968e473,False,dead_end_aisles,0.29165177748632565,14617,44871,1079,32,policy_train_dead_end_aisles_0002,False,0.5833333333333334,0.2252057800000955,0.33863679300009153,0,0.043987723,0.14439536200001157,0.06255813700011004,lns2.receding_q_label_pilot.v1,target:16,0.19424143100007996,high_cost_progress,policy_train,s3__policy_train__policy_train_dead_end_aisles_0002__task_0019__seed_0000__official_adaptive__decision_0000__0093,horizon_complete,3
16,600,"47,87,101,113,137,145,161,202,261,353,453,509,519,539,561,571",neighborhood-1064b0f12e5766de,True,"2,1,0",official_adaptive,2,True,0.0,0,4c91020d24ffb5c0e1e28c091e5b0ed7e1d2c75e2820575748f5ea46404da44e,9588e5c684e870e62b640e24bc3e7b0902347e9f56c26402987ab4c8a6e3c16b,3,2,2399178568aa47f5d0bbe56a4a1ba15b0cfee5227e86cf01b4472395d4215490,d2e2f2081150cd72f57b90ab7c6fe55e7c484d2a56a4df6007d4c64df968e473,False,dead_end_aisles,0.23335546141792265,54334,49806,36528,24,policy_train_dead_end_aisles_0002,False,0.3333333333333333,0.21430521250005086,0.2628302870000425,1,0.080991525,0.14187095799991312,0.06255813700011004,lns2.receding_q_label_pilot.v1,collision:16,0.1209593290001294,high_cost_progress,policy_train,s3__policy_train__policy_train_dead_end_aisles_0002__task_0019__seed_0000__official_adaptive__decision_0000__0093,feasible,0
16,600,"47,87,101,113,137,145,161,202,261,353,453,509,519,539,561,571",neighborhood-1064b0f12e5766de,True,"2,1,1,0",official_adaptive,3,True,0.0,0,e246a4a0382a74199c8789f15a125e3c3d9233a499f87c92ab17a7d32b163266,3e6afcaeaa946cc4db7af6d731997c979ad9a1f371ae3bc778dcbae2cde8c589,3,2,2399178568aa47f5d0bbe56a4a1ba15b0cfee5227e86cf01b4472395d4215490,d2e2f2081150cd72f57b90ab7c6fe55e7c484d2a56a4df6007d4c64df968e473,False,dead_end_aisles,0.2777601457779818,14791,42127,3109,32,policy_train_dead_end_aisles_0002,False,0.5,0.21532734050026647,0.3201695110003584,0,0.038620201,0.12870319900014238,0.06255813700011004,lns2.receding_q_label_pilot.v1,collision:16,0.19146631200021602,high_cost_progress,policy_train,s3__policy_train__policy_train_dead_end_aisles_0002__task_0019__seed_0000__official_adaptive__decision_0000__0093,feasible,1
16,600,"47,87,101,113,137,145,161,202,261,353,453,509,519,539,561,571",neighborhood-1064b0f12e5766de,True,"2,2,1,1",official_adaptive,3,False,0.5,1,fb9c4b4f39d59708b823ebedcc8b9d4ebcacf178848f807374d611039525d93c,1a1ae06abbf48f1aa17596d49382c32d5ffedf638d6db96a39df849e77e096ae,3,2,2399178568aa47f5d0bbe56a4a1ba15b0cfee5227e86cf01b4472395d4215490,d2e2f2081150cd72f57b90ab7c6fe55e7c484d2a56a4df6007d4c64df968e473,False,dead_end_aisles,0.3306061590676522,55616,51772,36677,24,policy_train_dead_end_aisles_0002,False,0.75,0.3450398100001735,0.39181153200019025,0,0.09074481100000001,0.1902598070000181,0.06255813700011004,lns2.receding_q_label_pilot.v1,collision:16,0.20155172500017215,high_cost_progress,policy_train,s3__policy_train__policy_train_dead_end_aisles_0002__task_0019__seed_0000__official_adaptive__decision_0000__0093,horizon_complete,2
16,600,"47,87,101,113,137,145,161,202,261,353,453,509,519,539,561,571",neighborhood-1064b0f12e5766de,True,"2,1,0",official_adaptive,2,True,0.0,0,1ad0edbcd91d1f46dce07bae59f4eb6f565ea4a11d8cb8866709771a7ce22e3f,66e42d851441baf66f50d7a33c06e1bbbd85514886c04716eec8e8affaa899ef,3,2,2399178568aa47f5d0bbe56a4a1ba15b0cfee5227e86cf01b4472395d4215490,d2e2f2081150cd72f57b90ab7c6fe55e7c484d2a56a4df6007d4c64df968e473,False,dead_end_aisles,0.2671244238338244,55787,50908,37328,24,policy_train_dead_end_aisles_0002,False,0.3333333333333333,0.24917363200012232,0.3062029590001316,1,0.104511938,0.1713467719999926,0.06255813700011004,lns2.receding_q_label_pilot.v1,collision:16,0.13485618700013902,high_cost_progress,policy_train,s3__policy_train__policy_train_dead_end_aisles_0002__task_0019__seed_0000__official_adaptive__decision_0000__0093,feasible,3
4,600,"190,214,442,530",neighborhood-1284d15a711b0c73,True,"2,1,0",official_adaptive,2,True,0.0,0,427ebf559c6e7f412c05298389b6012f61c5136620075d565e46989ea7d84781,a5bc4dfaff070f978bdc0d31324bee56adf24dbc88b52c7f96738584a292d20f,3,2,2399178568aa47f5d0bbe56a4a1ba15b0cfee5227e86cf01b4472395d4215490,d2e2f2081150cd72f57b90ab7c6fe55e7c484d2a56a4df6007d4c64df968e473,False,dead_end_aisles,0.19020169264114364,6123,19912,352,12,policy_train_dead_end_aisles_0002,False,0.3333333333333333,0.15633350950014346,0.2094935190001479,1,0.020964860000000002,0.08603478100008033,0.06255813700011004,lns2.receding_q_label_pilot.v1,random:4,0.12345873800006757,high_cost_progress,policy_train,s3__policy_train__policy_train_dead_end_aisles_0002__task_0019__seed_0000__official_adaptive__decision_0000__0093,feasible,0
4,600,"190,214,442,530",neighborhood-1284d15a711b0c73,True,"2,2,1,0",official_adaptive,3,True,0.0,0,7eade0cba9266054f9ad877afa8c5fdf5a80450d5ab4dee6fab3a608e81aac11,47ab80742bbc1fe5464b2171156f914e6333634f5900c2d1be2fec32a12a894a,3,2,2399178568aa47f5d0bbe56a4a1ba15b0cfee5227e86cf01b4472395d4215490,d2e2f2081150cd72f57b90ab7c6fe55e7c484d2a56a4df6007d4c64df968e473,False,dead_end_aisles,0.2647882381143188,9165,29396,1209,20,policy_train_dead_end_aisles_0002,False,0.6666666666666666,0.2559969845000296,0.3031549879999602,0,0.027531212,0.11577595799997198,0.06255813700011004,lns2.receding_q_label_pilot.v1,random:4,0.18737902999998823,high_cost_progress,policy_train,s3__policy_train__policy_train_dead_end_aisles_0002__task_0019__seed_0000__official_adaptive__decision_0000__0093,feasible,1
4,600,"190,214,442,530",neighborhood-1284d15a711b0c73,True,"2,1,0",official_adaptive,2,True,0.0,0,01253d0c6ae881aca2ccce96613c3a29ce173475be98ff011d6347cde43189d9,c0308251fbf6dc25ca8bb24e161b2cd238884099cd3ae758c45d30157d5db2ec,3,2,2399178568aa47f5d0bbe56a4a1ba15b0cfee5227e86cf01b4472395d4215490,d2e2f2081150cd72f57b90ab7c6fe55e7c484d2a56a4df6007d4c64df968e473,False,dead_end_aisles,0.18581006237663095,4284,13701,721,12,policy_train_dead_end_aisles_0002,False,0.3333333333333333,0.15179195450011207,0.20419351700013522,1,0.013752562999999999,0.07875849700002391,0.06255813700011004,lns2.receding_q_label_pilot.v1,random:4,0.1254350200001113,high_cost_progress,policy_train,s3__policy_train__policy_train_dead_end_aisles_0002__task_0019__seed_0000__official_adaptive__decision_0000__0093,feasible,2
4,600,"190,214,442,530",neighborhood-1284d15a711b0c73,True,"2,2,1,0",official_adaptive,3,True,0.0,0,2fd58d12d527a635c2c978a164b808c8bca4f9594b8c9877f11ae06b57e1f2ac,bf24b1d96a55955d8e674308d8526ab28c668d887b017a66c8bf1a5e808703dd,3,2,2399178568aa47f5d0bbe56a4a1ba15b0cfee5227e86cf01b4472395d4215490,d2e2f2081150cd72f57b90ab7c6fe55e7c484d2a56a4df6007d4c64df968e473,False,dead_end_aisles,0.27371821678991354,11120,28374,2872,18,policy_train_dead_end_aisles_0002,False,0.6666666666666666,0.26402175750010315,0.3148442490000889,0,0.028010717,0.12193375100002868,0.06255813700011004,lns2.receding_q_label_pilot.v1,random:4,0.19291049800006022,high_cost_progress,policy_train,s3__policy_train__policy_train_dead_end_aisles_0002__task_0019__seed_0000__official_adaptive__decision_0000__0093,feasible,3
4,600,"26,214,294,442",neighborhood-1505cfdfe4938a97,True,"2,1,0",official_adaptive,2,True,0.0,0,5c0f8bf4178a9815fdc77e1738793c99020b8ada529722bc6b4348af2e7e7014,85b0114ebbb0a09ffae529b1dccfe34c0d7c072d9fb0c929d3da5181e5b88880,3,2,2399178568aa47f5d0bbe56a4a1ba15b0cfee5227e86cf01b4472395d4215490,d2e2f2081150cd72f57b90ab7c6fe55e7c484d2a56a4df6007d4c64df968e473,False,dead_end_aisles,0.21005399969949748,6867,20856,789,12,policy_train_dead_end_aisles_0002,False,0.3333333333333333,0.1704463574999977,0.2337446799999725,1,0.022145871999999997,0.0926637299999129,0.06255813700011004,lns2.receding_q_label_pilot.v1,collision:4,0.1410809500000596,high_cost_progress,policy_train,s3__policy_train__policy_train_dead_end_aisles_0002__task_0019__seed_0000__official_adaptive__decision_0000__0093,feasible,0
4,600,"26,214,294,442",neighborhood-1505cfdfe4938a97,True,"2,1,0",official_adaptive,2,True,0.0,0,4a0c438f98aa6fe63226d708b8bc5f87446421f93eb28fcb0bedae3c7a4cb3b8,b70d7a45f6e715612ea9fb08c4ffd738cfd70fdc0a387c9c97cd79eb9a188cd9,3,2,2399178568aa47f5d0bbe56a4a1ba15b0cfee5227e86cf01b4472395d4215490,d2e2f2081150cd72f57b90ab7c6fe55e7c484d2a56a4df6007d4c64df968e473,False,dead_end_aisles,0.19400582080957768,17880,24483,10308,12,policy_train_dead_end_aisles_0002,False,0.3333333333333333,0.15656921750007768,0.21410335000007308,1,0.027096222,0.0870181479999701,0.06255813700011004,lns2.receding_q_label_pilot.v1,collision:4,0.12708520200010298,high_cost_progress,policy_train,s3__policy_train__policy_train_dead_end_aisles_0002__task_0019__seed_0000__official_adaptive__decision_0000__0093,feasible,1
4,600,"26,214,294,442",neighborhood-1505cfdfe4938a97,True,"2,1,0",official_adaptive,2,True,0.0,0,64753d6866135597655eadbc0d98cb8f1c30400f94e0a526562ddf5c31c567d0,51b55a7082a1d71817e8e61edcd8d47a09d48429745144c47581b7af02c1c1c2,3,2,2399178568aa47f5d0bbe56a4a1ba15b0cfee5227e86cf01b4472395d4215490,d2e2f2081150cd72f57b90ab7c6fe55e7c484d2a56a4df6007d4c64df968e473,False,dead_end_aisles,0.18583687415291167,3959,13375,467,12,policy_train_dead_end_aisles_0002,False,0.3333333333333333,0.15089504650012486,0.20422580400014567,1,0.012645624000000001,0.07471872500002519,0.06255813700011004,lns2.receding_q_label_pilot.v1,collision:4,0.12950707900012048,high_cost_progress,policy_train,s3__policy_train__policy_train_dead_end_aisles_0002__task_0019__seed_0000__official_adaptive__decision_0000__0093,feasible,2
4,600,"26,214,294,442",neighborhood-1505cfdfe4938a97,True,"2,1,1,0",official_adaptive,3,True,0.0,0,89e419fcf86642cc6f4ac4ef45655a30889b31a4e7c97433935aca3bb89dc10c,8d57a5f6a8dbfd1ec1236baedfd1661214f7c8fddcd8d2e2fe7151b647cb30f4,3,2,2399178568aa47f5d0bbe56a4a1ba15b0cfee5227e86cf01b4472395d4215490,d2e2f2081150cd72f57b90ab7c6fe55e7c484d2a56a4df6007d4c64df968e473,False,dead_end_aisles,0.2615458519670872,9221,28364,919,20,policy_train_dead_end_aisles_0002,False,0.5,0.19888945150009363,0.2989364990000922,0,0.027636863,0.11631511899997804,0.06255813700011004,lns2.receding_q_label_pilot.v1,collision:4,0.1826213800001142,high_cost_progress,policy_train,s3__policy_train__policy_train_dead_end_aisles_0002__task_0019__seed_0000__official_adaptive__decision_0000__0093,feasible,3
8,600,"49,97,101,103,431,453,481,561",neighborhood-1a43eed521168516,True,"2,1,0",official_adaptive,2,True,0.0,0,f0ae548f6ea4f4642717e2a019a64264ea6107a874eacdeaa70e5b641df79f0c,ead45bda9e8b498df4a05e1b996c0ba8060fbdc10935f00e9db3cb8b3ace712b,3,2,2399178568aa47f5d0bbe56a4a1ba15b0cfee5227e86cf01b4472395d4215490,d2e2f2081150cd72f57b90ab7c6fe55e7c484d2a56a4df6007d4c64df968e473,False,dead_end_aisles,0.18049145651503387,5440,16878,931,16,policy_train_dead_end_aisles_0002,False,0.3333333333333333,0.14698984350013689,0.1978058880001754,1,0.016254189999999998,0.07440167000004294,0.06255813700011004,lns2.receding_q_label_pilot.v1,target:8,0.12340421800013246,high_cost_progress,policy_train,s3__policy_train__policy_train_dead_end_aisles_0002__task_0019__seed_0000__official_adaptive__decision_0000__0093,feasible,0
8,600,"49,97,101,103,431,453,481,561",neighborhood-1a43eed521168516,True,"2,1,1,0",official_adaptive,3,True,0.0,0,c3b9db5ca52f91f652f33bdad83246b93fdd761c11534d374620a3567e67439d,df61818dbd3197f314df6a048047de93fc41e710269c675c16da3e48a68201d1,3,2,2399178568aa47f5d0bbe56a4a1ba15b0cfee5227e86cf01b4472395d4215490,d2e2f2081150cd72f57b90ab7c6fe55e7c484d2a56a4df6007d4c64df968e473,False,dead_end_aisles,0.25676801076339784,9237,31446,507,24,policy_train_dead_end_aisles_0002,False,0.5,0.197705380000059,0.29274518900001567,0,0.026738227,0.1132296859999542,0.06255813700011004,lns2.receding_q_label_pilot.v1,target:8,0.17951550300006147,high_cost_progress,policy_train,s3__policy_train__policy_train_dead_end_aisles_0002__task_0019__seed_0000__official_adaptive__decision_0000__0093,feasible,1
8,600,"49,97,101,103,431,453,481,561",neighborhood-1a43eed521168516,True,"2,1,0",official_adaptive,2,True,0.0,0,d04a4483528e913f5dbd987f5eb3e2fbfffb6a9d738d5b496f7d133cd50017fc,b3657874cd8cbd208649c7d4d98ffa21cf13ccc5b18988392a063088b6f67f9b,3,2,2399178568aa47f5d0bbe56a4a1ba15b0cfee5227e86cf01b4472395d4215490,d2e2f2081150cd72f57b90ab7c6fe55e7c484d2a56a4df6007d4c64df968e473,False,dead_end_aisles,0.1944640244128667,6023,19838,314,16,policy_train_dead_end_aisles_0002,False,0.3333333333333333,0.15883106200010388,0.214659784000105,1,0.018917425,0.08339681899997231,0.06255813700011004,lns2.receding_q_label_pilot.v1,target:8,0.13126296500013268,high_cost_progress,policy_train,s3__policy_train__policy_train_dead_end_aisles_0002__task_0019__seed_0000__official_adaptive__decision_0000__0093,feasible,2
8,600,"49,97,101,103,431,453,481,561",neighborhood-1a43eed521168516,True,"2,1,0",official_adaptive,2,True,0.0,0,af1d79e327b676b772088808636b39e6d3a303813ecd80788a932f3e610c15a4,6e441a5e32068ee9c71b9dc778c866ef6e84bc462be67ed9399562cf5791cdf3,3,2,2399178568aa47f5d0bbe56a4a1ba15b0cfee5227e86cf01b4472395d4215490,d2e2f2081150cd72f57b90ab7c6fe55e7c484d2a56a4df6007d4c64df968e473,False,dead_end_aisles,0.19026034439784079,8474,25475,948,16,policy_train_dead_end_aisles_0002,False,0.3333333333333333,0.1565974655001412,0.20956446000013784,1,0.022945939,0.0838814830000274,0.06255813700011004,lns2.receding_q_label_pilot.v1,target:8,0.12568297700011044,high_cost_progress,policy_train,s3__policy_train__policy_train_dead_end_aisles_0002__task_0019__seed_0000__official_adaptive__decision_0000__0093,feasible,3
4,600,"26,127,442,558",neighborhood-1b0941e0c212063a,True,"2,1,0",official_adaptive,2,True,0.0,0,ecd1e06312ec963d021eb8273285f54e917a236841459afe3084246ff1777faf,9c8dc4fd8de7e8fd8c30bdca64b0c3c35de552c9d04a6d66133a1fc24b5cc692,3,2,2399178568aa47f5d0bbe56a4a1ba15b0cfee5227e86cf01b4472395d4215490,d2e2f2081150cd72f57b90ab7c6fe55e7c484d2a56a4df6007d4c64df968e473,False,dead_end_aisles,0.19884328740507257,6910,22104,121,12,policy_train_dead_end_aisles_0002,False,0.3333333333333333,0.16807430900007603,0.21999076300005527,1,0.020088256999999998,0.09687311499999396,0.06255813700011004,lns2.receding_q_label_pilot.v1,target:4,0.12311764800006131,high_cost_progress,policy_train,s3__policy_train__policy_train_dead_end_aisles_0002__task_0019__seed_0000__official_adaptive__decision_0000__0093,feasible,0
4,600,"26,127,442,558",neighborhood-1b0941e0c212063a,True,"2,1,0",official_adaptive,2,True,0.0,0,21d81ce8ab4ac467bde11581a4126a83d102984302bebebda41741b2b63b297c,06794cb3050d08169e3048f6caf0c94e879ee7195d069d6cd6ffcf69e8b77fab,3,2,2399178568aa47f5d0bbe56a4a1ba15b0cfee5227e86cf01b4472395d4215490,d2e2f2081150cd72f57b90ab7c6fe55e7c484d2a56a4df6007d4c64df968e473,False,dead_end_aisles,0.19508316332914674,19234,28227,10121,12,policy_train_dead_end_aisles_0002,False,0.3333333333333333,0.15749721000008776,0.2154120600000624,1,0.032415348,0.09273502400003508,0.06255813700011004,lns2.receding_q_label_pilot.v1,target:4,0.12267703600002733,high_cost_progress,policy_train,s3__policy_train__policy_train_dead_end_aisles_0002__task_0019__seed_0000__official_adaptive__decision_0000__0093,feasible,1
4,600,"26,127,442,558",neighborhood-1b0941e0c212063a,True,"2,1,0",official_adaptive,2,True,0.0,0,4fadd105b73328b6cd6ab810822fbdc2397e539ab83c20e207168edcd54ba109,928c59c40110b98aef6fb5d424aa800999963899c6a5865c3e481c86d2438f86,3,2,2399178568aa47f5d0bbe56a4a1ba15b0cfee5227e86cf01b4472395d4215490,d2e2f2081150cd72f57b90ab7c6fe55e7c484d2a56a4df6007d4c64df968e473,False,dead_end_aisles,0.18247178967520553,4496,15211,106,12,policy_train_dead_end_aisles_0002,False,0.3333333333333333,0.1502960270001381,0.2001802930001304,1,0.014664963,0.07488582500002394,0.06255813700011004,lns2.receding_q_label_pilot.v1,target:4,0.12529446800010646,high_cost_progress,policy_train,s3__policy_train__policy_train_dead_end_aisles_0002__task_0019__seed_0000__official_adaptive__decision_0000__0093,feasible,2
4,600,"26,127,442,558",neighborhood-1b0941e0c212063a,True,"2,1,1,0",official_adaptive,3,True,0.0,0,3a2e163bfecc860fa93ffac1aab6609850437356243270c795dcc4ecd0586789,72f1d36f4f01657b148f3f492d2fa68f7b85962c8923de7e51e9ae8e3ab02064,3,2,2399178568aa47f5d0bbe56a4a1ba15b0cfee5227e86cf01b4472395d4215490,d2e2f2081150cd72f57b90ab7c6fe55e7c484d2a56a4df6007d4c64df968e473,False,dead_end_aisles,0.2768479939462927,8991,29460,29,20,policy_train_dead_end_aisles_0002,False,0.5,0.21140185200016504,0.3189658650001661,0,0.029192445999999997,0.12928343300006873,0.06255813700011004,lns2.receding_q_label_pilot.v1,target:4,0.18968243200009738,high_cost_progress,policy_train,s3__policy_train__policy_train_dead_end_aisles_0002__task_0019__seed_0000__official_adaptive__decision_0000__0093,feasible,3
4,600,"164,453,507,561",neighborhood-1de59d3a60964a39,True,"2,1,0",official_adaptive,2,True,0.0,0,beb94f3a56281b5f71af1386eee75e5d35fb551c416c2e9849c421898587c98c,dfe8b4d3c39273633af018368171c5b4d3a367041cfe9d8d53c98455d8d5d02a,3,2,2399178568aa47f5d0bbe56a4a1ba15b0cfee5227e86cf01b4472395d4215490,d2e2f2081150cd72f57b90ab7c6fe55e7c484d2a56a4df6007d4c64df968e473,False,dead_end_aisles,0.17828059308670507,4340,12333,1053,12,policy_train_dead_end_aisles_0002,False,0.3333333333333333,0.1457302924999908,0.1951606279999396,1,0.012431474000000001,0.07286747099988133,0.06255813700011004,lns2.receding_q_label_pilot.v1,random:4,0.12229315700005827,high_cost_progress,policy_train,s3__policy_train__policy_train_dead_end_aisles_0002__task_0019__seed_0000__official_adaptive__decision_0000__0093,feasible,0
4,600,"164,453,507,561",neighborhood-1de59d3a60964a39,True,"2,1,1,0",official_adaptive,3,True,0.0,0,9203191b54a128c64cd781a968ad67fc1c009258e720a96ce602530ab2ae28b6,f20380a6cd12ca0c3611f4a337a55f17d0b2207de983bbb3f6ab1461458987d4,3,2,2399178568aa47f5d0bbe56a4a1ba15b0cfee5227e86cf01b4472395d4215490,d2e2f2081150cd72f57b90ab7c6fe55e7c484d2a56a4df6007d4c64df968e473,False,dead_end_aisles,0.24921482131476197,8173,25616,979,20,policy_train_dead_end_aisles_0002,False,0.5,0.18836557550008592,0.2830176230000916,0,0.020633660999999998,0.10422193899989907,0.06255813700011004,lns2.receding_q_label_pilot.v1,random:4,0.17879568400019252,high_cost_progress,policy_train,s3__policy_train__policy_train_dead_end_aisles_0002__task_0019__seed_0000__official_adaptive__decision_0000__0093,feasible,1
4,600,"164,453,507,561",neighborhood-1de59d3a60964a39,True,"2,1,0",official_adaptive,2,True,0.0,0,ea0fbad2a1871ceb163fbd9f4ee123196cde8db451f67c530bf964debdca780a,d79d8c114986f2e199ae9b24710421aad4bd5b1345d275435be8fb891fc6961c,3,2,2399178568aa47f5d0bbe56a4a1ba15b0cfee5227e86cf01b4472395d4215490,d2e2f2081150cd72f57b90ab7c6fe55e7c484d2a56a4df6007d4c64df968e473,False,dead_end_aisles,0.18428506867561145,3926,12608,353,12,policy_train_dead_end_aisles_0002,False,0.3333333333333333,0.14906173300011005,0.20235852900009377,1,0.012392446000000001,0.07789040099999056,0.06255813700011004,lns2.receding_q_label_pilot.v1,random:4,0.1244681280001032,high_cost_progress,policy_train,s3__policy_train__policy_train_dead_end_aisles_0002__task_0019__seed_0000__official_adaptive__decision_0000__0093,feasible,2
4,600,"164,453,507,561",neighborhood-1de59d3a60964a39,True,"2,1,0",official_adaptive,2,True,0.0,0,b1d0b27b74079796291799b534f2701e073644ed0ef49e35e4d58789d7657a67,378ffe0250b490b5e9f56f9123ec292226d213f85f0e3fe45ae1b7f17af1bf63,3,2,2399178568aa47f5d0bbe56a4a1ba15b0cfee5227e86cf01b4472395d4215490,d2e2f2081150cd72f57b90ab7c6fe55e7c484d2a56a4df6007d4c64df968e473,False,dead_end_aisles,0.1958954992480098,5885,16320,1120,12,policy_train_dead_end_aisles_0002,False,0.3333333333333333,0.15750202550015047,0.2163997840001457,1,0.015938642,0.07976471100005256,0.06255813700011004,lns2.receding_q_label_pilot.v1,random:4,0.13663507300009314,high_cost_progress,policy_train,s3__policy_train__policy_train_dead_end_aisles_0002__task_0019__seed_0000__official_adaptive__decision_0000__0093,feasible,3
8,600,"134,225,264,279,430,442,453,476",neighborhood-21864ca563e31cc3,True,"2,2,1,0",official_adaptive,3,True,0.0,0,fe6a22ea4787ac41c3751495ec6639b3eb2123f27c455964fdd64e94aae1b4f8,c03bc86001199ae26b10397247c240ef919791d089870a9b0086f784901b89bd,3,2,2399178568aa47f5d0bbe56a4a1ba15b0cfee5227e86cf01b4472395d4215490,d2e2f2081150cd72f57b90ab7c6fe55e7c484d2a56a4df6007d4c64df968e473,False,dead_end_aisles,0.2941787738618231,43847,52604,25685,24,policy_train_dead_end_aisles_0002,False,0.6666666666666666,0.28823040200018113,0.34202380100020946,0,0.066611219,0.15579229500008296,0.06255813700011004,lns2.receding_q_label_pilot.v1,random:8,0.1862315060001265,high_cost_progress,policy_train,s3__policy_train__policy_train_dead_end_aisles_0002__task_0019__seed_0000__official_adaptive__decision_0000__0093,feasible,0
8,600,"134,225,264,279,430,442,453,476",neighborhood-21864ca563e31cc3,True,"2,2,2,1",official_adaptive,3,False,0.5,1,be9a864364d8bbb286abe3d8fb1916bd318088ffe53923de2627a51da118f146,c56a26f1e642c5c33c62573f358976b899511a0beb81184751e89dd18627a524,3,2,2399178568aa47f5d0bbe56a4a1ba15b0cfee5227e86cf01b4472395d4215490,d2e2f2081150cd72f57b90ab7c6fe55e7c484d2a56a4df6007d4c64df968e473,False,dead_end_aisles,0.292617296922701,35848,50628,18314,22,policy_train_dead_end_aisles_0002,False,0.9166666666666666,0.3399298970000473,0.3399298970000473,0,0.064575465,0.1498085959999571,0.06255813700011004,lns2.receding_q_label_pilot.v1,random:8,0.19012130100009017,high_cost_progress,policy_train,s3__policy_train__policy_train_dead_end_aisles_0002__task_0019__seed_0000__official_adaptive__decision_0000__0093,horizon_complete,1
8,600,"134,225,264,279,430,442,453,476",neighborhood-21864ca563e31cc3,True,"2,2,2,2",official_adaptive,3,False,1.0,2,bf6988769467d0df91245c232091f1e93352ec31c04c940248b961496d85842a,2719ca2afd09369d52010363939f2e45f1b33492771ee20586a61708e97b723d,3,2,2399178568aa47f5d0bbe56a4a1ba15b0cfee5227e86cf01b4472395d4215490,d2e2f2081150cd72f57b90ab7c6fe55e7c484d2a56a4df6007d4c64df968e473,False,dead_end_aisles,0.29713291026236577,31211,36871,17863,16,policy_train_dead_end_aisles_0002,True,1.0,0.3459941840001761,0.3459941840001761,0,0.053639724,0.1463720840000633,0.06255813700011004,lns2.receding_q_label_pilot.v1,random:8,0.19962210000011282,high_cost_progress,policy_train,s3__policy_train__policy_train_dead_end_aisles_0002__task_0019__seed_0000__official_adaptive__decision_0000__0093,horizon_complete,2
8,600,"134,225,264,279,430,442,453,476",neighborhood-21864ca563e31cc3,True,"2,2,1,1",official_adaptive,3,False,0.5,1,bb8b96c3aadae4ba4d9fa867e132b1865b83488f6a862a98a303b691ba5f28a2,ccb458a46a72aaf538f17421fc89efeab05bf6e63033f511cf3de90e4ef64623,3,2,2399178568aa47f5d0bbe56a4a1ba15b0cfee5227e86cf01b4472395d4215490,d2e2f2081150cd72f57b90ab7c6fe55e7c484d2a56a4df6007d4c64df968e473,False,dead_end_aisles,0.29978551562498157,39353,55920,19633,22,policy_train_dead_end_aisles_0002,False,0.75,0.2965951450001967,0.3495693150002239,0,0.063934312,0.1572314780000852,0.06255813700011004,lns2.receding_q_label_pilot.v1,random:8,0.19233783700013873,high_cost_progress,policy_train,s3__policy_train__policy_train_dead_end_aisles_0002__task_0019__seed_0000__official_adaptive__decision_0000__0093,horizon_complete,3
16,600,"49,54,60,97,101,103,137,152,353,383,407,429,431,453,481,484",neighborhood-5bcd6f04a8486e83,True,"2,1,0",official_adaptive,2,True,0.0,0,17e3a470637e2d96d09db8f41a002aea8ddc4a645141f2327e8a835436081434,2055053a391aeffbd53f40484c11be862b84b4daa9b88f7f17049c7e1152f4d3,3,2,2399178568aa47f5d0bbe56a4a1ba15b0cfee5227e86cf01b4472395d4215490,d2e2f2081150cd72f57b90ab7c6fe55e7c484d2a56a4df6007d4c64df968e473,False,dead_end_aisles,0.19471248617013814,10158,28962,2393,24,policy_train_dead_end_aisles_0002,False,0.3333333333333333,0.1646939775001215,0.21496161800007485,1,0.028446263,0.09206323900002644,0.06255813700011004,lns2.receding_q_label_pilot.v1,target:16,0.12289837900004841,high_cost_progress,policy_train,s3__policy_train__policy_train_dead_end_aisles_0002__task_0019__seed_0000__official_adaptive__decision_0000__0093,feasible,0
16,600,"49,54,60,97,101,103,137,152,353,383,407,429,431,453,481,484",neighborhood-5bcd6f04a8486e83,True,"2,1,1,0",official_adaptive,3,True,0.0,0,605d262b019973a1226243485d0f41f7d6ec6c1be685cc5058a5ac648e4bf259,62cd408704f1b7e54ab8f582f10a933e6d92e49f512d279a2714614da049fcb8,3,2,2399178568aa47f5d0bbe56a4a1ba15b0cfee5227e86cf01b4472395d4215490,d2e2f2081150cd72f57b90ab7c6fe55e7c484d2a56a4df6007d4c64df968e473,False,dead_end_aisles,0.2775344098926248,14969,46705,2169,32,policy_train_dead_end_aisles_0002,False,0.5,0.21864634750016876,0.31987153500017484,0,0.04239992200000001,0.13447352000014234,0.06255813700011004,lns2.receding_q_label_pilot.v1,target:16,0.1853980150000325,high_cost_progress,policy_train,s3__policy_train__policy_train_dead_end_aisles_0002__task_0019__seed_0000__official_adaptive__decision_0000__0093,feasible,1
16,600,"49,54,60,97,101,103,137,152,353,383,407,429,431,453,481,484",neighborhood-5bcd6f04a8486e83,True,"2,2,1,1",official_adaptive,3,False,0.5,1,c1644d9b28c0426b8c98e44c9f87cc06fdfb661a2c68e2e9be08f418862908ca,cfa2fcb5678fba010dbbc34a8056c60ace700f006074fdd2c7cb6ad65120fc40,3,2,2399178568aa47f5d0bbe56a4a1ba15b0cfee5227e86cf01b4472395d4215490,d2e2f2081150cd72f57b90ab7c6fe55e7c484d2a56a4df6007d4c64df968e473,False,dead_end_aisles,0.2894817051411263,12547,38639,1427,24,policy_train_dead_end_aisles_0002,False,0.75,0.28804549150012804,0.3357350040001279,0,0.034089327,0.12622981399999844,0.06255813700011004,lns2.receding_q_label_pilot.v1,target:16,0.20950519000012946,high_cost_progress,policy_train,s3__policy_train__policy_train_dead_end_aisles_0002__task_0019__seed_0000__official_adaptive__decision_0000__0093,horizon_complete,2
16,600,"49,54,60,97,101,103,137,152,353,383,407,429,431,453,481,484",neighborhood-5bcd6f04a8486e83,True,"2,2,1,0",official_adaptive,3,True,0.0,0,fb311d0990407e2d3820a059d57ef4cf7103e776082a78c850652ca078c08d1a,ffff0623338e0003bdb419a917a5bcacdf25a371b9765587e0fe541871d46cc5,3,2,2399178568aa47f5d0bbe56a4a1ba15b0cfee5227e86cf01b4472395d4215490,d2e2f2081150cd72f57b90ab7c6fe55e7c484d2a56a4df6007d4c64df968e473,False,dead_end_aisles,0.29478013152174093,18786,47643,4800,30,policy_train_dead_end_aisles_0002,False,0.6666666666666666,0.2886985735000849,0.34283108000011,0,0.048359939,0.14735638099995185,0.06255813700011004,lns2.receding_q_label_pilot.v1,target:16,0.19547469900015813,high_cost_progress,policy_train,s3__policy_train__policy_train_dead_end_aisles_0002__task_0019__seed_0000__official_adaptive__decision_0000__0093,feasible,3
4,600,"49,103,453,561",neighborhood-61653611c50c9599,True,"2,1,0",official_adaptive,2,True,0.0,0,e4ee106da94e78f4b0e87542004fec3b79b8405f032035dcc27270dfcb107bb6,756c664826d959067074ed473a7f64474fe99a31c3c5975e12bffd1579303dc5,3,2,2399178568aa47f5d0bbe56a4a1ba15b0cfee5227e86cf01b4472395d4215490,d2e2f2081150cd72f57b90ab7c6fe55e7c484d2a56a4df6007d4c64df968e473,True,dead_end_aisles,0.17652526486989953,3915,11387,902,12,policy_train_dead_end_aisles_0002,False,0.3333333333333333,0.14218767350001826,0.19306456899994373,1,0.009845484,0.06680200399989644,0.06255813700011004,lns2.receding_q_label_pilot.v1,target:4,0.1262625650000473,high_cost_progress,policy_train,s3__policy_train__policy_train_dead_end_aisles_0002__task_0019__seed_0000__official_adaptive__decision_0000__0093,feasible,0
4,600,"49,103,453,561",neighborhood-61653611c50c9599,True,"2,1,1,0",official_adaptive,3,True,0.0,0,123677780583907db7dc5a12b3be0fea7e439d210381c7db01d9a7ca11570cc9,3e7573212efe3cbe3758d163f62f51338e5d3884d4f085027ce6b4d87f971f4b,3,2,2399178568aa47f5d0bbe56a4a1ba15b0cfee5227e86cf01b4472395d4215490,d2e2f2081150cd72f57b90ab7c6fe55e7c484d2a56a4df6007d4c64df968e473,True,dead_end_aisles,0.26848836536111537,7975,24870,1000,20,policy_train_dead_end_aisles_0002,False,0.5,0.20257673950010258,0.30798575900007563,0,0.020640738,0.12533916100005627,0.06255813700011004,lns2.receding_q_label_pilot.v1,target:4,0.18264659800001937,high_cost_progress,policy_train,s3__policy_train__policy_train_dead_end_aisles_0002__task_0019__seed_0000__official_adaptive__decision_0000__0093,feasible,1
4,600,"49,103,453,561",neighborhood-61653611c50c9599,True,"2,1,0",official_adaptive,2,True,0.0,0,4388df211ae1454718d3c6e90fb7dd3a76eefa016717ce6af7ba12ab38c21fab,1216111b3fc9a5313e796ea76cb70ce0088cc711b964ba5bda3134a531ae20c2,3,2,2399178568aa47f5d0bbe56a4a1ba15b0cfee5227e86cf01b4472395d4215490,d2e2f2081150cd72f57b90ab7c6fe55e7c484d2a56a4df6007d4c64df968e473,True,dead_end_aisles,0.18966702930067644,3440,11692,211,12,policy_train_dead_end_aisles_0002,False,0.3333333333333333,0.15282148150006947,0.20884702000006428,1,0.011818844,0.0772589339999854,0.06255813700011004,lns2.receding_q_label_pilot.v1,target:4,0.13158808600007887,high_cost_progress,policy_train,s3__policy_train__policy_train_dead_end_aisles_0002__task_0019__seed_0000__official_adaptive__decision_0000__0093,feasible,2
4,600,"49,103,453,561",neighborhood-61653611c50c9599,True,"2,1,0",official_adaptive,2,True,0.0,0,c6d2862ba41e0e5f1cc7a68a9d5de2fa3468af8f4c006f8a707350ba9254e2a4,e5a2dd754c0ebb8641f1d7ecd98bf3985f3e456e63d37411778c2b0c20c1a28c,3,2,2399178568aa47f5d0bbe56a4a1ba15b0cfee5227e86cf01b4472395d4215490,d2e2f2081150cd72f57b90ab7c6fe55e7c484d2a56a4df6007d4c64df968e473,True,dead_end_aisles,0.18841015609749734,6372,16632,1564,12,policy_train_dead_end_aisles_0002,False,0.3333333333333333,0.15723555600007444,0.20732860700007905,1,0.014553901,0.08520484199993916,0.06255813700011004,lns2.receding_q_label_pilot.v1,target:4,0.12212376500013988,high_cost_progress,policy_train,s3__policy_train__policy_train_dead_end_aisles_0002__task_0019__seed_0000__official_adaptive__decision_0000__0093,feasible,3
4,600,"55,69,443,503",neighborhood-051f9aa091ac2450,True,"5,5,5,2",official_adaptive,3,False,0.4,2,f3d22c791a106ea4bfe185cfffed4e3baa55423ea3ad5630a7b387e45f0b1eda,0eb351c22e5eef81c6eb825205290202adda76bf65c512e365f853eecd4ff89c,3,5,e457fd9fb0385b4077d5c8f525b7160ed221a20dedcfd4822deb6aea8f4d74d4,9fe5836dcb30df6aa33935a5511bea820b1827dfdc679d555cb0200dcb613362,False,regular_beltway,0.3011222041375637,9940,27633,937,12,policy_train_regular_beltway_0000,False,0.9,0.3513744750000569,0.3513744750000569,0,0.027764515,0.11376941299999999,0.06336215199996786,lns2.receding_q_label_pilot.v1,collision:4,0.23760506200005693,high_cost_progress,policy_train,s3__policy_train__policy_train_regular_beltway_0000__task_0016__seed_0000__official_adaptive__decision_0004__0113,horizon_complete,0
4,600,"55,69,443,503",neighborhood-051f9aa091ac2450,True,"5,3,3,1",official_adaptive,3,False,0.2,1,1468dc63d3d5d104e101cb344ed6d407d66623c9c9eae97711c2d5817bb77e01,815d3eebb9c7633a1c3e5970dfd3df67f51036399f017ee3bdbac537e7ba6398,3,5,e457fd9fb0385b4077d5c8f525b7160ed221a20dedcfd4822deb6aea8f4d74d4,9fe5836dcb30df6aa33935a5511bea820b1827dfdc679d555cb0200dcb613362,False,regular_beltway,0.27523335140673677,10765,29318,741,12,policy_train_regular_beltway_0000,False,0.6,0.22808080019985938,0.3168379249998452,0,0.025744613,0.1122009949999665,0.06336215199996786,lns2.receding_q_label_pilot.v1,collision:4,0.2046369299998787,high_cost_progress,policy_train,s3__policy_train__policy_train_regular_beltway_0000__task_0016__seed_0000__official_adaptive__decision_0004__0113,horizon_complete,1
4,600,"55,69,443,503",neighborhood-051f9aa091ac2450,True,"5,5,5,3",official_adaptive,3,False,0.6,3,0d133114d560b3a164129a7101fea2774a5d9f12050da83b99437d9541ca0507,e4af6f107416bce4c10baa5326d39fe56e816081ab3b847b8dcd98762a3e28f1,3,5,e457fd9fb0385b4077d5c8f525b7160ed221a20dedcfd4822deb6aea8f4d74d4,9fe5836dcb30df6aa33935a5511bea820b1827dfdc679d555cb0200dcb613362,False,regular_beltway,0.3132463233477364,6450,19260,107,12,policy_train_regular_beltway_0000,False,0.9333333333333333,0.3678584249999517,0.3678584249999517,0,0.020974537,0.11770508099994004,0.06336215199996786,lns2.receding_q_label_pilot.v1,collision:4,0.25015334400001166,high_cost_progress,policy_train,s3__policy_train__policy_train_regular_beltway_0000__task_0016__seed_0000__official_adaptive__decision_0004__0113,horizon_complete,2
4,600,"55,69,443,503",neighborhood-051f9aa091ac2450,True,"5,5,3,0",official_adaptive,3,True,0.0,0,f0d11051831aaee992b559d5361bdfcb8fb1e74ed623c1c6b515c3dc77d5554e,937627012a6d257a56c5866a626523913ffe68946456a7028a747cd742c8e56d,3,5,e457fd9fb0385b4077d5c8f525b7160ed221a20dedcfd4822deb6aea8f4d74d4,9fe5836dcb30df6aa33935a5511bea820b1827dfdc679d555cb0200dcb613362,False,regular_beltway,0.2855329352098322,9215,27374,435,20,policy_train_regular_beltway_0000,False,0.7,0.28010023319998256,0.33047089399997276,0,0.029290665,0.12682642799995847,0.06336215199996786,lns2.receding_q_label_pilot.v1,collision:4,0.2036444660000143,high_cost_progress,policy_train,s3__policy_train__policy_train_regular_beltway_0000__task_0016__seed_0000__official_adaptive__decision_0004__0113,feasible,3
4,600,"223,353,384,464",neighborhood-053e91a1a268abd5,True,"5,5,5,3",official_adaptive,3,False,0.6,3,31b71a22b61375277a54db16f12ab6bd6dd286d247b2e19707f8f9e272dd8bf2,a181f768a397f6f03bb16045a7117c3343e2671483dca16bcb2f9456d6378bbc,3,5,e457fd9fb0385b4077d5c8f525b7160ed221a20dedcfd4822deb6aea8f4d74d4,9fe5836dcb30df6aa33935a5511bea820b1827dfdc679d555cb0200dcb613362,False,regular_beltway,0.25790888939227713,8173,21057,1711,12,policy_train_regular_beltway_0000,False,0.9333333333333333,0.29422089599995616,0.29422089599995616,0,0.019378199,0.10298779199990804,0.06336215199996786,lns2.receding_q_label_pilot.v1,random:4,0.19123310400004812,high_cost_progress,policy_train,s3__policy_train__policy_train_regular_beltway_0000__task_0016__seed_0000__official_adaptive__decision_0004__0113,horizon_complete,0
4,600,"223,353,384,464",neighborhood-053e91a1a268abd5,True,"5,5,4,4",official_adaptive,3,False,0.8,4,bcd50fc161e6b63efc5cef72c7b5e065d09ec6ed134868b905396828f4be7c01,7328dd7330f02d76887bc11f9cf2d2b1503e8ba5bec8f662b3397f38fea7e6d2,3,5,e457fd9fb0385b4077d5c8f525b7160ed221a20dedcfd4822deb6aea8f4d74d4,9fe5836dcb30df6aa33935a5511bea820b1827dfdc679d555cb0200dcb613362,False,regular_beltway,0.28725042680616947,12812,39622,563,20,policy_train_regular_beltway_0000,False,0.9,0.30982535739995,0.332757929999957,0,0.036845090999999996,0.12334155299993199,0.06336215199996786,lns2.receding_q_label_pilot.v1,random:4,0.20941637700002502,high_cost_progress,policy_train,s3__policy_train__policy_train_regular_beltway_0000__task_0016__seed_0000__official_adaptive__decision_0004__0113,horizon_complete,1
4,600,"223,353,384,464",neighborhood-053e91a1a268abd5,True,"5,5,5,3",official_adaptive,3,False,0.6,3,4ef87670e886e1735e62717dc0d9bce80b720fb97171b1a9d2a167240d2d1e92,25b4812a00438ea51904d8f65194dad4f33cab193faf773ec7838853afcca148,3,5,e457fd9fb0385b4077d5c8f525b7160ed221a20dedcfd4822deb6aea8f4d74d4,9fe5836dcb30df6aa33935a5511bea820b1827dfdc679d555cb0200dcb613362,False,regular_beltway,0.28227096402510204,6561,20269,137,12,policy_train_regular_beltway_0000,False,0.9333333333333333,0.3261380069998836,0.3261380069998836,0,0.018552872,0.11924690399996507,0.06336215199996786,lns2.receding_q_label_pilot.v1,random:4,0.20689110299991853,high_cost_progress,policy_train,s3__policy_train__policy_train_regular_beltway_0000__task_0016__seed_0000__official_adaptive__decision_0004__0113,horizon_complete,2
4,600,"223,353,384,464",neighborhood-053e91a1a268abd5,True,"5,5,3,1",official_adaptive,3,False,0.2,1,5f94b0caa37bf1a6fea31992b63b72ac42beca180b808c5814f80efb46901c7d,05f8d59b6b7ae500c69fb7efe7e9f6dc69ef8be4f01b0349797b00702c83a576,3,5,e457fd9fb0385b4077d5c8f525b7160ed221a20dedcfd4822deb6aea8f4d74d4,9fe5836dcb30df6aa33935a5511bea820b1827dfdc679d555cb0200dcb613362,False,regular_beltway,0.29050257658767636,10658,33218,700,20,policy_train_regular_beltway_0000,False,0.7333333333333333,0.2869147695999345,0.33709931399994275,0,0.035112337,0.1269389319999732,0.06336215199996786,lns2.receding_q_label_pilot.v1,random:4,0.21016038199996956,high_cost_progress,policy_train,s3__policy_train__policy_train_regular_beltway_0000__task_0016__seed_0000__official_adaptive__decision_0004__0113,horizon_complete,3
16,600,"9,50,119,125,161,205,243,280,323,381,408,498,499,502,556,561",neighborhood-05cdde0ac980e615,True,"5,5,5,2",official_adaptive,3,False,0.4,2,78fe39693e33705d92ccd3132507df942bb8d3dfef702859e5d6305ce6cdc7a2,f3464b3e63f3083c3c31bc15f0318868c7f504b6b21a33f0e128c6859255b705,3,5,e457fd9fb0385b4077d5c8f525b7160ed221a20dedcfd4822deb6aea8f4d74d4,9fe5836dcb30df6aa33935a5511bea820b1827dfdc679d555cb0200dcb613362,False,regular_beltway,0.2787768821838926,15170,43737,1826,24,policy_train_regular_beltway_0000,False,0.9,0.32151245800002926,0.32151245800002926,0,0.039464683,0.12647927700004402,0.06336215199996786,lns2.receding_q_label_pilot.v1,random:16,0.19503318099998523,high_cost_progress,policy_train,s3__policy_train__policy_train_regular_beltway_0000__task_0016__seed_0000__official_adaptive__decision_0004__0113,horizon_complete,0
16,600,"9,50,119,125,161,205,243,280,323,381,408,498,499,502,556,561",neighborhood-05cdde0ac980e615,True,"5,5,5,2",official_adaptive,3,False,0.4,2,1ccb600c7a9a3f9e8fa858ffecb4e158ee52ba0f101bd048d4d9ddc60a8cb8d9,8f089bf024255b09c0375e56344559682146888197a2bfb985a3df184f891485,3,5,e457fd9fb0385b4077d5c8f525b7160ed221a20dedcfd4822deb6aea8f4d74d4,9fe5836dcb30df6aa33935a5511bea820b1827dfdc679d555cb0200dcb613362,False,regular_beltway,0.2808524249122556,13697,38579,1750,24,policy_train_regular_beltway_0000,False,0.9,0.32425816199997826,0.32425816199997826,0,0.035225539,0.12151188500001808,0.06336215199996786,lns2.receding_q_label_pilot.v1,random:16,0.20274627699996017,high_cost_progress,policy_train,s3__policy_train__policy_train_regular_beltway_0000__task_0016__seed_0000__official_adaptive__decision_0004__0113,horizon_complete,1
16,600,"9,50,119,125,161,205,243,280,323,381,408,498,499,502,556,561",neighborhood-05cdde0ac980e615,True,"5,5,5,3",official_adaptive,3,False,0.6,3,8c0e1245c1bff2d22e9c445760f1a14626500cc78d1de642a1ecb0bf85852eb8,5693be743a7ae3481160ffbe609ff26a5421234a08597e2290970dac2da56a74,3,5,e457fd9fb0385b4077d5c8f525b7160ed221a20dedcfd4822deb6aea8f4d74d4,9fe5836dcb30df6aa33935a5511bea820b1827dfdc679d555cb0200dcb613362,False,regular_beltway,0.2748521847965194,11210,33483,1200,24,policy_train_regular_beltway_0000,False,0.9333333333333333,0.3163360859999784,0.3163360859999784,0,0.033665181,0.12285996800000021,0.06336215199996786,lns2.receding_q_label_pilot.v1,random:16,0.19347611799997821,high_cost_progress,policy_train,s3__policy_train__policy_train_regular_beltway_0000__task_0016__seed_0000__official_adaptive__decision_0004__0113,horizon_complete,2
16,600,"9,50,119,125,161,205,243,280,323,381,408,498,499,502,556,561",neighborhood-05cdde0ac980e615,True,"5,5,3,0",official_adaptive,3,True,0.0,0,84cb9e965115b1f84a67d0b6a381a1e934abec812c287de6b56bbdedb7a6cd74,cf8fdfe848536c60befd47720a180d48000ea33609e36897305051a7ad8fbb4b,3,5,e457fd9fb0385b4077d5c8f525b7160ed221a20dedcfd4822deb6aea8f4d74d4,9fe5836dcb30df6aa33935a5511bea820b1827dfdc679d555cb0200dcb613362,False,regular_beltway,0.29609104671804776,14309,42246,1569,32,policy_train_regular_beltway_0000,False,0.7,0.29870791719999945,0.3445925720000105,0,0.042677155,0.1359330570000452,0.06336215199996786,lns2.receding_q_label_pilot.v1,random:16,0.20865951499996527,high_cost_progress,policy_train,s3__policy_train__policy_train_regular_beltway_0000__task_0016__seed_0000__official_adaptive__decision_0004__0113,feasible,3
4,600,"9,418,425,487",neighborhood-076eeb81cfaf9e2b,True,"5,5,5,2",official_adaptive,3,False,0.4,2,27f02a0523926777df2c75932cc81cb85ff4330ad1a3f1ccf1344c39be03b842,1fda268d653a7d3064dcd409e0ffe9ea78b5aea6d4927a18bc0067164041fa24,3,5,e457fd9fb0385b4077d5c8f525b7160ed221a20dedcfd4822deb6aea8f4d74d4,9fe5836dcb30df6aa33935a5511bea820b1827dfdc679d555cb0200dcb613362,False,regular_beltway,0.28082277693029,10348,28167,1162,12,policy_train_regular_beltway_0000,False,0.9,0.32421890099988104,0.32421890099988104,0,0.027778245,0.12217385399992509,0.06336215199996786,lns2.receding_q_label_pilot.v1,random:4,0.20204504699995596,high_cost_progress,policy_train,s3__policy_train__policy_train_regular_beltway_0000__task_0016__seed_0000__official_adaptive__decision_0004__0113,horizon_complete,0
4,600,"9,418,425,487",neighborhood-076eeb81cfaf9e2b,True,"5,5,5,3",official_adaptive,3,False,0.6,3,a77853080941096fb7a48f4e66032320c6d5105bedbb0f3c73b97a02309fc853,46bfd38acee36826db055518af23ca921510a367903f82e24e71e96e5907ed03,3,5,e457fd9fb0385b4077d5c8f525b7160ed221a20dedcfd4822deb6aea8f4d74d4,9fe5836dcb30df6aa33935a5511bea820b1827dfdc679d555cb0200dcb613362,False,regular_beltway,0.27588205755987594,11582,31141,919,12,policy_train_regular_beltway_0000,False,0.9333333333333333,0.3176924430000554,0.3176924430000554,0,0.028016902,0.11533572200005437,0.06336215199996786,lns2.receding_q_label_pilot.v1,random:4,0.20235672100000102,high_cost_progress,policy_train,s3__policy_train__policy_train_regular_beltway_0000__task_0016__seed_0000__official_adaptive__decision_0004__0113,horizon_complete,1
4,600,"9,418,425,487",neighborhood-076eeb81cfaf9e2b,True,"5,5,5,3",official_adaptive,3,False,0.6,3,a33e695140d7afbe9344add389ee2684a024eb80e804a8433a6b524aacb092e4,822ea2ccca24045395f895e14ebd6bb14dd5f9016ed1220a085cd035cd4dd9dc,3,5,e457fd9fb0385b4077d5c8f525b7160ed221a20dedcfd4822deb6aea8f4d74d4,9fe5836dcb30df6aa33935a5511bea820b1827dfdc679d555cb0200dcb613362,False,regular_beltway,0.26364860242923427,6264,18909,164,12,policy_train_regular_beltway_0000,False,0.9333333333333333,0.3016707120000319,0.3016707120000319,0,0.017313736,0.10526654200003804,0.06336215199996786,lns2.receding_q_label_pilot.v1,random:4,0.19640416999999388,high_cost_progress,policy_train,s3__policy_train__policy_train_regular_beltway_0000__task_0016__seed_0000__official_adaptive__decision_0004__0113,horizon_complete,2
4,600,"9,418,425,487",neighborhood-076eeb81cfaf9e2b,True,"5,5,3,0",official_adaptive,3,True,0.0,0,a552755164aef31adc129bb6d6ef4d0b8c4dcc48672400b2002df927d8c04ab9,dd3f595bdb9a3ec01c50df40c2349da521ce4c5e14fd1cdcddab8e0f6e8ead60,3,5,e457fd9fb0385b4077d5c8f525b7160ed221a20dedcfd4822deb6aea8f4d74d4,9fe5836dcb30df6aa33935a5511bea820b1827dfdc679d555cb0200dcb613362,False,regular_beltway,0.281393547561274,9560,27661,670,20,policy_train_regular_beltway_0000,False,0.7,0.2781964572000106,0.32497494200003985,0,0.028629539,0.12157461700002159,0.06336215199996786,lns2.receding_q_label_pilot.v1,random:4,0.20340032500001826,high_cost_progress,policy_train,s3__policy_train__policy_train_regular_beltway_0000__task_0016__seed_0000__official_adaptive__decision_0004__0113,feasible,3
8,600,"9,19,119,153,223,307,519,545",neighborhood-08a12470955a79c7,True,"5,3,3,2",official_adaptive,3,False,0.4,2,3935e3dfea07f3777ffd33b1f1490b2beb2d0cd23a8c8e5af1e616fb223d0f75,5ed2ff4bf86f4cd35d9665f0fd6a009d74d292917edf65f53abd556d6f1771df,3,5,e457fd9fb0385b4077d5c8f525b7160ed221a20dedcfd4822deb6aea8f4d74d4,9fe5836dcb30df6aa33935a5511bea820b1827dfdc679d555cb0200dcb613362,False,regular_beltway,0.2749714162335761,19357,49699,2641,16,policy_train_regular_beltway_0000,False,0.6333333333333333,0.23771924960003615,0.3164930440001399,0,0.043024867,0.12846360200001072,0.06336215199996786,lns2.receding_q_label_pilot.v1,collision:8,0.18802944200012917,high_cost_progress,policy_train,s3__policy_train__policy_train_regular_beltway_0000__task_0016__seed_0000__official_adaptive__decision_0004__0113,horizon_complete,0
8,600,"9,19,119,153,223,307,519,545",neighborhood-08a12470955a79c7,True,"5,2,2,0",official_adaptive,3,True,0.0,0,7463ec5f037d73d18b95d6bbae0ade619f2fcf27d9e8b6bc8b3d518e837579a7,558f0d0a43a6c15b016bfbb4d8de9d39b8e81e1635a0212e0bc7f24109c178d7,3,5,e457fd9fb0385b4077d5c8f525b7160ed221a20dedcfd4822deb6aea8f4d74d4,9fe5836dcb30df6aa33935a5511bea820b1827dfdc679d555cb0200dcb613362,False,regular_beltway,0.28119944580895206,16747,39243,3804,16,policy_train_regular_beltway_0000,False,0.43333333333333335,0.19975732119996792,0.32471778699994047,0,0.03640639,0.12490589399999408,0.06336215199996786,lns2.receding_q_label_pilot.v1,collision:8,0.1998118929999464,high_cost_progress,policy_train,s3__policy_train__policy_train_regular_beltway_0000__task_0016__seed_0000__official_adaptive__decision_0004__0113,feasible,1
8,600,"9,19,119,153,223,307,519,545",neighborhood-08a12470955a79c7,True,"5,4,4,2",official_adaptive,3,False,0.4,2,f93d458ceafbc053218411a1dbd86513bd288167065dcd298fbcce5ff26eae29,d2b8feee1568ca8c14e02dc457847a5ff1798e74cd29a82727fca621f09dfef9,3,5,e457fd9fb0385b4077d5c8f525b7160ed221a20dedcfd4822deb6aea8f4d74d4,9fe5836dcb30df6aa33935a5511bea820b1827dfdc679d555cb0200dcb613362,False,regular_beltway,0.28647451239449356,20143,49926,2962,16,policy_train_regular_beltway_0000,False,0.7666666666666667,0.2885951967999631,0.33172422499995946,0,0.04670549,0.13587523299997883,0.06336215199996786,lns2.receding_q_label_pilot.v1,collision:8,0.19584899199998063,high_cost_progress,policy_train,s3__policy_train__policy_train_regular_beltway_0000__task_0016__seed_0000__official_adaptive__decision_0004__0113,horizon_complete,2
8,600,"9,19,119,153,223,307,519,545",neighborhood-08a12470955a79c7,True,"5,4,2,0",official_adaptive,3,True,0.0,0,0a890dbe9bd8074776d1efe2ea7ab02d2f60900cfd98f6f48c038a8fc2b7bb47,442c78281d7fa9742e4547a5dfdb66daab4ef760b0e06a0c64a52ee83bb32183,3,5,e457fd9fb0385b4077d5c8f525b7160ed221a20dedcfd4822deb6aea8f4d74d4,9fe5836dcb30df6aa33935a5511bea820b1827dfdc679d555cb0200dcb613362,False,regular_beltway,0.2951137142669944,22784,62092,2635,24,policy_train_regular_beltway_0000,False,0.5666666666666667,0.2537011967999206,0.34327909999990425,0,0.056464639999999997,0.1456163509999442,0.06336215199996786,lns2.receding_q_label_pilot.v1,collision:8,0.19766274899996006,high_cost_progress,policy_train,s3__policy_train__policy_train_regular_beltway_0000__task_0016__seed_0000__official_adaptive__decision_0004__0113,feasible,3
16,600,"55,125,135,145,297,357,421,443,455,491,503,505,526,559,575,589",neighborhood-09da32c272317f8e,True,"5,3,3,0",official_adaptive,3,True,0.0,0,2af81e86371fb09b69c600b4bd26f42b88e8fed4d77b4ace7ef1e6dea40b9220,2369fd7a9492031d35a20de7100a9577af8b2c56a0b6bf2a8e29718b4038d6d6,3,5,e457fd9fb0385b4077d5c8f525b7160ed221a20dedcfd4822deb6aea8f4d74d4,9fe5836dcb30df6aa33935a5511bea820b1827dfdc679d555cb0200dcb613362,False,regular_beltway,0.28436555964799703,20576,47367,5387,24,policy_train_regular_beltway_0000,False,0.5666666666666667,0.24408241099995392,0.3289186409999729,0,0.047042672,0.13333719199999905,0.06336215199996786,lns2.receding_q_label_pilot.v1,collision:16,0.19558144899997387,high_cost_progress,policy_train,s3__policy_train__policy_train_regular_beltway_0000__task_0016__seed_0000__official_adaptive__decision_0004__0113,feasible,0
16,600,"55,125,135,145,297,357,421,443,455,491,503,505,526,559,575,589",neighborhood-09da32c272317f8e,True,"5,3,3,1",official_adaptive,3,False,0.2,1,d2d42646917e8d5d3f901dfe7c4adb710f8657fa617ba760a8f3e8562b472741,69edd998629cdc68a5cf32eded5d5ff5f6bcea91794986ae6f2fbbdb1a9b6f02,3,5,e457fd9fb0385b4077d5c8f525b7160ed221a20dedcfd4822deb6aea8f4d74d4,9fe5836dcb30df6aa33935a5511bea820b1827dfdc679d555cb0200dcb613362,False,regular_beltway,0.2796712364643315,19993,48075,4415,24,policy_train_regular_beltway_0000,False,0.6,0.23835599899989574,0.3226948869998978,0,0.04700026,0.13217870899995887,0.06336215199996786,lns2.receding_q_label_pilot.v1,collision:16,0.19051617799993892,high_cost_progress,policy_train,s3__policy_train__policy_train_regular_beltway_0000__task_0016__seed_0000__official_adaptive__decision_0004__0113,horizon_complete,1
16,600,"55,125,135,145,297,357,421,443,455,491,503,505,526,559,575,589",neighborhood-09da32c272317f8e,True,"5,3,3,0",official_adaptive,3,True,0.0,0,6c627334cbdc01f7af3eb7f37d84134f9c4267978e93c9ebba1963cb8aa86896,28b9a158e7db0eb59f5da0596b4bd043f2651effb999403f24b7d4eb17f32174,3,5,e457fd9fb0385b4077d5c8f525b7160ed221a20dedcfd4822deb6aea8f4d74d4,9fe5836dcb30df6aa33935a5511bea820b1827dfdc679d555cb0200dcb613362,False,regular_beltway,0.2871400901058354,22075,54886,4297,24,policy_train_regular_beltway_0000,False,0.5666666666666667,0.24670142879994045,0.3326108859999408,0,0.050317409,0.13901985499995817,0.06336215199996786,lns2.receding_q_label_pilot.v1,collision:16,0.19359103099998265,high_cost_progress,policy_train,s3__policy_train__policy_train_regular_beltway_0000__task_0016__seed_0000__official_adaptive__decision_0004__0113,feasible,2
16,600,"55,125,135,145,297,357,421,443,455,491,503,505,526,559,575,589",neighborhood-09da32c272317f8e,True,"5,3,1,0",official_adaptive,3,True,0.0,0,60e8abe2748b30692f8d0dbb9e784c0e1acaf5835d4c83214edef9be4f93d706,bd478c7db77655bd25c780c3d90eab42bfda6e5cef01c27fe4b6aa2bf3630022,3,5,e457fd9fb0385b4077d5c8f525b7160ed221a20dedcfd4822deb6aea8f4d74d4,9fe5836dcb30df6aa33935a5511bea820b1827dfdc679d555cb0200dcb613362,False,regular_beltway,0.28690639143902974,23474,58001,5564,32,policy_train_regular_beltway_0000,False,0.43333333333333335,0.20632412299997896,0.3322994929999936,0,0.054717648,0.14384990100001005,0.06336215199996786,lns2.receding_q_label_pilot.v1,collision:16,0.18844959199998357,high_cost_progress,policy_train,s3__policy_train__policy_train_regular_beltway_0000__task_0016__seed_0000__official_adaptive__decision_0004__0113,feasible,3
16,600,"6,25,55,135,202,245,327,385,421,443,479,501,511,513,571,599",neighborhood-0b8508556d2d876e,True,"5,3,3,0",official_adaptive,3,True,0.0,0,31df719484f768b8c0bdd69dbdaf3d0ba50de30561a752e23c1e156569cf8dab,1b9066eb11fc69ebe87e9545359814db8db262169be70ed8b561092953358098,3,5,e457fd9fb0385b4077d5c8f525b7160ed221a20dedcfd4822deb6aea8f4d74d4,9fe5836dcb30df6aa33935a5511bea820b1827dfdc679d555cb0200dcb613362,False,regular_beltway,0.2720810791011777,15071,42346,1934,24,policy_train_regular_beltway_0000,False,0.5666666666666667,0.231127379399868,0.3126934289998644,0,0.036446762,0.12213258999986465,0.06336215199996786,lns2.receding_q_label_pilot.v1,target:16,0.19056083899999976,high_cost_progress,policy_train,s3__policy_train__policy_train_regular_beltway_0000__task_0016__seed_0000__official_adaptive__decision_0004__0113,feasible,0
16,600,"6,25,55,135,202,245,327,385,421,443,479,501,511,513,571,599",neighborhood-0b8508556d2d876e,True,"5,5,5,3",official_adaptive,3,False,0.6,3,bca58f03d9486a414139107ade44d7f5e1d9ccaee6eafaf948f942af8c47cf2f,6185bce8620e27f9fcf69e56dd598f73c25e95205597c7e32a1a72ee92f7a8f0,3,5,e457fd9fb0385b4077d5c8f525b7160ed221a20dedcfd4822deb6aea8f4d74d4,9fe5836dcb30df6aa33935a5511bea820b1827dfdc679d555cb0200dcb613362,False,regular_beltway,0.28596557786739435,19604,52968,1989,24,policy_train_regular_beltway_0000,False,0.9333333333333333,0.33104663699987213,0.33104663699987213,0,0.04967995,0.14166186399995695,0.06336215199996786,lns2.receding_q_label_pilot.v1,target:16,0.18938477299991519,high_cost_progress,policy_train,s3__policy_train__policy_train_regular_beltway_0000__task_0016__seed_0000__official_adaptive__decision_0004__0113,horizon_complete,1
16,600,"6,25,55,135,202,245,327,385,421,443,479,501,511,513,571,599",neighborhood-0b8508556d2d876e,True,"5,3,3,0",official_adaptive,3,True,0.0,0,ef0269e90fc6c15aedbe2760981bc76eeb9e4d0ddf60fb33841b07db8b750418,e7dca8e3fe17d62f778557d5c0d78d70cebf7cfa9464e194a077d05e4a41c09c,3,5,e457fd9fb0385b4077d5c8f525b7160ed221a20dedcfd4822deb6aea8f4d74d4,9fe5836dcb30df6aa33935a5511bea820b1827dfdc679d555cb0200dcb613362,False,regular_beltway,0.28643612608281177,18487,47684,3312,24,policy_train_regular_beltway_0000,False,0.5666666666666667,0.2433791763999352,0.3316731059999256,0,0.043762557,0.13426667999993924,0.06336215199996786,lns2.receding_q_label_pilot.v1,target:16,0.19740642599998637,high_cost_progress,policy_train,s3__policy_train__policy_train_regular_beltway_0000__task_0016__seed_0000__official_adaptive__decision_0004__0113,feasible,2
16,600,"6,25,55,135,202,245,327,385,421,443,479,501,511,513,571,599",neighborhood-0b8508556d2d876e,True,"5,3,1,1",official_adaptive,3,False,0.2,1,a4f5ec24c469f7b00fd8eaa51e25e785aae6a0b8cef960b8bf8d352d04ea7f88,5854c1478a1ee07aa7efc08ee0a0612eecbe7661e91173008840f0a2605c7842,3,5,e457fd9fb0385b4077d5c8f525b7160ed221a20dedcfd4822deb6aea8f4d74d4,9fe5836dcb30df6aa33935a5511bea820b1827dfdc679d555cb0200dcb613362,False,regular_beltway,0.29607949817167595,23591,65329,3249,32,policy_train_regular_beltway_0000,False,0.4666666666666667,0.21122698919995173,0.34457704400000466,0,0.06034398,0.15262913700001945,0.06336215199996786,lns2.receding_q_label_pilot.v1,target:16,0.1919479069999852,high_cost_progress,policy_train,s3__policy_train__policy_train_regular_beltway_0000__task_0016__seed_0000__official_adaptive__decision_0004__0113,horizon_complete,3
8,600,"9,67,129,170,171,377,432,498",neighborhood-0d9d4a60d44ec53f,True,"5,5,5,2",official_adaptive,3,False,0.4,2,acc84ed76db9dde2e82b7f78d8189a4bd44a497cb7cb5c552f9c9ddf5ff77ecd,b59e54859c0100c01a01d8969c26bec619a8273f70c7b79bf3db83ac01d232cf,3,5,e457fd9fb0385b4077d5c8f525b7160ed221a20dedcfd4822deb6aea8f4d74d4,9fe5836dcb30df6aa33935a5511bea820b1827dfdc679d555cb0200dcb613362,False,regular_beltway,0.2782747252912749,10165,29914,801,16,policy_train_regular_beltway_0000,False,0.9,0.3208490179999899,0.3208490179999899,0,0.028364473,0.11717559600003824,0.06336215199996786,lns2.receding_q_label_pilot.v1,random:8,0.20367342199995164,high_cost_progress,policy_train,s3__policy_train__policy_train_regular_beltway_0000__task_0016__seed_0000__official_adaptive__decision_0004__0113,horizon_complete,0
8,600,"9,67,129,170,171,377,432,498",neighborhood-0d9d4a60d44ec53f,True,"5,5,5,3",official_adaptive,3,False,0.6,3,6b7901b571604c95ccc300f3356f041de6e7dd20990dd71683bf9353bfbed2e9,3726ece0a7c4dc04c216062961c39f69fbf91cc92b3e81bcc3f9cd67717ef709,3,5,e457fd9fb0385b4077d5c8f525b7160ed221a20dedcfd4822deb6aea8f4d74d4,9fe5836dcb30df6aa33935a5511bea820b1827dfdc679d555cb0200dcb613362,False,regular_beltway,0.28342053624121544,11887,33949,688,16,policy_train_regular_beltway_0000,False,0.9333333333333333,0.32766337499981546,0.32766337499981546,0,0.032011206,0.1319978409999294,0.06336215199996786,lns2.receding_q_label_pilot.v1,random:8,0.19566553399988607,high_cost_progress,policy_train,s3__policy_train__policy_train_regular_beltway_0000__task_0016__seed_0000__official_adaptive__decision_0004__0113,horizon_complete,1
8,600,"9,67,129,170,171,377,432,498",neighborhood-0d9d4a60d44ec53f,True,"5,5,5,3",official_adaptive,3,False,0.6,3,da7ddafcf310d8c9dd797bcaea43d5d96d4b3c2a0df742182d02eb528bd10445,03176420a2ef3a7d3d4fe953e75a07a2a834078865eb19cdb8fa173982a94e7d,3,5,e457fd9fb0385b4077d5c8f525b7160ed221a20dedcfd4822deb6aea8f4d74d4,9fe5836dcb30df6aa33935a5511bea820b1827dfdc679d555cb0200dcb613362,False,regular_beltway,0.29423399863001465,7134,22561,110,16,policy_train_regular_beltway_0000,False,0.9333333333333333,0.34209791600000017,0.34209791600000017,0,0.021517404,0.12970102000002726,0.06336215199996786,lns2.receding_q_label_pilot.v1,random:8,0.2123968959999729,high_cost_progress,policy_train,s3__policy_train__policy_train_regular_beltway_0000__task_0016__seed_0000__official_adaptive__decision_0004__0113,horizon_complete,2
8,600,"9,67,129,170,171,377,432,498",neighborhood-0d9d4a60d44ec53f,True,"5,5,3,0",official_adaptive,3,True,0.0,0,4dce35ca365931a853731259656717a535ac937ebb47cf2089e34ba4d1da5d35,5d26b58e844b5f045b1508ce7152a94f53b8d400ae0c0f2c70aeb94fd29f5499,3,5,e457fd9fb0385b4077d5c8f525b7160ed221a20dedcfd4822deb6aea8f4d74d4,9fe5836dcb30df6aa33935a5511bea820b1827dfdc679d555cb0200dcb613362,False,regular_beltway,0.2926259868917078,9860,30565,407,24,policy_train_regular_beltway_0000,False,0.7,0.2913571361999402,0.33994154099991647,0,0.03742511,0.13619031599995424,0.06336215199996786,lns2.receding_q_label_pilot.v1,random:8,0.20375122499996223,high_cost_progress,policy_train,s3__policy_train__policy_train_regular_beltway_0000__task_0016__seed_0000__official_adaptive__decision_0004__0113,feasible,3
16,600,"9,23,27,103,107,119,131,151,153,223,307,335,346,462,519,587",neighborhood-0e81e824ecae48c6,True,"5,3,3,1",official_adaptive,3,False,0.2,1,c1a62cf455540ccac9f4fc2cfe2f19b0b2cb9dac4ed19e3a67f7f44ed2cc239c,63403fcadd855d9fe06abb3773e13a51265d5ad0194c6786a09f7394035deadd,3,5,e457fd9fb0385b4077d5c8f525b7160ed221a20dedcfd4822deb6aea8f4d74d4,9fe5836dcb30df6aa33935a5511bea820b1827dfdc679d555cb0200dcb613362,False,regular_beltway,0.29652649721414104,29523,70005,6006,24,policy_train_regular_beltway_0000,False,0.6,0.26430504659997495,0.3451782029999322,0,0.063092257,0.15020565300005728,0.06336215199996786,lns2.receding_q_label_pilot.v1,collision:16,0.1949725499998749,high_cost_progress,policy_train,s3__policy_train__policy_train_regular_beltway_0000__task_0016__seed_0000__official_adaptive__decision_0004__0113,horizon_complete,0
16,600,"9,23,27,103,107,119,131,151,153,223,307,335,346,462,519,587",neighborhood-0e81e824ecae48c6,True,"5,3,3,1",official_adaptive,3,False,0.2,1,e42fb35e1680785cec11a45e03ff6ffb7881b4400d8db4ab90112188fb22d4b6,39fc90507a7a2e7f6b5c71f76d0299db1189b742bc42c98569e9633c8add8062,3,5,e457fd9fb0385b4077d5c8f525b7160ed221a20dedcfd4822deb6aea8f4d74d4,9fe5836dcb30df6aa33935a5511bea820b1827dfdc679d555cb0200dcb613362,False,regular_beltway,0.2973247700997425,27204,64747,6104,24,policy_train_regular_beltway_0000,False,0.6,0.2615077418001192,0.34625245100016855,0,0.060924048999999994,0.14571315600016987,0.06336215199996786,lns2.receding_q_label_pilot.v1,collision:16,0.20053929499999867,high_cost_progress,policy_train,s3__policy_train__policy_train_regular_beltway_0000__task_0016__seed_0000__official_adaptive__decision_0004__0113,horizon_complete,1
16,600,"9,23,27,103,107,119,131,151,153,223,307,335,346,462,519,587",neighborhood-0e81e824ecae48c6,True,"5,3,3,1",official_adaptive,3,False,0.2,1,c1754528be16d465c960bfcfe7c02f15df4887c90e66d044ab14f471e579850f,bee1a484bbb22d4078b01c092555abba41e9f969aa201eba76c1934d9d7a88c6,3,5,e457fd9fb0385b4077d5c8f525b7160ed221a20dedcfd4822deb6aea8f4d74d4,9fe5836dcb30df6aa33935a5511bea820b1827dfdc679d555cb0200dcb613362,False,regular_beltway,0.2973422005566506,31247,75593,5072,24,policy_train_regular_beltway_0000,False,0.6,0.266436245400007,0.34627591700001403,0,0.066925638,0.15247034200007192,0.06336215199996786,lns2.receding_q_label_pilot.v1,collision:16,0.1938055749999421,high_cost_progress,policy_train,s3__policy_train__policy_train_regular_beltway_0000__task_0016__seed_0000__official_adaptive__decision_0004__0113,horizon_complete,2
16,600,"9,23,27,103,107,119,131,151,153,223,307,335,346,462,519,587",neighborhood-0e81e824ecae48c6,True,"5,2,0",official_adaptive,2,True,0.0,0,64c67f1404b8cabbb7c2c24554ac28e5d3ae8615cf117d121ab7b8ede3e9d021,f33c90dc9e02543092ebdbf41a1e6c394b024f727c64a0c0cbfda547fee96e6b,3,5,e457fd9fb0385b4077d5c8f525b7160ed221a20dedcfd4822deb6aea8f4d74d4,9fe5836dcb30df6aa33935a5511bea820b1827dfdc679d555cb0200dcb613362,False,regular_beltway,0.20784031827327204,20344,47409,5002,24,policy_train_regular_beltway_0000,False,0.3,0.1717141076000189,0.23101658300004146,1,0.0437216,0.10412315799999305,0.06336215199996786,lns2.receding_q_label_pilot.v1,collision:16,0.1268934250000484,high_cost_progress,policy_train,s3__policy_train__policy_train_regular_beltway_0000__task_0016__seed_0000__official_adaptive__decision_0004__0113,feasible,3
8,600,"9,37,107,183,307,322,355,523",neighborhood-18d780d51eea384e,True,"5,3,3,1",official_adaptive,3,False,0.2,1,dcfe14aaa24fc1a83aefb41ad184e6241dd30445910dd59f6e6e2d17e93d9d0b,11e941ea15b02801db18484229108c7caa37e0aae4b05ad8b85385aabecaacd0,3,5,e457fd9fb0385b4077d5c8f525b7160ed221a20dedcfd4822deb6aea8f4d74d4,9fe5836dcb30df6aa33935a5511bea820b1827dfdc679d555cb0200dcb613362,False,regular_beltway,0.2805571080689457,28618,38648,15077,16,policy_train_regular_beltway_0000,False,0.6,0.24429684159988482,0.32386714399979155,0,0.044265694,0.13248543399993196,0.06336215199996786,lns2.receding_q_label_pilot.v1,target:8,0.1913817099998596,high_cost_progress,policy_train,s3__policy_train__policy_train_regular_beltway_0000__task_0016__seed_0000__official_adaptive__decision_0004__0113,horizon_complete,0
8,600,"9,37,107,183,307,322,355,523",neighborhood-18d780d51eea384e,True,"5,3,3,2",official_adaptive,3,False,0.4,2,ef6fc09e0d156266b1f3e9d4dae326e2080cf32db26d77dda30cd039e2061d0b,f1f88af3ac29530e77b6bd2ecd1208b00d8d439cb34405d1e7223173c712248f,3,5,e457fd9fb0385b4077d5c8f525b7160ed221a20dedcfd4822deb6aea8f4d74d4,9fe5836dcb30df6aa33935a5511bea820b1827dfdc679d555cb0200dcb613362,False,regular_beltway,0.2891303259762664,29195,43817,13911,16,policy_train_regular_beltway_0000,False,0.6333333333333333,0.25112541900007274,0.33526573700009976,0,0.049492933,0.13545985300004304,0.06336215199996786,lns2.receding_q_label_pilot.v1,target:8,0.19980588400005672,high_cost_progress,policy_train,s3__policy_train__policy_train_regular_beltway_0000__task_0016__seed_0000__official_adaptive__decision_0004__0113,horizon_complete,1
8,600,"9,37,107,183,307,322,355,523",neighborhood-18d780d51eea384e,True,"5,3,3,2",official_adaptive,3,False,0.4,2,54f8ab1cf3270b49867f171df4c0c079092447559f3065ff635aa2da1eaf2313,958dbe1c7095066838a82bea8b51a58c5afeb7c55fc2359a9be3f94dbc0d186f,3,5,e457fd9fb0385b4077d5c8f525b7160ed221a20dedcfd4822deb6aea8f4d74d4,9fe5836dcb30df6aa33935a5511bea820b1827dfdc679d555cb0200dcb613362,False,regular_beltway,0.2870410105153527,26776,38356,13544,16,policy_train_regular_beltway_0000,False,0.6333333333333333,0.24782363319986872,0.33247885799983123,0,0.045351983,0.1339124379999248,0.06336215199996786,lns2.receding_q_label_pilot.v1,target:8,0.19856641999990643,high_cost_progress,policy_train,s3__policy_train__policy_train_regular_beltway_0000__task_0016__seed_0000__official_adaptive__decision_0004__0113,horizon_complete,2
8,600,"9,37,107,183,307,322,355,523",neighborhood-18d780d51eea384e,True,"5,3,1,0",official_adaptive,3,True,0.0,0,e98d07c90be2cd97898812da7165f74b8353da70e2fc00c7bc1bccae42ba6f1a,707fbfcfe415bc768ddeadd4517554f97b3f1d7b29058663feb47e99e18fe1de,3,5,e457fd9fb0385b4077d5c8f525b7160ed221a20dedcfd4822deb6aea8f4d74d4,9fe5836dcb30df6aa33935a5511bea820b1827dfdc679d555cb0200dcb613362,False,regular_beltway,0.2894612517732597,27696,40983,13940,24,policy_train_regular_beltway_0000,False,0.43333333333333335,0.209972587200059,0.33570768400011275,0,0.052664753999999994,0.14142645200013249,0.06336215199996786,lns2.receding_q_label_pilot.v1,target:8,0.19428123199998026,high_cost_progress,policy_train,s3__policy_train__policy_train_regular_beltway_0000__task_0016__seed_0000__official_adaptive__decision_0004__0113,feasible,3
16,600,"0,62,89,149,172,174,216,223,239,363,425,458,459,497,536,543",neighborhood-1ad3096d163c496c,True,"5,5,5,3",official_adaptive,3,False,0.6,3,860ecc8e2b5568eb4c9765000cfb266e896fdcc7427288bd919f231c54d64dd5,9dd8671906511a3d90b685b77220a08b377fc1d311f910815bb0a182d943b010,3,5,e457fd9fb0385b4077d5c8f525b7160ed221a20dedcfd4822deb6aea8f4d74d4,9fe5836dcb30df6aa33935a5511bea820b1827dfdc679d555cb0200dcb613362,False,regular_beltway,0.28582593739838147,17290,45054,2719,24,policy_train_regular_beltway_0000,False,0.9333333333333333,0.3308607819999452,0.3308607819999452,0,0.044327637,0.1316422170000351,0.06336215199996786,lns2.receding_q_label_pilot.v1,random:16,0.19921856499991009,high_cost_progress,policy_train,s3__policy_train__policy_train_regular_beltway_0000__task_0016__seed_0000__official_adaptive__decision_0004__0113,horizon_complete,0
16,600,"0,62,89,149,172,174,216,223,239,363,425,458,459,497,536,543",neighborhood-1ad3096d163c496c,True,"5,5,4,4",official_adaptive,3,False,0.8,4,1b5afaec9c2999cb5ec41a3c2bd1cd93c4a75c5d68cfac7d8511c73f4ec41738,e54a1d672a23af31ff41a2b3efef83acb1c504f98f4a39100667ff929f04ba90,3,5,e457fd9fb0385b4077d5c8f525b7160ed221a20dedcfd4822deb6aea8f4d74d4,9fe5836dcb30df6aa33935a5511bea820b1827dfdc679d555cb0200dcb613362,False,regular_beltway,0.2880425239812893,16761,53174,568,32,policy_train_regular_beltway_0000,False,0.9,0.312045065199959,0.3338140219999559,0,0.050609430999999996,0.13806280699998297,0.06336215199996786,lns2.receding_q_label_pilot.v1,random:16,0.19575121499997294,high_cost_progress,policy_train,s3__policy_train__policy_train_regular_beltway_0000__task_0016__seed_0000__official_adaptive__decision_0004__0113,horizon_complete,1
16,600,"0,62,89,149,172,174,216,223,239,363,425,458,459,497,536,543",neighborhood-1ad3096d163c496c,True,"5,5,5,3",official_adaptive,3,False,0.6,3,d6f5ec5dc7da29e2b38e29bb53e7af97c0715445e811a7b3edad25d317f9f1b8,47f17aeada49bfc3aaf10f0350528f04b185eba807cc737931e512566b87580d,3,5,e457fd9fb0385b4077d5c8f525b7160ed221a20dedcfd4822deb6aea8f4d74d4,9fe5836dcb30df6aa33935a5511bea820b1827dfdc679d555cb0200dcb613362,False,regular_beltway,0.29670748807891617,10805,34465,344,24,policy_train_regular_beltway_0000,False,0.9333333333333333,0.3454216899999665,0.3454216899999665,0,0.035197551,0.1279919510000127,0.06336215199996786,lns2.receding_q_label_pilot.v1,random:16,0.21742973899995377,high_cost_progress,policy_train,s3__policy_train__policy_train_regular_beltway_0000__task_0016__seed_0000__official_adaptive__decision_0004__0113,horizon_complete,2
16,600,"0,62,89,149,172,174,216,223,239,363,425,458,459,497,536,543",neighborhood-1ad3096d163c496c,True,"5,5,3,1",official_adaptive,3,False,0.2,1,1508f9a266321480c78115550c7c4c1916b48a1db83712178da119a1e2333feb,4f3317c63fd4711a9c2aac10e788854016b7cae89388b6c7e42e32d9e20b8edb,3,5,e457fd9fb0385b4077d5c8f525b7160ed221a20dedcfd4822deb6aea8f4d74d4,9fe5836dcb30df6aa33935a5511bea820b1827dfdc679d555cb0200dcb613362,False,regular_beltway,0.3046438042524951,17557,53314,1017,32,policy_train_regular_beltway_0000,False,0.7333333333333333,0.3060884034000992,0.3561418650001542,0,0.055738166000000006,0.15068993100010175,0.06336215199996786,lns2.receding_q_label_pilot.v1,random:16,0.20545193400005246,high_cost_progress,policy_train,s3__policy_train__policy_train_regular_beltway_0000__task_0016__seed_0000__official_adaptive__decision_0004__0113,horizon_complete,3
8,600,"25,29,54,214,223,360,386,427",neighborhood-1f50de798f2484ca,True,"5,5,5,3",official_adaptive,3,False,0.6,3,3b33e47c8521c87d27eda3417917c0676f53eac7ce26f15d371814549a1c9f20,345c4863e33fc060cfba726be7e229dc902e5fc353c08c4b89aa1bcec325e380,3,5,e457fd9fb0385b4077d5c8f525b7160ed221a20dedcfd4822deb6aea8f4d74d4,9fe5836dcb30df6aa33935a5511bea820b1827dfdc679d555cb0200dcb613362,False,regular_beltway,0.2782443913111137,15345,32550,4462,16,policy_train_regular_beltway_0000,False,0.9333333333333333,0.32080895199976567,0.32080895199976567,0,0.030940732,0.12064362699982212,0.06336215199996786,lns2.receding_q_label_pilot.v1,random:8,0.20016532499994355,high_cost_progress,policy_train,s3__policy_train__policy_train_regular_beltway_0000__task_0016__seed_0000__official_adaptive__decision_0004__0113,horizon_complete,0
8,600,"25,29,54,214,223,360,386,427",neighborhood-1f50de798f2484ca,True,"5,5,4,4",official_adaptive,3,False,0.8,4,a80172638c8d3a568073a22a7880bf1b24c927a27791d00e700cea22cb54193b,b89347ed2c774c4ec5f94821349fdfc398b5a2f4c87f872e4338618e6a6e52ec,3,5,e457fd9fb0385b4077d5c8f525b7160ed221a20dedcfd4822deb6aea8f4d74d4,9fe5836dcb30df6aa33935a5511bea820b1827dfdc679d555cb0200dcb613362,False,regular_beltway,0.28724015031846284,20167,49574,4111,24,policy_train_regular_beltway_0000,False,0.9,0.3093366753998453,0.332744233999847,0,0.045661992,0.13074941200000012,0.06336215199996786,lns2.receding_q_label_pilot.v1,random:8,0.20199482199984686,high_cost_progress,policy_train,s3__policy_train__policy_train_regular_beltway_0000__task_0016__seed_0000__official_adaptive__decision_0004__0113,horizon_complete,1
8,600,"25,29,54,214,223,360,386,427",neighborhood-1f50de798f2484ca,True,"5,5,5,3",official_adaptive,3,False,0.6,3,0e2be2a9ff69db8261a137f58ff73fe98cefbd751d367cd2ee6c3c36d7457c38,034e5eed3103ad21cb7fe150d7da1f71b99a9f05782f12d2002321dab443d97f,3,5,e457fd9fb0385b4077d5c8f525b7160ed221a20dedcfd4822deb6aea8f4d74d4,9fe5836dcb30df6aa33935a5511bea820b1827dfdc679d555cb0200dcb613362,False,regular_beltway,0.3010796539602967,10504,22514,3283,16,policy_train_regular_beltway_0000,False,0.9333333333333333,0.3513169749999179,0.3513169749999179,0,0.02386129,0.12293694800007415,0.06336215199996786,lns2.receding_q_label_pilot.v1,random:8,0.22838002699984372,high_cost_progress,policy_train,s3__policy_train__policy_train_regular_beltway_0000__task_0016__seed_0000__official_adaptive__decision_0004__0113,horizon_complete,2
8,600,"25,29,54,214,223,360,386,427",neighborhood-1f50de798f2484ca,True,"5,5,3,1",official_adaptive,3,False,0.2,1,ff07608d175c37e3fa95227ea93576e291c93724ef243f2779253c94389b90f8,f8a0729860338b82b463abcd7df9086ef939cd2c73ee0bc2cbbe53c63722645e,3,5,e457fd9fb0385b4077d5c8f525b7160ed221a20dedcfd4822deb6aea8f4d74d4,9fe5836dcb30df6aa33935a5511bea820b1827dfdc679d555cb0200dcb613362,False,regular_beltway,0.29500562515387185,17661,42125,4035,24,policy_train_regular_beltway_0000,False,0.7333333333333333,0.2956681615999514,0.3431339139999636,0,0.043565656999999994,0.14011836100007713,0.06336215199996786,lns2.receding_q_label_pilot.v1,random:8,0.2030155529998865,high_cost_progress,policy_train,s3__policy_train__policy_train_regular_beltway_0000__task_0016__seed_0000__official_adaptive__decision_0004__0113,horizon_complete,3
8,600,"25,55,139,278,443,465,503,587",neighborhood-2112d471942eff56,True,"5,3,3,0",official_adaptive,3,True,0.0,0,0c6637a19a9d3431dd5238c58ceefe033d3a105370fdd05ae6cc726b4aacc0e7,fafc3599be57a8351179e72ede70da45b8a5fe870a3a3112427da0545c75ad3f,3,5,e457fd9fb0385b4077d5c8f525b7160ed221a20dedcfd4822deb6aea8f4d74d4,9fe5836dcb30df6aa33935a5511bea820b1827dfdc679d555cb0200dcb613362,False,regular_beltway,0.27015059600392505,12668,34847,1074,16,policy_train_regular_beltway_0000,False,0.5666666666666667,0.2274627421999867,0.3101617410000017,0,0.032440507,0.11891836000006606,0.06336215199996786,lns2.receding_q_label_pilot.v1,collision:8,0.19124338099993565,high_cost_progress,policy_train,s3__policy_train__policy_train_regular_beltway_0000__task_0016__seed_0000__official_adaptive__decision_0004__0113,feasible,0
8,600,"25,55,139,278,443,465,503,587",neighborhood-2112d471942eff56,True,"5,3,3,1",official_adaptive,3,False,0.2,1,dda4d370f2837fa5720c1f9b2c4dae9bce59f015ac851aaea22ee145953a5fc9,79873c4eb067d9c6ff7b13d749be850d59ab26ea3053e8ac999a61bae6cb25b0,3,5,e457fd9fb0385b4077d5c8f525b7160ed221a20dedcfd4822deb6aea8f4d74d4,9fe5836dcb30df6aa33935a5511bea820b1827dfdc679d555cb0200dcb613362,False,regular_beltway,0.2838777547029201,13508,34550,1768,16,policy_train_regular_beltway_0000,False,0.6,0.23709010760007915,0.3282705460001125,0,0.031669309,0.12116108900011113,0.06336215199996786,lns2.receding_q_label_pilot.v1,collision:8,0.20710945700000138,high_cost_progress,policy_train,s3__policy_train__policy_train_regular_beltway_0000__task_0016__seed_0000__official_adaptive__decision_0004__0113,horizon_complete,1
8,600,"25,55,139,278,443,465,503,587",neighborhood-2112d471942eff56,True,"5,5,5,3",official_adaptive,3,False,0.6,3,4950c9c5ef7e17276517907b09f4a0601ca10492478901278c3ae5e480912b69,31bbb88e7ae9a885000403b4310ce54be7cbe70f1da74333d2d63d54506131e0,3,5,e457fd9fb0385b4077d5c8f525b7160ed221a20dedcfd4822deb6aea8f4d74d4,9fe5836dcb30df6aa33935a5511bea820b1827dfdc679d555cb0200dcb613362,False,regular_beltway,0.2964833428928755,8247,22566,953,16,policy_train_regular_beltway_0000,False,0.9333333333333333,0.34512015400014207,0.34512015400014207,0,0.024375858,0.1166029730001128,0.06336215199996786,lns2.receding_q_label_pilot.v1,collision:8,0.22851718100002927,high_cost_progress,policy_train,s3__policy_train__policy_train_regular_beltway_0000__task_0016__seed_0000__official_adaptive__decision_0004__0113,horizon_complete,2
8,600,"25,55,139,278,443,465,503,587",neighborhood-2112d471942eff56,True,"5,5,3,0",official_adaptive,3,True,0.0,0,94e628b5d1eb3ddf7a83c711635098b18f9ef94a83979e51eb9e264627aea5e9,e277c2e920f4e1b1a82c72440622430d4f87452bb1aafd3a22998c7774b3cf53,3,5,e457fd9fb0385b4077d5c8f525b7160ed221a20dedcfd4822deb6aea8f4d74d4,9fe5836dcb30df6aa33935a5511bea820b1827dfdc679d555cb0200dcb613362,False,regular_beltway,0.28445346936741034,13742,39295,1009,24,policy_train_regular_beltway_0000,False,0.7,0.28316997459996857,0.3290354709999974,0,0.037000424,0.12789625200002774,0.06336215199996786,lns2.receding_q_label_pilot.v1,collision:8,0.20113921899996967,high_cost_progress,policy_train,s3__policy_train__policy_train_regular_beltway_0000__task_0016__seed_0000__official_adaptive__decision_0004__0113,feasible,3
4,600,"55,135,443,599",neighborhood-31f77190ccee3b0e,True,"5,5,5,2",official_adaptive,3,False,0.4,2,3c6c29c5b14c01d37f6fa4337decb9d0a738e2457e57fabea76a19993f9d3efe,e851fd0f664aaaf2e9c7b3f908031d71388507625f55e0f36ee433555913dcbb,3,5,e457fd9fb0385b4077d5c8f525b7160ed221a20dedcfd4822deb6aea8f4d74d4,9fe5836dcb30df6aa33935a5511bea820b1827dfdc679d555cb0200dcb613362,False,regular_beltway,0.2652853646661907,9952,27698,948,12,policy_train_regular_beltway_0000,False,0.9,0.30380298199986555,0.30380298199986555,0,0.024405819999999998,0.11132659199995487,0.06336215199996786,lns2.receding_q_label_pilot.v1,target:4,0.19247638999991068,high_cost_progress,policy_train,s3__policy_train__policy_train_regular_beltway_0000__task_0016__seed_0000__official_adaptive__decision_0004__0113,horizon_complete,0
4,600,"55,135,443,599",neighborhood-31f77190ccee3b0e,True,"5,5,5,3",official_adaptive,3,False,0.6,3,23c5e0e0f90c336919eb090bdd500cdcde866e3802704af44e904849ccf506a6,cc97f90f1952c8e36c92927a7a359e6b0d4b5be18a7308217302ce9df021af34,3,5,e457fd9fb0385b4077d5c8f525b7160ed221a20dedcfd4822deb6aea8f4d74d4,9fe5836dcb30df6aa33935a5511bea820b1827dfdc679d555cb0200dcb613362,False,regular_beltway,0.2848961165279979,12271,33676,728,12,policy_train_regular_beltway_0000,False,0.9333333333333333,0.3296238950000543,0.3296238950000543,0,0.032959962,0.12312491100010448,0.06336215199996786,lns2.receding_q_label_pilot.v1,target:4,0.20649898399994981,high_cost_progress,policy_train,s3__policy_train__policy_train_regular_beltway_0000__task_0016__seed_0000__official_adaptive__decision_0004__0113,horizon_complete,1
4,600,"55,135,443,599",neighborhood-31f77190ccee3b0e,True,"5,5,5,3",official_adaptive,3,False,0.6,3,d34b787ba7716632cf4525392d3f437c3cdef4248518cca23768fe4452a811b7,99f7ae3a79ab0caefb24622640cac9614ef79254e156690a0b52bae5df8170ee,3,5,e457fd9fb0385b4077d5c8f525b7160ed221a20dedcfd4822deb6aea8f4d74d4,9fe5836dcb30df6aa33935a5511bea820b1827dfdc679d555cb0200dcb613362,False,regular_beltway,0.2787245763524563,6476,19396,155,12,policy_train_regular_beltway_0000,False,0.9333333333333333,0.32144333699989147,0.32144333699989147,0,0.017294424,0.11068917000000056,0.06336215199996786,lns2.receding_q_label_pilot.v1,target:4,0.2107541669998909,high_cost_progress,policy_train,s3__policy_train__policy_train_regular_beltway_0000__task_0016__seed_0000__official_adaptive__decision_0004__0113,horizon_complete,2
4,600,"55,135,443,599",neighborhood-31f77190ccee3b0e,True,"5,5,3,0",official_adaptive,3,True,0.0,0,13f765f5215c2ab7e7bcb88946f79a8e01df3f6805317c89a5d55afe7f5d9cc7,612eaf1259c2ce1fbe31bf24cfb764b8fca6c64f72199a14ce7bd63c01384a9a,3,5,e457fd9fb0385b4077d5c8f525b7160ed221a20dedcfd4822deb6aea8f4d74d4,9fe5836dcb30df6aa33935a5511bea820b1827dfdc679d555cb0200dcb613362,False,regular_beltway,0.3210142813827011,9278,27656,427,20,policy_train_regular_beltway_0000,False,0.7,0.321185800400076,0.37852526800008945,0,0.036833985,0.15227762900008202,0.06336215199996786,lns2.receding_q_label_pilot.v1,target:4,0.22624763900000744,high_cost_progress,policy_train,s3__policy_train__policy_train_regular_beltway_0000__task_0016__seed_0000__official_adaptive__decision_0004__0113,feasible,3
4,600,"153,223,286,307",neighborhood-7b89866f4e63508b,True,"5,3,3,1",official_adaptive,3,False,0.2,1,1448771dddfd97e781d548c16cc4841891a487591ba784b4aaf5455d547d5856,5ac78b9067a3a9d4cceb9377264f956d9c63b1a0909b65a3869d5aa1718b0808,3,5,e457fd9fb0385b4077d5c8f525b7160ed221a20dedcfd4822deb6aea8f4d74d4,9fe5836dcb30df6aa33935a5511bea820b1827dfdc679d555cb0200dcb613362,False,regular_beltway,0.2814187062109947,12046,29613,2078,12,policy_train_regular_beltway_0000,False,0.6,0.23861370939985135,0.3250082769998244,0,0.029574694,0.1220774349999374,0.06336215199996786,lns2.receding_q_label_pilot.v1,target:4,0.20293084199988698,high_cost_progress,policy_train,s3__policy_train__policy_train_regular_beltway_0000__task_0016__seed_0000__official_adaptive__decision_0004__0113,horizon_complete,0
4,600,"153,223,286,307",neighborhood-7b89866f4e63508b,True,"5,5,4,1",official_adaptive,3,False,0.2,1,664fdf9b03999dec7ce5e48ee24bb7628821df39efea899b21e090742a69d788,0a3d6e666a5cb97c1379215198f1949d38de2d8668548df7c585c8bbc333c131,3,5,e457fd9fb0385b4077d5c8f525b7160ed221a20dedcfd4822deb6aea8f4d74d4,9fe5836dcb30df6aa33935a5511bea820b1827dfdc679d555cb0200dcb613362,False,regular_beltway,0.28807632347470813,14637,38668,2549,20,policy_train_regular_beltway_0000,False,0.8,0.310591116800083,0.3338591050001014,0,0.036805102,0.1258555020000358,0.06336215199996786,lns2.receding_q_label_pilot.v1,target:4,0.2080036030000656,high_cost_progress,policy_train,s3__policy_train__policy_train_regular_beltway_0000__task_0016__seed_0000__official_adaptive__decision_0004__0113,horizon_complete,1
4,600,"153,223,286,307",neighborhood-7b89866f4e63508b,True,"5,4,4,3",official_adaptive,3,False,0.6,3,a7b5e66f7a793747ba833405bba2dfbaf34c1cf6d0fa7e08af4de9b584fa7527,0fa76701020961f1bbe58435b7ea634399c949d0a0d09aab8d1cc119daa86dd8,3,5,e457fd9fb0385b4077d5c8f525b7160ed221a20dedcfd4822deb6aea8f4d74d4,9fe5836dcb30df6aa33935a5511bea820b1827dfdc679d555cb0200dcb613362,False,regular_beltway,0.3360504433931438,27145,54148,7489,12,policy_train_regular_beltway_0000,False,0.8,0.34260091299988743,0.39940961399986463,0,0.063656264,0.16657331499993688,0.06336215199996786,lns2.receding_q_label_pilot.v1,target:4,0.23283629899992775,high_cost_progress,policy_train,s3__policy_train__policy_train_regular_beltway_0000__task_0016__seed_0000__official_adaptive__decision_0004__0113,horizon_complete,2
4,600,"153,223,286,307",neighborhood-7b89866f4e63508b,True,"5,3,1,1",official_adaptive,3,False,0.2,1,86e74baec93f79e072c9e50014039232e95bc6ffc3257efade7266712a002e52,616a4c96586f62d503c402beed96f72f206d53c73e29c171997a855182dd1afa,3,5,e457fd9fb0385b4077d5c8f525b7160ed221a20dedcfd4822deb6aea8f4d74d4,9fe5836dcb30df6aa33935a5511bea820b1827dfdc679d555cb0200dcb613362,False,regular_beltway,0.2982936247488431,12432,34651,1402,19,policy_train_regular_beltway_0000,False,0.4666666666666667,0.20892789560000438,0.34755740599996443,0,0.034902809,0.1395114399999784,0.06336215199996786,lns2.receding_q_label_pilot.v1,target:4,0.20804596599998604,high_cost_progress,policy_train,s3__policy_train__policy_train_regular_beltway_0000__task_0016__seed_0000__official_adaptive__decision_0004__0113,horizon_complete,3
8,600,"25,55,135,385,421,443,571,599",neighborhood-7f9539356bf5f953,True,"5,5,5,2",official_adaptive,3,False,0.4,2,c783b9c82ab37da1260c9776e87d5b45f444062643ffa0a75d76f106eeabe4aa,af1338f5676b353b1f68105063e65829f4cac652728bf21c5c3b06aa80ae66af,3,5,e457fd9fb0385b4077d5c8f525b7160ed221a20dedcfd4822deb6aea8f4d74d4,9fe5836dcb30df6aa33935a5511bea820b1827dfdc679d555cb0200dcb613362,False,regular_beltway,0.29717859440866634,15379,40825,1829,16,policy_train_regular_beltway_0000,False,0.9,0.34605567599999176,0.34605567599999176,0,0.041146184,0.13888650900003086,0.06336215199996786,lns2.receding_q_label_pilot.v1,target:8,0.2071691669999609,high_cost_progress,policy_train,s3__policy_train__policy_train_regular_beltway_0000__task_0016__seed_0000__official_adaptive__decision_0004__0113,horizon_complete,0
8,600,"25,55,135,385,421,443,571,599",neighborhood-7f9539356bf5f953,True,"5,3,3,1",official_adaptive,3,False,0.2,1,96add97b417500af1f321eeb0fb010dd952dd3150f5b44c27e9abfdf4c82399e,d30600ebdd3aea5f8999470a98be5672d570a996e931a72cc4bed5c700fa922f,3,5,e457fd9fb0385b4077d5c8f525b7160ed221a20dedcfd4822deb6aea8f4d74d4,9fe5836dcb30df6aa33935a5511bea820b1827dfdc679d555cb0200dcb613362,False,regular_beltway,0.2892947688575903,14816,38012,1815,16,policy_train_regular_beltway_0000,False,0.6,0.24421375199995055,0.33548532999998315,0,0.034413098,0.12319345999992493,0.06336215199996786,lns2.receding_q_label_pilot.v1,target:8,0.21229187000005822,high_cost_progress,policy_train,s3__policy_train__policy_train_regular_beltway_0000__task_0016__seed_0000__official_adaptive__decision_0004__0113,horizon_complete,1
8,600,"25,55,135,385,421,443,571,599",neighborhood-7f9539356bf5f953,True,"5,5,5,5",official_adaptive,3,False,1.0,5,ba99ea43d85278ea10b0fdc25e924e0ec83ff59727fb926435400ca517820f56,4db5326b40557d3c2add50e09be4a3fe72a85dae471a5991f2eae0ed3a963767,3,5,e457fd9fb0385b4077d5c8f525b7160ed221a20dedcfd4822deb6aea8f4d74d4,9fe5836dcb30df6aa33935a5511bea820b1827dfdc679d555cb0200dcb613362,False,regular_beltway,0.3125388779031851,6659,21501,535,16,policy_train_regular_beltway_0000,True,1.0,0.36689108199993825,0.36689108199993825,0,0.023286383,0.14744799899995087,0.06336215199996786,lns2.receding_q_label_pilot.v1,target:8,0.21944308299998738,high_cost_progress,policy_train,s3__policy_train__policy_train_regular_beltway_0000__task_0016__seed_0000__official_adaptive__decision_0004__0113,horizon_complete,2
8,600,"25,55,135,385,421,443,571,599",neighborhood-7f9539356bf5f953,True,"5,3,1,0",official_adaptive,3,True,0.0,0,d19b5c52e4674bdbb9de3ea04b2e6caf21891001fb87ebe3bc865e9eda626a24,6abb7e076d50739915620523bee01bfb7dbabbf5cd1d4c67d9a6f97859ca36d6,3,5,e457fd9fb0385b4077d5c8f525b7160ed221a20dedcfd4822deb6aea8f4d74d4,9fe5836dcb30df6aa33935a5511bea820b1827dfdc679d555cb0200dcb613362,False,regular_beltway,0.3125958054711807,18550,51246,2379,24,policy_train_regular_beltway_0000,False,0.43333333333333335,0.22152533199991922,0.3669688979998682,0,0.05500014,0.16105824900000698,0.06336215199996786,lns2.receding_q_label_pilot.v1,target:8,0.20591064899986122,high_cost_progress,policy_train,s3__policy_train__policy_train_regular_beltway_0000__task_0016__seed_0000__official_adaptive__decision_0004__0113,feasible,3
16,600,"9,31,37,95,107,124,153,183,223,261,276,291,307,355,523,567",neighborhood-a11aafa1e144b13e,True,"5,3,3,3",official_adaptive,3,False,0.6,3,e7da06f4c9963924ee9ebe0097dd247c36b223849137c8f36b13f5749521c4b9,f0aa86be8e04c84bf2940ca15e9c27d10c53119a001d0f99f4031ce6e6232c81,3,5,e457fd9fb0385b4077d5c8f525b7160ed221a20dedcfd4822deb6aea8f4d74d4,9fe5836dcb30df6aa33935a5511bea820b1827dfdc679d555cb0200dcb613362,False,regular_beltway,0.3081350801166053,38534,65336,17029,24,policy_train_regular_beltway_0000,False,0.6666666666666666,0.27206969620001475,0.3608848050000688,0,0.07370531,0.1598318730000301,0.06336215199996786,lns2.receding_q_label_pilot.v1,target:16,0.2010529320000387,high_cost_progress,policy_train,s3__policy_train__policy_train_regular_beltway_0000__task_0016__seed_0000__official_adaptive__decision_0004__0113,horizon_complete,0
16,600,"9,31,37,95,107,124,153,183,223,261,276,291,307,355,523,567",neighborhood-a11aafa1e144b13e,True,"5,2,2,0",official_adaptive,3,True,0.0,0,074eef290ae9e00d9d56273c8ebcf4ef55757810b1626833e94e12189b76fa5b,7783fe39d5b2bd5ab2564bafb33d65a00940569077ed55e5780478dc57f981cd,3,5,e457fd9fb0385b4077d5c8f525b7160ed221a20dedcfd4822deb6aea8f4d74d4,9fe5836dcb30df6aa33935a5511bea820b1827dfdc679d555cb0200dcb613362,False,regular_beltway,0.30234514867651135,31316,49193,15384,24,policy_train_regular_beltway_0000,False,0.43333333333333335,0.22491937239981324,0.35302814199974364,0,0.061915511,0.14805545099989104,0.06336215199996786,lns2.receding_q_label_pilot.v1,target:16,0.2049726909998526,high_cost_progress,policy_train,s3__policy_train__policy_train_regular_beltway_0000__task_0016__seed_0000__official_adaptive__decision_0004__0113,feasible,1
16,600,"9,31,37,95,107,124,153,183,223,261,276,291,307,355,523,567",neighborhood-a11aafa1e144b13e,True,"5,2,1,0",official_adaptive,3,True,0.0,0,e3ba6a40f56c70c627ef7d1a47787b7e6a09189d8963d483e7f6678b549e57c5,ccacf226c271cd534348f3d0c491a3060877672bb7cf5252f30b04a07b0c7386,3,5,e457fd9fb0385b4077d5c8f525b7160ed221a20dedcfd4822deb6aea8f4d74d4,9fe5836dcb30df6aa33935a5511bea820b1827dfdc679d555cb0200dcb613362,False,regular_beltway,0.32778408512732216,38649,66627,16722,32,policy_train_regular_beltway_0000,False,0.36666666666666664,0.22180662040000243,0.38788927400003104,0,0.08164741199999999,0.18280896400005986,0.06336215199996786,lns2.receding_q_label_pilot.v1,target:16,0.20508030999997118,high_cost_progress,policy_train,s3__policy_train__policy_train_regular_beltway_0000__task_0016__seed_0000__official_adaptive__decision_0004__0113,feasible,2
16,600,"9,31,37,95,107,124,153,183,223,261,276,291,307,355,523,567",neighborhood-a11aafa1e144b13e,True,"5,3,1,1",official_adaptive,3,False,0.2,1,cf80228dba78998ec2a2b2b2f9e661505c3e62d95dedfae8fa33ae2a8b030b91,f4695ed786c42be4f677494e9fd3b8fa0883e27bd9f8f9668b33962ba92e2464,3,5,e457fd9fb0385b4077d5c8f525b7160ed221a20dedcfd4822deb6aea8f4d74d4,9fe5836dcb30df6aa33935a5511bea820b1827dfdc679d555cb0200dcb613362,False,regular_beltway,0.3234138710781837,39046,68702,16361,32,policy_train_regular_beltway_0000,False,0.4666666666666667,0.23821133979997738,0.3818371349999552,0,0.082166387,0.18327650200012613,0.06336215199996786,lns2.receding_q_label_pilot.v1,target:16,0.19856063299982907,high_cost_progress,policy_train,s3__policy_train__policy_train_regular_beltway_0000__task_0016__seed_0000__official_adaptive__decision_0004__0113,horizon_complete,3
4,600,"9,153,223,307",neighborhood-a71a6a6cd6ee7b63,True,"5,2,2,0",official_adaptive,3,True,0.0,0,a07e5099cc51f8afe050d7a3f4f1200c328faad3b8f75c1d5526aa04bc94e578,6edc9fdfce786178551b0bf443822567a4dbd5f95a9fc790c495519c3917aa71,3,5,e457fd9fb0385b4077d5c8f525b7160ed221a20dedcfd4822deb6aea8f4d74d4,9fe5836dcb30df6aa33935a5511bea820b1827dfdc679d555cb0200dcb613362,True,regular_beltway,0.27011221832631216,11862,29399,2029,12,policy_train_regular_beltway_0000,False,0.43333333333333335,0.18821321579989672,0.31011146099990583,0,0.027453818,0.1177325399999063,0.06336215199996786,lns2.receding_q_label_pilot.v1,collision:4,0.19237892099999954,high_cost_progress,policy_train,s3__policy_train__policy_train_regular_beltway_0000__task_0016__seed_0000__official_adaptive__decision_0004__0113,feasible,0
4,600,"9,153,223,307",neighborhood-a71a6a6cd6ee7b63,True,"5,4,4,2",official_adaptive,3,False,0.4,2,35548d35c492c2e1d481ce8d7921761499ae776f2b5e6e8c878821de6eeb24a7,a878227a8cf3755afc1a25eb40e58551ea9873ca96d53fbbf558ac20a3743760,3,5,e457fd9fb0385b4077d5c8f525b7160ed221a20dedcfd4822deb6aea8f4d74d4,9fe5836dcb30df6aa33935a5511bea820b1827dfdc679d555cb0200dcb613362,True,regular_beltway,0.2890223438865867,13076,34326,1312,12,policy_train_regular_beltway_0000,False,0.7666666666666667,0.29064085959994373,0.33512155999994775,0,0.033240441999999995,0.13492549799991593,0.06336215199996786,lns2.receding_q_label_pilot.v1,collision:4,0.20019606200003182,high_cost_progress,policy_train,s3__policy_train__policy_train_regular_beltway_0000__task_0016__seed_0000__official_adaptive__decision_0004__0113,horizon_complete,1
4,600,"9,153,223,307",neighborhood-a71a6a6cd6ee7b63,True,"5,3,3,3",official_adaptive,3,False,0.6,3,4a7d7948f05d049f357c3c4ce4d0da7006edb32b63cfe0f5cbfd542842455df1,c9efddb19497f93cbb66fd682803e05b96021e8426c64cb15e2571ad72897b4e,3,5,e457fd9fb0385b4077d5c8f525b7160ed221a20dedcfd4822deb6aea8f4d74d4,9fe5836dcb30df6aa33935a5511bea820b1827dfdc679d555cb0200dcb613362,True,regular_beltway,0.30521005883036717,20371,49738,3744,12,policy_train_regular_beltway_0000,False,0.6666666666666666,0.25887256320004326,0.35691000400004214,0,0.04872123,0.1489387760000227,0.06336215199996786,lns2.receding_q_label_pilot.v1,collision:4,0.20797122800001944,high_cost_progress,policy_train,s3__policy_train__policy_train_regular_beltway_0000__task_0016__seed_0000__official_adaptive__decision_0004__0113,horizon_complete,2
4,600,"9,153,223,307",neighborhood-a71a6a6cd6ee7b63,True,"5,2,0",official_adaptive,2,True,0.0,0,9aad648ce957b5478342acbbceaa527b37f69e3dd352c0ffaea0bfbeada30676,17e07059a94bcdbbe8c24b5ac17ba6a9ad2a82c8e58be8c04f8fd1e2393a75fb,3,5,e457fd9fb0385b4077d5c8f525b7160ed221a20dedcfd4822deb6aea8f4d74d4,9fe5836dcb30df6aa33935a5511bea820b1827dfdc679d555cb0200dcb613362,True,regular_beltway,0.20104291018154874,8396,22508,859,12,policy_train_regular_beltway_0000,False,0.3,0.15689270559987561,0.22267723599986766,1,0.023612966,0.09007459399992968,0.06336215199996786,lns2.receding_q_label_pilot.v1,collision:4,0.132602641999938,high_cost_progress,policy_train,s3__policy_train__policy_train_regular_beltway_0000__task_0016__seed_0000__official_adaptive__decision_0004__0113,feasible,3
8,200,"1,19,32,40,64,102,106,171",neighborhood-00c03144b794fc27,True,"1,0",official_adaptive,1,True,0.0,0,a5e742aa95891bf97e6e62b64a3b4180450d82ac0144c0c14f83c18e4513d672,e88f60d75c2d513676be0149c526aaa1788b8c390448a4577dbf70eefed91645,3,1,64e96406f71f4ed36218895c32ee0ce6655e29f1f2109260e56c58e6f09b55bb,8559b3e42cd0623f6419c5d6704c2b85aa80199a0e8ad904bab2cf2188bf839e,False,regular_beltway,0.037914625977267156,957,3684,126,8,policy_train_regular_beltway_0002,False,0.16666666666666666,0.03864255600001343,0.03864255600001343,2,0.002134844,0.011082562999945367,0.02755999300006806,lns2.receding_q_label_pilot.v1,random:8,0.02755999300006806,near_feasible,policy_train,s3__policy_train__policy_train_regular_beltway_0002__task_0011__seed_0000__official_adaptive__decision_0000__0109,feasible,0
8,200,"1,19,32,40,64,102,106,171",neighborhood-00c03144b794fc27,True,"1,0",official_adaptive,1,True,0.0,0,55cd0f5a082be51352a22452504ba6a3d1fa4fd51efa0baca623ec38c17d176c,230139cd4a583b05ed87aa955ebf6aed33031f828ab45f3f7eb632a22a1b4744,3,1,64e96406f71f4ed36218895c32ee0ce6655e29f1f2109260e56c58e6f09b55bb,8559b3e42cd0623f6419c5d6704c2b85aa80199a0e8ad904bab2cf2188bf839e,False,regular_beltway,0.03826702777069616,992,3794,129,8,policy_train_regular_beltway_0002,False,0.16666666666666666,0.03900864000002002,0.03900864000002002,2,0.002500254,0.011448646999951961,0.02755999300006806,lns2.receding_q_label_pilot.v1,random:8,0.02755999300006806,near_feasible,policy_train,s3__policy_train__policy_train_regular_beltway_0002__task_0011__seed_0000__official_adaptive__decision_0000__0109,feasible,1
3,200,"2,121,157",neighborhood-02e32a6fd688f93b,True,"1,0",official_adaptive,1,True,0.0,0,644fb33bd636fd0688420a7087e677034fc1c455d5842ed828bddea639cb3365,b0e28dbf9c8ae218151cbf66ecf1af8d88413da838d5736a24ca0b90b6bf2052,3,1,64e96406f71f4ed36218895c32ee0ce6655e29f1f2109260e56c58e6f09b55bb,8559b3e42cd0623f6419c5d6704c2b85aa80199a0e8ad904bab2cf2188bf839e,False,regular_beltway,0.03833783988159405,804,2798,113,3,policy_train_regular_beltway_0002,False,0.16666666666666666,0.03908221700010017,0.03908221700010017,2,0.001945673,0.01152222400003211,0.02755999300006806,lns2.receding_q_label_pilot.v1,target:16,0.02755999300006806,near_feasible,policy_train,s3__policy_train__policy_train_regular_beltway_0002__task_0011__seed_0000__official_adaptive__decision_0000__0109,feasible,0
3,200,"2,121,157",neighborhood-02e32a6fd688f93b,True,"1,0",official_adaptive,1,True,0.0,0,8a08d3e9148b25a294b4c39ba6434d9562682554320855ed192c310baf5dbea2,ea00ad7b466ad9c678e7ffa67953b061e802e2134e4dd810c13c09d507f18768,3,1,64e96406f71f4ed36218895c32ee0ce6655e29f1f2109260e56c58e6f09b55bb,8559b3e42cd0623f6419c5d6704c2b85aa80199a0e8ad904bab2cf2188bf839e,False,regular_beltway,0.03706715938172886,787,2693,106,3,policy_train_regular_beltway_0002,False,0.16666666666666666,0.037762714000109554,0.037762714000109554,2,0.00177484,0.010202721000041493,0.02755999300006806,lns2.receding_q_label_pilot.v1,target:16,0.02755999300006806,near_feasible,policy_train,s3__policy_train__policy_train_regular_beltway_0002__task_0011__seed_0000__official_adaptive__decision_0000__0109,feasible,1
16,200,"1,7,25,29,39,43,53,78,119,121,143,147,177,183,189,191",neighborhood-04b58f601fe6bfb9,True,"1,0",official_adaptive,1,True,0.0,0,db4c0f6c16a4daa8f5f251864f96fceb9606dba12dedd7589b67428339da386d,9100c624c0189747da7d7257d99de6472dd67b4ca2b8a4f42b599a6a85cd0b09,3,1,64e96406f71f4ed36218895c32ee0ce6655e29f1f2109260e56c58e6f09b55bb,8559b3e42cd0623f6419c5d6704c2b85aa80199a0e8ad904bab2cf2188bf839e,False,regular_beltway,0.04112282318683361,1884,8234,100,16,policy_train_regular_beltway_0002,False,0.16666666666666666,0.04198007700006201,0.04198007700006201,2,0.005830234,0.014420083999993949,0.02755999300006806,lns2.receding_q_label_pilot.v1,collision:16,0.02755999300006806,near_feasible,policy_train,s3__policy_train__policy_train_regular_beltway_0002__task_0011__seed_0000__official_adaptive__decision_0000__0109,feasible,0
16,200,"1,7,25,29,39,43,53,78,119,121,143,147,177,183,189,191",neighborhood-04b58f601fe6bfb9,True,"1,0",official_adaptive,1,True,0.0,0,3b9643f92fd0dbfab6034463d8d56645a56cf36862dc2554616e4fdc698707c6,cc30b73b81c48fb325c91ebe735b40d6d8513c79f7f5071b28f52133471781b6,3,1,64e96406f71f4ed36218895c32ee0ce6655e29f1f2109260e56c58e6f09b55bb,8559b3e42cd0623f6419c5d6704c2b85aa80199a0e8ad904bab2cf2188bf839e,False,regular_beltway,0.04108856570699609,1829,7851,118,16,policy_train_regular_beltway_0002,False,0.16666666666666666,0.04194438199999695,0.04194438199999695,2,0.004663354,0.014384388999928888,0.02755999300006806,lns2.receding_q_label_pilot.v1,collision:16,0.02755999300006806,near_feasible,policy_train,s3__policy_train__policy_train_regular_beltway_0002__task_0011__seed_0000__official_adaptive__decision_0000__0109,feasible,1
8,200,"1,2,35,108,121,135,151,168",neighborhood-04f076b5a8d8f32d,True,"1,0",official_adaptive,1,True,0.0,0,396ff5f05e30931dd61652ffd6f5d67d42d7a27aa655571275d7e8be1e0d4f70,6e0419544ef7f2572a96c90158532c5d77fd625262cc8965bae44c9d09f37f7c,3,1,64e96406f71f4ed36218895c32ee0ce6655e29f1f2109260e56c58e6f09b55bb,8559b3e42cd0623f6419c5d6704c2b85aa80199a0e8ad904bab2cf2188bf839e,False,regular_beltway,0.04205397548012881,2578,7716,627,8,policy_train_regular_beltway_0002,False,0.16666666666666666,0.04295077100016442,0.04295077100016442,2,0.004784755,0.015390778000096361,0.02755999300006806,lns2.receding_q_label_pilot.v1,collision:8,0.02755999300006806,near_feasible,policy_train,s3__policy_train__policy_train_regular_beltway_0002__task_0011__seed_0000__official_adaptive__decision_0000__0109,feasible,0
8,200,"1,2,35,108,121,135,151,168",neighborhood-04f076b5a8d8f32d,True,"1,0",official_adaptive,1,True,0.0,0,52cb75e6df93bcbffea3092b4f341df8352ef31707305d43df1b40307ee983e0,435a1a13a67b12e4266847275cab9cd92d2663414397d779e5d95a45c99e7847,3,1,64e96406f71f4ed36218895c32ee0ce6655e29f1f2109260e56c58e6f09b55bb,8559b3e42cd0623f6419c5d6704c2b85aa80199a0e8ad904bab2cf2188bf839e,False,regular_beltway,0.04211003503985469,2662,8563,480,8,policy_train_regular_beltway_0002,False,0.16666666666666666,0.043009240000060345,0.043009240000060345,2,0.005742241,0.015449246999992283,0.02755999300006806,lns2.receding_q_label_pilot.v1,collision:8,0.02755999300006806,near_feasible,policy_train,s3__policy_train__policy_train_regular_beltway_0002__task_0011__seed_0000__official_adaptive__decision_0000__0109,feasible,1
16,200,"1,2,7,24,42,48,63,83,84,94,101,112,115,125,126,132",neighborhood-06acbab499128ba3,True,"1,0",official_adaptive,1,True,0.0,0,40bbd0f68c6a407d9b54d09fd3c0b99ca258ce71776d6b5a3c2ce0221c5af747,743b54a89542577a7db13f0d1cde3be97825795f2a4f50b099e718716066edf7,3,1,64e96406f71f4ed36218895c32ee0ce6655e29f1f2109260e56c58e6f09b55bb,8559b3e42cd0623f6419c5d6704c2b85aa80199a0e8ad904bab2cf2188bf839e,False,regular_beltway,0.044267675975836536,3024,12440,47,16,policy_train_regular_beltway_0002,False,0.16666666666666666,0.045262109000077544,0.045262109000077544,2,0.008495856,0.017702116000009482,0.02755999300006806,lns2.receding_q_label_pilot.v1,random:16,0.02755999300006806,near_feasible,policy_train,s3__policy_train__policy_train_regular_beltway_0002__task_0011__seed_0000__official_adaptive__decision_0000__0109,feasible,0
16,200,"1,2,7,24,42,48,63,83,84,94,101,112,115,125,126,132",neighborhood-06acbab499128ba3,True,"1,0",official_adaptive,1,True,0.0,0,0c085025bc1a3236c5a32b4a82e2ded39cabdbdcc9c61b205326804e5ab43fb0,3e237e6f77fec9defd711f40bde2b5d1ed9f3ee76aacb369343697c0a2c4fec6,3,1,64e96406f71f4ed36218895c32ee0ce6655e29f1f2109260e56c58e6f09b55bb,8559b3e42cd0623f6419c5d6704c2b85aa80199a0e8ad904bab2cf2188bf839e,False,regular_beltway,0.04510979706218243,3219,13367,55,16,policy_train_regular_beltway_0002,False,0.16666666666666666,0.046142717000066114,0.046142717000066114,2,0.009054747,0.018582723999998052,0.02755999300006806,lns2.receding_q_label_pilot.v1,random:16,0.02755999300006806,near_feasible,policy_train,s3__policy_train__policy_train_regular_beltway_0002__task_0011__seed_0000__official_adaptive__decision_0000__0109,feasible,1
8,200,"1,99,121,150,161,164,173,198",neighborhood-07f1cef343755e8a,True,"1,0",official_adaptive,1,True,0.0,0,9c65672b1d0feb9c13b70facb175b0c3bbbee9b8bc9599e6bf1a5b265b30f2e1,74bf3616cf56c44848c13f03a852a7013a627a43d2874548f4cf9233565f5dd9,3,1,64e96406f71f4ed36218895c32ee0ce6655e29f1f2109260e56c58e6f09b55bb,8559b3e42cd0623f6419c5d6704c2b85aa80199a0e8ad904bab2cf2188bf839e,False,regular_beltway,0.04097365085988777,1249,4676,200,8,policy_train_regular_beltway_0002,False,0.16666666666666666,0.04182465400003821,0.04182465400003821,2,0.003911969,0.014264660999970147,0.02755999300006806,lns2.receding_q_label_pilot.v1,collision:8,0.02755999300006806,near_feasible,policy_train,s3__policy_train__policy_train_regular_beltway_0002__task_0011__seed_0000__official_adaptive__decision_0000__0109,feasible,0
8,200,"1,99,121,150,161,164,173,198",neighborhood-07f1cef343755e8a,True,"1,0",official_adaptive,1,True,0.0,0,dfc7b41a32ef0e84593ff7520e95aabfc861c2fa5fad45ba53aafc57fe7fadd9,5f470027b5cf267fc806ce9de8fa855604924adf34ea7872df04296e39242a76,3,1,64e96406f71f4ed36218895c32ee0ce6655e29f1f2109260e56c58e6f09b55bb,8559b3e42cd0623f6419c5d6704c2b85aa80199a0e8ad904bab2cf2188bf839e,False,regular_beltway,0.04028345209235113,1286,4731,220,8,policy_train_regular_beltway_0002,False,0.16666666666666666,0.04110583600004247,0.04110583600004247,2,0.003116845,0.013545842999974411,0.02755999300006806,lns2.receding_q_label_pilot.v1,collision:8,0.02755999300006806,near_feasible,policy_train,s3__policy_train__policy_train_regular_beltway_0002__task_0011__seed_0000__official_adaptive__decision_0000__0109,feasible,1
4,200,"1,38,121,122",neighborhood-08588bb87ad957dd,True,"1,0",official_adaptive,1,True,0.0,0,b509432a82a8a48af070871f8fff40bfbb60b6cecf2b72d21228b1bc31f8198c,43e05dc469d55bb17ee8fe5f79f14b43070de6658dd85d66e304becc738c9d20,3,1,64e96406f71f4ed36218895c32ee0ce6655e29f1f2109260e56c58e6f09b55bb,8559b3e42cd0623f6419c5d6704c2b85aa80199a0e8ad904bab2cf2188bf839e,True,regular_beltway,0.0403648939057662,729,2341,198,4,policy_train_regular_beltway_0002,False,0.16666666666666666,0.0411906290000843,0.0411906290000843,2,0.001816688,0.013630636000016239,0.02755999300006806,lns2.receding_q_label_pilot.v1,target:4,0.02755999300006806,near_feasible,policy_train,s3__policy_train__policy_train_regular_beltway_0002__task_0011__seed_0000__official_adaptive__decision_0000__0109,feasible,0
4,200,"1,38,121,122",neighborhood-08588bb87ad957dd,True,"1,0",official_adaptive,1,True,0.0,0,dbe70b4f3d493439e6ebb443b0bff90ef2cfe7a19908829530abe96a51dfaa79,5204761fa01e590e48171b57293658741c8c6d2544998de28cb35619e7a40881,3,1,64e96406f71f4ed36218895c32ee0ce6655e29f1f2109260e56c58e6f09b55bb,8559b3e42cd0623f6419c5d6704c2b85aa80199a0e8ad904bab2cf2188bf839e,True,regular_beltway,0.03785595826039808,811,2547,227,4,policy_train_regular_beltway_0002,False,0.16666666666666666,0.03858162300002732,0.03858162300002732,2,0.001542729,0.01102162999995926,0.02755999300006806,lns2.receding_q_label_pilot.v1,target:4,0.02755999300006806,near_feasible,policy_train,s3__policy_train__policy_train_regular_beltway_0002__task_0011__seed_0000__official_adaptive__decision_0000__0109,feasible,1
4,200,"1,7,42,121",neighborhood-167e451d0f2a356c,True,"1,0",official_adaptive,1,True,0.0,0,7b393d7f2dbea8c8ee9ea297dd1bab8c3e4af82528be1f461a17827c71548f06,90f119506e713f89fa81d94dcba4a7eee9e121a639e9a271a7fba198420935f0,3,1,64e96406f71f4ed36218895c32ee0ce6655e29f1f2109260e56c58e6f09b55bb,8559b3e42cd0623f6419c5d6704c2b85aa80199a0e8ad904bab2cf2188bf839e,False,regular_beltway,0.03802856340201415,1027,3548,165,4,policy_train_regular_beltway_0002,False,0.16666666666666666,0.03876090300002488,0.03876090300002488,2,0.003011462,0.01120090999995682,0.02755999300006806,lns2.receding_q_label_pilot.v1,collision:4,0.02755999300006806,near_feasible,policy_train,s3__policy_train__policy_train_regular_beltway_0002__task_0011__seed_0000__official_adaptive__decision_0000__0109,feasible,0
4,200,"1,7,42,121",neighborhood-167e451d0f2a356c,True,"1,0",official_adaptive,1,True,0.0,0,03f3d276e7849801496d6f87e4908f38812352df790bcfe82a1f27e79aac9ab7,dc5546703c2fd0d854890cbc49f12b4333296c2e08c31e330bc1b7d81f349dd5,3,1,64e96406f71f4ed36218895c32ee0ce6655e29f1f2109260e56c58e6f09b55bb,8559b3e42cd0623f6419c5d6704c2b85aa80199a0e8ad904bab2cf2188bf839e,False,regular_beltway,0.03771297323836105,1158,4076,179,4,policy_train_regular_beltway_0002,False,0.16666666666666666,0.03843313200002285,0.03843313200002285,2,0.002425282,0.01087313899995479,0.02755999300006806,lns2.receding_q_label_pilot.v1,collision:4,0.02755999300006806,near_feasible,policy_train,s3__policy_train__policy_train_regular_beltway_0002__task_0011__seed_0000__official_adaptive__decision_0000__0109,feasible,1
8,200,"25,45,83,104,108,117,121,151",neighborhood-1ad3b3ed951c8b97,True,"1,1,1,0",official_adaptive,3,True,0.0,0,68e0ce45138e135ec7d8a4f3c0dd8cc78122a78bbe0adc5fefe54e3ef507ab9f,b6d6a968b6024800f012358731a4af800257574e73f3ba391f2e5613c2cc0ee4,3,1,64e96406f71f4ed36218895c32ee0ce6655e29f1f2109260e56c58e6f09b55bb,8559b3e42cd0623f6419c5d6704c2b85aa80199a0e8ad904bab2cf2188bf839e,False,regular_beltway,0.14250164335593174,2460,9267,234,16,policy_train_regular_beltway_0002,False,0.8333333333333334,0.15315497599988248,0.15315497599988248,0,0.005518269,0.032154409999861855,0.02755999300006806,lns2.receding_q_label_pilot.v1,random:8,0.12100056600002063,near_feasible,policy_train,s3__policy_train__policy_train_regular_beltway_0002__task_0011__seed_0000__official_adaptive__decision_0000__0109,feasible,0
8,200,"25,45,83,104,108,117,121,151",neighborhood-1ad3b3ed951c8b97,True,"1,1,0",official_adaptive,2,True,0.0,0,e80f0530f842af412a6d57fe60f433f65205ef2de5072b1368151a86f30962aa,38484681dd1d1359b6c7d77b6eabdb7ddd5cf91995e933d15b2ce5a0a57ae14e,3,1,64e96406f71f4ed36218895c32ee0ce6655e29f1f2109260e56c58e6f09b55bb,8559b3e42cd0623f6419c5d6704c2b85aa80199a0e8ad904bab2cf2188bf839e,False,regular_beltway,0.09149896452298863,2850,10763,269,16,policy_train_regular_beltway_0002,False,0.5,0.09581564200004777,0.09581564200004777,1,0.007113648,0.03663276700001461,0.02755999300006806,lns2.receding_q_label_pilot.v1,random:8,0.059182875000033164,near_feasible,policy_train,s3__policy_train__policy_train_regular_beltway_0002__task_0011__seed_0000__official_adaptive__decision_0000__0109,feasible,1
8,200,"1,38,81,104,121,122,140,153",neighborhood-1bad4061cf7f193c,True,"1,0",official_adaptive,1,True,0.0,0,a28576be4bbf0a63c10034914628d17c0f839b664cc16de7d3cee451d5fc0140,3df96e3a398173552f57b4928c8f69e9be7b92c78fb5e3f3e48a37bde8299d1f,3,1,64e96406f71f4ed36218895c32ee0ce6655e29f1f2109260e56c58e6f09b55bb,8559b3e42cd0623f6419c5d6704c2b85aa80199a0e8ad904bab2cf2188bf839e,False,regular_beltway,0.03828014595863726,1226,4589,161,8,policy_train_regular_beltway_0002,False,0.16666666666666666,0.03902227000003222,0.03902227000003222,2,0.002630199,0.01146227699996416,0.02755999300006806,lns2.receding_q_label_pilot.v1,target:8,0.02755999300006806,near_feasible,policy_train,s3__policy_train__policy_train_regular_beltway_0002__task_0011__seed_0000__official_adaptive__decision_0000__0109,feasible,0
8,200,"1,38,81,104,121,122,140,153",neighborhood-1bad4061cf7f193c,True,"1,0",official_adaptive,1,True,0.0,0,11a3e3d4f703fd3233b90528b5f577fc11f91d7ec6b16730d828e00edbad5857,de131b05f5390c414d4a01ca3075d2b6414f70ca2b566f7fa0a1536edae55d40,3,1,64e96406f71f4ed36218895c32ee0ce6655e29f1f2109260e56c58e6f09b55bb,8559b3e42cd0623f6419c5d6704c2b85aa80199a0e8ad904bab2cf2188bf839e,False,regular_beltway,0.03869690772204144,1205,4523,177,8,policy_train_regular_beltway_0002,False,0.16666666666666666,0.039455385000110255,0.039455385000110255,2,0.002732523,0.011895392000042193,0.02755999300006806,lns2.receding_q_label_pilot.v1,target:8,0.02755999300006806,near_feasible,policy_train,s3__policy_train__policy_train_regular_beltway_0002__task_0011__seed_0000__official_adaptive__decision_0000__0109,feasible,1
4,200,"31,51,121,151",neighborhood-1fec1ac513d32538,True,"1,1,1,0",official_adaptive,3,True,0.0,0,aa72521a4f62e4b59824cfcf7fd505bc271e8459cb34c731a3cd7b3d09a4d894,d874b16c5ebd69e61d4a8c33f181bab019f409077625b1d83f5269c100fef415,3,1,64e96406f71f4ed36218895c32ee0ce6655e29f1f2109260e56c58e6f09b55bb,8559b3e42cd0623f6419c5d6704c2b85aa80199a0e8ad904bab2cf2188bf839e,False,regular_beltway,0.10577260003960952,1912,7204,151,12,policy_train_regular_beltway_0002,False,0.8333333333333334,0.11156907700024021,0.11156907700024021,0,0.0043128129999999995,0.03124001700007284,0.02755999300006806,lns2.receding_q_label_pilot.v1,random:4,0.08032906000016737,near_feasible,policy_train,s3__policy_train__policy_train_regular_beltway_0002__task_0011__seed_0000__official_adaptive__decision_0000__0109,feasible,0
4,200,"31,51,121,151",neighborhood-1fec1ac513d32538,True,"1,1,0",official_adaptive,2,True,0.0,0,cff2a6d8d11471196a5bbbdaf885abca541684df3ddd8b5f00793a6e3f3b44b5,887a37783fb300e9ad83fd483b0840bf76990a5227f7a35e9ac2a8ce5c1fa288,3,1,64e96406f71f4ed36218895c32ee0ce6655e29f1f2109260e56c58e6f09b55bb,8559b3e42cd0623f6419c5d6704c2b85aa80199a0e8ad904bab2cf2188bf839e,False,regular_beltway,0.07458858928174808,2357,8622,260,12,policy_train_regular_beltway_0002,False,0.5,0.07744078900009299,0.07744078900009299,1,0.005658502,0.024419897000029778,0.02755999300006806,lns2.receding_q_label_pilot.v1,random:4,0.05302089200006321,near_feasible,policy_train,s3__policy_train__policy_train_regular_beltway_0002__task_0011__seed_0000__official_adaptive__decision_0000__0109,feasible,1
4,200,"1,80,121,135",neighborhood-2421019627b7bf8b,True,"1,0",official_adaptive,1,True,0.0,0,9d4e5ccb329ba9c9b37a40e71d543268aa18a800949304668ee2c94d8a95541f,06944bf7ac544d988afad2a731bfba7b112efd5da8179d3ee2d66edb1395511c,3,1,64e96406f71f4ed36218895c32ee0ce6655e29f1f2109260e56c58e6f09b55bb,8559b3e42cd0623f6419c5d6704c2b85aa80199a0e8ad904bab2cf2188bf839e,False,regular_beltway,0.04110214023580867,1378,4817,171,4,policy_train_regular_beltway_0002,False,0.16666666666666666,0.04195852600003036,0.04195852600003036,2,0.003595888,0.014398532999962299,0.02755999300006806,lns2.receding_q_label_pilot.v1,collision:4,0.02755999300006806,near_feasible,policy_train,s3__policy_train__policy_train_regular_beltway_0002__task_0011__seed_0000__official_adaptive__decision_0000__0109,feasible,0
4,200,"1,80,121,135",neighborhood-2421019627b7bf8b,True,"1,0",official_adaptive,1,True,0.0,0,00df80e37247ee08c49dfb4c21a1e83d679b0ace698780c4efc28d75d9231591,d1eff78d309ff37e006f762e90505e69cb73e9db87a92f416f6e453ab0e9edd4,3,1,64e96406f71f4ed36218895c32ee0ce6655e29f1f2109260e56c58e6f09b55bb,8559b3e42cd0623f6419c5d6704c2b85aa80199a0e8ad904bab2cf2188bf839e,False,regular_beltway,0.039259893154988845,1435,4940,185,4,policy_train_regular_beltway_0002,False,0.16666666666666666,0.040040748000023996,0.040040748000023996,2,0.003332472,0.012480754999955934,0.02755999300006806,lns2.receding_q_label_pilot.v1,collision:4,0.02755999300006806,near_feasible,policy_train,s3__policy_train__policy_train_regular_beltway_0002__task_0011__seed_0000__official_adaptive__decision_0000__0109,feasible,1
4,200,"1,23,29,79",neighborhood-2592dc45feca37f8,True,"1,0",official_adaptive,1,True,0.0,0,bb875cfd86e796d87abe1b8a0e8bb9625dc088cbd052e8d9fa87fe32077669be,69e279fc0d71b45b983f3844b0aab6a847098bbcb9c121aaef3101e7aa968496,3,1,64e96406f71f4ed36218895c32ee0ce6655e29f1f2109260e56c58e6f09b55bb,8559b3e42cd0623f6419c5d6704c2b85aa80199a0e8ad904bab2cf2188bf839e,False,regular_beltway,0.03713935150680015,510,1899,45,4,policy_train_regular_beltway_0002,False,0.16666666666666666,0.03783763500007353,0.03783763500007353,2,0.001631988,0.010277642000005471,0.02755999300006806,lns2.receding_q_label_pilot.v1,random:4,0.02755999300006806,near_feasible,policy_train,s3__policy_train__policy_train_regular_beltway_0002__task_0011__seed_0000__official_adaptive__decision_0000__0109,feasible,0
4,200,"1,23,29,79",neighborhood-2592dc45feca37f8,True,"1,0",official_adaptive,1,True,0.0,0,6279171549f2de581270d4687353c2cb0a17bb048a867b624a0c9c59e6a218cd,6eba5317f4c138143282f8d539fcaecae0e46f0055773ab6a23c402e59a94d17,3,1,64e96406f71f4ed36218895c32ee0ce6655e29f1f2109260e56c58e6f09b55bb,8559b3e42cd0623f6419c5d6704c2b85aa80199a0e8ad904bab2cf2188bf839e,False,regular_beltway,0.036619288148787496,674,2196,49,4,policy_train_regular_beltway_0002,False,0.16666666666666666,0.03729803400005949,0.03729803400005949,2,0.00141812,0.009738040999991426,0.02755999300006806,lns2.receding_q_label_pilot.v1,random:4,0.02755999300006806,near_feasible,policy_train,s3__policy_train__policy_train_regular_beltway_0002__task_0011__seed_0000__official_adaptive__decision_0000__0109,feasible,1
16,200,"1,27,38,60,81,83,104,108,114,117,120,121,122,127,140,153",neighborhood-35eabe71c6dd71d8,True,"1,0",official_adaptive,1,True,0.0,0,a7120f3dabb1d2dfc56a3dcd35ea94d06c8bb5079e74bab0c183cb1880f6e506,ce7439f92790795d5dfb68b01e32aa39da43e39190c9cccd6207ec2d5abae07e,3,1,64e96406f71f4ed36218895c32ee0ce6655e29f1f2109260e56c58e6f09b55bb,8559b3e42cd0623f6419c5d6704c2b85aa80199a0e8ad904bab2cf2188bf839e,False,regular_beltway,0.042394963156187924,1888,7776,79,16,policy_train_regular_beltway_0002,False,0.16666666666666666,0.04330646500000057,0.04330646500000057,2,0.005323068,0.01574647199993251,0.02755999300006806,lns2.receding_q_label_pilot.v1,target:16,0.02755999300006806,near_feasible,policy_train,s3__policy_train__policy_train_regular_beltway_0002__task_0011__seed_0000__official_adaptive__decision_0000__0109,feasible,0
16,200,"1,27,38,60,81,83,104,108,114,117,120,121,122,127,140,153",neighborhood-35eabe71c6dd71d8,True,"1,0",official_adaptive,1,True,0.0,0,a56a485840f9527e54b600199e9d32ff0ed7e581e082007bbc12152c7f0d7899,76cfbb8443269ae05ec87549e78e845589f4eefaaea6777bcdf8f3d050ecf80c,3,1,64e96406f71f4ed36218895c32ee0ce6655e29f1f2109260e56c58e6f09b55bb,8559b3e42cd0623f6419c5d6704c2b85aa80199a0e8ad904bab2cf2188bf839e,False,regular_beltway,0.042092673585664375,2200,8320,166,16,policy_train_regular_beltway_0002,False,0.16666666666666666,0.042991132000111065,0.042991132000111065,2,0.005563907,0.015431139000043004,0.02755999300006806,lns2.receding_q_label_pilot.v1,target:16,0.02755999300006806,near_feasible,policy_train,s3__policy_train__policy_train_regular_beltway_0002__task_0011__seed_0000__official_adaptive__decision_0000__0109,feasible,1
16,200,"0,9,18,26,30,33,68,121,139,143,145,165,174,176,179,189",neighborhood-a823575413b769ba,True,"1,1,1,0",official_adaptive,3,True,0.0,0,1716be5b779e81a3cfdbd63cac37deef0c7d0befdea2a64cceccdd9b98a58415,55c7e5a3321edcb59405167f51fecd0a995186a777f2635bbb03fae036986fd8,3,1,64e96406f71f4ed36218895c32ee0ce6655e29f1f2109260e56c58e6f09b55bb,8559b3e42cd0623f6419c5d6704c2b85aa80199a0e8ad904bab2cf2188bf839e,False,regular_beltway,0.12112235968029339,3437,13004,292,24,policy_train_regular_beltway_0002,False,0.8333333333333334,0.1287630189999618,0.1287630189999618,0,0.009310373,0.042648916999951325,0.02755999300006806,lns2.receding_q_label_pilot.v1,random:16,0.08611410200001046,near_feasible,policy_train,s3__policy_train__policy_train_regular_beltway_0002__task_0011__seed_0000__official_adaptive__decision_0000__0109,feasible,0
16,200,"0,9,18,26,30,33,68,121,139,143,145,165,174,176,179,189",neighborhood-a823575413b769ba,True,"1,1,0",official_adaptive,2,True,0.0,0,d56da814d402d71b1ccb8ff4f84db4d6753f830029cac1c5e86d81f00b4a1518,3bfc1c71432eafd3623ef894a55bd84d54f0ddad9a5e8aa818395b33407ac663,3,1,64e96406f71f4ed36218895c32ee0ce6655e29f1f2109260e56c58e6f09b55bb,8559b3e42cd0623f6419c5d6704c2b85aa80199a0e8ad904bab2cf2188bf839e,False,regular_beltway,0.08147690333846376,3533,13437,339,24,policy_train_regular_beltway_0002,False,0.5,0.08488815999999133,0.08488815999999133,1,0.00951041,0.029670188999944003,0.02755999300006806,lns2.receding_q_label_pilot.v1,random:16,0.05521797100004733,near_feasible,policy_train,s3__policy_train__policy_train_regular_beltway_0002__task_0011__seed_0000__official_adaptive__decision_0000__0109,feasible,1
4,200,"2,121,157,161",neighborhood-ab7240b6fb40fa95,True,"1,0",official_adaptive,1,True,0.0,0,5597cd80c1dee8f5fb2ea8c4038ed6fa85f40f892c91be88b9661208dc225781,cc9211d67f560f73a53cdf55dcfeb48c4f7d27c1a075f51ce9b5dfb02dd906fe,3,1,64e96406f71f4ed36218895c32ee0ce6655e29f1f2109260e56c58e6f09b55bb,8559b3e42cd0623f6419c5d6704c2b85aa80199a0e8ad904bab2cf2188bf839e,False,regular_beltway,0.03827383712312908,864,3058,111,4,policy_train_regular_beltway_0002,False,0.16666666666666666,0.03901571500011869,0.03901571500011869,2,0.001906851,0.011455722000050628,0.02755999300006806,lns2.receding_q_label_pilot.v1,"target:4,target:8",0.02755999300006806,near_feasible,policy_train,s3__policy_train__policy_train_regular_beltway_0002__task_0011__seed_0000__official_adaptive__decision_0000__0109,feasible,0
4,200,"2,121,157,161",neighborhood-ab7240b6fb40fa95,True,"1,0",official_adaptive,1,True,0.0,0,3d567d04a59cee4f45dd68cd89753ce15adf3be2a6c258dc2c25ccd3859b6bd8,8c10e8496cfd91f462158cf8ff883f6627a6b214bcf6e573a30ebe842a466bec,3,1,64e96406f71f4ed36218895c32ee0ce6655e29f1f2109260e56c58e6f09b55bb,8559b3e42cd0623f6419c5d6704c2b85aa80199a0e8ad904bab2cf2188bf839e,False,regular_beltway,0.03811818636323758,845,2982,106,4,policy_train_regular_beltway_0002,False,0.16666666666666666,0.038854004000086206,0.038854004000086206,2,0.001964536,0.011294011000018145,0.02755999300006806,lns2.receding_q_label_pilot.v1,"target:4,target:8",0.02755999300006806,near_feasible,policy_train,s3__policy_train__policy_train_regular_beltway_0002__task_0011__seed_0000__official_adaptive__decision_0000__0109,feasible,1
16,200,"1,2,3,8,79,81,99,102,121,122,128,132,148,166,179,185",neighborhood-d01cbf615abb517f,True,"1,0",official_adaptive,1,True,0.0,0,abd3fb689110aa98c90609eee5ed0270b2dceadea7a0f05165dad28881a671ac,20ad8d26bda58ed6db2010640c6fdb3f34e9ae9e2191575c9b00561e026a50ea,3,1,64e96406f71f4ed36218895c32ee0ce6655e29f1f2109260e56c58e6f09b55bb,8559b3e42cd0623f6419c5d6704c2b85aa80199a0e8ad904bab2cf2188bf839e,False,regular_beltway,0.042812392842716145,2755,9253,410,16,policy_train_regular_beltway_0002,False,0.16666666666666666,0.043742063000081544,0.043742063000081544,2,0.006494823,0.016182070000013482,0.02755999300006806,lns2.receding_q_label_pilot.v1,collision:16,0.02755999300006806,near_feasible,policy_train,s3__policy_train__policy_train_regular_beltway_0002__task_0011__seed_0000__official_adaptive__decision_0000__0109,feasible,0
16,200,"1,2,3,8,79,81,99,102,121,122,128,132,148,166,179,185",neighborhood-d01cbf615abb517f,True,"1,0",official_adaptive,1,True,0.0,0,6b0346b6f175e3a1e405642d04793e62258eb81fd875a8a78dd87945c9d44997,3c456dff09f2fb3bae7e9735d139425d244100c2969b7ca7901566269a3bf309,3,1,64e96406f71f4ed36218895c32ee0ce6655e29f1f2109260e56c58e6f09b55bb,8559b3e42cd0623f6419c5d6704c2b85aa80199a0e8ad904bab2cf2188bf839e,False,regular_beltway,0.04302651573674794,2546,9547,209,16,policy_train_regular_beltway_0002,False,0.16666666666666666,0.04396557600000506,0.04396557600000506,2,0.006494321,0.016405582999936996,0.02755999300006806,lns2.receding_q_label_pilot.v1,collision:16,0.02755999300006806,near_feasible,policy_train,s3__policy_train__policy_train_regular_beltway_0002__task_0011__seed_0000__official_adaptive__decision_0000__0109,feasible,1
16,400,"23,117,120,144,176,177,189,200,201,232,254,265,281,283,350,377",neighborhood-098bd2e4e0221133,True,"1,0",official_adaptive,1,True,0.0,0,38e69a096ab096d7c59be8d1f3d7c5b5f4deababdd09389c6eb5a9f21f2ff4d9,21f4528cf277877552ce067b2e393bcfdc344e81aecb59433dcaeb09697403b2,3,1,df4a309aafd3b09d0153b23744c614aaaa347cf1b7c1c757cb036d446e8e5fe9,31efd58a54de9cecf77941cbcfd49870bfca85977d4edbbc4b1d998c373cc478,False,regular_beltway,0.06841122316232014,3856,12461,555,16,policy_train_regular_beltway_0002,False,0.16666666666666666,0.07080555799996091,0.07080555799996091,2,0.010547418,0.029799806000028184,0.04100575199993273,lns2.receding_q_label_pilot.v1,target:16,0.04100575199993273,high_cost_progress,policy_train,s3__policy_train__policy_train_regular_beltway_0002__task_0015__seed_0000__realized_dynamic__decision_0000__0110,feasible,0
16,400,"23,117,120,144,176,177,189,200,201,232,254,265,281,283,350,377",neighborhood-098bd2e4e0221133,True,"1,0",official_adaptive,1,True,0.0,0,b7b129a929bbfda8405194aa9a93fe5b69a3506d298d72689ebe5a002ede29f7,7f2727c950089ebd49a7b4d9768e80e521fcb58bb91da6e3442dab4cb52cc324,3,1,df4a309aafd3b09d0153b23744c614aaaa347cf1b7c1c757cb036d446e8e5fe9,31efd58a54de9cecf77941cbcfd49870bfca85977d4edbbc4b1d998c373cc478,False,regular_beltway,0.07034369751044896,3826,12457,550,16,policy_train_regular_beltway_0002,False,0.16666666666666666,0.07287686299991947,0.07287686299991947,2,0.010765565,0.03187111099998674,0.04100575199993273,lns2.receding_q_label_pilot.v1,target:16,0.04100575199993273,high_cost_progress,policy_train,s3__policy_train__policy_train_regular_beltway_0002__task_0015__seed_0000__realized_dynamic__decision_0000__0110,feasible,1
16,400,"23,117,120,144,176,177,189,200,201,232,254,265,281,283,350,377",neighborhood-098bd2e4e0221133,True,"1,0",official_adaptive,1,True,0.0,0,115d643eb34165f1eea2a44a164741a96147271265cfbaf2df6087ade914da26,9bbbcab7bf67b75f096a8c23e9fd3e4c3a9ce0723bdcab20d72f10b3b6ca8820,3,1,df4a309aafd3b09d0153b23744c614aaaa347cf1b7c1c757cb036d446e8e5fe9,31efd58a54de9cecf77941cbcfd49870bfca85977d4edbbc4b1d998c373cc478,False,regular_beltway,0.06968888987657008,4291,13512,698,16,policy_train_regular_beltway_0002,False,0.16666666666666666,0.07217456499995478,0.07217456499995478,2,0.01164975,0.031168813000022055,0.04100575199993273,lns2.receding_q_label_pilot.v1,target:16,0.04100575199993273,high_cost_progress,policy_train,s3__policy_train__policy_train_regular_beltway_0002__task_0015__seed_0000__realized_dynamic__decision_0000__0110,feasible,2
16,400,"23,117,120,144,176,177,189,200,201,232,254,265,281,283,350,377",neighborhood-098bd2e4e0221133,True,"1,0",official_adaptive,1,True,0.0,0,bfb8e57e45caada06b704886e6294e913c1317d6f4463f47db1ae5a575b63f89,887138066ef65a0f9b1209daab2946926c10859ff1fc84ab5441cb9d5fe2f221,3,1,df4a309aafd3b09d0153b23744c614aaaa347cf1b7c1c757cb036d446e8e5fe9,31efd58a54de9cecf77941cbcfd49870bfca85977d4edbbc4b1d998c373cc478,False,regular_beltway,0.07377451213345788,4040,12378,745,16,policy_train_regular_beltway_0002,False,0.16666666666666666,0.07656402599991452,0.07656402599991452,2,0.011436992,0.03555827399998179,0.04100575199993273,lns2.receding_q_label_pilot.v1,target:16,0.04100575199993273,high_cost_progress,policy_train,s3__policy_train__policy_train_regular_beltway_0002__task_0015__seed_0000__realized_dynamic__decision_0000__0110,feasible,3
4,400,"30,66,92,189",neighborhood-0ae0c016dec95849,True,"1,1,0",official_adaptive,2,True,0.0,0,9eed9d53f0f5808dd08096e340e0d0593c002e21cacddb6c8b736d49aca20a7f,d325902a7e2e46caa2aaf65a7e4012720359d45a1e9986310b5a7dd49758cd35,3,1,df4a309aafd3b09d0153b23744c614aaaa347cf1b7c1c757cb036d446e8e5fe9,31efd58a54de9cecf77941cbcfd49870bfca85977d4edbbc4b1d998c373cc478,False,regular_beltway,0.13018108347613214,4886,13117,286,11,policy_train_regular_beltway_0002,False,0.5,0.13903462499990837,0.13903462499990837,1,0.011590495,0.05181621099995937,0.04100575199993273,lns2.receding_q_label_pilot.v1,random:4,0.08721841399994901,high_cost_progress,policy_train,s3__policy_train__policy_train_regular_beltway_0002__task_0015__seed_0000__realized_dynamic__decision_0000__0110,feasible,0
4,400,"30,66,92,189",neighborhood-0ae0c016dec95849,True,"1,1,0",official_adaptive,2,True,0.0,0,20aec11fc2f90e780ff97be7c0f0b25fcf2bc34edb7fb7d6d5a71de6b6d3e516,ef662e4c103d9656c7667dc96f9c7f5de38d9a2cc5dd91887df9fc1fac726062,3,1,df4a309aafd3b09d0153b23744c614aaaa347cf1b7c1c757cb036d446e8e5fe9,31efd58a54de9cecf77941cbcfd49870bfca85977d4edbbc4b1d998c373cc478,False,regular_beltway,0.1291557287300139,4692,12330,262,11,policy_train_regular_beltway_0002,False,0.5,0.13786730899994382,0.13786730899994382,1,0.010925691,0.0517151770000055,0.04100575199993273,lns2.receding_q_label_pilot.v1,random:4,0.08615213199993832,high_cost_progress,policy_train,s3__policy_train__policy_train_regular_beltway_0002__task_0015__seed_0000__realized_dynamic__decision_0000__0110,feasible,1
4,400,"30,66,92,189",neighborhood-0ae0c016dec95849,True,"1,1,0",official_adaptive,2,True,0.0,0,690b1ed9896bb81580a5682b90895ff464518a3ff0504d75779b88c588c934a2,5ed39ed26b28647d49427dddf5a06a85478679ddee4fa4567c30fea21d6ecac1,3,1,df4a309aafd3b09d0153b23744c614aaaa347cf1b7c1c757cb036d446e8e5fe9,31efd58a54de9cecf77941cbcfd49870bfca85977d4edbbc4b1d998c373cc478,False,regular_beltway,0.17652391372668702,5305,12855,652,11,policy_train_regular_beltway_0002,False,0.5,0.19306295699993825,0.19306295699993825,1,0.012494076,0.055331809999984216,0.04100575199993273,lns2.receding_q_label_pilot.v1,random:4,0.13773114699995403,high_cost_progress,policy_train,s3__policy_train__policy_train_regular_beltway_0002__task_0015__seed_0000__realized_dynamic__decision_0000__0110,feasible,2
4,400,"30,66,92,189",neighborhood-0ae0c016dec95849,True,"1,1,1,1",official_adaptive,3,False,1.0,1,cd43c074d6b3515d9f4bb755425396c69e633e55746904d5a3a0de80f3422891,41bb369affa1a05486def8632875e7af53c11760b1666ba5dbdd43851db8e530,3,1,df4a309aafd3b09d0153b23744c614aaaa347cf1b7c1c757cb036d446e8e5fe9,31efd58a54de9cecf77941cbcfd49870bfca85977d4edbbc4b1d998c373cc478,False,regular_beltway,0.204307701258212,21337,33095,8560,12,policy_train_regular_beltway_0002,True,1.0,0.22667554499992093,0.22667554499992093,0,0.033212171,0.09427833099999816,0.04100575199993273,lns2.receding_q_label_pilot.v1,random:4,0.13239721399992277,high_cost_progress,policy_train,s3__policy_train__policy_train_regular_beltway_0002__task_0015__seed_0000__realized_dynamic__decision_0000__0110,horizon_complete,3
16,400,"15,16,21,23,25,66,175,189,211,242,284,287,309,320,321,362",neighborhood-0cc76e6d35c74ad7,True,"1,0",official_adaptive,1,True,0.0,0,b9b107a43df9f7add357be392d6995aff8192a2372ffb9e8293d714ebb2fb86a,ff80db6514c4082cc1c30861b276d4224b0ece7313abff9faa6dde684e9a7715,3,1,df4a309aafd3b09d0153b23744c614aaaa347cf1b7c1c757cb036d446e8e5fe9,31efd58a54de9cecf77941cbcfd49870bfca85977d4edbbc4b1d998c373cc478,False,regular_beltway,0.07267203332965555,5937,18543,503,16,policy_train_regular_beltway_0002,False,0.16666666666666666,0.07537779099993713,0.07537779099993713,2,0.01537811,0.034372039000004406,0.04100575199993273,lns2.receding_q_label_pilot.v1,collision:16,0.04100575199993273,high_cost_progress,policy_train,s3__policy_train__policy_train_regular_beltway_0002__task_0015__seed_0000__realized_dynamic__decision_0000__0110,feasible,0
16,400,"15,16,21,23,25,66,175,189,211,242,284,287,309,320,321,362",neighborhood-0cc76e6d35c74ad7,True,"1,0",official_adaptive,1,True,0.0,0,da235cbf7c21088f454036ab0ae3e00147c36995834eec19c2214f52a89c3ead,4b0f006af0b73d663699d751ec4696181df1076208542c46674b33f15ec6c246,3,1,df4a309aafd3b09d0153b23744c614aaaa347cf1b7c1c757cb036d446e8e5fe9,31efd58a54de9cecf77941cbcfd49870bfca85977d4edbbc4b1d998c373cc478,False,regular_beltway,0.07442314005450289,5691,15900,1207,16,policy_train_regular_beltway_0002,False,0.16666666666666666,0.07726254199997129,0.07726254199997129,2,0.01378894,0.03625679000003856,0.04100575199993273,lns2.receding_q_label_pilot.v1,collision:16,0.04100575199993273,high_cost_progress,policy_train,s3__policy_train__policy_train_regular_beltway_0002__task_0015__seed_0000__realized_dynamic__decision_0000__0110,feasible,1
16,400,"15,16,21,23,25,66,175,189,211,242,284,287,309,320,321,362",neighborhood-0cc76e6d35c74ad7,True,"1,1,0",official_adaptive,2,True,0.0,0,5198b120c6b0005dc5dbb0ecd6dade7257e8f0f3feb7940eedf5f83c32b81ec4,941706b89e337349d06336e0dc78a880f2a921eb6843e5e194f84fb02365d11c,3,1,df4a309aafd3b09d0153b23744c614aaaa347cf1b7c1c757cb036d446e8e5fe9,31efd58a54de9cecf77941cbcfd49870bfca85977d4edbbc4b1d998c373cc478,False,regular_beltway,0.12988387978018087,8500,24380,620,23,policy_train_regular_beltway_0002,False,0.5,0.13869615000004387,0.13869615000004387,1,0.018741087,0.05665984600005913,0.04100575199993273,lns2.receding_q_label_pilot.v1,collision:16,0.08203630399998474,high_cost_progress,policy_train,s3__policy_train__policy_train_regular_beltway_0002__task_0015__seed_0000__realized_dynamic__decision_0000__0110,feasible,2
16,400,"15,16,21,23,25,66,175,189,211,242,284,287,309,320,321,362",neighborhood-0cc76e6d35c74ad7,True,"1,0",official_adaptive,1,True,0.0,0,da545c5987a4e72c982ad169d587e4d90f8e0f705826af6a9133addb25f3254d,dc00217cede24fe6dbc8ca30af4e9aa42c83474ebc372225e7358353ffe22d95,3,1,df4a309aafd3b09d0153b23744c614aaaa347cf1b7c1c757cb036d446e8e5fe9,31efd58a54de9cecf77941cbcfd49870bfca85977d4edbbc4b1d998c373cc478,False,regular_beltway,0.08497156456937016,24692,20788,17474,16,policy_train_regular_beltway_0002,False,0.16666666666666666,0.08868610899992291,0.08868610899992291,2,0.028671643,0.04768035699999018,0.04100575199993273,lns2.receding_q_label_pilot.v1,collision:16,0.04100575199993273,high_cost_progress,policy_train,s3__policy_train__policy_train_regular_beltway_0002__task_0015__seed_0000__realized_dynamic__decision_0000__0110,feasible,3
8,400,"15,23,53,66,189,225,227,306",neighborhood-1378930d9dbe86af,True,"1,1,0",official_adaptive,2,True,0.0,0,6c1ff08ab946cb5211218f9dd04d05af4f90aa6ffb45246c31a46f9b31c919b6,7c5131e0e22df004657a36002d5cbf1fec9790dd9978d6d874fe3f4aa8506554,3,1,df4a309aafd3b09d0153b23744c614aaaa347cf1b7c1c757cb036d446e8e5fe9,31efd58a54de9cecf77941cbcfd49870bfca85977d4edbbc4b1d998c373cc478,False,regular_beltway,0.13198750043601665,6470,19295,234,15,policy_train_regular_beltway_0002,False,0.5,0.14109405599992897,0.14109405599992897,1,0.015562454,0.05572274699989066,0.04100575199993273,lns2.receding_q_label_pilot.v1,collision:8,0.08537130900003831,high_cost_progress,policy_train,s3__policy_train__policy_train_regular_beltway_0002__task_0015__seed_0000__realized_dynamic__decision_0000__0110,feasible,0
8,400,"15,23,53,66,189,225,227,306",neighborhood-1378930d9dbe86af,True,"1,0",official_adaptive,1,True,0.0,0,0ed3a04899ada18306df441d53c5153c2d7d1005954b262776dbc7901a40d017,9553776c0eb956a96bbf16c05ff43212ca760f3fc2edb30205bcc391d9f499c9,3,1,df4a309aafd3b09d0153b23744c614aaaa347cf1b7c1c757cb036d446e8e5fe9,31efd58a54de9cecf77941cbcfd49870bfca85977d4edbbc4b1d998c373cc478,False,regular_beltway,0.06962163550665276,3622,10285,684,8,policy_train_regular_beltway_0002,False,0.16666666666666666,0.07210245899989332,0.07210245899989332,2,0.009261963,0.03109670699996059,0.04100575199993273,lns2.receding_q_label_pilot.v1,collision:8,0.04100575199993273,high_cost_progress,policy_train,s3__policy_train__policy_train_regular_beltway_0002__task_0015__seed_0000__realized_dynamic__decision_0000__0110,feasible,1
8,400,"15,23,53,66,189,225,227,306",neighborhood-1378930d9dbe86af,True,"1,0",official_adaptive,1,True,0.0,0,3b679bf9103bbd681a47fc81ab6b01a976644ccae2c7214f0ec92d6a9992ca14,e97b7a1e5d4f2f9924f8c7b26ec1b1a7f75a20ad8e95c6d963d179f05183e9ff,3,1,df4a309aafd3b09d0153b23744c614aaaa347cf1b7c1c757cb036d446e8e5fe9,31efd58a54de9cecf77941cbcfd49870bfca85977d4edbbc4b1d998c373cc478,False,regular_beltway,0.06546400836708555,2540,8754,280,8,policy_train_regular_beltway_0002,False,0.16666666666666666,0.06765430999996624,0.06765430999996624,2,0.007097641,0.026648558000033518,0.04100575199993273,lns2.receding_q_label_pilot.v1,collision:8,0.04100575199993273,high_cost_progress,policy_train,s3__policy_train__policy_train_regular_beltway_0002__task_0015__seed_0000__realized_dynamic__decision_0000__0110,feasible,2
8,400,"15,23,53,66,189,225,227,306",neighborhood-1378930d9dbe86af,True,"1,0",official_adaptive,1,True,0.0,0,fe874a1cac4f0e349aca8d5274b8ba2cf33d59c6255c30fc5f430b6cd875dc4d,fdc4644287ca999649a926cca97c2c0e790a43a732dc4dfa2dbfb872eb866f45,3,1,df4a309aafd3b09d0153b23744c614aaaa347cf1b7c1c757cb036d446e8e5fe9,31efd58a54de9cecf77941cbcfd49870bfca85977d4edbbc4b1d998c373cc478,False,regular_beltway,0.06858176806212568,3449,9422,968,8,policy_train_regular_beltway_0002,False,0.16666666666666666,0.07098819399993772,0.07098819399993772,2,0.008753265,0.029982442000004994,0.04100575199993273,lns2.receding_q_label_pilot.v1,collision:8,0.04100575199993273,high_cost_progress,policy_train,s3__policy_train__policy_train_regular_beltway_0002__task_0015__seed_0000__realized_dynamic__decision_0000__0110,feasible,3
8,400,"94,123,124,189,202,217,333,335",neighborhood-13f8ee92134fe2cf,True,"1,1,0",official_adaptive,2,True,0.0,0,7990ea28cd1ebbd880cdfc9677dbb22b7d77f1d0f1d093485b33c334d2950823,fd94c2ae643620a5d22abd237a4da664c7933953660f90e997b1caa29cf4f5f4,3,1,df4a309aafd3b09d0153b23744c614aaaa347cf1b7c1c757cb036d446e8e5fe9,31efd58a54de9cecf77941cbcfd49870bfca85977d4edbbc4b1d998c373cc478,False,regular_beltway,0.13580549377018425,11284,23904,2782,15,policy_train_regular_beltway_0002,False,0.5,0.14545907299986993,0.14545907299986993,1,0.021221255,0.06126714100003028,0.04100575199993273,lns2.receding_q_label_pilot.v1,random:8,0.08419193199983965,high_cost_progress,policy_train,s3__policy_train__policy_train_regular_beltway_0002__task_0015__seed_0000__realized_dynamic__decision_0000__0110,feasible,0
8,400,"94,123,124,189,202,217,333,335",neighborhood-13f8ee92134fe2cf,True,"1,1,0",official_adaptive,2,True,0.0,0,a0d2f293dc387eef6c06f8017bea9f32950fc69dc469a13bd28ec061b92b4dec,d44c155ee04cae70e5e7c043832379d8d16cee5f783b1baf90529a132af15f7d,3,1,df4a309aafd3b09d0153b23744c614aaaa347cf1b7c1c757cb036d446e8e5fe9,31efd58a54de9cecf77941cbcfd49870bfca85977d4edbbc4b1d998c373cc478,False,regular_beltway,0.13440042640536237,9470,20912,2036,15,policy_train_regular_beltway_0002,False,0.5,0.14385075600011987,0.14385075600011987,1,0.018946096,0.060919580000131646,0.04100575199993273,lns2.receding_q_label_pilot.v1,random:8,0.08293117599998823,high_cost_progress,policy_train,s3__policy_train__policy_train_regular_beltway_0002__task_0015__seed_0000__realized_dynamic__decision_0000__0110,feasible,1
8,400,"94,123,124,189,202,217,333,335",neighborhood-13f8ee92134fe2cf,True,"1,1,0",official_adaptive,2,True,0.0,0,e5c638b40395f56f192a11cc57ee12931020bcfe7258f9d01977a3176a97ba6f,0bcf4b5d59b20a7881056f2d8e93cb3ffd59375eda8e8d01d3209c47f333b3be,3,1,df4a309aafd3b09d0153b23744c614aaaa347cf1b7c1c757cb036d446e8e5fe9,31efd58a54de9cecf77941cbcfd49870bfca85977d4edbbc4b1d998c373cc478,False,regular_beltway,0.13361271806746886,10673,21400,2981,15,policy_train_regular_beltway_0002,False,0.5,0.14295008999994252,0.14295008999994252,1,0.01957969,0.05915540400002328,0.04100575199993273,lns2.receding_q_label_pilot.v1,random:8,0.08379468599991924,high_cost_progress,policy_train,s3__policy_train__policy_train_regular_beltway_0002__task_0015__seed_0000__realized_dynamic__decision_0000__0110,feasible,2
8,400,"94,123,124,189,202,217,333,335",neighborhood-13f8ee92134fe2cf,True,"1,1,0",official_adaptive,2,True,0.0,0,7c35f3ac7547ce07267e71f3d3c06cb88a04409b151525605b697f3482bd2faf,ee075765bbc62c7b8081d3848d5efd1192cf3584f629aa838fd16be8abcf2d10,3,1,df4a309aafd3b09d0153b23744c614aaaa347cf1b7c1c757cb036d446e8e5fe9,31efd58a54de9cecf77941cbcfd49870bfca85977d4edbbc4b1d998c373cc478,False,regular_beltway,0.13723552322935584,10715,22690,2651,16,policy_train_regular_beltway_0002,False,0.5,0.14709828499991318,0.14709828499991318,1,0.020435094,0.06236311399999295,0.04100575199993273,lns2.receding_q_label_pilot.v1,random:8,0.08473517099992023,high_cost_progress,policy_train,s3__policy_train__policy_train_regular_beltway_0002__task_0015__seed_0000__realized_dynamic__decision_0000__0110,feasible,3
4,400,"13,23,316,328",neighborhood-1a9ee265e4a28ae2,True,"1,0",official_adaptive,1,True,0.0,0,c3c5172689854241e02d532044986739bb9b894ac09bb149f422dbd5b3bd136b,630f6d5680931b5496250a6f8dfdd812f12aebb6921f9a757fd45a15c0b7f33b,3,1,df4a309aafd3b09d0153b23744c614aaaa347cf1b7c1c757cb036d446e8e5fe9,31efd58a54de9cecf77941cbcfd49870bfca85977d4edbbc4b1d998c373cc478,False,regular_beltway,0.0643791796933605,1598,5127,97,4,policy_train_regular_beltway_0002,False,0.16666666666666666,0.06649671599996054,0.06649671599996054,2,0.004193258,0.025490964000027816,0.04100575199993273,lns2.receding_q_label_pilot.v1,random:4,0.04100575199993273,high_cost_progress,policy_train,s3__policy_train__policy_train_regular_beltway_0002__task_0015__seed_0000__realized_dynamic__decision_0000__0110,feasible,0
4,400,"13,23,316,328",neighborhood-1a9ee265e4a28ae2,True,"1,0",official_adaptive,1,True,0.0,0,fb0cb376b97e74736765fd60a148050950cc301d2ee6dfb4de3f77e0ffc73bfb,d80df3e5ae99badff041486c5185068d783574271befc1b2b8936f8df05c1318,3,1,df4a309aafd3b09d0153b23744c614aaaa347cf1b7c1c757cb036d446e8e5fe9,31efd58a54de9cecf77941cbcfd49870bfca85977d4edbbc4b1d998c373cc478,False,regular_beltway,0.06582615178516342,1791,5407,150,4,policy_train_regular_beltway_0002,False,0.16666666666666666,0.06804102399985368,0.06804102399985368,2,0.00494246,0.02703527199992095,0.04100575199993273,lns2.receding_q_label_pilot.v1,random:4,0.04100575199993273,high_cost_progress,policy_train,s3__policy_train__policy_train_regular_beltway_0002__task_0015__seed_0000__realized_dynamic__decision_0000__0110,feasible,1
4,400,"13,23,316,328",neighborhood-1a9ee265e4a28ae2,True,"1,0",official_adaptive,1,True,0.0,0,0bb2c497f6f823f2ae237006a55213f50749556b884bcdc37daafa23d1beae9e,be39a5cc63dc5174e3e91f0bc16a68731083465046a8f4a456e616c3f8c2bbb9,3,1,df4a309aafd3b09d0153b23744c614aaaa347cf1b7c1c757cb036d446e8e5fe9,31efd58a54de9cecf77941cbcfd49870bfca85977d4edbbc4b1d998c373cc478,False,regular_beltway,0.06111546791993201,1571,5032,101,4,policy_train_regular_beltway_0002,False,0.16666666666666666,0.06302165199991805,0.06302165199991805,2,0.003864845,0.022015899999985322,0.04100575199993273,lns2.receding_q_label_pilot.v1,random:4,0.04100575199993273,high_cost_progress,policy_train,s3__policy_train__policy_train_regular_beltway_0002__task_0015__seed_0000__realized_dynamic__decision_0000__0110,feasible,2
4,400,"13,23,316,328",neighborhood-1a9ee265e4a28ae2,True,"1,0",official_adaptive,1,True,0.0,0,c65718815ec6612fa72ed37f9fc7557fb2bd62463412e4e88b5c400d476bb7da,15f75e492eb2eba1a4920eaff5ecac54909940da7a5f2fcba96fb7f34bc44a96,3,1,df4a309aafd3b09d0153b23744c614aaaa347cf1b7c1c757cb036d446e8e5fe9,31efd58a54de9cecf77941cbcfd49870bfca85977d4edbbc4b1d998c373cc478,False,regular_beltway,0.0664411188001244,1629,5112,119,4,policy_train_regular_beltway_0002,False,0.16666666666666666,0.068698035999887,0.068698035999887,2,0.004856919,0.02769228399995427,0.04100575199993273,lns2.receding_q_label_pilot.v1,random:4,0.04100575199993273,high_cost_progress,policy_train,s3__policy_train__policy_train_regular_beltway_0002__task_0015__seed_0000__realized_dynamic__decision_0000__0110,feasible,3
8,400,"23,58,115,189,218,235,261,287",neighborhood-1ea53714deb1553e,True,"1,1,0",official_adaptive,2,True,0.0,0,6caa4ebdfa70622adfae53ac2b5e548e77230719c80725537dc83dac0e957372,33788d9e478c9251aa17099f5bdfbbd128fc2001190ff3d9c33deea567970783,3,1,df4a309aafd3b09d0153b23744c614aaaa347cf1b7c1c757cb036d446e8e5fe9,31efd58a54de9cecf77941cbcfd49870bfca85977d4edbbc4b1d998c373cc478,False,regular_beltway,0.12870084642464494,5901,15772,620,15,policy_train_regular_beltway_0002,False,0.5,0.1373498309999377,0.1373498309999377,1,0.013117306,0.053299437999953625,0.04100575199993273,lns2.receding_q_label_pilot.v1,collision:8,0.08405039299998407,high_cost_progress,policy_train,s3__policy_train__policy_train_regular_beltway_0002__task_0015__seed_0000__realized_dynamic__decision_0000__0110,feasible,0
8,400,"23,58,115,189,218,235,261,287",neighborhood-1ea53714deb1553e,True,"1,0",official_adaptive,1,True,0.0,0,484f3a197b31cd14ba9b664411f65d28990d8646ce7200058c9e56aa6f10033f,9ae8133a1f199243492d827654c804bfa9c351dbb61dbfc96b9b9b1ea49910fc,3,1,df4a309aafd3b09d0153b23744c614aaaa347cf1b7c1c757cb036d446e8e5fe9,31efd58a54de9cecf77941cbcfd49870bfca85977d4edbbc4b1d998c373cc478,False,regular_beltway,0.06304695430450594,1805,4931,552,8,policy_train_regular_beltway_0002,False,0.16666666666666666,0.06507684799987601,0.06507684799987601,2,0.004388441,0.02407109599994328,0.04100575199993273,lns2.receding_q_label_pilot.v1,collision:8,0.04100575199993273,high_cost_progress,policy_train,s3__policy_train__policy_train_regular_beltway_0002__task_0015__seed_0000__realized_dynamic__decision_0000__0110,feasible,1
8,400,"23,58,115,189,218,235,261,287",neighborhood-1ea53714deb1553e,True,"1,0",official_adaptive,1,True,0.0,0,eddabd4edbefb764c2a5e5d0ad5f98d955f30e10b3edfcf0d1db374219410607,b0f3344c51d205981169df7e5baf3cf6f07a7b56101563ecb4bae5bd2b54e3b4,3,1,df4a309aafd3b09d0153b23744c614aaaa347cf1b7c1c757cb036d446e8e5fe9,31efd58a54de9cecf77941cbcfd49870bfca85977d4edbbc4b1d998c373cc478,False,regular_beltway,0.06120936564388974,1684,4813,441,8,policy_train_regular_beltway_0002,False,0.16666666666666666,0.06312147199992069,0.06312147199992069,2,0.003849809,0.02211571999998796,0.04100575199993273,lns2.receding_q_label_pilot.v1,collision:8,0.04100575199993273,high_cost_progress,policy_train,s3__policy_train__policy_train_regular_beltway_0002__task_0015__seed_0000__realized_dynamic__decision_0000__0110,feasible,2
8,400,"23,58,115,189,218,235,261,287",neighborhood-1ea53714deb1553e,True,"1,0",official_adaptive,1,True,0.0,0,03477922afd71519d509479e339611a0dfd7c377a0e83878905e51b618f5b4c4,96085d7048f66d7593d36ca461658a7aab7430b0c94e6bef9fd0adb8ea74c150,3,1,df4a309aafd3b09d0153b23744c614aaaa347cf1b7c1c757cb036d446e8e5fe9,31efd58a54de9cecf77941cbcfd49870bfca85977d4edbbc4b1d998c373cc478,False,regular_beltway,0.06397270109152556,2251,5482,791,8,policy_train_regular_beltway_0002,False,0.16666666666666666,0.06606329599992478,0.06606329599992478,2,0.005479149,0.02505754399999205,0.04100575199993273,lns2.receding_q_label_pilot.v1,collision:8,0.04100575199993273,high_cost_progress,policy_train,s3__policy_train__policy_train_regular_beltway_0002__task_0015__seed_0000__realized_dynamic__decision_0000__0110,feasible,3
16,400,"5,23,36,53,119,136,144,173,182,210,221,251,256,322,324,392",neighborhood-26ca5a9189de7599,True,"1,0",official_adaptive,1,True,0.0,0,774a60375140a839304621f980ccee357cda815ae0f4db95acd931d537e1cd90,003357fd5b5044385d331443b5912d3ce42892a09cfe9bff74ad5303c651bfdb,3,1,df4a309aafd3b09d0153b23744c614aaaa347cf1b7c1c757cb036d446e8e5fe9,31efd58a54de9cecf77941cbcfd49870bfca85977d4edbbc4b1d998c373cc478,False,regular_beltway,0.0727663789769717,6010,15689,1647,16,policy_train_regular_beltway_0002,False,0.16666666666666666,0.0754792529999122,0.0754792529999122,2,0.014946635,0.03447350099997948,0.04100575199993273,lns2.receding_q_label_pilot.v1,random:16,0.04100575199993273,high_cost_progress,policy_train,s3__policy_train__policy_train_regular_beltway_0002__task_0015__seed_0000__realized_dynamic__decision_0000__0110,feasible,0
16,400,"5,23,36,53,119,136,144,173,182,210,221,251,256,322,324,392",neighborhood-26ca5a9189de7599,True,"1,0",official_adaptive,1,True,0.0,0,6a950c929955108ab2973a18efafea882aeb76aeee9608696d09adc64540592d,f458ac209e0e5705e78c73a908ecd7a854ebd3575002457e6baafc03167f67d9,3,1,df4a309aafd3b09d0153b23744c614aaaa347cf1b7c1c757cb036d446e8e5fe9,31efd58a54de9cecf77941cbcfd49870bfca85977d4edbbc4b1d998c373cc478,False,regular_beltway,0.07272703388287019,6033,16263,1614,16,policy_train_regular_beltway_0002,False,0.16666666666666666,0.07543693899992832,0.07543693899992832,2,0.013753513,0.03443118699999559,0.04100575199993273,lns2.receding_q_label_pilot.v1,random:16,0.04100575199993273,high_cost_progress,policy_train,s3__policy_train__policy_train_regular_beltway_0002__task_0015__seed_0000__realized_dynamic__decision_0000__0110,feasible,1
16,400,"5,23,36,53,119,136,144,173,182,210,221,251,256,322,324,392",neighborhood-26ca5a9189de7599,True,"1,0",official_adaptive,1,True,0.0,0,dba90b687db64d0b30d007daf6a8cd96befcd91a7b93bba54aa1effb1cf5ad20,0a1f6c8ebea6a50ed34329bee452da65c1193e268845d4b08f1f057abfc70d62,3,1,df4a309aafd3b09d0153b23744c614aaaa347cf1b7c1c757cb036d446e8e5fe9,31efd58a54de9cecf77941cbcfd49870bfca85977d4edbbc4b1d998c373cc478,False,regular_beltway,0.07108440284282556,5922,15739,1551,16,policy_train_regular_beltway_0002,False,0.16666666666666666,0.07367184299994278,0.07367184299994278,2,0.012628304,0.032666091000010056,0.04100575199993273,lns2.receding_q_label_pilot.v1,random:16,0.04100575199993273,high_cost_progress,policy_train,s3__policy_train__policy_train_regular_beltway_0002__task_0015__seed_0000__realized_dynamic__decision_0000__0110,feasible,2
16,400,"5,23,36,53,119,136,144,173,182,210,221,251,256,322,324,392",neighborhood-26ca5a9189de7599,True,"1,0",official_adaptive,1,True,0.0,0,1124e7b232544d4a97c971fdcd0decb4c88504194684fd953c91a123bfcdb424,3b40efc80b0ba119cd56eda273da9c1613a4dd7ac70803cf5599fad8220e2325,3,1,df4a309aafd3b09d0153b23744c614aaaa347cf1b7c1c757cb036d446e8e5fe9,31efd58a54de9cecf77941cbcfd49870bfca85977d4edbbc4b1d998c373cc478,False,regular_beltway,0.09194731534497927,5764,15732,1466,16,policy_train_regular_beltway_0002,False,0.16666666666666666,0.0963070619999371,0.0963070619999371,2,0.01399004,0.05530131000000438,0.04100575199993273,lns2.receding_q_label_pilot.v1,random:16,0.04100575199993273,high_cost_progress,policy_train,s3__policy_train__policy_train_regular_beltway_0002__task_0015__seed_0000__realized_dynamic__decision_0000__0110,feasible,3
16,400,"25,36,53,83,100,127,177,189,190,201,225,235,296,371,374,397",neighborhood-28ccff95badf4d5b,True,"1,0",official_adaptive,1,True,0.0,0,1577f04723aefa4d44dc162a5515c15b317be3c043ed108319df1a98e25c0a34,63f0ba6bd6f330859bb43aab7acd208cffdf1881b4323e0af9bd9d3fc3a93584,3,1,df4a309aafd3b09d0153b23744c614aaaa347cf1b7c1c757cb036d446e8e5fe9,31efd58a54de9cecf77941cbcfd49870bfca85977d4edbbc4b1d998c373cc478,False,regular_beltway,0.06776996283881276,3685,13072,397,16,policy_train_regular_beltway_0002,False,0.16666666666666666,0.0701191129999188,0.0701191129999188,2,0.009284529,0.02911336099998607,0.04100575199993273,lns2.receding_q_label_pilot.v1,target:16,0.04100575199993273,high_cost_progress,policy_train,s3__policy_train__policy_train_regular_beltway_0002__task_0015__seed_0000__realized_dynamic__decision_0000__0110,feasible,0
16,400,"25,36,53,83,100,127,177,189,190,201,225,235,296,371,374,397",neighborhood-28ccff95badf4d5b,True,"1,0",official_adaptive,1,True,0.0,0,17955b5931b1cb46f606db2cacadd7bd3f8925cfd0fa31ff5e24c1616acfebf0,6265e7e1757e4537ecb10414a698ca413e47c90669293b4818d0e10e345dbfcb,3,1,df4a309aafd3b09d0153b23744c614aaaa347cf1b7c1c757cb036d446e8e5fe9,31efd58a54de9cecf77941cbcfd49870bfca85977d4edbbc4b1d998c373cc478,False,regular_beltway,0.06686487370482375,2397,9345,194,16,policy_train_regular_beltway_0002,False,0.16666666666666666,0.06915099799994096,0.06915099799994096,2,0.00770382,0.02814524600000823,0.04100575199993273,lns2.receding_q_label_pilot.v1,target:16,0.04100575199993273,high_cost_progress,policy_train,s3__policy_train__policy_train_regular_beltway_0002__task_0015__seed_0000__realized_dynamic__decision_0000__0110,feasible,1
16,400,"25,36,53,83,100,127,177,189,190,201,225,235,296,371,374,397",neighborhood-28ccff95badf4d5b,True,"1,0",official_adaptive,1,True,0.0,0,4cf2f795d1f86fd383973f07b991ab35dd8e1efa950dc786c86905306e0d372e,1e2a3c7373ccd58fccef0e92f4f4f2b58bdc6943c9041db733b9a4e3db6a673f,3,1,df4a309aafd3b09d0153b23744c614aaaa347cf1b7c1c757cb036d446e8e5fe9,31efd58a54de9cecf77941cbcfd49870bfca85977d4edbbc4b1d998c373cc478,False,regular_beltway,0.0652625389733628,2529,9846,249,16,policy_train_regular_beltway_0002,False,0.16666666666666666,0.0674392319999697,0.0674392319999697,2,0.006854417,0.02643348000003698,0.04100575199993273,lns2.receding_q_label_pilot.v1,target:16,0.04100575199993273,high_cost_progress,policy_train,s3__policy_train__policy_train_regular_beltway_0002__task_0015__seed_0000__realized_dynamic__decision_0000__0110,feasible,2
16,400,"25,36,53,83,100,127,177,189,190,201,225,235,296,371,374,397",neighborhood-28ccff95badf4d5b,True,"1,0",official_adaptive,1,True,0.0,0,c82f2a71473146e14be3fd30c7a1dde1557af36282daa22690f9bc65763b59ca,6cabcfc2f2e2de08f437631f2cd43b29a025637f5716c74d9c3624fec60f23aa,3,1,df4a309aafd3b09d0153b23744c614aaaa347cf1b7c1c757cb036d446e8e5fe9,31efd58a54de9cecf77941cbcfd49870bfca85977d4edbbc4b1d998c373cc478,False,regular_beltway,0.07418285220722458,3985,14769,259,16,policy_train_regular_beltway_0002,False,0.16666666666666666,0.07700371999993649,0.07700371999993649,2,0.014144836,0.035997968000003766,0.04100575199993273,lns2.receding_q_label_pilot.v1,target:16,0.04100575199993273,high_cost_progress,policy_train,s3__policy_train__policy_train_regular_beltway_0002__task_0015__seed_0000__realized_dynamic__decision_0000__0110,feasible,3
4,400,"100,127,189,201",neighborhood-2ba1c5885f7a7df9,True,"1,0",official_adaptive,1,True,0.0,0,0a602dff36b18c6f741739da5389fc53a11e52a8a3ebf9a1bc0068335502765e,a67f20baf8613fac3174ab554188dd0648a571d2a1d8244d82d49a96d4452c58,3,1,df4a309aafd3b09d0153b23744c614aaaa347cf1b7c1c757cb036d446e8e5fe9,31efd58a54de9cecf77941cbcfd49870bfca85977d4edbbc4b1d998c373cc478,False,regular_beltway,0.05934792294779507,1299,3091,490,4,policy_train_regular_beltway_0002,False,0.16666666666666666,0.061144372999933694,0.061144372999933694,2,0.002515627,0.020138621000000967,0.04100575199993273,lns2.receding_q_label_pilot.v1,target:4,0.04100575199993273,high_cost_progress,policy_train,s3__policy_train__policy_train_regular_beltway_0002__task_0015__seed_0000__realized_dynamic__decision_0000__0110,feasible,0
4,400,"100,127,189,201",neighborhood-2ba1c5885f7a7df9,True,"1,0",official_adaptive,1,True,0.0,0,7ab7d62fc785cf48d2adbc99bd71a2b7cfbd7ab51d6be5afd2e38f0e27d847f4,c868477120303698cbf7142029757a352590b19b669288ff91ede8c2c333f2cc,3,1,df4a309aafd3b09d0153b23744c614aaaa347cf1b7c1c757cb036d446e8e5fe9,31efd58a54de9cecf77941cbcfd49870bfca85977d4edbbc4b1d998c373cc478,False,regular_beltway,0.06237955819071774,982,3001,256,4,policy_train_regular_beltway_0002,False,0.16666666666666666,0.06436625699984688,0.06436625699984688,2,0.002724333,0.023360504999914156,0.04100575199993273,lns2.receding_q_label_pilot.v1,target:4,0.04100575199993273,high_cost_progress,policy_train,s3__policy_train__policy_train_regular_beltway_0002__task_0015__seed_0000__realized_dynamic__decision_0000__0110,feasible,1
4,400,"100,127,189,201",neighborhood-2ba1c5885f7a7df9,True,"1,0",official_adaptive,1,True,0.0,0,a6508925bff2ec610b85c2198980de4d4683ad3e16733e9ff67aba9960c48509,bd95ff981b28064b22030ab2abaf2bb3aec6b2b3d4cb315ecd5adacaa21aaced,3,1,df4a309aafd3b09d0153b23744c614aaaa347cf1b7c1c757cb036d446e8e5fe9,31efd58a54de9cecf77941cbcfd49870bfca85977d4edbbc4b1d998c373cc478,False,regular_beltway,0.062404401773872666,1268,3411,397,4,policy_train_regular_beltway_0002,False,0.16666666666666666,0.06439269999992803,0.06439269999992803,2,0.003005062,0.0233869479999953,0.04100575199993273,lns2.receding_q_label_pilot.v1,target:4,0.04100575199993273,high_cost_progress,policy_train,s3__policy_train__policy_train_regular_beltway_0002__task_0015__seed_0000__realized_dynamic__decision_0000__0110,feasible,2
4,400,"100,127,189,201",neighborhood-2ba1c5885f7a7df9,True,"1,0",official_adaptive,1,True,0.0,0,dfc01ea2ce78e36145a06cf84b53c56e925a01d3549f9c024abce3dded805bd6,005d159b85d6122f66dbf107c615ba3baf44f23be2dc1b488ac84718b446c887,3,1,df4a309aafd3b09d0153b23744c614aaaa347cf1b7c1c757cb036d446e8e5fe9,31efd58a54de9cecf77941cbcfd49870bfca85977d4edbbc4b1d998c373cc478,False,regular_beltway,0.06273981474713056,1038,2966,287,4,policy_train_regular_beltway_0002,False,0.16666666666666666,0.0647497709999243,0.0647497709999243,2,0.002754093,0.023744018999991567,0.04100575199993273,lns2.receding_q_label_pilot.v1,target:4,0.04100575199993273,high_cost_progress,policy_train,s3__policy_train__policy_train_regular_beltway_0002__task_0015__seed_0000__realized_dynamic__decision_0000__0110,feasible,3
4,400,"23,66,189,205",neighborhood-452e74a4af5ffbb2,True,"1,1,0",official_adaptive,2,True,0.0,0,f9c4cc9f87f8c8562b813605b113fdce5586ca27c4c40099905f458819a030d9,56cfaeb6ea8b11964d81453f4f7733451c5fd7e990cc0157441ab2d5bfa8befa,3,1,df4a309aafd3b09d0153b23744c614aaaa347cf1b7c1c757cb036d446e8e5fe9,31efd58a54de9cecf77941cbcfd49870bfca85977d4edbbc4b1d998c373cc478,False,regular_beltway,0.11894399170820072,4868,13277,234,11,policy_train_regular_beltway_0002,False,0.5,0.1263068339999336,0.1263068339999336,1,0.011077604,0.04642578699997557,0.04100575199993273,lns2.receding_q_label_pilot.v1,collision:4,0.07988104699995802,high_cost_progress,policy_train,s3__policy_train__policy_train_regular_beltway_0002__task_0015__seed_0000__realized_dynamic__decision_0000__0110,feasible,0
4,400,"23,66,189,205",neighborhood-452e74a4af5ffbb2,True,"1,0",official_adaptive,1,True,0.0,0,4afe4e30be885ac9b760b930bae77e43d8ef2661179cb6e434977051724bfa18,db6ce78c715918c0a67fa9c6de9ccbd8780457dda9165d865791c0c5715d0985,3,1,df4a309aafd3b09d0153b23744c614aaaa347cf1b7c1c757cb036d446e8e5fe9,31efd58a54de9cecf77941cbcfd49870bfca85977d4edbbc4b1d998c373cc478,False,regular_beltway,0.05950693013757158,1317,3205,477,4,policy_train_regular_beltway_0002,False,0.16666666666666666,0.06131311599995115,0.06131311599995115,2,0.002659391,0.020307364000018424,0.04100575199993273,lns2.receding_q_label_pilot.v1,collision:4,0.04100575199993273,high_cost_progress,policy_train,s3__policy_train__policy_train_regular_beltway_0002__task_0015__seed_0000__realized_dynamic__decision_0000__0110,feasible,1
4,400,"23,66,189,205",neighborhood-452e74a4af5ffbb2,True,"1,1,0",official_adaptive,2,True,0.0,0,906cde9864bcf771ed71faa10f1ae08378bff3890e078194a9a850e00bc2efbb,3f2698589241e8e7a9758a2006e2f12fc4911881a10d0c9512d26f6ee35201c3,3,1,df4a309aafd3b09d0153b23744c614aaaa347cf1b7c1c757cb036d446e8e5fe9,31efd58a54de9cecf77941cbcfd49870bfca85977d4edbbc4b1d998c373cc478,False,regular_beltway,0.12665173621373313,5049,13068,438,11,policy_train_regular_beltway_0002,False,0.5,0.1350216619999287,0.1350216619999287,1,0.011157666,0.05247843099999727,0.04100575199993273,lns2.receding_q_label_pilot.v1,collision:4,0.08254323099993144,high_cost_progress,policy_train,s3__policy_train__policy_train_regular_beltway_0002__task_0015__seed_0000__realized_dynamic__decision_0000__0110,feasible,2
4,400,"23,66,189,205",neighborhood-452e74a4af5ffbb2,True,"1,0",official_adaptive,1,True,0.0,0,7abd75507b400a4cc3ff3e4e20742de8ca952609c6d948d02b540cd00dd6ed28,9f24fd15dc5b1c9a2b197d8febf2740b34a3f7365b17c80a952b403ac91a54f2,3,1,df4a309aafd3b09d0153b23744c614aaaa347cf1b7c1c757cb036d446e8e5fe9,31efd58a54de9cecf77941cbcfd49870bfca85977d4edbbc4b1d998c373cc478,False,regular_beltway,0.06323078798967144,1025,2405,406,4,policy_train_regular_beltway_0002,False,0.16666666666666666,0.06527266299997336,0.06527266299997336,2,0.002564653,0.024266911000040636,0.04100575199993273,lns2.receding_q_label_pilot.v1,collision:4,0.04100575199993273,high_cost_progress,policy_train,s3__policy_train__policy_train_regular_beltway_0002__task_0015__seed_0000__realized_dynamic__decision_0000__0110,feasible,3
8,400,"23,119,146,196,231,252,342,381",neighborhood-4f298155afcb8864,True,"1,0",official_adaptive,1,True,0.0,0,f7647142084bfbb812819bdcbeac868be8d5ee540a4fa885c133105ae387b44f,c1d63ade6e3bff67ee0f281dc9bad6e25e41c42dd4c58d04a8594d309b25eb9e,3,1,df4a309aafd3b09d0153b23744c614aaaa347cf1b7c1c757cb036d446e8e5fe9,31efd58a54de9cecf77941cbcfd49870bfca85977d4edbbc4b1d998c373cc478,False,regular_beltway,0.06628626232272976,4618,13520,668,8,policy_train_regular_beltway_0002,False,0.16666666666666666,0.06853255399994396,0.06853255399994396,2,0.010502344,0.02752680200001123,0.04100575199993273,lns2.receding_q_label_pilot.v1,random:8,0.04100575199993273,high_cost_progress,policy_train,s3__policy_train__policy_train_regular_beltway_0002__task_0015__seed_0000__realized_dynamic__decision_0000__0110,feasible,0
8,400,"23,119,146,196,231,252,342,381",neighborhood-4f298155afcb8864,True,"1,0",official_adaptive,1,True,0.0,0,98d964b255470ba4cba213f2e7f79e1c182e9d59536352753da8cdf7d519ea57,f8abf663fe00cdd62f95a916f1ddf771e83086ff361e6a14a51d7b35051ba400,3,1,df4a309aafd3b09d0153b23744c614aaaa347cf1b7c1c757cb036d446e8e5fe9,31efd58a54de9cecf77941cbcfd49870bfca85977d4edbbc4b1d998c373cc478,False,regular_beltway,0.06904976640172616,4506,13343,589,8,policy_train_regular_beltway_0002,False,0.16666666666666666,0.07148953199998687,0.07148953199998687,2,0.01092904,0.03048378000005414,0.04100575199993273,lns2.receding_q_label_pilot.v1,random:8,0.04100575199993273,high_cost_progress,policy_train,s3__policy_train__policy_train_regular_beltway_0002__task_0015__seed_0000__realized_dynamic__decision_0000__0110,feasible,1
8,400,"23,119,146,196,231,252,342,381",neighborhood-4f298155afcb8864,True,"1,0",official_adaptive,1,True,0.0,0,e73ccafd1b0ef8cd7dc95ca196b3b65db14fb3b8c4dddc6aab7eefb97dbfebd8,a8580508af2a3fbbe218a155d5c2540d44f18e629d41d51bae6cb4b087261569,3,1,df4a309aafd3b09d0153b23744c614aaaa347cf1b7c1c757cb036d446e8e5fe9,31efd58a54de9cecf77941cbcfd49870bfca85977d4edbbc4b1d998c373cc478,False,regular_beltway,0.06923306450485539,3292,10220,553,8,policy_train_regular_beltway_0002,False,0.16666666666666666,0.07168595199988204,0.07168595199988204,2,0.008883264,0.03068019999994931,0.04100575199993273,lns2.receding_q_label_pilot.v1,random:8,0.04100575199993273,high_cost_progress,policy_train,s3__policy_train__policy_train_regular_beltway_0002__task_0015__seed_0000__realized_dynamic__decision_0000__0110,feasible,2
8,400,"23,119,146,196,231,252,342,381",neighborhood-4f298155afcb8864,True,"1,0",official_adaptive,1,True,0.0,0,d2b3c8a882f1f6e18120c8d7f6110c1ef222bc0252c8ed8ca0a04f1798759a92,1a21ea10725815deb13b83692e3ea0e0ec8753d77d44f7c41a201ec0dec69caa,3,1,df4a309aafd3b09d0153b23744c614aaaa347cf1b7c1c757cb036d446e8e5fe9,31efd58a54de9cecf77941cbcfd49870bfca85977d4edbbc4b1d998c373cc478,False,regular_beltway,0.06966979205777822,3296,10221,518,8,policy_train_regular_beltway_0002,False,0.16666666666666666,0.07215408899992326,0.07215408899992326,2,0.009909416,0.031148336999990534,0.04100575199993273,lns2.receding_q_label_pilot.v1,random:8,0.04100575199993273,high_cost_progress,policy_train,s3__policy_train__policy_train_regular_beltway_0002__task_0015__seed_0000__realized_dynamic__decision_0000__0110,feasible,3
16,400,"23,39,41,79,91,115,125,189,201,235,275,335,358,372,383,397",neighborhood-5468291259295505,True,"1,0",official_adaptive,1,True,0.0,0,472d8457ae758091698f1530a7ea188775c67075c7685716c41e1c9d76a8e0d7,e81ac05df7923a8ac1ff9067f66bcd0342e0317e65d831839c83c111af2e25ab,3,1,df4a309aafd3b09d0153b23744c614aaaa347cf1b7c1c757cb036d446e8e5fe9,31efd58a54de9cecf77941cbcfd49870bfca85977d4edbbc4b1d998c373cc478,False,regular_beltway,0.06726817598767804,4210,13772,762,16,policy_train_regular_beltway_0002,False,0.16666666666666666,0.06958227600000555,0.06958227600000555,2,0.010826158,0.028576524000072823,0.04100575199993273,lns2.receding_q_label_pilot.v1,collision:16,0.04100575199993273,high_cost_progress,policy_train,s3__policy_train__policy_train_regular_beltway_0002__task_0015__seed_0000__realized_dynamic__decision_0000__0110,feasible,0
16,400,"23,39,41,79,91,115,125,189,201,235,275,335,358,372,383,397",neighborhood-5468291259295505,True,"1,0",official_adaptive,1,True,0.0,0,942ab08f5b9d301c4cadbdbd17fb238064a00b82f296a24754276bfa122e5a0e,77169e92ff10ad37039d416e3abc73be52c3e29999a2b5fc3152e2e529d240ce,3,1,df4a309aafd3b09d0153b23744c614aaaa347cf1b7c1c757cb036d446e8e5fe9,31efd58a54de9cecf77941cbcfd49870bfca85977d4edbbc4b1d998c373cc478,False,regular_beltway,0.07093828048444109,3488,13869,147,16,policy_train_regular_beltway_0002,False,0.16666666666666666,0.07351496699993731,0.07351496699993731,2,0.011813282,0.03250921500000459,0.04100575199993273,lns2.receding_q_label_pilot.v1,collision:16,0.04100575199993273,high_cost_progress,policy_train,s3__policy_train__policy_train_regular_beltway_0002__task_0015__seed_0000__realized_dynamic__decision_0000__0110,feasible,1
16,400,"23,39,41,79,91,115,125,189,201,235,275,335,358,372,383,397",neighborhood-5468291259295505,True,"1,0",official_adaptive,1,True,0.0,0,a90a8598be2634ed70d24b1e0a812490a5b92db1530b5bd4880dc5bf142591b2,8eb200dfe4a96670db5da5c7e5d2d0afa6e5b81da4fb8beb6300e69036c7a02c,3,1,df4a309aafd3b09d0153b23744c614aaaa347cf1b7c1c757cb036d446e8e5fe9,31efd58a54de9cecf77941cbcfd49870bfca85977d4edbbc4b1d998c373cc478,False,regular_beltway,0.07123482576153126,4509,15455,534,16,policy_train_regular_beltway_0002,False,0.16666666666666666,0.07383335999992369,0.07383335999992369,2,0.013100266,0.03282760799999096,0.04100575199993273,lns2.receding_q_label_pilot.v1,collision:16,0.04100575199993273,high_cost_progress,policy_train,s3__policy_train__policy_train_regular_beltway_0002__task_0015__seed_0000__realized_dynamic__decision_0000__0110,feasible,2
16,400,"23,39,41,79,91,115,125,189,201,235,275,335,358,372,383,397",neighborhood-5468291259295505,True,"1,1,0",official_adaptive,2,True,0.0,0,6f4a5d345a146e24c5e7ad67ef4a46d3f65c17aea919eeaf05b46d659f879d12,a04b24a6522024887fcbcca7a8a36038ee6f640a4e0ebb3497dd93aa89eff86c,3,1,df4a309aafd3b09d0153b23744c614aaaa347cf1b7c1c757cb036d446e8e5fe9,31efd58a54de9cecf77941cbcfd49870bfca85977d4edbbc4b1d998c373cc478,False,regular_beltway,0.13951301748282155,8188,25021,1357,24,policy_train_regular_beltway_0002,False,0.5,0.1497137719999273,0.1497137719999273,1,0.019063104,0.06229357099999788,0.04100575199993273,lns2.receding_q_label_pilot.v1,collision:16,0.08742020099992942,high_cost_progress,policy_train,s3__policy_train__policy_train_regular_beltway_0002__task_0015__seed_0000__realized_dynamic__decision_0000__0110,feasible,3
7,400,"23,117,120,176,189,201,232",neighborhood-5b280a3e543c52cd,True,"1,0",official_adaptive,1,True,0.0,0,f941e4d9ccfd536eae086c94c8dfa9a398a29bef86fc5de1167d967eef03907b,1d462c7599da3704d8a36e1d8649110d2fbd495321fee647e34fbb825f12cdc1,3,1,df4a309aafd3b09d0153b23744c614aaaa347cf1b7c1c757cb036d446e8e5fe9,31efd58a54de9cecf77941cbcfd49870bfca85977d4edbbc4b1d998c373cc478,False,regular_beltway,0.06069759609494999,981,3349,256,7,policy_train_regular_beltway_0002,False,0.16666666666666666,0.06257753800002774,0.06257753800002774,2,0.003575259,0.021571786000095017,0.04100575199993273,lns2.receding_q_label_pilot.v1,target:8,0.04100575199993273,high_cost_progress,policy_train,s3__policy_train__policy_train_regular_beltway_0002__task_0015__seed_0000__realized_dynamic__decision_0000__0110,feasible,0
7,400,"23,117,120,176,189,201,232",neighborhood-5b280a3e543c52cd,True,"1,0",official_adaptive,1,True,0.0,0,e8b63eeba1a126b085b4eca30e81dd1bde5bf739072f477b8124c8c5d00a82bb,23e14c560262f43eecede16a5291745c81e3fde36230766e0ffdc4fdf1eb560b,3,1,df4a309aafd3b09d0153b23744c614aaaa347cf1b7c1c757cb036d446e8e5fe9,31efd58a54de9cecf77941cbcfd49870bfca85977d4edbbc4b1d998c373cc478,False,regular_beltway,0.06487595607492168,1725,5138,494,7,policy_train_regular_beltway_0002,False,0.16666666666666666,0.06702665799991792,0.06702665799991792,2,0.004747782,0.02602090599998519,0.04100575199993273,lns2.receding_q_label_pilot.v1,target:8,0.04100575199993273,high_cost_progress,policy_train,s3__policy_train__policy_train_regular_beltway_0002__task_0015__seed_0000__realized_dynamic__decision_0000__0110,feasible,1
7,400,"23,117,120,176,189,201,232",neighborhood-5b280a3e543c52cd,True,"1,0",official_adaptive,1,True,0.0,0,ea9fdf79a38c6fae6ce0be0804793879823a6ebc47d369239b4d22c4610cbf22,43561687bd45807f3da0fd8a2e2576f56631927d7aa0b6b975094a612f4aceab,3,1,df4a309aafd3b09d0153b23744c614aaaa347cf1b7c1c757cb036d446e8e5fe9,31efd58a54de9cecf77941cbcfd49870bfca85977d4edbbc4b1d998c373cc478,False,regular_beltway,0.06290653861569907,1512,4480,452,7,policy_train_regular_beltway_0002,False,0.16666666666666666,0.06492730499996924,0.06492730499996924,2,0.003806961,0.02392155300003651,0.04100575199993273,lns2.receding_q_label_pilot.v1,target:8,0.04100575199993273,high_cost_progress,policy_train,s3__policy_train__policy_train_regular_beltway_0002__task_0015__seed_0000__realized_dynamic__decision_0000__0110,feasible,2
7,400,"23,117,120,176,189,201,232",neighborhood-5b280a3e543c52cd,True,"1,0",official_adaptive,1,True,0.0,0,485398447cb6775c8a2fcb78ae0d3e198f6d77930a804b526a408e2b0b2b6ad0,2f33614e966cc8bad126a41623406bd0c5cf4552016024ef4b6aa16d57692776,3,1,df4a309aafd3b09d0153b23744c614aaaa347cf1b7c1c757cb036d446e8e5fe9,31efd58a54de9cecf77941cbcfd49870bfca85977d4edbbc4b1d998c373cc478,False,regular_beltway,0.06352133616774921,1317,4120,385,7,policy_train_regular_beltway_0002,False,0.16666666666666666,0.06558222099994282,0.06558222099994282,2,0.004408247,0.024576469000010093,0.04100575199993273,lns2.receding_q_label_pilot.v1,target:8,0.04100575199993273,high_cost_progress,policy_train,s3__policy_train__policy_train_regular_beltway_0002__task_0015__seed_0000__realized_dynamic__decision_0000__0110,feasible,3
4,400,"23,189,201,232",neighborhood-64a071801e0b6e72,True,"1,0",official_adaptive,1,True,0.0,0,ffa97c9b5c21e0ddc4a64f886babf7ac342abc5618be29a61f2223c814652fed,0cda36d9cf7c33ddd0df0257808508ccc6da7dba4316f701307fdcf0b742d1a4,3,1,df4a309aafd3b09d0153b23744c614aaaa347cf1b7c1c757cb036d446e8e5fe9,31efd58a54de9cecf77941cbcfd49870bfca85977d4edbbc4b1d998c373cc478,True,regular_beltway,0.06009393608649136,1152,2624,453,4,policy_train_regular_beltway_0002,False,0.16666666666666666,0.06193629599999895,0.06193629599999895,2,0.003013181,0.02093054400006622,0.04100575199993273,lns2.receding_q_label_pilot.v1,target:4,0.04100575199993273,high_cost_progress,policy_train,s3__policy_train__policy_train_regular_beltway_0002__task_0015__seed_0000__realized_dynamic__decision_0000__0110,feasible,0
4,400,"23,189,201,232",neighborhood-64a071801e0b6e72,True,"1,0",official_adaptive,1,True,0.0,0,46ae847242cbecaf04b916a6a6200259ae4e422af8b9fbaf3359c9d7a6184788,511726af15cacbbd263adb20cb323ef9404a18f06a7f3266fed4cddeee8ae39b,3,1,df4a309aafd3b09d0153b23744c614aaaa347cf1b7c1c757cb036d446e8e5fe9,31efd58a54de9cecf77941cbcfd49870bfca85977d4edbbc4b1d998c373cc478,True,regular_beltway,0.0636811336858833,1159,2704,461,4,policy_train_regular_beltway_0002,False,0.16666666666666666,0.06575251199990362,0.06575251199990362,2,0.002383203,0.02474675999997089,0.04100575199993273,lns2.receding_q_label_pilot.v1,target:4,0.04100575199993273,high_cost_progress,policy_train,s3__policy_train__policy_train_regular_beltway_0002__task_0015__seed_0000__realized_dynamic__decision_0000__0110,feasible,1
4,400,"23,189,201,232",neighborhood-64a071801e0b6e72,True,"1,0",official_adaptive,1,True,0.0,0,579132e85a82650325b21dd6487cb38bb7296478e208002c7433478ce2efe11e,75d8f0353e6c055d371027da86c0186ec809942b4ecdfb3b8f54ba4078398c98,3,1,df4a309aafd3b09d0153b23744c614aaaa347cf1b7c1c757cb036d446e8e5fe9,31efd58a54de9cecf77941cbcfd49870bfca85977d4edbbc4b1d998c373cc478,True,regular_beltway,0.06152585323239729,829,2379,248,4,policy_train_regular_beltway_0002,False,0.16666666666666666,0.06345798999996077,0.06345798999996077,2,0.002376377,0.022452238000028046,0.04100575199993273,lns2.receding_q_label_pilot.v1,target:4,0.04100575199993273,high_cost_progress,policy_train,s3__policy_train__policy_train_regular_beltway_0002__task_0015__seed_0000__realized_dynamic__decision_0000__0110,feasible,2
4,400,"23,189,201,232",neighborhood-64a071801e0b6e72,True,"1,0",official_adaptive,1,True,0.0,0,997695ccdc8ebd38bf377cb16c5fac0c7401365181356f183897376a1c5e50de,091d7b1741ca7211d4465467e8c2e08602e14a71495daa105c8ecb173f8023f5,3,1,df4a309aafd3b09d0153b23744c614aaaa347cf1b7c1c757cb036d446e8e5fe9,31efd58a54de9cecf77941cbcfd49870bfca85977d4edbbc4b1d998c373cc478,True,regular_beltway,0.06858513690776628,884,2420,295,4,policy_train_regular_beltway_0002,False,0.16666666666666666,0.07099180199992361,0.07099180199992361,2,0.002280851,0.029986049999990882,0.04100575199993273,lns2.receding_q_label_pilot.v1,target:4,0.04100575199993273,high_cost_progress,policy_train,s3__policy_train__policy_train_regular_beltway_0002__task_0015__seed_0000__realized_dynamic__decision_0000__0110,feasible,3
16,400,"56,61,80,120,126,132,153,186,189,257,301,332,349,359,383,395",neighborhood-66532719e22b8213,True,"1,1,0",official_adaptive,2,True,0.0,0,5406918f0b67dc8ad8d0f92de52a8c73bf30632d592c5786a420b2ecb2dffde8,22e08ff0fc0f6cc73557ecd329da30bd1d1c979c521dfcd8f6857391bae03fb4,3,1,df4a309aafd3b09d0153b23744c614aaaa347cf1b7c1c757cb036d446e8e5fe9,31efd58a54de9cecf77941cbcfd49870bfca85977d4edbbc4b1d998c373cc478,False,regular_beltway,0.12787720038921857,8321,24670,669,23,policy_train_regular_beltway_0002,False,0.5,0.13641344299981029,0.13641344299981029,1,0.018970762999999998,0.055255243999909,0.04100575199993273,lns2.receding_q_label_pilot.v1,random:16,0.08115819899990129,high_cost_progress,policy_train,s3__policy_train__policy_train_regular_beltway_0002__task_0015__seed_0000__realized_dynamic__decision_0000__0110,feasible,0
16,400,"56,61,80,120,126,132,153,186,189,257,301,332,349,359,383,395",neighborhood-66532719e22b8213,True,"1,1,0",official_adaptive,2,True,0.0,0,a37cc93c79f61f8f4498f0548aeae104abb1774d66c04362e37970042f67fb51,4ffe058a32f313ecaa562610fe6eb2749a7205ec50bd085e940e8557e9ecf48d,3,1,df4a309aafd3b09d0153b23744c614aaaa347cf1b7c1c757cb036d446e8e5fe9,31efd58a54de9cecf77941cbcfd49870bfca85977d4edbbc4b1d998c373cc478,False,regular_beltway,0.1427358533064269,8026,24545,517,23,policy_train_regular_beltway_0002,False,0.5,0.15342508799994903,0.15342508799994903,1,0.019860580000000003,0.06973895500004801,0.04100575199993273,lns2.receding_q_label_pilot.v1,random:16,0.08368613299990102,high_cost_progress,policy_train,s3__policy_train__policy_train_regular_beltway_0002__task_0015__seed_0000__realized_dynamic__decision_0000__0110,feasible,1
16,400,"56,61,80,120,126,132,153,186,189,257,301,332,349,359,383,395",neighborhood-66532719e22b8213,True,"1,1,0",official_adaptive,2,True,0.0,0,50fde319b748b85c5832a42675d92c6d4a8e01eeb84f41c7fc868177463bde95,5cac7a52cb7cc2bba226ee78bab7635a7fe0226300a9176870ba1a687e4ab9ab,3,1,df4a309aafd3b09d0153b23744c614aaaa347cf1b7c1c757cb036d446e8e5fe9,31efd58a54de9cecf77941cbcfd49870bfca85977d4edbbc4b1d998c373cc478,False,regular_beltway,0.14771643525716852,7897,22926,779,23,policy_train_regular_beltway_0002,False,0.5,0.15918414599991593,0.15918414599991593,1,0.025259825,0.06937679899999694,0.04100575199993273,lns2.receding_q_label_pilot.v1,random:16,0.08980734699991899,high_cost_progress,policy_train,s3__policy_train__policy_train_regular_beltway_0002__task_0015__seed_0000__realized_dynamic__decision_0000__0110,feasible,2
16,400,"56,61,80,120,126,132,153,186,189,257,301,332,349,359,383,395",neighborhood-66532719e22b8213,True,"1,1,0",official_adaptive,2,True,0.0,0,7ffb251805cad64fef57230ed6cdec8513fd41e8d3ad7edbc81e5344705e7c26,d28af715fa65415c223848420396a3aa04e86f4dfc7d31d4f2d2bcba760e2cca,3,1,df4a309aafd3b09d0153b23744c614aaaa347cf1b7c1c757cb036d446e8e5fe9,31efd58a54de9cecf77941cbcfd49870bfca85977d4edbbc4b1d998c373cc478,False,regular_beltway,0.14480248183276612,8666,24602,959,24,policy_train_regular_beltway_0002,False,0.5,0.15581125399990015,0.15581125399990015,1,0.021169013,0.06630302100001018,0.04100575199993273,lns2.receding_q_label_pilot.v1,random:16,0.08950823299988997,high_cost_progress,policy_train,s3__policy_train__policy_train_regular_beltway_0002__task_0015__seed_0000__realized_dynamic__decision_0000__0110,feasible,3
4,400,"15,23,189,275",neighborhood-8b035600bc585310,True,"1,1,0",official_adaptive,2,True,0.0,0,afa85b994fdd51a7b6845f0c3eee32513dee4ad0e4d0678d220819b923318ee6,6853bf4bdb952086e17acb6b7771de20aba21a89ebfd6f7d6b52110a329e241b,3,1,df4a309aafd3b09d0153b23744c614aaaa347cf1b7c1c757cb036d446e8e5fe9,31efd58a54de9cecf77941cbcfd49870bfca85977d4edbbc4b1d998c373cc478,False,regular_beltway,0.1280589944549965,5596,16011,227,11,policy_train_regular_beltway_0002,False,0.5,0.13662005499986662,0.13662005499986662,1,0.012513012,0.0510908850000078,0.04100575199993273,lns2.receding_q_label_pilot.v1,collision:4,0.08552916999985882,high_cost_progress,policy_train,s3__policy_train__policy_train_regular_beltway_0002__task_0015__seed_0000__realized_dynamic__decision_0000__0110,feasible,0
4,400,"15,23,189,275",neighborhood-8b035600bc585310,True,"1,0",official_adaptive,1,True,0.0,0,c5808eb9cb516563d726c6501464cc2a64def2bf2974f2066bd07b311176d828,68ef3d5774071e14c10e7d4cc3f772d6a8f039977693e6b672b1a0cb35bf33a4,3,1,df4a309aafd3b09d0153b23744c614aaaa347cf1b7c1c757cb036d446e8e5fe9,31efd58a54de9cecf77941cbcfd49870bfca85977d4edbbc4b1d998c373cc478,False,regular_beltway,0.0651862085302704,2286,6354,402,4,policy_train_regular_beltway_0002,False,0.16666666666666666,0.06735775699996793,0.06735775699996793,2,0.005524583,0.026352005000035206,0.04100575199993273,lns2.receding_q_label_pilot.v1,collision:4,0.04100575199993273,high_cost_progress,policy_train,s3__policy_train__policy_train_regular_beltway_0002__task_0015__seed_0000__realized_dynamic__decision_0000__0110,feasible,1
4,400,"15,23,189,275",neighborhood-8b035600bc585310,True,"1,0",official_adaptive,1,True,0.0,0,7d849af2242d114c277bfcf7a41ef4dda60230a7a6d4980413472ded0646dc6d,59970f89d72a14b1456bad990a97469342a9fde27528363ed5e37e0824b7e9c9,3,1,df4a309aafd3b09d0153b23744c614aaaa347cf1b7c1c757cb036d446e8e5fe9,31efd58a54de9cecf77941cbcfd49870bfca85977d4edbbc4b1d998c373cc478,False,regular_beltway,0.06442822599275912,1865,5343,446,4,policy_train_regular_beltway_0002,False,0.16666666666666666,0.06654902499997206,0.06654902499997206,2,0.004948078,0.025543273000039335,0.04100575199993273,lns2.receding_q_label_pilot.v1,collision:4,0.04100575199993273,high_cost_progress,policy_train,s3__policy_train__policy_train_regular_beltway_0002__task_0015__seed_0000__realized_dynamic__decision_0000__0110,feasible,2
4,400,"15,23,189,275",neighborhood-8b035600bc585310,True,"1,1,0",official_adaptive,2,True,0.0,0,46d541381fe8111f2486d53d5ef18da273ee0c9d459f1391c6ca6cc65f99a540,9b5ea52dd6b3b6228169aab1c2a7fcca60983510431727d2add3c6852b76bfc5,3,1,df4a309aafd3b09d0153b23744c614aaaa347cf1b7c1c757cb036d446e8e5fe9,31efd58a54de9cecf77941cbcfd49870bfca85977d4edbbc4b1d998c373cc478,False,regular_beltway,0.1440491599798822,7124,18509,882,12,policy_train_regular_beltway_0002,False,0.5,0.15494088399998418,0.15494088399998418,1,0.018569678,0.06432525500002839,0.04100575199993273,lns2.receding_q_label_pilot.v1,collision:4,0.09061562899995579,high_cost_progress,policy_train,s3__policy_train__policy_train_regular_beltway_0002__task_0015__seed_0000__realized_dynamic__decision_0000__0110,feasible,3
8,400,"25,53,100,127,189,201,225,397",neighborhood-d453346dfa295a0f,True,"1,0",official_adaptive,1,True,0.0,0,aaac9f3fb319c698d00f5eb1b03c106810e5a192f9da082592fdd8e275eb9a0c,6117bd0324896383a36e6179daf4d971eb3a8ed481f7ad0e80b97494bb063aad,3,1,df4a309aafd3b09d0153b23744c614aaaa347cf1b7c1c757cb036d446e8e5fe9,31efd58a54de9cecf77941cbcfd49870bfca85977d4edbbc4b1d998c373cc478,False,regular_beltway,0.06182337878476047,1744,5736,382,8,policy_train_regular_beltway_0002,False,0.16666666666666666,0.06377444299994295,0.06377444299994295,2,0.004515349,0.02276869100001022,0.04100575199993273,lns2.receding_q_label_pilot.v1,target:8,0.04100575199993273,high_cost_progress,policy_train,s3__policy_train__policy_train_regular_beltway_0002__task_0015__seed_0000__realized_dynamic__decision_0000__0110,feasible,0
8,400,"25,53,100,127,189,201,225,397",neighborhood-d453346dfa295a0f,True,"1,0",official_adaptive,1,True,0.0,0,29196447257635e527ba3efe5c853099bd9413db22a4bd8775725b1a9a502d3b,824f288dd768bbbeb78b4bb62c2e3f6b9176ce4605b53408cd8712ab97faea03,3,1,df4a309aafd3b09d0153b23744c614aaaa347cf1b7c1c757cb036d446e8e5fe9,31efd58a54de9cecf77941cbcfd49870bfca85977d4edbbc4b1d998c373cc478,False,regular_beltway,0.06670820161505892,2804,10371,186,8,policy_train_regular_beltway_0002,False,0.16666666666666666,0.06898350499989192,0.06898350499989192,2,0.007548642,0.027977752999959193,0.04100575199993273,lns2.receding_q_label_pilot.v1,target:8,0.04100575199993273,high_cost_progress,policy_train,s3__policy_train__policy_train_regular_beltway_0002__task_0015__seed_0000__realized_dynamic__decision_0000__0110,feasible,1
8,400,"25,53,100,127,189,201,225,397",neighborhood-d453346dfa295a0f,True,"1,0",official_adaptive,1,True,0.0,0,be1eccc9c56093491f2028293b83ca4f331305e251af81fcda5283dd2030f59b,09553c6ed96e36bcb15cf645bc26fb62e08b42d41c17c2a3336404dceb156ab5,3,1,df4a309aafd3b09d0153b23744c614aaaa347cf1b7c1c757cb036d446e8e5fe9,31efd58a54de9cecf77941cbcfd49870bfca85977d4edbbc4b1d998c373cc478,False,regular_beltway,0.06712338749017148,1994,6760,421,8,policy_train_regular_beltway_0002,False,0.16666666666666666,0.0694274239999686,0.0694274239999686,2,0.006287486,0.02842167200003587,0.04100575199993273,lns2.receding_q_label_pilot.v1,target:8,0.04100575199993273,high_cost_progress,policy_train,s3__policy_train__policy_train_regular_beltway_0002__task_0015__seed_0000__realized_dynamic__decision_0000__0110,feasible,2
8,400,"25,53,100,127,189,201,225,397",neighborhood-d453346dfa295a0f,True,"1,0",official_adaptive,1,True,0.0,0,02287bce5d83e647db8f0ee6978925a1550bcb2d84afa74739df4cb1fb729d0b,8c4741b013de407ecc1ab6683cf96c480ac01ca8b5a09de238852aae39c77f3d,3,1,df4a309aafd3b09d0153b23744c614aaaa347cf1b7c1c757cb036d446e8e5fe9,31efd58a54de9cecf77941cbcfd49870bfca85977d4edbbc4b1d998c373cc478,False,regular_beltway,0.07073566846693324,3582,12084,359,8,policy_train_regular_beltway_0002,False,0.16666666666666666,0.07329748199992991,0.07329748199992991,2,0.0111088,0.03229172999999719,0.04100575199993273,lns2.receding_q_label_pilot.v1,target:8,0.04100575199993273,high_cost_progress,policy_train,s3__policy_train__policy_train_regular_beltway_0002__task_0015__seed_0000__realized_dynamic__decision_0000__0110,feasible,3
