actual_dispatch_seconds,budget_overshoot_seconds,budget_seconds,cold_start_to_paths_seconds,completion_0.5s,completion_1.0s,completion_2.0s,controller,delivered_within_budget,dispatch_seconds,environment_construct_seconds,execution_authorized,family,final_makespan,final_soc,final_waits,first_makespan_steps,first_soc_steps,first_wait_steps,flow_completed,found_within_budget,initial_conflicts,initial_fingerprint,job_id,makespan,makespan_change,map_id,observed_first_feasible_seconds,protocol,repair_iteration_cap,repair_iterations,schedule_index,soc,soc_change,solver_seed,stage2_seed,startup_before_reset_seconds,status,success,task_id,timed_workers,ttf_seconds,waits,within_pair_position
4.7393755209999995,0.0,120.0,8.254586073000013,78.239375521,151.739375521,298.739375521,official_adaptive,True,4.7393755209999995,0.018118866000008893,False,maze,147,14720,4254,147,14720,4254,True,True,197,9b54d6e95f74ac6f412f01d4f76627fbf12d2048f7d2eb372458b8e93eb58e0c,d61029b133f98cc1bc6ee215,147,0,maze-32-32-4,4.223615018999993,first_feasible,,108,0,14720,0,51,1095578626,3.5152105520000134,completed,True,maze-32-32-4__random_04__agents_0200,1,4.223615018999993,4254,0
3.6657352070000115,0.0,120.0,7.418376179000006,80.66573520700001,157.665735207,311.665735207,v2-full,True,3.6657352070000115,0.016991460000014058,False,maze,154,15300,4844,154,15300,4844,True,True,197,9b54d6e95f74ac6f412f01d4f76627fbf12d2048f7d2eb372458b8e93eb58e0c,fec68e59043a13c0f57645b0,154,0,maze-32-32-4,3.316926531000007,first_feasible,,39,1,15300,0,51,1095578626,3.7526409719999947,completed,True,maze-32-32-4__random_04__agents_0200,1,3.316926531000007,4844,1
4.86772517899999,0.0,120.0,7.9908929739999905,79.36772517899999,153.867725179,302.867725179,dual16,True,4.86772517899999,0.012608147000008785,False,maze,149,14993,4381,149,14993,4381,True,True,197,9b54d6e95f74ac6f412f01d4f76627fbf12d2048f7d2eb372458b8e93eb58e0c,3430554ce36490596609a847,149,0,maze-32-32-4,4.396279353000011,first_feasible,,64,2,14993,0,51,1095578626,3.1231677950000005,completed,True,maze-32-32-4__random_04__agents_0200,1,4.396279353000011,4381,2
3.9959467060000122,0.0,120.0,7.0685838570000215,107.49594670600001,210.995946706,417.99594670600004,official_adaptive,True,3.9959467060000122,0.013208922999979222,False,maze,207,21280,10380,207,21280,10380,True,True,161,f15238a90cd1e9133657313d5313ae6b14370255f4573f126707a66a3114a055,16c4ca2064331825416d14bc,207,0,maze-32-32-4,3.571673857999997,first_feasible,,46,3,21280,0,52,1382332772,3.0726371510000092,completed,True,maze-32-32-4__random_04__agents_0200,1,3.571673857999997,10380,0
7.8550766580000015,0.0,120.0,11.060133855000004,108.355076658,208.855076658,409.85507665800003,dual16,True,7.8550766580000015,0.01218691300002206,False,maze,201,21683,10403,201,21683,10403,True,True,161,f15238a90cd1e9133657313d5313ae6b14370255f4573f126707a66a3114a055,bde7e2c14baec2a93fe5b4c1,201,0,maze-32-32-4,7.397588232000004,first_feasible,,45,4,21683,0,52,1382332772,3.205057197000002,completed,True,maze-32-32-4__random_04__agents_0200,1,7.397588232000004,10403,1
3.783917994999996,0.0,120.0,7.237257253999985,117.283917995,230.783917995,457.783917995,v2-full,True,3.783917994999996,0.012987698000017645,False,maze,227,22128,10936,227,22128,10936,True,True,161,f15238a90cd1e9133657313d5313ae6b14370255f4573f126707a66a3114a055,ee458ec5ccaae698023adfca,227,0,maze-32-32-4,3.3714037700000006,first_feasible,,28,5,22128,0,52,1382332772,3.453339258999989,completed,True,maze-32-32-4__random_04__agents_0200,1,3.3714037700000006,10936,2
3.6002053219999937,0.0,120.0,6.65705281999999,87.600205322,171.600205322,339.60020532199997,v2-full,True,3.6002053219999937,0.014808972999986736,False,maze,168,16882,5601,168,16882,5601,True,True,156,7b3cb215b7d7ef0a717b918f2337a56919bf158edc475ae4871bdc22b4fdc3fa,e78e5b9e987cd42358cffe5d,168,0,maze-32-32-4,3.2388659789999963,first_feasible,,38,6,16882,0,51,1979736585,3.056847497999996,completed,True,maze-32-32-4__random_05__agents_0200,1,3.2388659789999963,5601,0
3.0016233810000017,0.0,120.0,5.939823015000002,91.501623381,180.001623381,357.001623381,official_adaptive,True,3.0016233810000017,0.011457527000004575,False,maze,177,17035,5612,177,17035,5612,True,True,156,7b3cb215b7d7ef0a717b918f2337a56919bf158edc475ae4871bdc22b4fdc3fa,d179514ebdcce6cae31d2061,177,0,maze-32-32-4,2.574997508000024,first_feasible,,63,7,17035,0,51,1979736585,2.938199634,completed,True,maze-32-32-4__random_05__agents_0200,1,2.574997508000024,5612,1
2.624388771000042,0.0,120.0,5.707479758000034,89.62438877100004,176.62438877100004,350.62438877100004,dual16,True,2.624388771000042,0.015759922999961873,False,maze,174,16652,5445,174,16652,5445,True,True,156,7b3cb215b7d7ef0a717b918f2337a56919bf158edc475ae4871bdc22b4fdc3fa,2d544e9784d5882d49f12e81,174,0,maze-32-32-4,2.3020265300000347,first_feasible,,23,8,16652,0,51,1979736585,3.0830909869999914,completed,True,maze-32-32-4__random_05__agents_0200,1,2.3020265300000347,5445,2
3.503738580000004,0.0,120.0,6.582977226000025,69.00373858,134.50373858,265.50373858,v2-full,True,3.503738580000004,0.012169571000015367,False,maze,131,16011,4308,131,16011,4308,True,True,127,3e77db6b8f21bde82ceb5e234f130e765568b84e2fcbd1208567d4f70efd78da,6b873735b183297806f38513,131,0,maze-32-32-4,3.1275853159999656,first_feasible,,43,9,16011,0,52,12629350,3.0792386460000216,completed,True,maze-32-32-4__random_05__agents_0200,1,3.1275853159999656,4308,0
2.5618088869999838,0.0,120.0,5.696457108999994,70.06180888699998,137.56180888699998,272.561808887,dual16,True,2.5618088869999838,0.010638958000015464,False,maze,135,15098,3783,135,15098,3783,True,True,127,3e77db6b8f21bde82ceb5e234f130e765568b84e2fcbd1208567d4f70efd78da,558e44fa83d08751a6fa875d,135,0,maze-32-32-4,2.2011722940000027,first_feasible,,26,10,15098,0,52,12629350,3.13464822200001,completed,True,maze-32-32-4__random_05__agents_0200,1,2.2011722940000027,3783,1
2.9494492530000116,0.0,120.0,6.071068087000015,76.44944925300001,149.949449253,296.949449253,official_adaptive,True,2.9494492530000116,0.00994361900001195,False,maze,147,16389,4844,147,16389,4844,True,True,127,3e77db6b8f21bde82ceb5e234f130e765568b84e2fcbd1208567d4f70efd78da,daf1e5ae9a8c19759037fb17,147,0,maze-32-32-4,2.471364255000026,first_feasible,,66,11,16389,0,52,12629350,3.121618834000003,completed,True,maze-32-32-4__random_05__agents_0200,1,2.471364255000026,4844,2
,,120.0,,,,,dual16,False,,,False,room,,,,,,,False,False,863,d739cf1895ad214e94a38c1c0cbe7bd5b492cae2518bc378be2ee5bf0405dd1e,3e8073d706bd2e2d6f084ea0,,,room-64-64-16,,first_feasible,,,12,,,51,1961433270,,no_feasible_solution,False,room-64-64-16__random_04__agents_0600,1,,,0
73.79785429799995,0.0,120.0,76.73622422399995,264.29785429799995,454.79785429799995,835.797854298,official_adaptive,True,73.79785429799995,0.013015854999991916,False,room,381,88786,37142,381,88786,37142,True,True,863,d739cf1895ad214e94a38c1c0cbe7bd5b492cae2518bc378be2ee5bf0405dd1e,b8e0412021b9fb277e0b3e3a,381,0,room-64-64-16,70.19373255099998,first_feasible,,180,13,88786,0,51,1961433270,2.938369926000007,completed,True,room-64-64-16__random_04__agents_0600,1,70.19373255099998,37142,1
119.44626833200005,0.0,120.0,122.89352889300005,315.44626833200005,511.44626833200005,903.446268332,v2-full,True,119.44626833200005,0.02454746500006877,False,room,392,87796,36116,392,87796,36116,True,True,863,d739cf1895ad214e94a38c1c0cbe7bd5b492cae2518bc378be2ee5bf0405dd1e,a787251e1b1f03491ed0e9b1,392,0,room-64-64-16,114.95863947700002,first_feasible,,263,14,87796,0,51,1961433270,3.4472605610000073,completed,True,room-64-64-16__random_04__agents_0600,1,114.95863947700002,36116,2
20.15543445200001,0.0,120.0,23.246190823000006,227.655434452,435.155434452,850.155434452,dual16,True,20.15543445200001,0.014711581000028673,False,room,415,93361,39403,415,93361,39403,True,True,821,5e3beb7466df5dec57c4dcdd02f278d205be74cf1d88135f5709f4e6c94c5849,a39027ab88476f233e44579c,415,0,room-64-64-16,19.256906929000024,first_feasible,,12,15,93361,0,52,650639667,3.0907563709999977,completed,True,room-64-64-16__random_04__agents_0600,1,19.256906929000024,39403,0
24.71230508699989,0.0,120.0,27.777148655999895,232.2123050869999,439.7123050869999,854.7123050869999,v2-full,True,24.71230508699989,0.02144080599998688,False,room,415,94584,40656,415,94584,40656,True,True,821,5e3beb7466df5dec57c4dcdd02f278d205be74cf1d88135f5709f4e6c94c5849,7aeee7ada479b06266992d02,415,0,room-64-64-16,23.69790658799991,first_feasible,,21,16,94584,0,52,650639667,3.064843569000004,completed,True,room-64-64-16__random_04__agents_0600,1,23.69790658799991,40656,1
27.21722901999999,0.0,120.0,30.408979896000005,222.71722902,418.21722902,809.21722902,official_adaptive,True,27.21722901999999,0.018837668000060148,False,room,391,93081,38851,391,93081,38851,True,True,821,5e3beb7466df5dec57c4dcdd02f278d205be74cf1d88135f5709f4e6c94c5849,4926f49aa4d51de056f05156,391,0,room-64-64-16,25.857764277,first_feasible,,51,17,93081,0,52,650639667,3.1917508760000146,completed,True,room-64-64-16__random_04__agents_0600,1,25.857764277,38851,2
24.18676974199991,0.0,120.0,27.135698596999987,232.1867697419999,440.1867697419999,856.1867697419999,official_adaptive,True,24.18676974199991,0.01362453700005517,False,room,416,102240,49913,416,102240,49913,True,True,153,7df1aa043536c4e993741cb2191543b99c4b2a04cb7af9925881793c0bae237e,373cf9d41d65dd632c1a1c44,416,0,room-64-64-16,22.734003935999908,first_feasible,,46,18,102240,0,51,684566360,2.9489288550000765,completed,True,room-64-64-16__random_05__agents_0600,1,22.734003935999908,49913,0
25.88103021800009,0.0,120.0,28.9205014690001,229.8810302180001,433.8810302180001,841.8810302180001,v2-full,True,25.88103021800009,0.015178479000041989,False,room,408,103702,50737,408,103702,50737,True,True,153,7df1aa043536c4e993741cb2191543b99c4b2a04cb7af9925881793c0bae237e,3e4105b0ce4ae42ab279849c,408,0,room-64-64-16,24.669425228000023,first_feasible,,26,19,103702,0,51,684566360,3.039471251000009,completed,True,room-64-64-16__random_05__agents_0600,1,24.669425228000023,50737,1
22.790769619999992,0.0,120.0,25.886873310000055,229.79076962,436.79076962,850.79076962,dual16,True,22.790769619999992,0.013630070999965938,False,room,414,104729,51614,414,104729,51614,True,True,153,7df1aa043536c4e993741cb2191543b99c4b2a04cb7af9925881793c0bae237e,bd1a56e7bad32811bb6168ce,414,0,room-64-64-16,21.80666677499994,first_feasible,,15,20,104729,0,51,684566360,3.0961036900000636,completed,True,room-64-64-16__random_05__agents_0600,1,21.80666677499994,51614,2
21.010319079000055,0.0,120.0,24.58299724599999,230.01031907900006,439.01031907900006,857.010319079,official_adaptive,True,21.010319079000055,0.02189301200007776,False,room,418,96221,44114,418,96221,44114,True,True,299,b94e52495151a61b3b2a9fd2eb8eabde1c25eb9e8b83d1d8ded2b7600e564ba5,f8e860f9573612adb41399f4,418,0,room-64-64-16,19.627379366000014,first_feasible,,51,21,96221,0,52,1074024141,3.5726781669999355,completed,True,room-64-64-16__random_05__agents_0600,1,19.627379366000014,44114,0
16.452642319000006,0.0,120.0,19.62536202499996,220.452642319,424.452642319,832.452642319,dual16,True,16.452642319000006,0.02035321500000009,False,room,408,92240,40259,408,92240,40259,True,True,299,b94e52495151a61b3b2a9fd2eb8eabde1c25eb9e8b83d1d8ded2b7600e564ba5,bb9865fc0e6369d563ff738a,408,0,room-64-64-16,15.596046204000004,first_feasible,,12,22,92240,0,52,1074024141,3.1727197059999526,completed,True,room-64-64-16__random_05__agents_0600,1,15.596046204000004,40259,1
19.283295812999995,0.0,120.0,22.478246332000026,219.783295813,420.283295813,821.283295813,v2-full,True,19.283295812999995,0.014081940999972176,False,room,401,93792,41767,401,93792,41767,True,True,299,b94e52495151a61b3b2a9fd2eb8eabde1c25eb9e8b83d1d8ded2b7600e564ba5,56f9f86d867038a47b5becf7,401,0,room-64-64-16,18.291215874000045,first_feasible,,21,23,93792,0,52,1074024141,3.194950519000031,completed,True,room-64-64-16__random_05__agents_0600,1,18.291215874000045,41767,2
19.992379383999946,0.0,120.0,23.020502513999986,216.49237938399995,412.99237938399995,805.992379384,v2-full,True,19.992379383999946,0.012598390999983167,False,room,393,94281,42589,393,94281,42589,True,True,390,12d50ee73a6deb76e1bae52e1ce5028ae0619b624ae094e029e3ecb7f06d4216,ff71d21187771e081b546e49,393,0,room-64-64-8,18.755628069999943,first_feasible,,35,24,94281,0,51,1389630055,3.02812313000004,completed,True,room-64-64-8__random_04__agents_0600,1,18.755628069999943,42589,0
26.761791241000083,0.0,120.0,29.747867229000008,223.26179124100008,419.7617912410001,812.7617912410001,official_adaptive,True,26.761791241000083,0.013535831000012877,False,room,393,92845,41071,393,92845,41071,True,True,390,12d50ee73a6deb76e1bae52e1ce5028ae0619b624ae094e029e3ecb7f06d4216,52fd366227da86fde1a2b843,393,0,room-64-64-8,24.575062510000066,first_feasible,,99,25,92845,0,51,1389630055,2.986075987999925,completed,True,room-64-64-8__random_04__agents_0600,1,24.575062510000066,41071,1
20.38142449499992,0.0,120.0,23.555099696999946,216.88142449499992,413.3814244949999,806.3814244949999,dual16,True,20.38142449499992,0.014323822000051223,False,room,393,93247,40887,393,93247,40887,True,True,390,12d50ee73a6deb76e1bae52e1ce5028ae0619b624ae094e029e3ecb7f06d4216,ea5d3f37fe0ce9abf388b53a,393,0,room-64-64-8,19.354484429999957,first_feasible,,25,26,93247,0,51,1389630055,3.1736752020000267,completed,True,room-64-64-8__random_04__agents_0600,1,19.354484429999957,40887,2
26.653071171999954,0.0,120.0,29.859352561000037,217.65307117199995,408.65307117199995,790.653071172,v2-full,True,26.653071171999954,0.014184265999915624,False,room,382,98836,44728,382,98836,44728,True,True,911,93ece03ba8369b77b2e0fd68ea52a89132b5fba7ef471d015287d000bb0c87a2,ffbc0daaf9fb54c14f1c9283,382,0,room-64-64-8,25.24482480200004,first_feasible,,41,27,98836,0,52,151698060,3.2062813890000825,completed,True,room-64-64-8__random_04__agents_0600,1,25.24482480200004,44728,0
30.227894358999947,0.0,120.0,33.287054406999914,213.72789435899995,397.22789435899995,764.227894359,dual16,True,30.227894358999947,0.014199226000073395,False,room,367,99069,44111,367,99069,44111,True,True,911,93ece03ba8369b77b2e0fd68ea52a89132b5fba7ef471d015287d000bb0c87a2,3219dbd484a581c647858e49,367,0,room-64-64-8,29.14035227399995,first_feasible,,32,28,99069,0,52,151698060,3.059160047999967,completed,True,room-64-64-8__random_04__agents_0600,1,29.14035227399995,44111,1
35.72883034000006,0.0,120.0,38.75029854299987,217.72883034000006,399.72883034000006,763.7288303400001,official_adaptive,True,35.72883034000006,0.01320967800006656,False,room,364,99698,46280,364,99698,46280,True,True,911,93ece03ba8369b77b2e0fd68ea52a89132b5fba7ef471d015287d000bb0c87a2,57fb521dd8c5e57cc3edb9be,364,0,room-64-64-8,33.19112945000006,first_feasible,,122,29,99698,0,52,151698060,3.021468202999813,completed,True,room-64-64-8__random_04__agents_0600,1,33.19112945000006,46280,2
41.09043464399997,0.0,120.0,44.293520425999986,192.09043464399997,343.09043464399997,645.090434644,dual16,True,41.09043464399997,0.015575130000115678,False,room,302,86005,36097,302,86005,36097,True,True,661,55305ccdc004b9da89e63e18d15ca12193d22bee94a108bee42320b84abf925b,f031ddef3973634e0e402b00,302,0,room-64-64-8,39.44419846400001,first_feasible,,80,30,86005,0,51,1901453451,3.2030857820000165,completed,True,room-64-64-8__random_05__agents_0600,1,39.44419846400001,36097,0
33.96853130799991,0.0,120.0,37.22146423200002,191.4685313079999,348.9685313079999,663.9685313079999,official_adaptive,True,33.96853130799991,0.016022991999989245,False,room,315,88331,37583,315,88331,37583,True,True,661,55305ccdc004b9da89e63e18d15ca12193d22bee94a108bee42320b84abf925b,83c4f54fac16fc2897bc165a,315,0,room-64-64-8,31.291074240999933,first_feasible,,147,31,88331,0,51,1901453451,3.252932924000106,completed,True,room-64-64-8__random_05__agents_0600,1,31.291074240999933,37583,1
23.321039027000097,0.0,120.0,26.44210255200005,177.3210390270001,331.3210390270001,639.3210390270001,v2-full,True,23.321039027000097,0.01870041699999092,False,room,308,85909,36011,308,85909,36011,True,True,661,55305ccdc004b9da89e63e18d15ca12193d22bee94a108bee42320b84abf925b,7bb2e41ba0592b16e652fb5e,308,0,room-64-64-8,21.81320103300004,first_feasible,,50,32,85909,0,51,1901453451,3.121063524999954,completed,True,room-64-64-8__random_05__agents_0600,1,21.81320103300004,36011,2
20.003864497999984,0.0,120.0,23.294269501000144,156.50386449799998,293.003864498,566.003864498,dual16,True,20.003864497999984,0.012304545000006328,False,room,273,80947,32095,273,80947,32095,True,True,727,2e6843c53cf1b3fcaa4fddec6fee68f47b61bc5164dd319af03178e8c2cf9071,562a7c27f8719c2bbac991de,273,0,room-64-64-8,18.98833281999987,first_feasible,,33,33,80947,0,52,1061822592,3.29040500300016,completed,True,room-64-64-8__random_05__agents_0600,1,18.98833281999987,32095,0
19.96322690299985,0.0,120.0,23.22337113100002,158.96322690299985,297.96322690299985,575.9632269029998,v2-full,True,19.96322690299985,0.016840773000012632,False,room,278,82200,32674,278,82200,32674,True,True,727,2e6843c53cf1b3fcaa4fddec6fee68f47b61bc5164dd319af03178e8c2cf9071,cc62c92d143fcf019bde0ac6,278,0,room-64-64-8,18.771838909999815,first_feasible,,45,34,82200,0,52,1061822592,3.260144228000172,completed,True,room-64-64-8__random_05__agents_0600,1,18.771838909999815,32674,1
24.525895949000187,0.0,120.0,27.569066483000142,163.5258959490002,302.5258959490002,580.5258959490002,official_adaptive,True,24.525895949000187,0.015453201999889643,False,room,278,80569,30537,278,80569,30537,True,True,727,2e6843c53cf1b3fcaa4fddec6fee68f47b61bc5164dd319af03178e8c2cf9071,7dc51f848979c07e2aef5c44,278,0,room-64-64-8,22.494774206000102,first_feasible,,110,35,80569,0,52,1061822592,3.0431705339999553,completed,True,room-64-64-8__random_05__agents_0600,1,22.494774206000102,30537,2
1.4930132459999186,0.0,120.0,4.4011559600000965,54.99301324599992,108.49301324599992,215.49301324599992,official_adaptive,True,1.4930132459999186,0.016382058000090183,False,warehouse,107,18622,2484,107,18622,2484,True,True,27,c1d441682cb2cff8c8207c9ddce47e0a64bb11823d0e1e5ae4a50a3b6fc2a2a2,0decf2fe3ce43ef8bf784902,107,0,very_high_confirm_v2_station_centric_0000,1.1643620689999352,first_feasible,,23,36,18622,0,51,1771933755,2.908142714000178,completed,True,very_high_confirm_v2_station_centric_0000__task_0000,1,1.1643620689999352,2484,0
2.5681781749999573,0.0,120.0,5.659648122999897,56.06817817499996,109.56817817499996,216.56817817499996,v2-full,True,2.5681781749999573,0.017105479999827367,False,warehouse,107,18864,2758,107,18864,2758,True,True,27,c1d441682cb2cff8c8207c9ddce47e0a64bb11823d0e1e5ae4a50a3b6fc2a2a2,6c718a8e27f75e55fc74dd4f,107,0,very_high_confirm_v2_station_centric_0000,2.2062804560000586,first_feasible,,22,37,18864,0,51,1771933755,3.09146994799994,completed,True,very_high_confirm_v2_station_centric_0000__task_0000,1,2.2062804560000586,2758,1
1.3784466869999505,0.0,120.0,4.882759798999814,54.87844668699995,108.37844668699995,215.37844668699995,dual16,True,1.3784466869999505,0.03195549299994127,False,warehouse,107,18577,2467,107,18577,2467,True,True,27,c1d441682cb2cff8c8207c9ddce47e0a64bb11823d0e1e5ae4a50a3b6fc2a2a2,d05961b779af3c001b6ec2be,107,0,very_high_confirm_v2_station_centric_0000,1.0846957750000001,first_feasible,,6,38,18577,0,51,1771933755,3.5043131119998634,completed,True,very_high_confirm_v2_station_centric_0000__task_0000,1,1.0846957750000001,2467,2
1.6130386049999288,0.0,120.0,4.629244127999982,58.61303860499993,115.61303860499993,229.61303860499993,official_adaptive,True,1.6130386049999288,0.01424625599997853,False,warehouse,114,18144,2290,114,18144,2290,True,True,17,8234414f86f462e63d6bc9acb5f57c7c58314a85e42c447a2604820efc821f63,0da08a5dd9aff1d19ea1f483,114,0,very_high_confirm_v2_station_centric_0000,1.2408261440000388,first_feasible,,26,39,18144,0,52,1899606215,3.0162055230000533,completed,True,very_high_confirm_v2_station_centric_0000__task_0000,1,1.2408261440000388,2290,0
1.1682708899998033,0.0,120.0,5.175051400999791,54.6682708899998,108.1682708899998,215.1682708899998,dual16,True,1.1682708899998033,0.02455487199995332,False,warehouse,107,18059,2205,107,18059,2205,True,True,17,8234414f86f462e63d6bc9acb5f57c7c58314a85e42c447a2604820efc821f63,3e169f708750e3999db49840,107,0,very_high_confirm_v2_station_centric_0000,0.8408994769999936,first_feasible,,5,40,18059,0,52,1899606215,4.006780510999988,completed,True,very_high_confirm_v2_station_centric_0000__task_0000,1,0.8408994769999936,2205,1
1.2860462310000003,0.0,120.0,5.421177256999954,54.786046231,108.286046231,215.286046231,v2-full,True,1.2860462310000003,0.03257976800000506,False,warehouse,107,18060,2242,107,18060,2242,True,True,17,8234414f86f462e63d6bc9acb5f57c7c58314a85e42c447a2604820efc821f63,de582fab2157c861ed77fc8f,107,0,very_high_confirm_v2_station_centric_0000,0.9076435740000761,first_feasible,,7,41,18060,0,52,1899606215,4.135131025999954,completed,True,very_high_confirm_v2_station_centric_0000__task_0000,1,0.9076435740000761,2242,2
3.450811002999899,0.0,120.0,7.086243978999846,60.4508110029999,117.4508110029999,231.4508110029999,v2-full,True,3.450811002999899,0.017568715999914275,False,warehouse,114,18574,2047,114,18574,2047,True,True,30,7b5fdae5e7dc33c21b161cf9aeb40a5ce13543636a812cb01602a4ab47f52f7f,9c3af9d6a1729bfaf97d3805,114,0,very_high_confirm_v2_station_centric_0001,2.9757609929999944,first_feasible,,39,42,18574,0,51,1462373897,3.6354329759999473,completed,True,very_high_confirm_v2_station_centric_0001__task_0000,1,2.9757609929999944,2047,0
2.314191146999974,0.0,120.0,6.20821642199985,55.814191146999974,109.31419114699997,216.31419114699997,official_adaptive,True,2.314191146999974,0.018570909000118263,False,warehouse,107,18428,2131,107,18428,2131,True,True,30,7b5fdae5e7dc33c21b161cf9aeb40a5ce13543636a812cb01602a4ab47f52f7f,7a5523a05aeaea005dda36da,107,0,very_high_confirm_v2_station_centric_0001,1.8634254270000383,first_feasible,,45,43,18428,0,51,1462373897,3.8940252749998763,completed,True,very_high_confirm_v2_station_centric_0001__task_0000,1,1.8634254270000383,2131,1
1.9542811480000637,0.0,120.0,5.760867076000068,55.454281148000064,108.95428114800006,215.95428114800006,dual16,True,1.9542811480000637,0.018829568000001018,False,warehouse,107,18495,2052,107,18495,2052,True,True,30,7b5fdae5e7dc33c21b161cf9aeb40a5ce13543636a812cb01602a4ab47f52f7f,7546ecde1f7627b76f2c61d3,107,0,very_high_confirm_v2_station_centric_0001,1.6090771090000544,first_feasible,,14,44,18495,0,51,1462373897,3.806585928000004,completed,True,very_high_confirm_v2_station_centric_0001__task_0000,1,1.6090771090000544,2052,2
2.6874290869998276,0.0,120.0,5.826151003999939,59.68742908699983,116.68742908699983,230.68742908699983,v2-full,True,2.6874290869998276,0.015153853000128947,False,warehouse,114,18093,1928,114,18093,1928,True,True,26,47482d87d86e9533f68003f4310812e5e87979b495188b58431c34bb60973461,1284db1b9af8e28582154a29,114,0,very_high_confirm_v2_station_centric_0001,2.252830526000025,first_feasible,,42,45,18093,0,52,2091105773,3.1387219170001117,completed,True,very_high_confirm_v2_station_centric_0001__task_0000,1,2.252830526000025,1928,0
1.4940562069998577,0.0,120.0,4.6800857529999575,86.99405620699986,172.49405620699986,343.49405620699986,dual16,True,1.4940562069998577,0.01477445299997271,False,warehouse,171,18140,1889,171,18140,1889,True,True,26,47482d87d86e9533f68003f4310812e5e87979b495188b58431c34bb60973461,b100019167911da36c6a9514,171,0,very_high_confirm_v2_station_centric_0001,1.1631206819999989,first_feasible,,12,46,18140,0,52,2091105773,3.1860295460001,completed,True,very_high_confirm_v2_station_centric_0001__task_0000,1,1.1631206819999989,1889,1
4.518368516999999,0.0,120.0,7.843626293999932,61.518368517,118.518368517,232.518368517,official_adaptive,True,4.518368516999999,0.013890800999888597,False,warehouse,114,18032,1875,114,18032,1875,True,True,26,47482d87d86e9533f68003f4310812e5e87979b495188b58431c34bb60973461,043b62595bf8572acc528809,114,0,very_high_confirm_v2_station_centric_0001,3.5756443860000218,first_feasible,,202,47,18032,0,52,2091105773,3.3252577769999334,completed,True,very_high_confirm_v2_station_centric_0001__task_0000,1,3.5756443860000218,1875,2
1.1309446469999784,0.0,120.0,4.168332848999853,61.63094464699998,122.13094464699998,243.13094464699998,dual16,True,1.1309446469999784,0.017896537000069657,False,warehouse,121,18503,1958,121,18503,1958,True,True,14,c9a271cabbb965645407499aa6eacf9628b9b35ef797816b600f3c91e664bbbc,f09bb18ab45fe6d9896284ad,121,0,very_high_confirm_v2_station_centric_0002,0.8142702459999782,first_feasible,,7,48,18503,0,51,590887480,3.0373882019998746,completed,True,very_high_confirm_v2_station_centric_0002__task_0000,1,0.8142702459999782,1958,0
1.0990531560000818,0.0,120.0,4.043034592999902,60.59905315600008,120.09905315600008,239.09905315600008,official_adaptive,True,1.0990531560000818,0.026476907999949617,False,warehouse,119,18597,2080,119,18597,2080,True,True,14,c9a271cabbb965645407499aa6eacf9628b9b35ef797816b600f3c91e664bbbc,b6baf93eb8fc731a165b2ba9,119,0,very_high_confirm_v2_station_centric_0002,0.7562702900002023,first_feasible,,20,49,18597,0,51,590887480,2.9439814369998203,completed,True,very_high_confirm_v2_station_centric_0002__task_0000,1,0.7562702900002023,2080,1
0.9562498129998858,0.0,120.0,4.382306256999982,60.456249812999886,119.95624981299989,238.95624981299989,v2-full,True,0.9562498129998858,0.01666036599999643,False,warehouse,119,18532,1993,119,18532,1993,True,True,14,c9a271cabbb965645407499aa6eacf9628b9b35ef797816b600f3c91e664bbbc,6d5cd9678d4964c9dc4ad0b8,119,0,very_high_confirm_v2_station_centric_0002,0.6758494839998548,first_feasible,,5,50,18532,0,51,590887480,3.4260564440000962,completed,True,very_high_confirm_v2_station_centric_0002__task_0000,1,0.6758494839998548,1993,2
0.9510092489999806,0.0,120.0,4.179091477000156,66.45100924899998,131.95100924899998,262.951009249,dual16,True,0.9510092489999806,0.022939607999887812,False,warehouse,131,18351,1800,131,18351,1800,True,True,4,8ad485ffed865f45ece7879d71f3e747625e80a79c2bbcf23c59034286122c5d,f77d32c7d1541187d51988e2,131,0,very_high_confirm_v2_station_centric_0002,0.6787096519999523,first_feasible,,5,51,18351,0,52,1498630401,3.2280822280001757,completed,True,very_high_confirm_v2_station_centric_0002__task_0000,1,0.6787096519999523,1800,0
7.619460844999821,0.0,120.0,10.74069101799978,73.11946084499982,138.61946084499982,269.6194608449998,v2-full,True,7.619460844999821,0.02267686799996227,False,warehouse,131,18467,1898,131,18467,1898,True,True,4,8ad485ffed865f45ece7879d71f3e747625e80a79c2bbcf23c59034286122c5d,c80dac6cd9244dfbbf007b75,131,0,very_high_confirm_v2_station_centric_0002,6.332849382999939,first_feasible,,201,52,18467,0,52,1498630401,3.121230172999958,completed,True,very_high_confirm_v2_station_centric_0002__task_0000,1,6.332849382999939,1898,1
0.9028499940000074,0.0,120.0,4.1533611830000154,66.40284999400001,131.902849994,262.902849994,official_adaptive,True,0.9028499940000074,0.015491293999957634,False,warehouse,131,18333,1878,131,18333,1878,True,True,4,8ad485ffed865f45ece7879d71f3e747625e80a79c2bbcf23c59034286122c5d,21392d5af02e719bc2ecfc2c,131,0,very_high_confirm_v2_station_centric_0002,0.5969743729999664,first_feasible,,13,53,18333,0,52,1498630401,3.250511189000008,completed,True,very_high_confirm_v2_station_centric_0002__task_0000,1,0.5969743729999664,1878,2
3.0338584169999194,0.0,120.0,6.009356742999898,60.53385841699992,118.03385841699992,233.03385841699992,official_adaptive,True,3.0338584169999194,0.029289792999861675,False,warehouse,115,20391,2593,115,20391,2593,True,True,21,3b18bb9c7d6aa13a23cd6ad5525daf212d7417468bca93130467c7514ef1772e,615e6dade8f53abfcb44b0d7,115,0,very_high_confirm_v2_station_centric_0003,2.5819618319999336,first_feasible,,54,54,20391,0,51,35392061,2.975498325999979,completed,True,very_high_confirm_v2_station_centric_0003__task_0000,1,2.5819618319999336,2593,0
4.758393008000212,0.0,120.0,7.902914391000195,62.25839300800021,119.75839300800021,234.7583930080002,v2-full,True,4.758393008000212,0.022715301000062027,False,warehouse,115,20493,2629,115,20493,2629,True,True,21,3b18bb9c7d6aa13a23cd6ad5525daf212d7417468bca93130467c7514ef1772e,2057445d32573bfbb94f0710,115,0,very_high_confirm_v2_station_centric_0003,4.240324377000206,first_feasible,,51,55,20493,0,51,35392061,3.144521382999983,completed,True,very_high_confirm_v2_station_centric_0003__task_0000,1,4.240324377000206,2629,1
2.847414229000151,0.0,120.0,6.098223795999957,60.34741422900015,117.84741422900015,232.84741422900015,dual16,True,2.847414229000151,0.015504988999964553,False,warehouse,115,20465,2559,115,20465,2559,True,True,21,3b18bb9c7d6aa13a23cd6ad5525daf212d7417468bca93130467c7514ef1772e,c77faa44127b6a48657f4144,115,0,very_high_confirm_v2_station_centric_0003,2.445415353000044,first_feasible,,23,56,20465,0,51,35392061,3.2508095669998056,completed,True,very_high_confirm_v2_station_centric_0003__task_0000,1,2.445415353000044,2559,2
8.342760914999872,0.0,120.0,11.394879069999888,63.34276091499987,118.34276091499987,228.34276091499987,official_adaptive,True,8.342760914999872,0.031103267999924356,False,warehouse,110,20447,2711,110,20447,2711,True,True,19,7f6395be3ed1f91bf9787427d87249b70e544b76fd0e8771f26a40937a879483,2f917861d6a44e02abbfc4aa,110,0,very_high_confirm_v2_station_centric_0003,7.295090748999883,first_feasible,,177,57,20447,0,52,1876073234,3.0521181550000165,completed,True,very_high_confirm_v2_station_centric_0003__task_0000,1,7.295090748999883,2711,0
1.9451363569999103,0.0,120.0,4.980409380999845,58.44513635699991,114.94513635699991,227.9451363569999,dual16,True,1.9451363569999103,0.014851838999902611,False,warehouse,113,20562,2640,113,20562,2640,True,True,19,7f6395be3ed1f91bf9787427d87249b70e544b76fd0e8771f26a40937a879483,8666950bb52d997bef1d94c9,113,0,very_high_confirm_v2_station_centric_0003,1.5915260240001317,first_feasible,,9,58,20562,0,52,1876073234,3.0352730239999346,completed,True,very_high_confirm_v2_station_centric_0003__task_0000,1,1.5915260240001317,2640,1
2.1386576990000776,0.0,120.0,5.289460153999926,52.63865769900008,103.13865769900008,204.13865769900008,v2-full,True,2.1386576990000776,0.01824876000000586,False,warehouse,101,20484,2628,101,20484,2628,True,True,19,7f6395be3ed1f91bf9787427d87249b70e544b76fd0e8771f26a40937a879483,320ddce5251688d3a03df539,101,0,very_high_confirm_v2_station_centric_0003,1.8022383150000678,first_feasible,,18,59,20484,0,52,1876073234,3.150802454999848,completed,True,very_high_confirm_v2_station_centric_0003__task_0000,1,1.8022383150000678,2628,2
5.5817868660001295,0.0,120.0,8.72121372000015,62.58178686600013,119.58178686600013,233.58178686600013,v2-full,True,5.5817868660001295,0.015440415000057328,False,warehouse,114,21806,3036,114,21806,3036,True,True,27,e8fba337c203c137f355f50a374383741b443c295dff82996f6f361cbe4df793,6e9b1099b442025baeb3638e,114,0,very_high_confirm_v2_station_centric_0004,5.062887640000099,first_feasible,,46,60,21806,0,51,297264800,3.139426854000021,completed,True,very_high_confirm_v2_station_centric_0004__task_0000,1,5.062887640000099,3036,0
2.8800787679999758,0.0,120.0,6.1609308079998755,55.880078767999976,108.88007876799998,214.88007876799998,official_adaptive,True,2.8800787679999758,0.020849145000056524,False,warehouse,106,21663,2833,106,21663,2833,True,True,27,e8fba337c203c137f355f50a374383741b443c295dff82996f6f361cbe4df793,2ccf147170a51f39cbc6f914,106,0,very_high_confirm_v2_station_centric_0004,2.465063199000042,first_feasible,,40,61,21663,0,51,297264800,3.2808520399998997,completed,True,very_high_confirm_v2_station_centric_0004__task_0000,1,2.465063199000042,2833,1
4.802903487000094,0.0,120.0,8.016880868000044,61.302903487000094,117.8029034870001,230.8029034870001,dual16,True,4.802903487000094,0.016720673999998326,False,warehouse,113,21563,2747,113,21563,2747,True,True,27,e8fba337c203c137f355f50a374383741b443c295dff82996f6f361cbe4df793,f7381ac3e6b300c2102016eb,113,0,very_high_confirm_v2_station_centric_0004,4.361089067000194,first_feasible,,37,62,21563,0,51,297264800,3.2139773809999497,completed,True,very_high_confirm_v2_station_centric_0004__task_0000,1,4.361089067000194,2747,2
3.041830409999875,0.0,120.0,6.207349551999869,57.041830409999875,111.04183040999987,219.04183040999987,v2-full,True,3.041830409999875,0.017191410999885193,False,warehouse,108,21711,2959,108,21711,2959,True,True,22,899f8747876af0bf9e16aa08d534b0194d8057d60b65aa316f33a456548fc3b5,5dc5c51fda2d830294141074,108,0,very_high_confirm_v2_station_centric_0004,2.6437974999998914,first_feasible,,22,63,21711,0,52,276622777,3.1655191419999937,completed,True,very_high_confirm_v2_station_centric_0004__task_0000,1,2.6437974999998914,2959,0
2.4146804029999203,0.0,120.0,5.775464499999998,54.91468040299992,107.41468040299992,212.41468040299992,dual16,True,2.4146804029999203,0.018219267999938893,False,warehouse,105,21690,2886,105,21690,2886,True,True,22,899f8747876af0bf9e16aa08d534b0194d8057d60b65aa316f33a456548fc3b5,5c31969a024deb13da1720f7,105,0,very_high_confirm_v2_station_centric_0004,2.090272661999961,first_feasible,,12,64,21690,0,52,276622777,3.360784097000078,completed,True,very_high_confirm_v2_station_centric_0004__task_0000,1,2.090272661999961,2886,1
3.3030404670000735,0.0,120.0,6.2183323250001195,56.80304046700007,110.30304046700007,217.30304046700007,official_adaptive,True,3.3030404670000735,0.015930544999946505,False,warehouse,107,21631,2993,107,21631,2993,True,True,22,899f8747876af0bf9e16aa08d534b0194d8057d60b65aa316f33a456548fc3b5,c68af99067c433ef255454d8,107,0,very_high_confirm_v2_station_centric_0004,2.78194458400003,first_feasible,,53,65,21631,0,52,276622777,2.915291858000046,completed,True,very_high_confirm_v2_station_centric_0004__task_0000,1,2.78194458400003,2993,2
1.43198700500011,0.0,120.0,4.571883740999965,50.93198700500011,100.43198700500011,199.4319870050001,dual16,True,1.43198700500011,0.015524634000030346,False,warehouse,99,18395,2097,99,18395,2097,True,True,21,ab1d63753020fd660ca88ac0968850ffd9cbf2ac4bd614dd1d8272efab871779,46bf93c3bb1771ef6239b27b,99,0,very_high_confirm_v2_station_centric_0005,1.0995359260000441,first_feasible,,8,66,18395,0,51,870663108,3.139896735999855,completed,True,very_high_confirm_v2_station_centric_0005__task_0000,1,1.0995359260000441,2097,0
2.261001870999962,0.0,120.0,5.809215829000095,55.26100187099996,108.26100187099996,214.26100187099996,official_adaptive,True,2.261001870999962,0.020406791999903362,False,warehouse,106,18828,2366,106,18828,2366,True,True,21,ab1d63753020fd660ca88ac0968850ffd9cbf2ac4bd614dd1d8272efab871779,525535d0e1f0655c6f459a7a,106,0,very_high_confirm_v2_station_centric_0005,1.8181624149999607,first_feasible,,47,67,18828,0,51,870663108,3.548213958000133,completed,True,very_high_confirm_v2_station_centric_0005__task_0000,1,1.8181624149999607,2366,1
1.4425378830001137,0.0,120.0,4.855921652000006,50.942537883000114,100.44253788300011,199.4425378830001,v2-full,True,1.4425378830001137,0.025933343999895442,False,warehouse,99,18383,2119,99,18383,2119,True,True,21,ab1d63753020fd660ca88ac0968850ffd9cbf2ac4bd614dd1d8272efab871779,cbde86b4bed8ba434440cae9,99,0,very_high_confirm_v2_station_centric_0005,1.101803081000071,first_feasible,,11,68,18383,0,51,870663108,3.4133837689998927,completed,True,very_high_confirm_v2_station_centric_0005__task_0000,1,1.101803081000071,2119,2
1.3322660920000544,0.0,120.0,4.516702162999991,50.832266092000054,100.33226609200005,199.33226609200005,dual16,True,1.3322660920000544,0.027546722000124646,False,warehouse,99,18621,2261,99,18621,2261,True,True,10,ce9ff3bbb280357b5f7beb1d502e4e4815f4f1c2671d0ea15d741750232cb663,da3c132aa12b899651e83e2e,99,0,very_high_confirm_v2_station_centric_0005,0.9883858709999913,first_feasible,,8,69,18621,0,52,1063612477,3.1844360709999364,completed,True,very_high_confirm_v2_station_centric_0005__task_0000,1,0.9883858709999913,2261,0
0.9526379149999684,0.0,120.0,4.139008166999929,50.45263791499997,99.95263791499997,198.95263791499997,v2-full,True,0.9526379149999684,0.016411398999935045,False,warehouse,99,18703,2315,99,18703,2315,True,True,10,ce9ff3bbb280357b5f7beb1d502e4e4815f4f1c2671d0ea15d741750232cb663,7c8fc27f697f1601e8abac1e,99,0,very_high_confirm_v2_station_centric_0005,0.630367662000026,first_feasible,,4,70,18703,0,52,1063612477,3.1863702519999606,completed,True,very_high_confirm_v2_station_centric_0005__task_0000,1,0.630367662000026,2315,1
1.313665359999959,0.0,120.0,4.3188095939999585,50.81366535999996,100.31366535999996,199.31366535999996,official_adaptive,True,1.313665359999959,0.017361710999921343,False,warehouse,99,18703,2289,99,18703,2289,True,True,10,ce9ff3bbb280357b5f7beb1d502e4e4815f4f1c2671d0ea15d741750232cb663,17ea049d426767bc1e703c40,99,0,very_high_confirm_v2_station_centric_0005,0.9280078469998898,first_feasible,,24,71,18703,0,52,1063612477,3.0051442339999994,completed,True,very_high_confirm_v2_station_centric_0005__task_0000,1,0.9280078469998898,2289,2
4.603664385000002,0.0,120.0,7.527392012000064,56.103664385,107.603664385,210.603664385,official_adaptive,True,4.603664385000002,0.013941090999878725,False,warehouse,103,20284,2580,103,20284,2580,True,True,16,98e521e35a5ce0cfdf4e9a921fbfb7eab3eed8cb60f0ce6a10d1b967b8bf2f97,adbf9c4a326cbe0349155c43,103,0,very_high_confirm_v2_station_centric_0006,3.959669477000034,first_feasible,,84,72,20284,0,51,642582489,2.923727627000062,completed,True,very_high_confirm_v2_station_centric_0006__task_0000,1,3.959669477000034,2580,0
2.9464855710000393,0.0,120.0,5.99936002000004,54.44648557100004,105.94648557100004,208.94648557100004,v2-full,True,2.9464855710000393,0.018285106999883283,False,warehouse,103,20548,2806,103,20548,2806,True,True,16,98e521e35a5ce0cfdf4e9a921fbfb7eab3eed8cb60f0ce6a10d1b967b8bf2f97,5ad61493d93f40282b853a75,103,0,very_high_confirm_v2_station_centric_0006,2.473860984000112,first_feasible,,25,73,20548,0,51,642582489,3.052874449000001,completed,True,very_high_confirm_v2_station_centric_0006__task_0000,1,2.473860984000112,2806,1
1.8401901960000941,0.0,120.0,4.9864074960000835,53.840190196000094,105.8401901960001,209.8401901960001,dual16,True,1.8401901960000941,0.030134764999957042,False,warehouse,104,20230,2586,104,20230,2586,True,True,16,98e521e35a5ce0cfdf4e9a921fbfb7eab3eed8cb60f0ce6a10d1b967b8bf2f97,30db8d08f005c6fff2cdcd92,104,0,very_high_confirm_v2_station_centric_0006,1.4986575120001362,first_feasible,,8,74,20230,0,51,642582489,3.1462172999999893,completed,True,very_high_confirm_v2_station_centric_0006__task_0000,1,1.4986575120001362,2586,2
2.2102552359999663,0.0,120.0,5.166834846000029,53.710255235999966,105.21025523599997,208.21025523599997,official_adaptive,True,2.2102552359999663,0.014021477999904164,False,warehouse,103,19829,2317,103,19829,2317,True,True,25,efcc1e0c9e4cddebd41308e7856af0816a760d780151b6b1c559e8bc807320fb,1e4e933f813dabf48d55e623,103,0,very_high_confirm_v2_station_centric_0006,1.8403791659998205,first_feasible,,29,75,19829,0,52,758711491,2.9565796100000625,completed,True,very_high_confirm_v2_station_centric_0006__task_0000,1,1.8403791659998205,2317,0
3.113000890999956,0.0,120.0,6.484897295999872,54.613000890999956,106.11300089099996,209.11300089099996,dual16,True,3.113000890999956,0.019810957999879975,False,warehouse,103,19702,2170,103,19702,2170,True,True,25,efcc1e0c9e4cddebd41308e7856af0816a760d780151b6b1c559e8bc807320fb,3afc0066f41ae762d260a959,103,0,very_high_confirm_v2_station_centric_0006,2.752634070000113,first_feasible,,19,76,19702,0,52,758711491,3.371896404999916,completed,True,very_high_confirm_v2_station_centric_0006__task_0000,1,2.752634070000113,2170,1
3.782297967999966,0.0,120.0,6.88711530799992,55.782297967999966,107.78229796799997,211.78229796799997,v2-full,True,3.782297967999966,0.016467506000026333,False,warehouse,104,20115,2345,104,20115,2345,True,True,25,efcc1e0c9e4cddebd41308e7856af0816a760d780151b6b1c559e8bc807320fb,034f60847631f83bbbff550a,104,0,very_high_confirm_v2_station_centric_0006,3.3380957619999663,first_feasible,,37,77,20115,0,52,758711491,3.104817339999954,completed,True,very_high_confirm_v2_station_centric_0006__task_0000,1,3.3380957619999663,2345,2
0.9249742650001735,0.0,120.0,4.025472912000168,65.92497426500017,130.92497426500017,260.9249742650002,v2-full,True,0.9249742650001735,0.015679951999800323,False,warehouse,130,16264,2198,130,16264,2198,True,True,8,114e239e8a61b7c999d745ee74d98d74d9111c288771473ab048d02dd8fd7662,92a20fe66a4f92043d23b704,130,0,very_high_confirm_v2_station_centric_0007,0.6690992030000871,first_feasible,,6,78,16264,0,51,904680003,3.100498646999995,completed,True,very_high_confirm_v2_station_centric_0007__task_0000,1,0.6690992030000871,2198,0
0.8543180219999158,0.0,120.0,3.817577603000018,65.85431802199992,130.85431802199992,260.8543180219999,official_adaptive,True,0.8543180219999158,0.014731022999967536,False,warehouse,130,15918,1968,130,15918,1968,True,True,8,114e239e8a61b7c999d745ee74d98d74d9111c288771473ab048d02dd8fd7662,b43b45a46cc1bffd3b9e954d,130,0,very_high_confirm_v2_station_centric_0007,0.5895308540000315,first_feasible,,10,79,15918,0,51,904680003,2.963259581000102,completed,True,very_high_confirm_v2_station_centric_0007__task_0000,1,0.5895308540000315,1968,1
0.833968152000125,0.0,120.0,3.897127246000082,65.83396815200012,130.83396815200012,260.8339681520001,dual16,True,0.833968152000125,0.014358432000108223,False,warehouse,130,16025,2011,130,16025,2011,True,True,8,114e239e8a61b7c999d745ee74d98d74d9111c288771473ab048d02dd8fd7662,3390ab0be90fba10465d7710,130,0,very_high_confirm_v2_station_centric_0007,0.6025630340000134,first_feasible,,3,80,16025,0,51,904680003,3.063159093999957,completed,True,very_high_confirm_v2_station_centric_0007__task_0000,1,0.6025630340000134,2011,2
1.2443200739999156,0.0,120.0,4.471054866000031,59.244320073999916,117.24432007399992,233.24432007399992,v2-full,True,1.2443200739999156,0.021298968000110108,False,warehouse,116,15564,1980,116,15564,1980,True,True,10,75f4cd8f87f260a69090d2b45dcba7486d75ee2fdea4915aa7bd0998b8219e83,e57dc33136c5ee9fabdf4775,116,0,very_high_confirm_v2_station_centric_0007,0.9195774919999167,first_feasible,,12,81,15564,0,52,375361493,3.2267347920001157,completed,True,very_high_confirm_v2_station_centric_0007__task_0000,1,0.9195774919999167,1980,0
0.9460035100000823,0.0,120.0,3.9834022279999317,63.44600351000008,125.94600351000008,250.94600351000008,dual16,True,0.9460035100000823,0.016366789000130666,False,warehouse,125,15477,1961,125,15477,1961,True,True,10,75f4cd8f87f260a69090d2b45dcba7486d75ee2fdea4915aa7bd0998b8219e83,49dd301f271f284beace0dd5,125,0,very_high_confirm_v2_station_centric_0007,0.6802738070000487,first_feasible,,8,82,15477,0,52,375361493,3.0373987179998494,completed,True,very_high_confirm_v2_station_centric_0007__task_0000,1,0.6802738070000487,1961,1
0.8230289600001015,0.0,120.0,3.859613033999949,59.8230289600001,118.8230289600001,236.8230289600001,official_adaptive,True,0.8230289600001015,0.015083638000078281,False,warehouse,118,15616,2038,118,15616,2038,True,True,10,75f4cd8f87f260a69090d2b45dcba7486d75ee2fdea4915aa7bd0998b8219e83,c250dce555c0a0cab0c7c661,118,0,very_high_confirm_v2_station_centric_0007,0.5457812950000971,first_feasible,,13,83,15616,0,52,375361493,3.0365840739998475,completed,True,very_high_confirm_v2_station_centric_0007__task_0000,1,0.5457812950000971,2038,2
60.08207450099985,0.08207450099985181,60.0,63.03596986899993,114.08207450099985,168.08207450099985,276.08207450099985,official_adaptive,False,60.08207450099985,0.019289084999854822,False,maze,108,10861,1691,147,14720,4254,True,True,197,9b54d6e95f74ac6f412f01d4f76627fbf12d2048f7d2eb372458b8e93eb58e0c,58db43a153d57ac558196c76,108,-39,maze-32-32-4,3.86711540400006,fixed_budget,,108,84,10861,-3859,51,1095578626,2.953895368000076,completed,True,maze-32-32-4__random_04__agents_0200,1,3.86711540400006,1691,0
60.073147140000174,0.07314714000017375,60.0,63.23563972900001,135.07314714000017,210.07314714000017,360.0731471400002,v2-full,False,60.073147140000174,0.015883279000036055,False,maze,150,10816,1574,154,15300,4844,True,True,197,9b54d6e95f74ac6f412f01d4f76627fbf12d2048f7d2eb372458b8e93eb58e0c,0cfa7ad528645c07abccf0b5,150,-4,maze-32-32-4,3.2827470570000514,fixed_budget,,39,85,10816,-4484,51,1095578626,3.1624925889998394,completed,True,maze-32-32-4__random_04__agents_0200,1,3.2827470570000514,1574,1
60.07568762599999,0.0756876259999899,60.0,63.18166708300009,114.57568762599999,169.075687626,278.075687626,dual16,False,60.07568762599999,0.01780265899992628,False,maze,109,11132,1776,149,14993,4381,True,True,197,9b54d6e95f74ac6f412f01d4f76627fbf12d2048f7d2eb372458b8e93eb58e0c,264889079e7ef351fa3f600e,109,-40,maze-32-32-4,4.297634017000064,fixed_budget,,64,86,11132,-3861,51,1095578626,3.105979457000103,completed,True,maze-32-32-4__random_04__agents_0200,1,4.297634017000064,1776,2
60.11004939099985,0.11004939099984767,60.0,63.24356313599992,136.61004939099985,213.11004939099985,366.11004939099985,official_adaptive,False,60.11004939099985,0.012358003999906941,False,maze,153,12062,2850,207,21280,10380,True,True,161,f15238a90cd1e9133657313d5313ae6b14370255f4573f126707a66a3114a055,e7aad4d76415ea103fb24ca1,153,-54,maze-32-32-4,3.579729058999874,fixed_budget,,46,87,12062,-9218,52,1382332772,3.133513745000073,completed,True,maze-32-32-4__random_04__agents_0200,1,3.579729058999874,2850,0
60.09856290200014,0.09856290200013973,60.0,63.305354764000185,134.59856290200014,209.09856290200014,358.09856290200014,dual16,False,60.09856290200014,0.012247796999872662,False,maze,149,12437,3253,201,21683,10403,True,True,161,f15238a90cd1e9133657313d5313ae6b14370255f4573f126707a66a3114a055,63261d00c1285fe1fdb6cb4c,149,-52,maze-32-32-4,7.720713757999874,fixed_budget,,45,88,12437,-9246,52,1382332772,3.2067918620000455,completed,True,maze-32-32-4__random_04__agents_0200,1,7.720713757999874,3253,1
60.08057173599991,0.08057173599991074,60.0,63.163366985000266,133.0805717359999,206.0805717359999,352.0805717359999,v2-full,False,60.08057173599991,0.011905931999990571,False,maze,146,12878,3602,227,22128,10936,True,True,161,f15238a90cd1e9133657313d5313ae6b14370255f4573f126707a66a3114a055,889d3bb270ea611a8f2e121c,146,-81,maze-32-32-4,3.7185350959998686,fixed_budget,,28,89,12878,-9250,52,1382332772,3.0827952490003554,completed,True,maze-32-32-4__random_04__agents_0200,1,3.7185350959998686,3602,2
60.08171992200005,0.08171992200004752,60.0,63.53596311500041,134.58171992200005,209.08171992200005,358.08171992200005,v2-full,False,60.08171992200005,0.014017544999660458,False,maze,149,12082,2065,168,16882,5601,True,True,156,7b3cb215b7d7ef0a717b918f2337a56919bf158edc475ae4871bdc22b4fdc3fa,3c3618b42725138061b27213,149,-19,maze-32-32-4,3.392746345999967,fixed_budget,,38,90,12082,-4800,51,1979736585,3.454243193000366,completed,True,maze-32-32-4__random_05__agents_0200,1,3.392746345999967,2065,0
60.08323591599992,0.08323591599992142,60.0,63.210579510000116,122.08323591599992,184.08323591599992,308.0832359159999,official_adaptive,False,60.08323591599992,0.01436701600005108,False,maze,124,11541,1668,177,17035,5612,True,True,156,7b3cb215b7d7ef0a717b918f2337a56919bf158edc475ae4871bdc22b4fdc3fa,f1846e2ef56876445670180a,124,-53,maze-32-32-4,2.649949340999683,fixed_budget,,63,91,11541,-5494,51,1979736585,3.1273435940001946,completed,True,maze-32-32-4__random_05__agents_0200,1,2.649949340999683,1668,1
60.079483027999686,0.07948302799968587,60.0,63.227617911999914,114.57948302799969,169.0794830279997,278.0794830279997,dual16,False,60.079483027999686,0.014684489000046597,False,maze,109,11709,1742,174,16652,5445,True,True,156,7b3cb215b7d7ef0a717b918f2337a56919bf158edc475ae4871bdc22b4fdc3fa,d948177205daf6ca466b1913,109,-65,maze-32-32-4,2.32052819799992,fixed_budget,,23,92,11709,-4943,51,1979736585,3.1481348840002283,completed,True,maze-32-32-4__random_05__agents_0200,1,2.32052819799992,1742,2
60.08271456000011,0.08271456000011312,60.0,63.125349637,117.58271456000011,175.0827145600001,290.0827145600001,v2-full,False,60.08271456000011,0.013967632000003505,False,maze,115,11530,1583,131,16011,4308,True,True,127,3e77db6b8f21bde82ceb5e234f130e765568b84e2fcbd1208567d4f70efd78da,c25764026d4bb49b22669d41,115,-16,maze-32-32-4,3.1981746090000343,fixed_budget,,43,93,11530,-4481,52,12629350,3.0426350769998862,completed,True,maze-32-32-4__random_05__agents_0200,1,3.1981746090000343,1583,0
60.080792856000244,0.08079285600024377,60.0,63.433072217000245,116.08079285600024,172.08079285600024,284.08079285600024,dual16,False,60.080792856000244,0.016401694999785832,False,maze,112,11696,1587,135,15098,3783,True,True,127,3e77db6b8f21bde82ceb5e234f130e765568b84e2fcbd1208567d4f70efd78da,371aa41f1c70ea495bde1ca8,112,-23,maze-32-32-4,2.16784606300007,fixed_budget,,26,94,11696,-3402,52,12629350,3.352279361000001,completed,True,maze-32-32-4__random_05__agents_0200,1,2.16784606300007,1587,1
60.09139756099967,0.0913975609996669,60.0,63.015066315999775,114.09139756099967,168.09139756099967,276.09139756099967,official_adaptive,False,60.09139756099967,0.012099910999950225,False,maze,108,11724,1801,147,16389,4844,True,True,127,3e77db6b8f21bde82ceb5e234f130e765568b84e2fcbd1208567d4f70efd78da,06a1f20d3050aa665f88854c,108,-39,maze-32-32-4,2.3707975869997426,fixed_budget,,66,95,11724,-4665,52,12629350,2.923668755000108,completed,True,maze-32-32-4__random_05__agents_0200,1,2.3707975869997426,1801,2
,,60.0,,,,,dual16,False,,,False,room,,,,,,,False,False,863,d739cf1895ad214e94a38c1c0cbe7bd5b492cae2518bc378be2ee5bf0405dd1e,c6aa0b30ce21e8dcfaaa6a93,,,room-64-64-16,,fixed_budget,,,96,,,51,1961433270,,no_feasible_solution,False,room-64-64-16__random_04__agents_0600,1,,,0
,,60.0,,,,,official_adaptive,False,,,False,room,,,,,,,False,False,863,d739cf1895ad214e94a38c1c0cbe7bd5b492cae2518bc378be2ee5bf0405dd1e,6d6769f3720de08c922e1d46,,,room-64-64-16,,fixed_budget,,,97,,,51,1961433270,,no_feasible_solution,False,room-64-64-16__random_04__agents_0600,1,,,1
,,60.0,,,,,v2-full,False,,,False,room,,,,,,,False,False,863,d739cf1895ad214e94a38c1c0cbe7bd5b492cae2518bc378be2ee5bf0405dd1e,32067f57064070454dd704ae,,,room-64-64-16,,fixed_budget,,,98,,,51,1961433270,,no_feasible_solution,False,room-64-64-16__random_04__agents_0600,1,,,2
60.48363168200012,0.48363168200012296,60.0,63.61442943200018,223.48363168200012,386.4836316820001,712.4836316820001,dual16,False,60.48363168200012,0.0145040689999405,False,room,326,82112,31536,415,93361,39403,True,True,821,5e3beb7466df5dec57c4dcdd02f278d205be74cf1d88135f5709f4e6c94c5849,3fc22e9e01d73b4614cf1dc8,326,-89,room-64-64-16,19.053863425000145,fixed_budget,,12,99,82112,-11249,52,650639667,3.130797750000056,completed,True,room-64-64-16__random_04__agents_0600,1,19.053863425000145,31536,0
60.41749963899974,0.4174996389997432,60.0,63.6313657339997,225.91749963899974,391.41749963899974,722.4174996389997,v2-full,False,60.41749963899974,0.014112972000020818,False,room,331,81881,31473,415,94584,40656,True,True,821,5e3beb7466df5dec57c4dcdd02f278d205be74cf1d88135f5709f4e6c94c5849,fe7292c0f715c47ce7392506,331,-84,room-64-64-16,23.12499144000003,fixed_budget,,21,100,81881,-12703,52,650639667,3.2138660949999576,completed,True,room-64-64-16__random_04__agents_0600,1,23.12499144000003,31473,1
60.48874082600014,0.48874082600013935,60.0,63.43453558800002,222.98874082600014,385.48874082600014,710.4887408260001,official_adaptive,False,60.48874082600014,0.025759798999843042,False,room,325,84511,32951,391,93081,38851,True,True,821,5e3beb7466df5dec57c4dcdd02f278d205be74cf1d88135f5709f4e6c94c5849,735125c604c2dfea55f31bf4,325,-66,room-64-64-16,27.88789468899995,fixed_budget,,51,101,84511,-8570,52,650639667,2.9457947619998777,completed,True,room-64-64-16__random_04__agents_0600,1,27.88789468899995,32951,2
60.55392186800009,0.5539218680000886,60.0,63.97593988100016,259.5539218680001,458.5539218680001,856.5539218680001,official_adaptive,False,60.55392186800009,0.022646061000159534,False,room,398,91243,40020,416,102240,49913,True,True,153,7df1aa043536c4e993741cb2191543b99c4b2a04cb7af9925881793c0bae237e,5d2498052862124c296788f6,398,-18,room-64-64-16,21.60074524599986,fixed_budget,,46,102,91243,-10997,51,684566360,3.42201801300007,completed,True,room-64-64-16__random_05__agents_0600,1,21.60074524599986,40020,0
60.46195888000011,0.4619588800001111,60.0,63.46280918399998,239.9619588800001,419.4619588800001,778.4619588800001,v2-full,False,60.46195888000011,0.015956294999796228,False,room,359,92731,41050,408,103702,50737,True,True,153,7df1aa043536c4e993741cb2191543b99c4b2a04cb7af9925881793c0bae237e,90620990dd787602af50f55c,359,-49,room-64-64-16,24.350210612999945,fixed_budget,,26,103,92731,-10971,51,684566360,3.0008503039998686,completed,True,room-64-64-16__random_05__agents_0600,1,24.350210612999945,41050,1
60.47176487199977,0.4717648719997669,60.0,63.38291087200014,240.47176487199977,420.47176487199977,780.4717648719998,dual16,False,60.47176487199977,0.014367630999913672,False,room,360,91614,39829,414,104729,51614,True,True,153,7df1aa043536c4e993741cb2191543b99c4b2a04cb7af9925881793c0bae237e,4e8034df0c6c2684ba45c16a,360,-54,room-64-64-16,21.523535678999906,fixed_budget,,15,104,91614,-13115,51,684566360,2.9111460000003717,completed,True,room-64-64-16__random_05__agents_0600,1,21.523535678999906,39829,2
60.48440866300007,0.48440866300006746,60.0,63.44857084599971,266.98440866300007,473.48440866300007,886.4844086630001,official_adaptive,False,60.48440866300007,0.014042426999822055,False,room,413,85982,35439,418,96221,44114,True,True,299,b94e52495151a61b3b2a9fd2eb8eabde1c25eb9e8b83d1d8ded2b7600e564ba5,d84e29e57be06a021fcf3849,413,-5,room-64-64-16,20.93922989900011,fixed_budget,,51,105,85982,-10239,52,1074024141,2.964162182999644,completed,True,room-64-64-16__random_05__agents_0600,1,20.93922989900011,35439,0
60.46716333999984,0.4671633399998427,60.0,63.62692275599966,255.96716333999984,451.46716333999984,842.4671633399998,dual16,False,60.46716333999984,0.013089168000078644,False,room,391,85689,34946,408,92240,40259,True,True,299,b94e52495151a61b3b2a9fd2eb8eabde1c25eb9e8b83d1d8ded2b7600e564ba5,6af609fe40126f38c12ba4cf,391,-17,room-64-64-16,15.920043006000014,fixed_budget,,12,106,85689,-6551,52,1074024141,3.1597594159998152,completed,True,room-64-64-16__random_05__agents_0600,1,15.920043006000014,34946,1
60.48403598199957,0.4840359819995683,60.0,63.62100587299983,258.48403598199957,456.48403598199957,852.4840359819996,v2-full,False,60.48403598199957,0.015614628999628621,False,room,396,84017,33246,401,93792,41767,True,True,299,b94e52495151a61b3b2a9fd2eb8eabde1c25eb9e8b83d1d8ded2b7600e564ba5,189d20982f4fa6c4eba8e34f,396,-5,room-64-64-16,18.193738311999823,fixed_budget,,21,107,84017,-9775,52,1074024141,3.1369698910002626,completed,True,room-64-64-16__random_05__agents_0600,1,18.193738311999823,33246,2
60.41084541600003,0.4108454160000292,60.0,63.64919701100007,187.41084541600003,314.41084541600003,568.410845416,v2-full,False,60.41084541600003,0.014380103999883431,False,room,254,74253,27705,393,94281,42589,True,True,390,12d50ee73a6deb76e1bae52e1ce5028ae0619b624ae094e029e3ecb7f06d4216,8b56791e70d130f45af152f8,254,-139,room-64-64-8,19.144011009000224,fixed_budget,,35,108,74253,-20028,51,1389630055,3.23835159500004,completed,True,room-64-64-8__random_04__agents_0600,1,19.144011009000224,27705,0
60.42779147400006,0.4277914740000597,60.0,63.462556610999854,214.42779147400006,368.42779147400006,676.4277914740001,official_adaptive,False,60.42779147400006,0.015049911000005523,False,room,308,76544,28484,393,92845,41071,True,True,390,12d50ee73a6deb76e1bae52e1ce5028ae0619b624ae094e029e3ecb7f06d4216,cc078539bde886da9d0706a2,308,-85,room-64-64-8,24.521529896000175,fixed_budget,,99,109,76544,-16301,51,1389630055,3.0347651369997948,completed,True,room-64-64-8__random_04__agents_0600,1,24.521529896000175,28484,1
60.3712413090002,0.37124130900019736,60.0,63.91681614800018,205.3712413090002,350.3712413090002,640.3712413090002,dual16,False,60.3712413090002,0.016599108999798773,False,room,290,73979,27157,393,93247,40887,True,True,390,12d50ee73a6deb76e1bae52e1ce5028ae0619b624ae094e029e3ecb7f06d4216,899c89552d6757c9c1aaadce,290,-103,room-64-64-8,19.257855339000344,fixed_budget,,25,110,73979,-19268,51,1389630055,3.5455748389999826,completed,True,room-64-64-8__random_04__agents_0600,1,19.257855339000344,27157,2
60.43407099800015,0.43407099800015203,60.0,63.50371837300008,217.43407099800015,374.43407099800015,688.4340709980002,v2-full,False,60.43407099800015,0.015632476000064344,False,room,314,80924,31140,382,98836,44728,True,True,911,93ece03ba8369b77b2e0fd68ea52a89132b5fba7ef471d015287d000bb0c87a2,d5b12ef9daa08ff7fc62204f,314,-68,room-64-64-8,25.079630787000042,fixed_budget,,41,111,80924,-17912,52,151698060,3.0696473749999313,completed,True,room-64-64-8__random_04__agents_0600,1,25.079630787000042,31140,0
60.48659233499984,0.4865923349998411,60.0,63.70302244200002,234.98659233499984,409.48659233499984,758.4865923349998,dual16,False,60.48659233499984,0.015150996000102168,False,room,349,82629,32585,367,99069,44111,True,True,911,93ece03ba8369b77b2e0fd68ea52a89132b5fba7ef471d015287d000bb0c87a2,5d5c3dfe03b29859a0735f98,349,-18,room-64-64-8,27.370093187999828,fixed_budget,,32,112,82629,-16440,52,151698060,3.2164301070001784,completed,True,room-64-64-8__random_04__agents_0600,1,27.370093187999828,32585,1
60.44547342099986,0.44547342099986054,60.0,63.38899583700004,208.44547342099986,356.44547342099986,652.4454734209999,official_adaptive,False,60.44547342099986,0.012727182999697106,False,room,296,83574,34536,364,99698,46280,True,True,911,93ece03ba8369b77b2e0fd68ea52a89132b5fba7ef471d015287d000bb0c87a2,b9f2df13f77fe55f8cf86e8d,296,-68,room-64-64-8,34.199081089000174,fixed_budget,,122,113,83574,-16124,52,151698060,2.943522416000178,completed,True,room-64-64-8__random_04__agents_0600,1,34.199081089000174,34536,2
60.39639847200033,0.3963984720003282,60.0,63.54632450999998,192.39639847200033,324.3963984720003,588.3963984720003,dual16,False,60.39639847200033,0.029689869999856455,False,room,264,77181,28883,302,86005,36097,True,True,661,55305ccdc004b9da89e63e18d15ca12193d22bee94a108bee42320b84abf925b,2b5b56593a8d3281ecd91268,264,-38,room-64-64-8,38.41818145900015,fixed_budget,,80,114,77181,-8824,51,1901453451,3.1499260379996485,completed,True,room-64-64-8__random_05__agents_0600,1,38.41818145900015,28883,0
60.39640486999997,0.3964048699999694,60.0,63.61437903599972,187.39640486999997,314.39640486999997,568.39640487,official_adaptive,False,60.39640486999997,0.02163119699980598,False,room,254,76802,28430,315,88331,37583,True,True,661,55305ccdc004b9da89e63e18d15ca12193d22bee94a108bee42320b84abf925b,68477420f8a718418cbce1a0,254,-61,room-64-64-8,31.862681453000278,fixed_budget,,147,115,76802,-11529,51,1901453451,3.217974165999749,completed,True,room-64-64-8__random_05__agents_0600,1,31.862681453000278,28430,1
60.3780436269999,0.37804362699989724,60.0,63.53632060600012,193.8780436269999,327.3780436269999,594.3780436269999,v2-full,False,60.3780436269999,0.016001646999939112,False,room,267,75830,28216,308,85909,36011,True,True,661,55305ccdc004b9da89e63e18d15ca12193d22bee94a108bee42320b84abf925b,0a440826a9a78d80954af0d2,267,-41,room-64-64-8,22.169239551999908,fixed_budget,,50,116,75830,-10079,51,1901453451,3.1582769790002203,completed,True,room-64-64-8__random_05__agents_0600,1,22.169239551999908,28216,2
60.37023456899988,0.3702345689998765,60.0,63.46440482000071,185.37023456899988,310.3702345689999,560.3702345689999,dual16,False,60.37023456899988,0.015521909999733907,False,room,250,71610,24298,273,80947,32095,True,True,727,2e6843c53cf1b3fcaa4fddec6fee68f47b61bc5164dd319af03178e8c2cf9071,959457f354e31c46d4bd0c56,250,-23,room-64-64-8,19.047401874999196,fixed_budget,,33,117,71610,-9337,52,1061822592,3.0941702510008326,completed,True,room-64-64-8__random_05__agents_0600,1,19.047401874999196,24298,0
60.46178618899921,0.46178618899921275,60.0,63.55785397799991,186.4617861889992,312.4617861889992,564.4617861889992,v2-full,False,60.46178618899921,0.014872464000291075,False,room,252,72682,25160,278,82200,32674,True,True,727,2e6843c53cf1b3fcaa4fddec6fee68f47b61bc5164dd319af03178e8c2cf9071,73bda8434f0f15e9cc5f7649,252,-26,room-64-64-8,17.8008828309994,fixed_budget,,45,118,72682,-9518,52,1061822592,3.096067789000699,completed,True,room-64-64-8__random_05__agents_0600,1,17.8008828309994,25160,1
60.388744826999755,0.3887448269997549,60.0,63.71674616600012,188.38874482699975,316.38874482699975,572.3887448269998,official_adaptive,False,60.388744826999755,0.01722430199970404,False,room,256,72339,25119,278,80569,30537,True,True,727,2e6843c53cf1b3fcaa4fddec6fee68f47b61bc5164dd319af03178e8c2cf9071,f8407156e1209f58ba86b3ff,256,-22,room-64-64-8,22.630695423999896,fixed_budget,,110,119,72339,-8230,52,1061822592,3.328001339000366,completed,True,room-64-64-8__random_05__agents_0600,1,22.630695423999896,25119,2
60.10350571199979,0.10350571199978731,60.0,63.16537269800028,113.60350571199979,167.1035057119998,274.1035057119998,official_adaptive,False,60.10350571199979,0.015923814000416314,False,warehouse,107,15468,782,107,18622,2484,True,True,27,c1d441682cb2cff8c8207c9ddce47e0a64bb11823d0e1e5ae4a50a3b6fc2a2a2,2de75947750646fcabd50f34,107,0,very_high_confirm_v2_station_centric_0000,1.1574978399994507,fixed_budget,,23,120,15468,-3154,51,1771933755,3.0618669860004957,completed,True,very_high_confirm_v2_station_centric_0000__task_0000,1,1.1574978399994507,782,0
60.085189776000334,0.08518977600033395,60.0,63.24942292800006,113.58518977600033,167.08518977600033,274.08518977600033,v2-full,False,60.085189776000334,0.01506560600046214,False,warehouse,107,15601,803,107,18864,2758,True,True,27,c1d441682cb2cff8c8207c9ddce47e0a64bb11823d0e1e5ae4a50a3b6fc2a2a2,b4fbd37ee108a74d146da7f5,107,0,very_high_confirm_v2_station_centric_0000,2.2824472800002695,fixed_budget,,22,121,15601,-3263,51,1771933755,3.164233151999724,completed,True,very_high_confirm_v2_station_centric_0000__task_0000,1,2.2824472800002695,803,1
60.0858534099998,0.08585340999979962,60.0,63.28984026000035,113.5858534099998,167.0858534099998,274.0858534099998,dual16,False,60.0858534099998,0.026620612000442634,False,warehouse,107,15424,802,107,18577,2467,True,True,27,c1d441682cb2cff8c8207c9ddce47e0a64bb11823d0e1e5ae4a50a3b6fc2a2a2,50792d5209c5bc4d1570fb96,107,0,very_high_confirm_v2_station_centric_0000,1.1029390289995717,fixed_budget,,6,122,15424,-3153,51,1771933755,3.203986850000547,completed,True,very_high_confirm_v2_station_centric_0000__task_0000,1,1.1029390289995717,802,2
60.08879655599958,0.08879655599957914,60.0,63.0671407789996,113.58879655599958,167.08879655599958,274.0887965559996,official_adaptive,False,60.08879655599958,0.014788454000154161,False,warehouse,107,15391,703,114,18144,2290,True,True,17,8234414f86f462e63d6bc9acb5f57c7c58314a85e42c447a2604820efc821f63,b4f08add6ac1eb300ca85444,107,-7,very_high_confirm_v2_station_centric_0000,1.1748090319997573,fixed_budget,,26,123,15391,-2753,52,1899606215,2.978344223000022,completed,True,very_high_confirm_v2_station_centric_0000__task_0000,1,1.1748090319997573,703,0
60.08629930300049,0.08629930300048727,60.0,63.28850777700063,113.58629930300049,167.0862993030005,274.0862993030005,dual16,False,60.08629930300049,0.019844434000333422,False,warehouse,107,15393,805,107,18059,2205,True,True,17,8234414f86f462e63d6bc9acb5f57c7c58314a85e42c447a2604820efc821f63,6e0d6cf054a92ef1efd81fba,107,0,very_high_confirm_v2_station_centric_0000,0.9201640239998596,fixed_budget,,5,124,15393,-2666,52,1899606215,3.2022084740001446,completed,True,very_high_confirm_v2_station_centric_0000__task_0000,1,0.9201640239998596,805,1
60.089613921999444,0.08961392199944385,60.0,63.237981084999774,113.58961392199944,167.08961392199944,274.08961392199944,v2-full,False,60.089613921999444,0.014848380000330508,False,warehouse,107,15473,745,107,18060,2242,True,True,17,8234414f86f462e63d6bc9acb5f57c7c58314a85e42c447a2604820efc821f63,7bf59b402fdcfbada518e262,107,0,very_high_confirm_v2_station_centric_0000,0.8554488709996804,fixed_budget,,7,125,15473,-2587,52,1899606215,3.14836716300033,completed,True,very_high_confirm_v2_station_centric_0000__task_0000,1,0.8554488709996804,745,2
60.09505448100026,0.09505448100026115,60.0,63.41326283299986,111.09505448100026,162.09505448100026,264.09505448100026,v2-full,False,60.09505448100026,0.019289043000753736,False,warehouse,102,16312,1009,114,18574,2047,True,True,30,7b5fdae5e7dc33c21b161cf9aeb40a5ce13543636a812cb01602a4ab47f52f7f,875e58613fa890f3120cb6d2,102,-12,very_high_confirm_v2_station_centric_0001,2.8556609380002556,fixed_budget,,39,126,16312,-2262,51,1462373897,3.3182083519996013,completed,True,very_high_confirm_v2_station_centric_0001__task_0000,1,2.8556609380002556,1009,0
60.09601410899995,0.09601410899995244,60.0,63.393339131000175,111.59601410899995,163.09601410899995,266.09601410899995,official_adaptive,False,60.09601410899995,0.015324826999858487,False,warehouse,103,16169,900,107,18428,2131,True,True,30,7b5fdae5e7dc33c21b161cf9aeb40a5ce13543636a812cb01602a4ab47f52f7f,374dd341bb2fdf1898e3985b,103,-4,very_high_confirm_v2_station_centric_0001,1.741800219999277,fixed_budget,,45,127,16169,-2259,51,1462373897,3.297325022000223,completed,True,very_high_confirm_v2_station_centric_0001__task_0000,1,1.741800219999277,900,1
60.09088770700055,0.09088770700054738,60.0,63.39235730100063,110.59088770700055,161.09088770700055,262.09088770700055,dual16,False,60.09088770700055,0.01802162900003168,False,warehouse,101,16040,809,107,18495,2052,True,True,30,7b5fdae5e7dc33c21b161cf9aeb40a5ce13543636a812cb01602a4ab47f52f7f,7caf8098f93a71882be23465,101,-6,very_high_confirm_v2_station_centric_0001,1.6305095349998737,fixed_budget,,14,128,16040,-2455,51,1462373897,3.301469594000082,completed,True,very_high_confirm_v2_station_centric_0001__task_0000,1,1.6305095349998737,809,2
60.102890614999524,0.10289061499952368,60.0,63.07069299899922,109.60289061499952,159.10289061499952,258.1028906149995,v2-full,False,60.102890614999524,0.014697263999551069,False,warehouse,99,15969,864,114,18093,1928,True,True,26,47482d87d86e9533f68003f4310812e5e87979b495188b58431c34bb60973461,43a97373e943f54b0c5aca18,99,-15,very_high_confirm_v2_station_centric_0001,2.508958389000327,fixed_budget,,42,129,15969,-2124,52,2091105773,2.9678023839996968,completed,True,very_high_confirm_v2_station_centric_0001__task_0000,1,2.508958389000327,864,0
60.08354158199927,0.08354158199927042,60.0,63.443689791,110.58354158199927,161.08354158199927,262.08354158199927,dual16,False,60.08354158199927,0.017819829000472964,False,warehouse,101,15896,825,171,18140,1889,True,True,26,47482d87d86e9533f68003f4310812e5e87979b495188b58431c34bb60973461,7793d1698bbb2ee27c1d2a85,101,-70,very_high_confirm_v2_station_centric_0001,1.2053948199991282,fixed_budget,,12,130,15896,-2244,52,2091105773,3.3601482090007266,completed,True,very_high_confirm_v2_station_centric_0001__task_0000,1,1.2053948199991282,825,1
60.09128403399973,0.0912840339997274,60.0,63.09365780200005,119.59128403399973,179.09128403399973,298.0912840339997,official_adaptive,False,60.09128403399973,0.014244263999898976,False,warehouse,119,16086,861,114,18032,1875,True,True,26,47482d87d86e9533f68003f4310812e5e87979b495188b58431c34bb60973461,7aa3eceb9cc71a3bd56275f3,119,5,very_high_confirm_v2_station_centric_0001,3.5700218219999442,fixed_budget,,202,131,16086,-1946,52,2091105773,3.002373768000325,completed,True,very_high_confirm_v2_station_centric_0001__task_0000,1,3.5700218219999442,861,2
60.09611615199992,0.0961161519999223,60.0,63.16527327299991,114.59611615199992,169.09611615199992,278.0961161519999,dual16,False,60.09611615199992,0.016282426000543637,False,warehouse,109,16091,888,121,18503,1958,True,True,14,c9a271cabbb965645407499aa6eacf9628b9b35ef797816b600f3c91e664bbbc,c0ae30ad755dc3568c0eab1f,109,-12,very_high_confirm_v2_station_centric_0002,0.8527012560007279,fixed_budget,,7,132,16091,-2412,51,590887480,3.0691571209999893,completed,True,very_high_confirm_v2_station_centric_0002__task_0000,1,0.8527012560007279,888,0
60.10376665500007,0.1037666550000722,60.0,63.05134675699992,114.60376665500007,169.10376665500007,278.1037666550001,official_adaptive,False,60.10376665500007,0.015152975000091828,False,warehouse,109,15974,749,119,18597,2080,True,True,14,c9a271cabbb965645407499aa6eacf9628b9b35ef797816b600f3c91e664bbbc,089eabe81e67dad469b1434e,109,-10,very_high_confirm_v2_station_centric_0002,0.7299307779994706,fixed_budget,,20,133,15974,-2623,51,590887480,2.947580101999847,completed,True,very_high_confirm_v2_station_centric_0002__task_0000,1,0.7299307779994706,749,1
60.1129494249999,0.11294942499989702,60.0,63.24210305199995,114.6129494249999,169.1129494249999,278.1129494249999,v2-full,False,60.1129494249999,0.015882864000559493,False,warehouse,109,15894,831,119,18532,1993,True,True,14,c9a271cabbb965645407499aa6eacf9628b9b35ef797816b600f3c91e664bbbc,d42a7b4654132165ce025a7e,109,-10,very_high_confirm_v2_station_centric_0002,0.6578692950006371,fixed_budget,,5,134,15894,-2638,51,590887480,3.1291536270000506,completed,True,very_high_confirm_v2_station_centric_0002__task_0000,1,0.6578692950006371,831,2
60.098256489999585,0.09825648999958503,60.0,63.5836480830003,114.59825648999959,169.09825648999959,278.0982564899996,dual16,False,60.098256489999585,0.01647013000001607,False,warehouse,109,15966,749,131,18351,1800,True,True,4,8ad485ffed865f45ece7879d71f3e747625e80a79c2bbcf23c59034286122c5d,927f54ba438aa54a769ac1d6,109,-22,very_high_confirm_v2_station_centric_0002,0.6599370240001008,fixed_budget,,5,135,15966,-2385,52,1498630401,3.4853915930007133,completed,True,very_high_confirm_v2_station_centric_0002__task_0000,1,0.6599370240001008,749,0
60.09153703899938,0.09153703899937682,60.0,63.2714553299993,115.09153703899938,170.09153703899938,280.0915370389994,v2-full,False,60.09153703899938,0.017902225999932853,False,warehouse,110,15942,685,131,18467,1898,True,True,4,8ad485ffed865f45ece7879d71f3e747625e80a79c2bbcf23c59034286122c5d,56d175f5ecfcc1c2fdee8db2,110,-21,very_high_confirm_v2_station_centric_0002,6.301157684999453,fixed_budget,,201,136,15942,-2525,52,1498630401,3.1799182909999217,completed,True,very_high_confirm_v2_station_centric_0002__task_0000,1,6.301157684999453,685,1
60.10005114999967,0.1000511499996719,60.0,63.111848411999745,114.60005114999967,169.10005114999967,278.1000511499997,official_adaptive,False,60.10005114999967,0.015103284000360873,False,warehouse,109,15929,696,131,18333,1878,True,True,4,8ad485ffed865f45ece7879d71f3e747625e80a79c2bbcf23c59034286122c5d,f0e96c88127a1391d9c04231,109,-22,very_high_confirm_v2_station_centric_0002,0.5942754890002107,fixed_budget,,13,137,15929,-2404,52,1498630401,3.011797262000073,completed,True,very_high_confirm_v2_station_centric_0002__task_0000,1,0.5942754890002107,696,2
60.099682783999924,0.09968278399992414,60.0,63.24818031799987,112.09968278399992,164.09968278399992,268.0996827839999,official_adaptive,False,60.099682783999924,0.034602441000060935,False,warehouse,104,17558,880,115,20391,2593,True,True,21,3b18bb9c7d6aa13a23cd6ad5525daf212d7417468bca93130467c7514ef1772e,18aa3aa3341f61b0494613b1,104,-11,very_high_confirm_v2_station_centric_0003,2.680660020000687,fixed_budget,,54,138,17558,-2833,51,35392061,3.1484975339999437,completed,True,very_high_confirm_v2_station_centric_0003__task_0000,1,2.680660020000687,880,0
60.0959836080001,0.09598360800009686,60.0,63.26222049900025,111.5959836080001,163.0959836080001,266.0959836080001,v2-full,False,60.0959836080001,0.016457364999951096,False,warehouse,103,17608,912,115,20493,2629,True,True,21,3b18bb9c7d6aa13a23cd6ad5525daf212d7417468bca93130467c7514ef1772e,d6642fd9a48d6ba8c52a7bba,103,-12,very_high_confirm_v2_station_centric_0003,4.261367052999958,fixed_budget,,51,139,17608,-2885,51,35392061,3.1662368910001533,completed,True,very_high_confirm_v2_station_centric_0003__task_0000,1,4.261367052999958,912,1
60.152301006000016,0.15230100600001606,60.0,63.750354236999556,111.65230100600002,163.15230100600002,266.152301006,dual16,False,60.152301006000016,0.014460137999776634,False,warehouse,103,17637,931,115,20465,2559,True,True,21,3b18bb9c7d6aa13a23cd6ad5525daf212d7417468bca93130467c7514ef1772e,9dd43e7a61a079048889a62c,103,-12,very_high_confirm_v2_station_centric_0003,2.4383941860005507,fixed_budget,,23,140,17637,-2828,51,35392061,3.5980532309995397,completed,True,very_high_confirm_v2_station_centric_0003__task_0000,1,2.4383941860005507,931,2
60.100533118000385,0.100533118000385,60.0,63.09012687900031,109.60053311800039,159.10053311800039,258.1005331180004,official_adaptive,False,60.100533118000385,0.01538161600001331,False,warehouse,99,17690,892,110,20447,2711,True,True,19,7f6395be3ed1f91bf9787427d87249b70e544b76fd0e8771f26a40937a879483,d49c4a70e5df0b03c8a6b252,99,-11,very_high_confirm_v2_station_centric_0003,7.380073983999864,fixed_budget,,177,141,17690,-2757,52,1876073234,2.9895937609999237,completed,True,very_high_confirm_v2_station_centric_0003__task_0000,1,7.380073983999864,892,0
60.103040771999986,0.10304077199998574,60.0,63.111545867999666,111.10304077199999,162.10304077199999,264.103040772,dual16,False,60.103040771999986,0.014819166000052064,False,warehouse,102,17676,940,113,20562,2640,True,True,19,7f6395be3ed1f91bf9787427d87249b70e544b76fd0e8771f26a40937a879483,8e6b0b71ffad4d2687e86804,102,-11,very_high_confirm_v2_station_centric_0003,1.4289771000003384,fixed_budget,,9,142,17676,-2886,52,1876073234,3.0085050959996806,completed,True,very_high_confirm_v2_station_centric_0003__task_0000,1,1.4289771000003384,940,1
60.096262154000215,0.09626215400021465,60.0,63.35557826500008,109.59626215400021,159.09626215400021,258.0962621540002,v2-full,False,60.096262154000215,0.015950046999932965,False,warehouse,99,17706,900,101,20484,2628,True,True,19,7f6395be3ed1f91bf9787427d87249b70e544b76fd0e8771f26a40937a879483,95c4f410c712d0438c35c7c3,99,-2,very_high_confirm_v2_station_centric_0003,1.8823657759994603,fixed_budget,,18,143,17706,-2778,52,1876073234,3.259316110999862,completed,True,very_high_confirm_v2_station_centric_0003__task_0000,1,1.8823657759994603,900,2
60.1149558420002,0.11495584200019948,60.0,63.1870862400001,114.1149558420002,168.1149558420002,276.1149558420002,v2-full,False,60.1149558420002,0.01742979499977082,False,warehouse,108,18887,1419,114,21806,3036,True,True,27,e8fba337c203c137f355f50a374383741b443c295dff82996f6f361cbe4df793,275149738a448e1de40f01a6,108,-6,very_high_confirm_v2_station_centric_0004,5.388709777000258,fixed_budget,,46,144,18887,-2919,51,297264800,3.0721303979998993,completed,True,very_high_confirm_v2_station_centric_0004__task_0000,1,5.388709777000258,1419,0
60.113231796000036,0.11323179600003641,60.0,63.5421344589995,110.11323179600004,160.11323179600004,260.11323179600004,official_adaptive,False,60.113231796000036,0.025681164999696193,False,warehouse,100,19141,1591,106,21663,2833,True,True,27,e8fba337c203c137f355f50a374383741b443c295dff82996f6f361cbe4df793,00998c7b9cd9bcb6ccca8aff,100,-6,very_high_confirm_v2_station_centric_0004,2.6720124910007144,fixed_budget,,40,145,19141,-2522,51,297264800,3.4289026629994623,completed,True,very_high_confirm_v2_station_centric_0004__task_0000,1,2.6720124910007144,1591,1
60.10958453500007,0.10958453500006726,60.0,63.37037316399983,110.60958453500007,161.10958453500007,262.10958453500007,dual16,False,60.10958453500007,0.014012710999850242,False,warehouse,101,18911,1527,113,21563,2747,True,True,27,e8fba337c203c137f355f50a374383741b443c295dff82996f6f361cbe4df793,f6e0e7ced8201c33cd3398b0,101,-12,very_high_confirm_v2_station_centric_0004,4.501309307000156,fixed_budget,,37,146,18911,-2652,51,297264800,3.2607886289997623,completed,True,very_high_confirm_v2_station_centric_0004__task_0000,1,4.501309307000156,1527,2
60.098415104000196,0.09841510400019615,60.0,63.18731689800006,109.0984151040002,158.0984151040002,256.0984151040002,v2-full,False,60.098415104000196,0.018948193000142055,False,warehouse,98,18753,1493,108,21711,2959,True,True,22,899f8747876af0bf9e16aa08d534b0194d8057d60b65aa316f33a456548fc3b5,7f66cce8fcd2fb3d95609b4d,98,-10,very_high_confirm_v2_station_centric_0004,2.6373110490003455,fixed_budget,,22,147,18753,-2958,52,276622777,3.0889017939998666,completed,True,very_high_confirm_v2_station_centric_0004__task_0000,1,2.6373110490003455,1493,0
60.11517252399972,0.11517252399971767,60.0,63.13871562899931,109.61517252399972,159.11517252399972,258.1151725239997,dual16,False,60.11517252399972,0.015032159999464056,False,warehouse,99,18793,1455,105,21690,2886,True,True,22,899f8747876af0bf9e16aa08d534b0194d8057d60b65aa316f33a456548fc3b5,42a6ae453f7faee326fd8500,99,-6,very_high_confirm_v2_station_centric_0004,2.1262585000004037,fixed_budget,,12,148,18793,-2897,52,276622777,3.0235431049995896,completed,True,very_high_confirm_v2_station_centric_0004__task_0000,1,2.1262585000004037,1455,1
60.1170767120002,0.11707671200019831,60.0,63.25254851000045,109.1170767120002,158.1170767120002,256.1170767120002,official_adaptive,False,60.1170767120002,0.01572755400047754,False,warehouse,98,18745,1383,107,21631,2993,True,True,22,899f8747876af0bf9e16aa08d534b0194d8057d60b65aa316f33a456548fc3b5,7123c969151bc15aaeaa5023,98,-9,very_high_confirm_v2_station_centric_0004,2.6148723790001895,fixed_budget,,53,149,18745,-2886,52,276622777,3.1354717980002533,completed,True,very_high_confirm_v2_station_centric_0004__task_0000,1,2.6148723790001895,1383,2
60.09353731400006,0.09353731400005927,60.0,63.39971241100011,110.09353731400006,160.09353731400006,260.09353731400006,dual16,False,60.09353731400006,0.018450616000336595,False,warehouse,100,15860,500,99,18395,2097,True,True,21,ab1d63753020fd660ca88ac0968850ffd9cbf2ac4bd614dd1d8272efab871779,5d78ab04c6e223b69f89394a,100,1,very_high_confirm_v2_station_centric_0005,1.2027920680002353,fixed_budget,,8,150,15860,-2535,51,870663108,3.3061750970000503,completed,True,very_high_confirm_v2_station_centric_0005__task_0000,1,1.2027920680002353,500,0
60.09927843999958,0.09927843999957986,60.0,63.021602709000035,111.59927843999958,163.09927843999958,266.0992784399996,official_adaptive,False,60.09927843999958,0.02581933600049524,False,warehouse,103,15904,582,106,18828,2366,True,True,21,ab1d63753020fd660ca88ac0968850ffd9cbf2ac4bd614dd1d8272efab871779,74db34640659a00d914ac16d,103,-3,very_high_confirm_v2_station_centric_0005,1.7406870719996732,fixed_budget,,47,151,15904,-2924,51,870663108,2.9223242690004554,completed,True,very_high_confirm_v2_station_centric_0005__task_0000,1,1.7406870719996732,582,1
60.08935430099973,0.08935430099973019,60.0,63.18991413599997,110.08935430099973,160.08935430099973,260.08935430099973,v2-full,False,60.08935430099973,0.017750299999534036,False,warehouse,100,16048,666,99,18383,2119,True,True,21,ab1d63753020fd660ca88ac0968850ffd9cbf2ac4bd614dd1d8272efab871779,61e31c3ddaaa860a73084aa0,100,1,very_high_confirm_v2_station_centric_0005,1.1191393689996403,fixed_budget,,11,152,16048,-2335,51,870663108,3.10055983500024,completed,True,very_high_confirm_v2_station_centric_0005__task_0000,1,1.1191393689996403,666,2
60.08880764599962,0.08880764599962276,60.0,63.18320719500025,108.58880764599962,157.08880764599962,254.08880764599962,dual16,False,60.08880764599962,0.017270865000682534,False,warehouse,97,15793,471,99,18621,2261,True,True,10,ce9ff3bbb280357b5f7beb1d502e4e4815f4f1c2671d0ea15d741750232cb663,03107a307d89221770dfa607,97,-2,very_high_confirm_v2_station_centric_0005,0.9341503089999605,fixed_budget,,8,153,15793,-2828,52,1063612477,3.0943995490006273,completed,True,very_high_confirm_v2_station_centric_0005__task_0000,1,0.9341503089999605,471,0
60.090993734999756,0.09099373499975627,60.0,63.251814135999666,110.09099373499976,160.09099373499976,260.09099373499976,v2-full,False,60.090993734999756,0.01763645400023961,False,warehouse,100,16035,665,99,18703,2315,True,True,10,ce9ff3bbb280357b5f7beb1d502e4e4815f4f1c2671d0ea15d741750232cb663,3de5c83bbe929c6ab77127d6,100,1,very_high_confirm_v2_station_centric_0005,0.6480400540003757,fixed_budget,,4,154,16035,-2668,52,1063612477,3.16082040099991,completed,True,very_high_confirm_v2_station_centric_0005__task_0000,1,0.6480400540003757,665,1
60.10562897199998,0.10562897199997678,60.0,63.100719784999455,112.10562897199998,164.10562897199998,268.105628972,official_adaptive,False,60.10562897199998,0.01577032500063069,False,warehouse,104,15863,551,99,18703,2289,True,True,10,ce9ff3bbb280357b5f7beb1d502e4e4815f4f1c2671d0ea15d741750232cb663,4becd86a3be26b8588ff888e,104,5,very_high_confirm_v2_station_centric_0005,0.9512245690002601,fixed_budget,,24,155,15863,-2840,52,1063612477,2.9950908129994787,completed,True,very_high_confirm_v2_station_centric_0005__task_0000,1,0.9512245690002601,551,2
60.102071207000336,0.10207120700033556,60.0,63.4348851499999,109.60207120700034,159.10207120700034,258.10207120700034,official_adaptive,False,60.102071207000336,0.015874818000156665,False,warehouse,99,17258,680,103,20284,2580,True,True,16,98e521e35a5ce0cfdf4e9a921fbfb7eab3eed8cb60f0ce6a10d1b967b8bf2f97,0358ccfa99c19759dbf94cd6,99,-4,very_high_confirm_v2_station_centric_0006,4.177578724999876,fixed_budget,,84,156,17258,-3026,51,642582489,3.3328139429995645,completed,True,very_high_confirm_v2_station_centric_0006__task_0000,1,4.177578724999876,680,0
60.091237435999574,0.09123743599957379,60.0,63.308419660000254,109.59123743599957,159.09123743599957,258.0912374359996,v2-full,False,60.091237435999574,0.01752324400058569,False,warehouse,99,17588,908,103,20548,2806,True,True,16,98e521e35a5ce0cfdf4e9a921fbfb7eab3eed8cb60f0ce6a10d1b967b8bf2f97,d5ab45d9230f6b95b7a37edb,99,-4,very_high_confirm_v2_station_centric_0006,2.3220517989993823,fixed_budget,,25,157,17588,-2960,51,642582489,3.2171822240006804,completed,True,very_high_confirm_v2_station_centric_0006__task_0000,1,2.3220517989993823,908,1
60.09293760499986,0.09293760499986092,60.0,63.373005991000355,109.59293760499986,159.09293760499986,258.09293760499986,dual16,False,60.09293760499986,0.022874481000144442,False,warehouse,99,17140,614,104,20230,2586,True,True,16,98e521e35a5ce0cfdf4e9a921fbfb7eab3eed8cb60f0ce6a10d1b967b8bf2f97,ba8a41d5f045e04a705c91f4,99,-5,very_high_confirm_v2_station_centric_0006,1.4775998569994044,fixed_budget,,8,158,17140,-3090,51,642582489,3.2800683860004938,completed,True,very_high_confirm_v2_station_centric_0006__task_0000,1,1.4775998569994044,614,2
60.09713393399943,0.09713393399943016,60.0,63.164004164999824,109.59713393399943,159.09713393399943,258.09713393399943,official_adaptive,False,60.09713393399943,0.01511383900015062,False,warehouse,99,17356,736,103,19829,2317,True,True,25,efcc1e0c9e4cddebd41308e7856af0816a760d780151b6b1c559e8bc807320fb,a9a14fbd3c16766130086215,99,-4,very_high_confirm_v2_station_centric_0006,1.9113564789995507,fixed_budget,,29,159,17356,-2473,52,758711491,3.0668702310003937,completed,True,very_high_confirm_v2_station_centric_0006__task_0000,1,1.9113564789995507,736,0
60.10174390999964,0.10174390999964089,60.0,63.384427723000044,111.10174390999964,162.10174390999964,264.10174390999964,dual16,False,60.10174390999964,0.01529496199964342,False,warehouse,102,17254,598,103,19702,2170,True,True,25,efcc1e0c9e4cddebd41308e7856af0816a760d780151b6b1c559e8bc807320fb,31d1e098ebc15d613acc57a6,102,-1,very_high_confirm_v2_station_centric_0006,2.8268320540000786,fixed_budget,,19,160,17254,-2448,52,758711491,3.2826838130004035,completed,True,very_high_confirm_v2_station_centric_0006__task_0000,1,2.8268320540000786,598,1
60.13079030699919,0.13079030699918803,60.0,63.582414243999665,109.63079030699919,159.1307903069992,258.1307903069992,v2-full,False,60.13079030699919,0.020850332000009075,False,warehouse,99,17267,601,104,20115,2345,True,True,25,efcc1e0c9e4cddebd41308e7856af0816a760d780151b6b1c559e8bc807320fb,7f92a3b91442189a51fbe579,99,-5,very_high_confirm_v2_station_centric_0006,3.3966111849995286,fixed_budget,,37,161,17267,-2848,52,758711491,3.451623937000477,completed,True,very_high_confirm_v2_station_centric_0006__task_0000,1,3.3966111849995286,601,2
60.08731839600023,0.08731839600022795,60.0,63.14708341700043,119.08731839600023,178.08731839600023,296.0873183960002,v2-full,False,60.08731839600023,0.013656893000188575,False,warehouse,118,13105,479,130,16264,2198,True,True,8,114e239e8a61b7c999d745ee74d98d74d9111c288771473ab048d02dd8fd7662,6f761924c4e7316dadbeb369,118,-12,very_high_confirm_v2_station_centric_0007,0.6374950970002828,fixed_budget,,6,162,13105,-3159,51,904680003,3.059765021000203,completed,True,very_high_confirm_v2_station_centric_0007__task_0000,1,0.6374950970002828,479,0
60.077415166999344,0.07741516699934436,60.0,63.14429334399938,113.57741516699934,167.07741516699934,274.07741516699934,official_adaptive,False,60.077415166999344,0.015896146000159206,False,warehouse,107,13147,509,130,15918,1968,True,True,8,114e239e8a61b7c999d745ee74d98d74d9111c288771473ab048d02dd8fd7662,ba566ba2c9e40b09058e7812,107,-23,very_high_confirm_v2_station_centric_0007,0.5821595669995077,fixed_budget,,10,163,13147,-2771,51,904680003,3.066878177000035,completed,True,very_high_confirm_v2_station_centric_0007__task_0000,1,0.5821595669995077,509,1
60.07978767499935,0.07978767499935202,60.0,62.930889105999995,121.07978767499935,182.07978767499935,304.07978767499935,dual16,False,60.07978767499935,0.015551244000562292,False,warehouse,122,13077,499,130,16025,2011,True,True,8,114e239e8a61b7c999d745ee74d98d74d9111c288771473ab048d02dd8fd7662,c032386bc97d194fa65e6083,122,-8,very_high_confirm_v2_station_centric_0007,0.5883330009992278,fixed_budget,,3,164,13077,-2948,51,904680003,2.851101431000643,completed,True,very_high_confirm_v2_station_centric_0007__task_0000,1,0.5883330009992278,499,2
60.07604407500003,0.07604407500002708,60.0,63.338203873000566,119.57604407500003,179.07604407500003,298.076044075,v2-full,False,60.07604407500003,0.014694714000142994,False,warehouse,119,13141,495,116,15564,1980,True,True,10,75f4cd8f87f260a69090d2b45dcba7486d75ee2fdea4915aa7bd0998b8219e83,77754626c539bf3f4ed4f9b1,119,3,very_high_confirm_v2_station_centric_0007,0.8801661419993252,fixed_budget,,12,165,13141,-2423,52,375361493,3.262159798000539,completed,True,very_high_confirm_v2_station_centric_0007__task_0000,1,0.8801661419993252,495,0
60.076441920000434,0.07644192000043404,60.0,63.21534415400038,119.07644192000043,178.07644192000043,296.07644192000043,dual16,False,60.076441920000434,0.02140674400015996,False,warehouse,118,13415,691,125,15477,1961,True,True,10,75f4cd8f87f260a69090d2b45dcba7486d75ee2fdea4915aa7bd0998b8219e83,eaf41c4c7104255bcd4964fc,118,-7,very_high_confirm_v2_station_centric_0007,0.8037784260004628,fixed_budget,,8,166,13415,-2062,52,375361493,3.138902233999943,completed,True,very_high_confirm_v2_station_centric_0007__task_0000,1,0.8037784260004628,691,1
60.08383841200066,0.08383841200065945,60.0,63.09454003800056,118.58383841200066,177.08383841200066,294.08383841200066,official_adaptive,False,60.08383841200066,0.01439509600004385,False,warehouse,117,13278,550,118,15616,2038,True,True,10,75f4cd8f87f260a69090d2b45dcba7486d75ee2fdea4915aa7bd0998b8219e83,2e50cb265a2050b433870813,117,-1,very_high_confirm_v2_station_centric_0007,0.5477381190003143,fixed_budget,,13,167,13278,-2338,52,375361493,3.0107016259999,completed,True,very_high_confirm_v2_station_centric_0007__task_0000,1,0.5477381190003143,550,2
120.07454979900012,0.07454979900012404,120.0,123.14085202099977,173.07454979900012,226.07454979900012,332.0745497990001,official_adaptive,False,120.07454979900012,0.013372760000493145,False,maze,106,10691,1505,147,14720,4254,True,True,197,9b54d6e95f74ac6f412f01d4f76627fbf12d2048f7d2eb372458b8e93eb58e0c,e507e16ed90ea27a33e47e03,106,-41,maze-32-32-4,4.084705152000424,fixed_budget,,108,168,10691,-4029,51,1095578626,3.066302221999649,completed,True,maze-32-32-4__random_04__agents_0200,1,4.084705152000424,1505,0
120.0959434309998,0.09594343099979596,120.0,123.19269365200034,194.5959434309998,269.0959434309998,418.0959434309998,v2-full,False,120.0959434309998,0.014665588999378087,False,maze,149,10647,1395,154,15300,4844,True,True,197,9b54d6e95f74ac6f412f01d4f76627fbf12d2048f7d2eb372458b8e93eb58e0c,b50f194493306d6afcf8acff,149,-5,maze-32-32-4,3.3486708509999517,fixed_budget,,39,169,10647,-4653,51,1095578626,3.0967502210005478,completed,True,maze-32-32-4__random_04__agents_0200,1,3.3486708509999517,1395,1
120.06857195200064,0.0685719520006387,120.0,123.22481077700013,173.56857195200064,227.06857195200064,334.06857195200064,dual16,False,120.06857195200064,0.01317947300049127,False,maze,107,10727,1497,149,14993,4381,True,True,197,9b54d6e95f74ac6f412f01d4f76627fbf12d2048f7d2eb372458b8e93eb58e0c,0cbd531d145f0e6efcc7f933,107,-42,maze-32-32-4,4.444148657000369,fixed_budget,,64,170,10727,-4266,51,1095578626,3.156238824999491,completed,True,maze-32-32-4__random_04__agents_0200,1,4.444148657000369,1497,2
120.09167913799956,0.09167913799956295,120.0,123.16878417799944,196.09167913799956,272.09167913799956,424.09167913799956,official_adaptive,False,120.09167913799956,0.015567917000225862,False,maze,152,11815,2617,207,21280,10380,True,True,161,f15238a90cd1e9133657313d5313ae6b14370255f4573f126707a66a3114a055,7e4582c175aed3136dc5e5b5,152,-55,maze-32-32-4,3.4893286579999767,fixed_budget,,46,171,11815,-9465,52,1382332772,3.0771050399998785,completed,True,maze-32-32-4__random_04__agents_0200,1,3.4893286579999767,2617,0
120.09173534199999,0.09173534199999267,120.0,123.30567441100084,191.091735342,262.091735342,404.091735342,dual16,False,120.09173534199999,0.019844972000100825,False,maze,142,12262,3048,201,21683,10403,True,True,161,f15238a90cd1e9133657313d5313ae6b14370255f4573f126707a66a3114a055,c3377408d0d89ec56c869aef,142,-59,maze-32-32-4,7.8491213689994765,fixed_budget,,45,172,12262,-9421,52,1382332772,3.213939069000844,completed,True,maze-32-32-4__random_04__agents_0200,1,7.8491213689994765,3048,1
120.10589654100113,0.10589654100112966,120.0,123.15134622900041,193.10589654100113,266.10589654100113,412.10589654100113,v2-full,False,120.10589654100113,0.011437337001552805,False,maze,146,12353,3029,227,22128,10936,True,True,161,f15238a90cd1e9133657313d5313ae6b14370255f4573f126707a66a3114a055,f880fca980c123f387318040,146,-81,maze-32-32-4,3.7799984900011623,fixed_budget,,28,173,12353,-9775,52,1382332772,3.0454496879992803,completed,True,maze-32-32-4__random_04__agents_0200,1,3.7799984900011623,3029,2
120.10984780099898,0.10984780099897762,120.0,123.24181232999945,194.10984780099898,268.109847800999,416.109847800999,v2-full,False,120.10984780099898,0.012986014999114559,False,maze,148,11777,1900,168,16882,5601,True,True,156,7b3cb215b7d7ef0a717b918f2337a56919bf158edc475ae4871bdc22b4fdc3fa,e7f51b915f8ebda68dbce6fe,148,-20,maze-32-32-4,3.413528969998879,fixed_budget,,38,174,11777,-5105,51,1979736585,3.13196452900047,completed,True,maze-32-32-4__random_05__agents_0200,1,3.413528969998879,1900,0
120.0749218130004,0.07492181300040102,120.0,123.08837438800037,182.0749218130004,244.0749218130004,368.0749218130004,official_adaptive,False,120.0749218130004,0.014827168999545393,False,maze,124,11414,1665,177,17035,5612,True,True,156,7b3cb215b7d7ef0a717b918f2337a56919bf158edc475ae4871bdc22b4fdc3fa,6a988256319a5b0b0f60e438,124,-53,maze-32-32-4,2.59456810499978,fixed_budget,,63,175,11414,-5621,51,1979736585,3.013452574999974,completed,True,maze-32-32-4__random_05__agents_0200,1,2.59456810499978,1665,1
120.0767979580014,0.0767979580014071,120.0,123.1665528980011,174.5767979580014,229.0767979580014,338.0767979580014,dual16,False,120.0767979580014,0.01367001899961906,False,maze,109,11535,1654,174,16652,5445,True,True,156,7b3cb215b7d7ef0a717b918f2337a56919bf158edc475ae4871bdc22b4fdc3fa,a7a95828ca478abce83883d5,109,-65,maze-32-32-4,2.3488900380016275,fixed_budget,,23,176,11535,-5117,51,1979736585,3.0897549399996933,completed,True,maze-32-32-4__random_05__agents_0200,1,2.3488900380016275,1654,2
120.08964961399943,0.08964961399942695,120.0,123.23768114199993,177.58964961399943,235.08964961399943,350.0896496139994,v2-full,False,120.08964961399943,0.013755504000073415,False,maze,115,11350,1529,131,16011,4308,True,True,127,3e77db6b8f21bde82ceb5e234f130e765568b84e2fcbd1208567d4f70efd78da,a5593877a16097365124e37b,115,-16,maze-32-32-4,3.096981696000512,fixed_budget,,43,177,11350,-4661,52,12629350,3.1480315280005016,completed,True,maze-32-32-4__random_05__agents_0200,1,3.096981696000512,1529,0
120.07276276800076,0.0727627680007572,120.0,123.24136928700136,176.07276276800076,232.07276276800076,344.07276276800076,dual16,False,120.07276276800076,0.012737676999677205,False,maze,112,11550,1523,135,15098,3783,True,True,127,3e77db6b8f21bde82ceb5e234f130e765568b84e2fcbd1208567d4f70efd78da,6a505802cbdcda0d46e9f2a1,112,-23,maze-32-32-4,2.2088097630003176,fixed_budget,,26,178,11550,-3548,52,12629350,3.1686065190006047,completed,True,maze-32-32-4__random_05__agents_0200,1,2.2088097630003176,1523,1
120.09924951699941,0.0992495169994072,120.0,123.17190133499935,174.0992495169994,228.0992495169994,336.0992495169994,official_adaptive,False,120.09924951699941,0.01317030700010946,False,maze,108,11532,1633,147,16389,4844,True,True,127,3e77db6b8f21bde82ceb5e234f130e765568b84e2fcbd1208567d4f70efd78da,b276f41b2b6be5cc24e6540a,108,-39,maze-32-32-4,2.5242212659995857,fixed_budget,,66,179,11532,-4857,52,12629350,3.0726518179999402,completed,True,maze-32-32-4__random_05__agents_0200,1,2.5242212659995857,1633,2
,,120.0,,,,,dual16,False,,,False,room,,,,,,,False,False,863,d739cf1895ad214e94a38c1c0cbe7bd5b492cae2518bc378be2ee5bf0405dd1e,862021e49774b761503ada42,,,room-64-64-16,,fixed_budget,,,180,,,51,1961433270,,no_feasible_solution,False,room-64-64-16__random_04__agents_0600,1,,,0
120.4458248840001,0.44582488400010334,120.0,123.84469933900073,287.9458248840001,455.4458248840001,790.4458248840001,official_adaptive,False,120.4458248840001,0.014932119000150124,False,room,335,78439,29053,381,88786,37142,True,True,863,d739cf1895ad214e94a38c1c0cbe7bd5b492cae2518bc378be2ee5bf0405dd1e,838e8c8ff109e579b4df4f8d,335,-46,room-64-64-16,70.66892561299937,fixed_budget,,180,181,78439,-10347,51,1961433270,3.398874455000623,completed,True,room-64-64-16__random_04__agents_0600,1,70.66892561299937,29053,1
121.69574105500033,1.695741055000326,120.0,124.92398498399962,317.6957410550003,513.6957410550003,905.6957410550003,v2-full,False,121.69574105500033,0.014000720999320038,False,room,392,87796,36116,392,87796,36116,True,True,863,d739cf1895ad214e94a38c1c0cbe7bd5b492cae2518bc378be2ee5bf0405dd1e,84e1c2ebed8a873084b85881,392,0,room-64-64-16,116.44945347900102,fixed_budget,,263,182,87796,0,51,1961433270,3.228243928999291,completed,True,room-64-64-16__random_04__agents_0600,1,116.44945347900102,36116,2
120.41485299300075,0.41485299300074985,120.0,123.84259663900048,288.41485299300075,456.41485299300075,792.4148529930007,dual16,False,120.41485299300075,0.014287283000157913,False,room,336,77379,28115,415,93361,39403,True,True,821,5e3beb7466df5dec57c4dcdd02f278d205be74cf1d88135f5709f4e6c94c5849,732be25f7310398e5b471d8b,336,-79,room-64-64-16,19.165073276999465,fixed_budget,,12,183,77379,-15982,52,650639667,3.427743645999726,completed,True,room-64-64-16__random_04__agents_0600,1,19.165073276999465,28115,0
120.41977906399916,0.4197790639991581,120.0,123.57549283099979,279.91977906399916,439.41977906399916,758.4197790639992,v2-full,False,120.41977906399916,0.013371375000133412,False,room,319,76841,27697,415,94584,40656,True,True,821,5e3beb7466df5dec57c4dcdd02f278d205be74cf1d88135f5709f4e6c94c5849,6df3b0bdc90a3af11c1755ae,319,-96,room-64-64-16,22.835915813999236,fixed_budget,,21,184,76841,-17743,52,650639667,3.155713767000634,completed,True,room-64-64-16__random_04__agents_0600,1,22.835915813999236,27697,1
120.41950770199946,0.4195077019994642,120.0,123.39213788699999,286.91950770199946,453.41950770199946,786.4195077019995,official_adaptive,False,120.41950770199946,0.014736904000528739,False,room,333,77646,27846,391,93081,38851,True,True,821,5e3beb7466df5dec57c4dcdd02f278d205be74cf1d88135f5709f4e6c94c5849,894f2e8bba23b38cf79e2472,333,-58,room-64-64-16,25.592365521999454,fixed_budget,,51,185,77646,-15435,52,650639667,2.9726301850005257,completed,True,room-64-64-16__random_04__agents_0600,1,25.592365521999454,27846,2
120.4604784359999,0.460478435999903,120.0,123.70787577599913,295.4604784359999,470.4604784359999,820.4604784359999,official_adaptive,False,120.4604784359999,0.016991587001029984,False,room,350,84504,34415,416,102240,49913,True,True,153,7df1aa043536c4e993741cb2191543b99c4b2a04cb7af9925881793c0bae237e,d446b79926e9efea3b07bc0d,350,-66,room-64-64-16,21.568956664001234,fixed_budget,,46,186,84504,-17736,51,684566360,3.2473973399992246,completed,True,room-64-64-16__random_05__agents_0600,1,21.568956664001234,34415,0
120.42918512600045,0.4291851260004478,120.0,123.61607681500027,277.92918512600045,435.42918512600045,750.4291851260004,v2-full,False,120.42918512600045,0.014772263999475399,False,room,315,79774,30241,408,103702,50737,True,True,153,7df1aa043536c4e993741cb2191543b99c4b2a04cb7af9925881793c0bae237e,a7706a2569be48dba86b25c7,315,-93,room-64-64-16,23.554064055999334,fixed_budget,,26,187,79774,-23928,51,684566360,3.186891688999822,completed,True,room-64-64-16__random_05__agents_0600,1,23.554064055999334,30241,1
120.44255950200022,0.442559502000222,120.0,123.45323492199896,290.9425595020002,461.4425595020002,802.4425595020002,dual16,False,120.44255950200022,0.017257438999877195,False,room,341,84503,34044,414,104729,51614,True,True,153,7df1aa043536c4e993741cb2191543b99c4b2a04cb7af9925881793c0bae237e,7c0de1379ae46683a10e2823,341,-73,room-64-64-16,21.569979317000616,fixed_budget,,15,188,84503,-20226,51,684566360,3.0106754199987336,completed,True,room-64-64-16__random_05__agents_0600,1,21.569979317000616,34044,2
120.49376696199943,0.4937669619994267,120.0,123.4664153119993,307.9937669619994,495.4937669619994,870.4937669619994,official_adaptive,False,120.49376696199943,0.02983945199957816,False,room,375,80019,30276,418,96221,44114,True,True,299,b94e52495151a61b3b2a9fd2eb8eabde1c25eb9e8b83d1d8ded2b7600e564ba5,62b28636d9eeac6f6f9ed0e0,375,-43,room-64-64-16,21.48768061499868,fixed_budget,,51,189,80019,-16202,52,1074024141,2.972648349999872,completed,True,room-64-64-16__random_05__agents_0600,1,21.48768061499868,30276,0
120.45925959499982,0.4592595949998213,120.0,123.70327214899953,290.9592595949998,461.4592595949998,802.4592595949998,dual16,False,120.45925959499982,0.014655728000434465,False,room,341,80541,30592,408,92240,40259,True,True,299,b94e52495151a61b3b2a9fd2eb8eabde1c25eb9e8b83d1d8ded2b7600e564ba5,833c1a05c6b960a89a1153a3,341,-67,room-64-64-16,16.078147689000616,fixed_budget,,12,190,80541,-11699,52,1074024141,3.24401255399971,completed,True,room-64-64-16__random_05__agents_0600,1,16.078147689000616,30592,1
120.47619662599936,0.4761966259993642,120.0,123.52198932899955,295.97619662599936,471.47619662599936,822.4761966259994,v2-full,False,120.47619662599936,0.013280797000334132,False,room,351,78943,29128,401,93792,41767,True,True,299,b94e52495151a61b3b2a9fd2eb8eabde1c25eb9e8b83d1d8ded2b7600e564ba5,1b1908085098c3bd1f08c058,351,-50,room-64-64-16,19.06409684299979,fixed_budget,,21,191,78943,-14849,52,1074024141,3.0457927030001883,completed,True,room-64-64-16__random_05__agents_0600,1,19.06409684299979,29128,2
120.4136829959989,0.41368299599889724,120.0,124.3224775460003,234.9136829959989,349.4136829959989,578.4136829959989,v2-full,False,120.4136829959989,0.015041960999951698,False,room,229,68811,23435,393,94281,42589,True,True,390,12d50ee73a6deb76e1bae52e1ce5028ae0619b624ae094e029e3ecb7f06d4216,5e9c10c9eebf2e749eeb9e8d,229,-164,room-64-64-8,18.848810782999863,fixed_budget,,35,192,68811,-25470,51,1389630055,3.908794550001403,completed,True,room-64-64-8__random_04__agents_0600,1,18.848810782999863,23435,0
120.36984676999964,0.36984676999963995,120.0,123.35838478699952,240.36984676999964,360.36984676999964,600.3698467699996,official_adaptive,False,120.36984676999964,0.013727268998991349,False,room,240,69518,23284,393,92845,41071,True,True,390,12d50ee73a6deb76e1bae52e1ce5028ae0619b624ae094e029e3ecb7f06d4216,04532bbe6a6b02e907dd918e,240,-153,room-64-64-8,26.063218327999493,fixed_budget,,99,193,69518,-23327,51,1389630055,2.9885380169998825,completed,True,room-64-64-8__random_04__agents_0600,1,26.063218327999493,23284,1
120.34837204700125,0.3483720470012486,120.0,123.40932638100094,239.84837204700125,359.34837204700125,598.3483720470012,dual16,False,120.34837204700125,0.014210579000064172,False,room,239,67918,22440,393,93247,40887,True,True,390,12d50ee73a6deb76e1bae52e1ce5028ae0619b624ae094e029e3ecb7f06d4216,70b4266f3ff1c2ebd122a43c,239,-154,room-64-64-8,19.68421269999999,fixed_budget,,25,194,67918,-25329,51,1389630055,3.060954333999689,completed,True,room-64-64-8__random_04__agents_0600,1,19.68421269999999,22440,2
120.39695082099934,0.39695082099933643,120.0,123.57633339699896,245.39695082099934,370.39695082099934,620.3969508209993,v2-full,False,120.39695082099934,0.014101270000537625,False,room,250,71956,24462,382,98836,44728,True,True,911,93ece03ba8369b77b2e0fd68ea52a89132b5fba7ef471d015287d000bb0c87a2,d4601f19234df2ac91ead1e6,250,-132,room-64-64-8,26.281103482999242,fixed_budget,,41,195,71956,-26880,52,151698060,3.1793825759996253,completed,True,room-64-64-8__random_04__agents_0600,1,26.281103482999242,24462,0
120.41322461100026,0.41322461100025976,120.0,123.68340444000023,260.41322461100026,400.41322461100026,680.4132246110003,dual16,False,120.41322461100026,0.027907243000299786,False,room,280,73904,25918,367,99069,44111,True,True,911,93ece03ba8369b77b2e0fd68ea52a89132b5fba7ef471d015287d000bb0c87a2,3f4618bc5f8ac1e25ee9f182,280,-87,room-64-64-8,27.69500277700172,fixed_budget,,32,196,73904,-25165,52,151698060,3.2701798289999715,completed,True,room-64-64-8__random_04__agents_0600,1,27.69500277700172,25918,1
120.41989250799998,0.41989250799997535,120.0,123.59182153700021,244.41989250799998,368.419892508,616.419892508,official_adaptive,False,120.41989250799998,0.01836983599969244,False,room,248,72644,26052,364,99698,46280,True,True,911,93ece03ba8369b77b2e0fd68ea52a89132b5fba7ef471d015287d000bb0c87a2,dc390596cd6d0f22e6dc1b19,248,-116,room-64-64-8,35.39125971700014,fixed_budget,,122,197,72644,-27054,52,151698060,3.171929029000239,completed,True,room-64-64-8__random_04__agents_0600,1,35.39125971700014,26052,2
120.34218134799994,0.34218134799994004,120.0,123.41678679299912,238.34218134799994,356.34218134799994,592.3421813479999,dual16,False,120.34218134799994,0.018908578000264242,False,room,236,69466,23136,302,86005,36097,True,True,661,55305ccdc004b9da89e63e18d15ca12193d22bee94a108bee42320b84abf925b,0b4bcd96b4328a956dd24519,236,-66,room-64-64-8,38.95939030900081,fixed_budget,,80,198,69466,-16539,51,1901453451,3.074605444999179,completed,True,room-64-64-8__random_05__agents_0600,1,38.95939030900081,23136,0
120.38363738000044,0.3836373800004367,120.0,123.42216237399953,236.38363738000044,352.38363738000044,584.3836373800004,official_adaptive,False,120.38363738000044,0.01378142899920931,False,room,232,69637,23269,315,88331,37583,True,True,661,55305ccdc004b9da89e63e18d15ca12193d22bee94a108bee42320b84abf925b,114c5d539fc829521dc4cf16,232,-83,room-64-64-8,33.05994888799978,fixed_budget,,147,199,69637,-18694,51,1901453451,3.03852499399909,completed,True,room-64-64-8__random_05__agents_0600,1,33.05994888799978,23269,1
120.35619545000009,0.35619545000008657,120.0,123.55470219800009,238.3561954500001,356.3561954500001,592.3561954500001,v2-full,False,120.35619545000009,0.014990929001214681,False,room,236,70027,24041,308,85909,36011,True,True,661,55305ccdc004b9da89e63e18d15ca12193d22bee94a108bee42320b84abf925b,49922266792ce32709bff05d,236,-72,room-64-64-8,22.058998743999837,fixed_budget,,50,200,70027,-15882,51,1901453451,3.198506748,completed,True,room-64-64-8__random_05__agents_0600,1,22.058998743999837,24041,2
120.36849464400075,0.36849464400074794,120.0,123.72764948000076,242.86849464400075,365.36849464400075,610.3684946440007,dual16,False,120.36849464400075,0.0189123029995244,False,room,245,67515,21591,273,80947,32095,True,True,727,2e6843c53cf1b3fcaa4fddec6fee68f47b61bc5164dd319af03178e8c2cf9071,e2988196ebb35dcc291c96f2,245,-28,room-64-64-8,19.496241549000842,fixed_budget,,33,201,67515,-13432,52,1061822592,3.359154836000016,completed,True,room-64-64-8__random_05__agents_0600,1,19.496241549000842,21591,0
120.37166848299967,0.3716684829996666,120.0,123.52111915999922,236.87166848299967,353.37166848299967,586.3716684829997,v2-full,False,120.37166848299967,0.014805501001319499,False,room,233,68504,21996,278,82200,32674,True,True,727,2e6843c53cf1b3fcaa4fddec6fee68f47b61bc5164dd319af03178e8c2cf9071,15fcf3eebc09a5a32ee42d72,233,-45,room-64-64-8,18.865949334000106,fixed_budget,,45,202,68504,-13696,52,1061822592,3.1494506769995496,completed,True,room-64-64-8__random_05__agents_0600,1,18.865949334000106,21996,1
120.39193895099925,0.391938950999247,120.0,123.62881599499997,247.39193895099925,374.39193895099925,628.3919389509992,official_adaptive,False,120.39193895099925,0.02259506100017461,False,room,254,68122,22382,278,80569,30537,True,True,727,2e6843c53cf1b3fcaa4fddec6fee68f47b61bc5164dd319af03178e8c2cf9071,ad25bbfeebe857eca0d652d5,254,-24,room-64-64-8,23.478404835999754,fixed_budget,,110,203,68122,-12447,52,1061822592,3.236877044000721,completed,True,room-64-64-8__random_05__agents_0600,1,23.478404835999754,22382,2
120.08669446000022,0.08669446000021708,120.0,123.17716189299972,173.58669446000022,227.08669446000022,334.0866944600002,official_adaptive,False,120.08669446000022,0.01579249599853938,False,warehouse,107,15353,721,107,18622,2484,True,True,27,c1d441682cb2cff8c8207c9ddce47e0a64bb11823d0e1e5ae4a50a3b6fc2a2a2,ee6fc517acecd92b4013e7ae,107,0,very_high_confirm_v2_station_centric_0000,1.179688846999852,fixed_budget,,23,204,15353,-3269,51,1771933755,3.090467432999503,completed,True,very_high_confirm_v2_station_centric_0000__task_0000,1,1.179688846999852,721,0
120.0884633329988,0.08846333299879916,120.0,123.19528585099943,173.5884633329988,227.0884633329988,334.0884633329988,v2-full,False,120.0884633329988,0.014413461000003736,False,warehouse,107,15438,776,107,18864,2758,True,True,27,c1d441682cb2cff8c8207c9ddce47e0a64bb11823d0e1e5ae4a50a3b6fc2a2a2,2c10d0b58604254fb492ecf8,107,0,very_high_confirm_v2_station_centric_0000,2.2959225939994212,fixed_budget,,22,205,15438,-3426,51,1771933755,3.1068225180006266,completed,True,very_high_confirm_v2_station_centric_0000__task_0000,1,2.2959225939994212,776,1
120.0928543810005,0.09285438100050669,120.0,123.27017971900023,173.5928543810005,227.0928543810005,334.0928543810005,dual16,False,120.0928543810005,0.01865943399934622,False,warehouse,107,15300,646,107,18577,2467,True,True,27,c1d441682cb2cff8c8207c9ddce47e0a64bb11823d0e1e5ae4a50a3b6fc2a2a2,07aa03faeb449ac135c70050,107,0,very_high_confirm_v2_station_centric_0000,1.1004104189996724,fixed_budget,,6,206,15300,-3277,51,1771933755,3.1773253379997186,completed,True,very_high_confirm_v2_station_centric_0000__task_0000,1,1.1004104189996724,646,2
120.0870654169994,0.08706541699939407,120.0,123.23589174699919,173.5870654169994,227.0870654169994,334.0870654169994,official_adaptive,False,120.0870654169994,0.029793010999128455,False,warehouse,107,15297,665,114,18144,2290,True,True,17,8234414f86f462e63d6bc9acb5f57c7c58314a85e42c447a2604820efc821f63,458fe83b556741ee367047b0,107,-7,very_high_confirm_v2_station_centric_0000,1.3113579799992294,fixed_budget,,26,207,15297,-2847,52,1899606215,3.1488263299997925,completed,True,very_high_confirm_v2_station_centric_0000__task_0000,1,1.3113579799992294,665,0
120.0813008840014,0.08130088400139357,120.0,123.16962774500098,173.5813008840014,227.0813008840014,334.0813008840014,dual16,False,120.0813008840014,0.016332414999851608,False,warehouse,107,15166,614,107,18059,2205,True,True,17,8234414f86f462e63d6bc9acb5f57c7c58314a85e42c447a2604820efc821f63,329d3a9aa243d0458685678f,107,0,very_high_confirm_v2_station_centric_0000,0.7454445680014032,fixed_budget,,5,208,15166,-2893,52,1899606215,3.0883268609995866,completed,True,very_high_confirm_v2_station_centric_0000__task_0000,1,0.7454445680014032,614,1
120.10464723699988,0.10464723699988099,120.0,123.26123594700039,173.60464723699988,227.10464723699988,334.1046472369999,v2-full,False,120.10464723699988,0.023511182000220288,False,warehouse,107,15325,699,107,18060,2242,True,True,17,8234414f86f462e63d6bc9acb5f57c7c58314a85e42c447a2604820efc821f63,e2ff74d26085578ce67a6737,107,0,very_high_confirm_v2_station_centric_0000,0.8647786670007918,fixed_budget,,7,209,15325,-2735,52,1899606215,3.1565887100005057,completed,True,very_high_confirm_v2_station_centric_0000__task_0000,1,0.8647786670007918,699,2
120.10443827299969,0.10443827299968689,120.0,123.35139130700009,170.1044382729997,220.1044382729997,320.1044382729997,v2-full,False,120.10443827299969,0.014342682999995304,False,warehouse,100,16089,862,114,18574,2047,True,True,30,7b5fdae5e7dc33c21b161cf9aeb40a5ce13543636a812cb01602a4ab47f52f7f,8069aea343df3df91965f91a,100,-14,very_high_confirm_v2_station_centric_0001,2.814167117998295,fixed_budget,,39,210,16089,-2485,51,1462373897,3.2469530340003985,completed,True,very_high_confirm_v2_station_centric_0001__task_0000,1,2.814167117998295,862,0
120.1343210340001,0.1343210340000951,120.0,123.592746747001,171.6343210340001,223.1343210340001,326.1343210340001,official_adaptive,False,120.1343210340001,0.014842136000879691,False,warehouse,103,15839,776,107,18428,2131,True,True,30,7b5fdae5e7dc33c21b161cf9aeb40a5ce13543636a812cb01602a4ab47f52f7f,197f3a919f700b4728aec2eb,103,-4,very_high_confirm_v2_station_centric_0001,1.6451648109996313,fixed_budget,,45,211,15839,-2589,51,1462373897,3.4584257130009064,completed,True,very_high_confirm_v2_station_centric_0001__task_0000,1,1.6451648109996313,776,1
120.08893093299957,0.088930932999574,120.0,123.1634214629994,170.58893093299957,221.08893093299957,322.0889309329996,dual16,False,120.08893093299957,0.015153791000557248,False,warehouse,101,15776,649,107,18495,2052,True,True,30,7b5fdae5e7dc33c21b161cf9aeb40a5ce13543636a812cb01602a4ab47f52f7f,d2f574784aa56f13073ae163,101,-6,very_high_confirm_v2_station_centric_0001,1.5222542760002398,fixed_budget,,14,212,15776,-2719,51,1462373897,3.074490529999821,completed,True,very_high_confirm_v2_station_centric_0001__task_0000,1,1.5222542760002398,649,2
120.09389259999989,0.09389259999989008,120.0,123.15115830600007,169.5938925999999,219.0938925999999,318.0938925999999,v2-full,False,120.09389259999989,0.016326163000485394,False,warehouse,99,15894,831,114,18093,1928,True,True,26,47482d87d86e9533f68003f4310812e5e87979b495188b58431c34bb60973461,b7fffc1067c316f0c28bcc7b,99,-15,very_high_confirm_v2_station_centric_0001,2.251280113001485,fixed_budget,,42,213,15894,-2199,52,2091105773,3.05726570600018,completed,True,very_high_confirm_v2_station_centric_0001__task_0000,1,2.251280113001485,831,0
120.09259347399893,0.09259347399893159,120.0,123.12881768399893,170.59259347399893,221.09259347399893,322.09259347399893,dual16,False,120.09259347399893,0.019150817999616265,False,warehouse,101,15712,657,171,18140,1889,True,True,26,47482d87d86e9533f68003f4310812e5e87979b495188b58431c34bb60973461,c127a61c2b21cf7dc010d891,101,-70,very_high_confirm_v2_station_centric_0001,1.1686233969994646,fixed_budget,,12,214,15712,-2428,52,2091105773,3.0362242100000003,completed,True,very_high_confirm_v2_station_centric_0001__task_0000,1,1.1686233969994646,657,1
120.10379945999921,0.10379945999920892,120.0,123.00438595699961,171.1037994599992,222.1037994599992,324.1037994599992,official_adaptive,False,120.10379945999921,0.020428919999176287,False,warehouse,102,16030,861,114,18032,1875,True,True,26,47482d87d86e9533f68003f4310812e5e87979b495188b58431c34bb60973461,16e1035addfb8beb50ffb147,102,-12,very_high_confirm_v2_station_centric_0001,3.656060757999512,fixed_budget,,202,215,16030,-2002,52,2091105773,2.900586497000404,completed,True,very_high_confirm_v2_station_centric_0001__task_0000,1,3.656060757999512,861,2
120.10613892500078,0.10613892500077782,120.0,123.13118095800019,174.60613892500078,229.10613892500078,338.1061389250008,dual16,False,120.10613892500078,0.014391906001037569,False,warehouse,109,15951,818,121,18503,1958,True,True,14,c9a271cabbb965645407499aa6eacf9628b9b35ef797816b600f3c91e664bbbc,81d46cd541531f20bf65b434,109,-12,very_high_confirm_v2_station_centric_0002,0.8763343520004128,fixed_budget,,7,216,15951,-2552,51,590887480,3.0250420329994085,completed,True,very_high_confirm_v2_station_centric_0002__task_0000,1,0.8763343520004128,818,0
120.10105067699988,0.10105067699987558,120.0,123.18841287599935,174.60105067699988,229.10105067699988,338.1010506769999,official_adaptive,False,120.10105067699988,0.02805501700095192,False,warehouse,109,15675,644,119,18597,2080,True,True,14,c9a271cabbb965645407499aa6eacf9628b9b35ef797816b600f3c91e664bbbc,3489b105f286fa6ed04a3311,109,-10,very_high_confirm_v2_station_centric_0002,0.7749031539988209,fixed_budget,,20,217,15675,-2922,51,590887480,3.0873621989994717,completed,True,very_high_confirm_v2_station_centric_0002__task_0000,1,0.7749031539988209,644,1
120.08872666699972,0.08872666699971887,120.0,123.5613433489998,174.58872666699972,229.08872666699972,338.0887266669997,v2-full,False,120.08872666699972,0.020986527000786737,False,warehouse,109,15658,651,119,18532,1993,True,True,14,c9a271cabbb965645407499aa6eacf9628b9b35ef797816b600f3c91e664bbbc,eded327b3b13a129051f5b00,109,-10,very_high_confirm_v2_station_centric_0002,0.7513805409998895,fixed_budget,,5,218,15658,-2874,51,590887480,3.47261668200008,completed,True,very_high_confirm_v2_station_centric_0002__task_0000,1,0.7513805409998895,651,2
120.09093277700049,0.0909327770004893,120.0,123.29516127500028,174.5909327770005,229.0909327770005,338.0909327770005,dual16,False,120.09093277700049,0.016442448999441694,False,warehouse,109,15805,672,131,18351,1800,True,True,4,8ad485ffed865f45ece7879d71f3e747625e80a79c2bbcf23c59034286122c5d,1ecc6f686c36c4488e9a9f18,109,-22,very_high_confirm_v2_station_centric_0002,0.6843604619989492,fixed_budget,,5,219,15805,-2546,52,1498630401,3.204228497999793,completed,True,very_high_confirm_v2_station_centric_0002__task_0000,1,0.6843604619989492,672,0
120.1066295519995,0.10662955199950375,120.0,123.23024686899953,174.6066295519995,229.1066295519995,338.1066295519995,v2-full,False,120.1066295519995,0.016387937001127284,False,warehouse,109,15779,596,131,18467,1898,True,True,4,8ad485ffed865f45ece7879d71f3e747625e80a79c2bbcf23c59034286122c5d,1700326be30097fb3246b3dd,109,-22,very_high_confirm_v2_station_centric_0002,6.16185092699925,fixed_budget,,201,220,15779,-2688,52,1498630401,3.1236173170000257,completed,True,very_high_confirm_v2_station_centric_0002__task_0000,1,6.16185092699925,596,1
120.10901302099956,0.10901302099955501,120.0,123.1621577249989,174.60901302099956,229.10901302099956,338.10901302099956,official_adaptive,False,120.10901302099956,0.014360108998516807,False,warehouse,109,15839,648,131,18333,1878,True,True,4,8ad485ffed865f45ece7879d71f3e747625e80a79c2bbcf23c59034286122c5d,cf64cbb462a68513c8044913,109,-22,very_high_confirm_v2_station_centric_0002,0.595270193000033,fixed_budget,,13,221,15839,-2494,52,1498630401,3.053144703999351,completed,True,very_high_confirm_v2_station_centric_0002__task_0000,1,0.595270193000033,648,2
120.1078978530004,0.10789785300039512,120.0,123.21815349999997,172.1078978530004,224.1078978530004,328.1078978530004,official_adaptive,False,120.1078978530004,0.015382301000499865,False,warehouse,104,17417,773,115,20391,2593,True,True,21,3b18bb9c7d6aa13a23cd6ad5525daf212d7417468bca93130467c7514ef1772e,7d5cc8207b34134b849807fc,104,-11,very_high_confirm_v2_station_centric_0003,2.5426675500002602,fixed_budget,,54,222,17417,-2974,51,35392061,3.110255646999576,completed,True,very_high_confirm_v2_station_centric_0003__task_0000,1,2.5426675500002602,773,0
120.09966981400066,0.09966981400066288,120.0,123.34544630199889,171.59966981400066,223.09966981400066,326.09966981400066,v2-full,False,120.09966981400066,0.01681009899948549,False,warehouse,103,17447,835,115,20493,2629,True,True,21,3b18bb9c7d6aa13a23cd6ad5525daf212d7417468bca93130467c7514ef1772e,db7004ab718b325c97813d4f,103,-12,very_high_confirm_v2_station_centric_0003,4.151867066000705,fixed_budget,,51,223,17447,-3046,51,35392061,3.245776487998228,completed,True,very_high_confirm_v2_station_centric_0003__task_0000,1,4.151867066000705,835,1
120.12171536700043,0.12171536700043362,120.0,123.62067633900006,171.62171536700043,223.12171536700043,326.12171536700043,dual16,False,120.12171536700043,0.016845923999426304,False,warehouse,103,17460,854,115,20465,2559,True,True,21,3b18bb9c7d6aa13a23cd6ad5525daf212d7417468bca93130467c7514ef1772e,27fa13d9e7892811b4fac29d,103,-12,very_high_confirm_v2_station_centric_0003,2.446265017000769,fixed_budget,,23,224,17460,-3005,51,35392061,3.4989609719996224,completed,True,very_high_confirm_v2_station_centric_0003__task_0000,1,2.446265017000769,854,2
120.11614079600076,0.11614079600076366,120.0,123.1785278770003,170.61614079600076,221.11614079600076,322.11614079600076,official_adaptive,False,120.11614079600076,0.016681252000125824,False,warehouse,101,17431,749,110,20447,2711,True,True,19,7f6395be3ed1f91bf9787427d87249b70e544b76fd0e8771f26a40937a879483,2ff9b0a804e92b372b4a44e0,101,-9,very_high_confirm_v2_station_centric_0003,7.474479964999773,fixed_budget,,177,225,17431,-3016,52,1876073234,3.0623870809995424,completed,True,very_high_confirm_v2_station_centric_0003__task_0000,1,7.474479964999773,749,0
120.12566250700002,0.12566250700001547,120.0,123.68622940999921,171.62566250700002,223.12566250700002,326.125662507,dual16,False,120.12566250700002,0.01706960999945295,False,warehouse,103,17382,768,113,20562,2640,True,True,19,7f6395be3ed1f91bf9787427d87249b70e544b76fd0e8771f26a40937a879483,5459d13d6b513695d8ede17e,103,-10,very_high_confirm_v2_station_centric_0003,1.4590908070003934,fixed_budget,,9,226,17382,-3180,52,1876073234,3.5605669029991986,completed,True,very_high_confirm_v2_station_centric_0003__task_0000,1,1.4590908070003934,768,1
120.0948471089996,0.09484710899960191,120.0,123.22014086299896,169.5948471089996,219.0948471089996,318.0948471089996,v2-full,False,120.0948471089996,0.016139089000716922,False,warehouse,99,17491,721,101,20484,2628,True,True,19,7f6395be3ed1f91bf9787427d87249b70e544b76fd0e8771f26a40937a879483,68c228d092d7afb5b40764c6,99,-2,very_high_confirm_v2_station_centric_0003,1.9139578110007278,fixed_budget,,18,227,17491,-2993,52,1876073234,3.125293753999358,completed,True,very_high_confirm_v2_station_centric_0003__task_0000,1,1.9139578110007278,721,2
120.104752483001,0.10475248300099338,120.0,123.17673259200092,169.104752483001,218.104752483001,316.104752483001,v2-full,False,120.104752483001,0.017128805000538705,False,warehouse,98,18293,1109,114,21806,3036,True,True,27,e8fba337c203c137f355f50a374383741b443c295dff82996f6f361cbe4df793,527484dc8f48d0663b63023c,98,-16,very_high_confirm_v2_station_centric_0004,5.213824710999688,fixed_budget,,46,228,18293,-3513,51,297264800,3.0719801089999237,completed,True,very_high_confirm_v2_station_centric_0004__task_0000,1,5.213824710999688,1109,0
120.09811059000094,0.09811059000094247,120.0,123.0712958460008,170.09811059000094,220.09811059000094,320.09811059000094,official_adaptive,False,120.09811059000094,0.014250482001443743,False,warehouse,100,18803,1473,106,21663,2833,True,True,27,e8fba337c203c137f355f50a374383741b443c295dff82996f6f361cbe4df793,536ab8394988d6ee13414597,100,-6,very_high_confirm_v2_station_centric_0004,2.476137131001451,fixed_budget,,40,229,18803,-2860,51,297264800,2.9731852559998515,completed,True,very_high_confirm_v2_station_centric_0004__task_0000,1,2.476137131001451,1473,1
120.10691285999928,0.10691285999928368,120.0,123.23378599499847,169.60691285999928,219.10691285999928,318.1069128599993,dual16,False,120.10691285999928,0.01865480600099545,False,warehouse,99,18554,1326,113,21563,2747,True,True,27,e8fba337c203c137f355f50a374383741b443c295dff82996f6f361cbe4df793,f77bb71b65fbe7aa497b87c3,99,-14,very_high_confirm_v2_station_centric_0004,4.404905704999692,fixed_budget,,37,230,18554,-3009,51,297264800,3.1268731349991867,completed,True,very_high_confirm_v2_station_centric_0004__task_0000,1,4.404905704999692,1326,2
120.1059037619998,0.10590376199979801,120.0,123.2795318389999,169.1059037619998,218.1059037619998,316.1059037619998,v2-full,False,120.1059037619998,0.014887703999193036,False,warehouse,98,18331,1237,108,21711,2959,True,True,22,899f8747876af0bf9e16aa08d534b0194d8057d60b65aa316f33a456548fc3b5,29ac6151c7fe5aa00771f8f6,98,-10,very_high_confirm_v2_station_centric_0004,2.6463378930002364,fixed_budget,,22,231,18331,-3380,52,276622777,3.173628077000103,completed,True,very_high_confirm_v2_station_centric_0004__task_0000,1,2.6463378930002364,1237,0
120.10258261599847,0.10258261599847174,120.0,123.20350553299977,169.10258261599847,218.10258261599847,316.1025826159985,dual16,False,120.10258261599847,0.014275395000368007,False,warehouse,98,18618,1296,105,21690,2886,True,True,22,899f8747876af0bf9e16aa08d534b0194d8057d60b65aa316f33a456548fc3b5,b35eb4d8eda2c8a34da974ad,98,-7,very_high_confirm_v2_station_centric_0004,2.139227199999368,fixed_budget,,12,232,18618,-3072,52,276622777,3.1009229170012986,completed,True,very_high_confirm_v2_station_centric_0004__task_0000,1,2.139227199999368,1296,1
120.11453291500038,0.11453291500038176,120.0,123.77980779400059,169.11453291500038,218.11453291500038,316.1145329150004,official_adaptive,False,120.11453291500038,0.01833003300089331,False,warehouse,98,18443,1217,107,21631,2993,True,True,22,899f8747876af0bf9e16aa08d534b0194d8057d60b65aa316f33a456548fc3b5,76eb480227140163234392b4,98,-9,very_high_confirm_v2_station_centric_0004,2.733982883000863,fixed_budget,,53,233,18443,-3188,52,276622777,3.665274879000208,completed,True,very_high_confirm_v2_station_centric_0004__task_0000,1,2.733982883000863,1217,2
120.0967287679996,0.0967287679995934,120.0,123.17980939399968,170.0967287679996,220.0967287679996,320.0967287679996,dual16,False,120.0967287679996,0.027577618000577786,False,warehouse,100,15826,496,99,18395,2097,True,True,21,ab1d63753020fd660ca88ac0968850ffd9cbf2ac4bd614dd1d8272efab871779,611c210c4be450ec82093c8b,100,1,very_high_confirm_v2_station_centric_0005,1.0579748500003916,fixed_budget,,8,234,15826,-2569,51,870663108,3.0830806260000827,completed,True,very_high_confirm_v2_station_centric_0005__task_0000,1,1.0579748500003916,496,0
120.10286295100013,0.10286295100013376,120.0,123.18446457299979,171.60286295100013,223.10286295100013,326.10286295100013,official_adaptive,False,120.10286295100013,0.018702215000303113,False,warehouse,103,15749,501,106,18828,2366,True,True,21,ab1d63753020fd660ca88ac0968850ffd9cbf2ac4bd614dd1d8272efab871779,7c0ed2b5b997b2b05db2c3aa,103,-3,very_high_confirm_v2_station_centric_0005,1.7748273970009905,fixed_budget,,47,235,15749,-3079,51,870663108,3.0816016219996527,completed,True,very_high_confirm_v2_station_centric_0005__task_0000,1,1.7748273970009905,501,1
120.089049461998,0.08904946199800179,120.0,123.31390587499845,170.089049461998,220.089049461998,320.089049461998,v2-full,False,120.089049461998,0.02532404700104962,False,warehouse,100,15886,582,99,18383,2119,True,True,21,ab1d63753020fd660ca88ac0968850ffd9cbf2ac4bd614dd1d8272efab871779,e66f4e2c84be74c730e06a8e,100,1,very_high_confirm_v2_station_centric_0005,1.1089816189996782,fixed_budget,,11,236,15886,-2497,51,870663108,3.2248564130004524,completed,True,very_high_confirm_v2_station_centric_0005__task_0000,1,1.1089816189996782,582,2
120.10452011300004,0.10452011300003505,120.0,123.3117467589982,172.10452011300004,224.10452011300004,328.10452011300004,dual16,False,120.10452011300004,0.01794663499822491,False,warehouse,104,15739,473,99,18621,2261,True,True,10,ce9ff3bbb280357b5f7beb1d502e4e4815f4f1c2671d0ea15d741750232cb663,75faaa5b67a1a0c636d00d5d,104,5,very_high_confirm_v2_station_centric_0005,0.9318460690010397,fixed_budget,,8,237,15739,-2882,52,1063612477,3.207226645998162,completed,True,very_high_confirm_v2_station_centric_0005__task_0000,1,0.9318460690010397,473,0
120.0954603809987,0.09546038099870202,120.0,123.20639323999785,170.0954603809987,220.0954603809987,320.0954603809987,v2-full,False,120.0954603809987,0.015346804000728298,False,warehouse,100,15799,493,99,18703,2315,True,True,10,ce9ff3bbb280357b5f7beb1d502e4e4815f4f1c2671d0ea15d741750232cb663,b238b3c3a85c5d676e5d478d,100,1,very_high_confirm_v2_station_centric_0005,0.6456470269986312,fixed_budget,,4,238,15799,-2904,52,1063612477,3.110932858999149,completed,True,very_high_confirm_v2_station_centric_0005__task_0000,1,0.6456470269986312,493,1
120.11169273100313,0.11169273100313148,120.0,123.25105103700116,172.11169273100313,224.11169273100313,328.11169273100313,official_adaptive,False,120.11169273100313,0.01815406400055508,False,warehouse,104,15811,499,99,18703,2289,True,True,10,ce9ff3bbb280357b5f7beb1d502e4e4815f4f1c2671d0ea15d741750232cb663,e9ca45ed85d1271435de9bd6,104,5,very_high_confirm_v2_station_centric_0005,0.9237536399996316,fixed_budget,,24,239,15811,-2892,52,1063612477,3.13935830599803,completed,True,very_high_confirm_v2_station_centric_0005__task_0000,1,0.9237536399996316,499,2
120.0970824290016,0.09708242900160258,120.0,123.15335322000101,169.5970824290016,219.0970824290016,318.0970824290016,official_adaptive,False,120.0970824290016,0.017062555998563766,False,warehouse,99,17064,570,103,20284,2580,True,True,16,98e521e35a5ce0cfdf4e9a921fbfb7eab3eed8cb60f0ce6a10d1b967b8bf2f97,978af9e37f189ae99c955fac,99,-4,very_high_confirm_v2_station_centric_0006,4.245808227999078,fixed_budget,,84,240,17064,-3220,51,642582489,3.056270790999406,completed,True,very_high_confirm_v2_station_centric_0006__task_0000,1,4.245808227999078,570,0
120.14140088500062,0.1414008850006212,120.0,123.45012925400079,169.64140088500062,219.14140088500062,318.1414008850006,v2-full,False,120.14140088500062,0.014054616000066744,False,warehouse,99,17432,746,103,20548,2806,True,True,16,98e521e35a5ce0cfdf4e9a921fbfb7eab3eed8cb60f0ce6a10d1b967b8bf2f97,2ef0ef38b774e0c75bd59a6b,99,-4,very_high_confirm_v2_station_centric_0006,2.213894287000585,fixed_budget,,25,241,17432,-3116,51,642582489,3.308728369000164,completed,True,very_high_confirm_v2_station_centric_0006__task_0000,1,2.213894287000585,746,1
120.09058863800237,0.09058863800237305,120.0,123.22086538800068,169.59058863800237,219.09058863800237,318.0905886380024,dual16,False,120.09058863800237,0.016487718999997014,False,warehouse,99,17049,515,104,20230,2586,True,True,16,98e521e35a5ce0cfdf4e9a921fbfb7eab3eed8cb60f0ce6a10d1b967b8bf2f97,bec3c69cce327153c5b82eef,99,-5,very_high_confirm_v2_station_centric_0006,1.455246610003087,fixed_budget,,8,242,17049,-3181,51,642582489,3.130276749998302,completed,True,very_high_confirm_v2_station_centric_0006__task_0000,1,1.455246610003087,515,2
120.09268798899939,0.09268798899938702,120.0,123.3205976850004,169.5926879889994,219.0926879889994,318.0926879889994,official_adaptive,False,120.09268798899939,0.017271150998567464,False,warehouse,99,17244,604,103,19829,2317,True,True,25,efcc1e0c9e4cddebd41308e7856af0816a760d780151b6b1c559e8bc807320fb,03a47cc92933804138bb2815,99,-4,very_high_confirm_v2_station_centric_0006,1.7819916759981425,fixed_budget,,29,243,17244,-2585,52,758711491,3.2279096960010065,completed,True,very_high_confirm_v2_station_centric_0006__task_0000,1,1.7819916759981425,604,0
120.09844785599853,0.09844785599852912,120.0,123.13961126199865,171.09844785599853,222.09844785599853,324.09844785599853,dual16,False,120.09844785599853,0.02343942699735635,False,warehouse,102,17162,568,103,19702,2170,True,True,25,efcc1e0c9e4cddebd41308e7856af0816a760d780151b6b1c559e8bc807320fb,9742ab8a878ea86b0922ef7e,102,-1,very_high_confirm_v2_station_centric_0006,2.6584182669976144,fixed_budget,,19,244,17162,-2540,52,758711491,3.0411634060001234,completed,True,very_high_confirm_v2_station_centric_0006__task_0000,1,2.6584182669976144,568,1
120.10575611400054,0.10575611400054186,120.0,123.20038611600103,169.60575611400054,219.10575611400054,318.10575611400054,v2-full,False,120.10575611400054,0.02447049600232276,False,warehouse,99,17241,591,104,20115,2345,True,True,25,efcc1e0c9e4cddebd41308e7856af0816a760d780151b6b1c559e8bc807320fb,18d84e9febc8da93e8c09854,99,-5,very_high_confirm_v2_station_centric_0006,3.2850132509993273,fixed_budget,,37,245,17241,-2874,52,758711491,3.0946300020004855,completed,True,very_high_confirm_v2_station_centric_0006__task_0000,1,3.2850132509993273,591,2
120.09168896800111,0.09168896800110815,120.0,123.1466125980005,179.0916889680011,238.0916889680011,356.0916889680011,v2-full,False,120.09168896800111,0.01488511499701417,False,warehouse,118,12984,436,130,16264,2198,True,True,8,114e239e8a61b7c999d745ee74d98d74d9111c288771473ab048d02dd8fd7662,3f154c1964c3e7ad65f015f7,118,-12,very_high_confirm_v2_station_centric_0007,0.6590558320021955,fixed_budget,,6,246,12984,-3280,51,904680003,3.0549236299993936,completed,True,very_high_confirm_v2_station_centric_0007__task_0000,1,0.6590558320021955,436,0
120.08873960799974,0.08873960799974157,120.0,123.27864866899836,181.58873960799974,243.08873960799974,366.08873960799974,official_adaptive,False,120.08873960799974,0.01822017399899778,False,warehouse,123,13025,417,130,15918,1968,True,True,8,114e239e8a61b7c999d745ee74d98d74d9111c288771473ab048d02dd8fd7662,59f5011a90b535442644a071,123,-7,very_high_confirm_v2_station_centric_0007,0.5705783890007297,fixed_budget,,10,247,13025,-2893,51,904680003,3.189909060998616,completed,True,very_high_confirm_v2_station_centric_0007__task_0000,1,0.5705783890007297,417,1
120.08425836400056,0.08425836400056141,120.0,123.52887878899855,180.08425836400056,240.08425836400056,360.08425836400056,dual16,False,120.08425836400056,0.02990762899935362,False,warehouse,120,12964,474,130,16025,2011,True,True,8,114e239e8a61b7c999d745ee74d98d74d9111c288771473ab048d02dd8fd7662,fcbcad6e834bda91159cd71a,120,-10,very_high_confirm_v2_station_centric_0007,0.5919348919996992,fixed_budget,,3,248,12964,-3061,51,904680003,3.444620424997993,completed,True,very_high_confirm_v2_station_centric_0007__task_0000,1,0.5919348919996992,474,2
120.08731747500133,0.0873174750013277,120.0,123.25036541699956,178.58731747500133,237.08731747500133,354.0873174750013,v2-full,False,120.08731747500133,0.016994206998788286,False,warehouse,117,12941,431,116,15564,1980,True,True,10,75f4cd8f87f260a69090d2b45dcba7486d75ee2fdea4915aa7bd0998b8219e83,047e31b83166c9aadd2b3935,117,1,very_high_confirm_v2_station_centric_0007,0.8545776210012264,fixed_budget,,12,249,12941,-2623,52,375361493,3.1630479419982294,completed,True,very_high_confirm_v2_station_centric_0007__task_0000,1,0.8545776210012264,431,0
120.08202663100019,0.08202663100018981,120.0,123.50050877100148,180.5820266310002,241.0820266310002,362.0820266310002,dual16,False,120.08202663100019,0.01835628499975428,False,warehouse,121,13246,532,125,15477,1961,True,True,10,75f4cd8f87f260a69090d2b45dcba7486d75ee2fdea4915aa7bd0998b8219e83,a76e22d01f3869cd3babcbdb,121,-4,very_high_confirm_v2_station_centric_0007,0.7222435980002047,fixed_budget,,8,250,13246,-2231,52,375361493,3.418482140001288,completed,True,very_high_confirm_v2_station_centric_0007__task_0000,1,0.7222435980002047,532,1
120.08281909499783,0.08281909499783069,120.0,123.18470776599861,178.58281909499783,237.08281909499783,354.08281909499783,official_adaptive,False,120.08281909499783,0.01809968900124659,False,warehouse,117,13224,548,118,15616,2038,True,True,10,75f4cd8f87f260a69090d2b45dcba7486d75ee2fdea4915aa7bd0998b8219e83,e88a7cae33f356d97726e659,117,-1,very_high_confirm_v2_station_centric_0007,0.54788420299883,fixed_budget,,13,251,13224,-2392,52,375361493,3.101888671000779,completed,True,very_high_confirm_v2_station_centric_0007__task_0000,1,0.54788420299883,548,2
