actual_size,agent_count,agents,candidate_id,complete,conflict_trajectory,continuation_teacher,executed_steps,feasible,final_conflict_ratio,final_conflicts,final_fingerprint,final_repair_fingerprint,horizon,initial_conflicts,initial_fingerprint,initial_repair_fingerprint,is_v2_candidate,layout_mode,log_total_seconds,low_level_expanded,low_level_generated,low_level_reopened,low_level_runs,map_id,no_progress,normalized_step_auc,normalized_wall_auc_seconds,observed_total_seconds,padded_steps,pp_replan_seconds,producer_identity_fingerprint,repair_wall_seconds,root_selection_seconds,schema,selection_families,selection_wall_seconds,source_stratum,split,state_id,stop_reason,trial_index
14,100,"0,3,5,15,18,24,25,29,38,48,72,83,98,99",neighborhood-01ad593ef90254f2,True,"2,0",official_adaptive,1,True,0.0,0,8054c32aebb98b9c8e2e5cafaa792278bb8ac4c1f574223d2ae5b4b3476c7c19,c951619294e04d321c713131c858d8f6e4db8487c777934f565166c8c5e3a386,3,2,4f6e69705435e2f6352697e431905b603c294aa340d55dfd9233cc6398fa6c46,0fb48641acba6bb846facc0ea29201b4855f0d28e95134994d3af9a31f5222b0,False,compartmentalized,0.041614699126975636,3914,11509,0,14,policy_train_compartmentalized_double_horizontal_0001,False,0.16666666666666666,0.04249272800005599,0.04249272800005599,2,0.008190508,6672138aa09b88cc5f5fdfc079bc4dedbe9d681f74645debbab2280cb047ae88,0.018952247999990846,0.023540480000065145,lns2.receding_q_label_pilot.v2,collision:16,0.023540480000065145,near_feasible,policy_train,s3__policy_train__policy_train_compartmentalized_double_horizontal_0001__task_0007__seed_0000__realized_dynamic__decision_0000__0000,feasible,0
14,100,"0,3,5,15,18,24,25,29,38,48,72,83,98,99",neighborhood-01ad593ef90254f2,True,"2,0",official_adaptive,1,True,0.0,0,38e82a2ef55c290dcb4e9a33c8a90da0fe5f49097add2e8e6ac8bfa68408ad0a,ed390d97276aeb957b6a7ad0a0d888cd48aeb8a7cd3fa29e33a60201fc500855,3,2,4f6e69705435e2f6352697e431905b603c294aa340d55dfd9233cc6398fa6c46,0fb48641acba6bb846facc0ea29201b4855f0d28e95134994d3af9a31f5222b0,False,compartmentalized,0.04200835675427789,3819,11122,0,14,policy_train_compartmentalized_double_horizontal_0001,False,0.16666666666666666,0.04290319400007547,0.04290319400007547,2,0.010105999,6672138aa09b88cc5f5fdfc079bc4dedbe9d681f74645debbab2280cb047ae88,0.019362714000010328,0.023540480000065145,lns2.receding_q_label_pilot.v2,collision:16,0.023540480000065145,near_feasible,policy_train,s3__policy_train__policy_train_compartmentalized_double_horizontal_0001__task_0007__seed_0000__realized_dynamic__decision_0000__0000,feasible,1
16,100,"0,1,14,15,18,22,29,43,46,49,55,56,59,73,83,86",neighborhood-027afcb298b35988,True,"2,0",official_adaptive,1,True,0.0,0,58c3edad5ae661a9839ec4a812231fefc3fc63fbbb34085bb0d4273e427d2060,cad81c4c2862666243583cda40001590988a9741ce9c963490860b70c89b8c62,3,2,4f6e69705435e2f6352697e431905b603c294aa340d55dfd9233cc6398fa6c46,0fb48641acba6bb846facc0ea29201b4855f0d28e95134994d3af9a31f5222b0,False,compartmentalized,0.04638336061626211,10083,13614,5197,16,policy_train_compartmentalized_double_horizontal_0001,False,0.16666666666666666,0.047475895000061996,0.047475895000061996,2,0.016168442,6672138aa09b88cc5f5fdfc079bc4dedbe9d681f74645debbab2280cb047ae88,0.02393541499999685,0.023540480000065145,lns2.receding_q_label_pilot.v2,random:16,0.023540480000065145,near_feasible,policy_train,s3__policy_train__policy_train_compartmentalized_double_horizontal_0001__task_0007__seed_0000__realized_dynamic__decision_0000__0000,feasible,0
16,100,"0,1,14,15,18,22,29,43,46,49,55,56,59,73,83,86",neighborhood-027afcb298b35988,True,"2,0",official_adaptive,1,True,0.0,0,bd3336aef4ca66a8ec0c63fdc1619a7d5960eeaeed0ef9ddf8fc9cae155b1dee,707200924ad8aebd14fbbd80e5ee7998d6a7b359971d8aad735b4328c6b2c14d,3,2,4f6e69705435e2f6352697e431905b603c294aa340d55dfd9233cc6398fa6c46,0fb48641acba6bb846facc0ea29201b4855f0d28e95134994d3af9a31f5222b0,False,compartmentalized,0.046127183486514074,11561,14889,6154,16,policy_train_compartmentalized_double_horizontal_0001,False,0.16666666666666666,0.047207590000070354,0.047207590000070354,2,0.016948336,6672138aa09b88cc5f5fdfc079bc4dedbe9d681f74645debbab2280cb047ae88,0.02366711000000521,0.023540480000065145,lns2.receding_q_label_pilot.v2,random:16,0.023540480000065145,near_feasible,policy_train,s3__policy_train__policy_train_compartmentalized_double_horizontal_0001__task_0007__seed_0000__realized_dynamic__decision_0000__0000,feasible,1
4,100,"15,20,29,52",neighborhood-0322d84e511c38ae,True,"2,2,2,0",official_adaptive,3,True,0.0,0,7f0ce192cab91b81ec057c96163cdb4805afc12014cff379f0f3dc1460dfe9ba,64970b9b44981578e6b97cc913e87190b3f508ea901643bef5e918a34ba56f99,3,2,4f6e69705435e2f6352697e431905b603c294aa340d55dfd9233cc6398fa6c46,0fb48641acba6bb846facc0ea29201b4855f0d28e95134994d3af9a31f5222b0,False,compartmentalized,0.2598168140076105,60144,30464,39619,20,policy_train_compartmentalized_double_horizontal_0001,False,0.8333333333333334,0.2966925290000688,0.2966925290000688,0,0.08257432399999999,6672138aa09b88cc5f5fdfc079bc4dedbe9d681f74645debbab2280cb047ae88,0.11088043200000186,0.023540480000065145,lns2.receding_q_label_pilot.v2,random:4,0.18581209700006696,near_feasible,policy_train,s3__policy_train__policy_train_compartmentalized_double_horizontal_0001__task_0007__seed_0000__realized_dynamic__decision_0000__0000,feasible,0
4,100,"15,20,29,52",neighborhood-0322d84e511c38ae,True,"2,2,0",official_adaptive,2,True,0.0,0,622433f42d5d2a4f9950f18888b5b35ced13453461a189ac7c66bdf7860cdd50,8b0cbe924db67987abaa2e6d9cbe93402624261c74cfe27536477d18284ecfa0,3,2,4f6e69705435e2f6352697e431905b603c294aa340d55dfd9233cc6398fa6c46,0fb48641acba6bb846facc0ea29201b4855f0d28e95134994d3af9a31f5222b0,False,compartmentalized,0.108236409508024,32636,18825,20962,12,policy_train_compartmentalized_double_horizontal_0001,False,0.5,0.11431114800008402,0.11431114800008402,1,0.036875451,6672138aa09b88cc5f5fdfc079bc4dedbe9d681f74645debbab2280cb047ae88,0.05563009500001215,0.023540480000065145,lns2.receding_q_label_pilot.v2,random:4,0.05868105300007187,near_feasible,policy_train,s3__policy_train__policy_train_compartmentalized_double_horizontal_0001__task_0007__seed_0000__realized_dynamic__decision_0000__0000,feasible,1
8,100,"5,21,23,27,29,51,86,87",neighborhood-04e998c816ac85fb,True,"2,2,2,0",official_adaptive,3,True,0.0,0,832926aa2d63bb61e001f2997bb22f2815f5cb890b1a1d789ae23b8f35db50cd,ececf841ffb30041a872f66e63572df17ad63cf992c0a84f88d41bfd0375c7b9,3,2,4f6e69705435e2f6352697e431905b603c294aa340d55dfd9233cc6398fa6c46,0fb48641acba6bb846facc0ea29201b4855f0d28e95134994d3af9a31f5222b0,False,compartmentalized,0.15794364969949665,46162,25672,30182,24,policy_train_compartmentalized_double_horizontal_0001,False,0.8333333333333334,0.1711002010000584,0.1711002010000584,0,0.047894996,6672138aa09b88cc5f5fdfc079bc4dedbe9d681f74645debbab2280cb047ae88,0.07455386299999134,0.023540480000065145,lns2.receding_q_label_pilot.v2,random:8,0.09654633800006707,near_feasible,policy_train,s3__policy_train__policy_train_compartmentalized_double_horizontal_0001__task_0007__seed_0000__realized_dynamic__decision_0000__0000,feasible,0
8,100,"5,21,23,27,29,51,86,87",neighborhood-04e998c816ac85fb,True,"2,2,0",official_adaptive,2,True,0.0,0,dbedd91f25f86961c8a72a56ef9039f8aeec8a753917fdf0efead35742c3caf7,c0908ea29cf32a0a16c7deb261241ca23aa590a0161194b7de1459846146f9ef,3,2,4f6e69705435e2f6352697e431905b603c294aa340d55dfd9233cc6398fa6c46,0fb48641acba6bb846facc0ea29201b4855f0d28e95134994d3af9a31f5222b0,False,compartmentalized,0.0888073201512217,15547,13949,8459,16,policy_train_compartmentalized_double_horizontal_0001,False,0.5,0.09287006200005976,0.09287006200005976,1,0.021082599,6672138aa09b88cc5f5fdfc079bc4dedbe9d681f74645debbab2280cb047ae88,0.036513267999993104,0.023540480000065145,lns2.receding_q_label_pilot.v2,random:8,0.05635679400006666,near_feasible,policy_train,s3__policy_train__policy_train_compartmentalized_double_horizontal_0001__task_0007__seed_0000__realized_dynamic__decision_0000__0000,feasible,1
8,100,"2,15,17,54,59,60,72,91",neighborhood-05986f38350cd5c2,True,"2,1,0",official_adaptive,2,True,0.0,0,3b43c0fc482b1faebc27238d4b4228e4b171856e563bd8c64282968bd3b43015,c8b4c36e9aa8cae5af8ec200e11ac238da1e5867af2ee22fee8fc15e3d0a4204,3,2,4f6e69705435e2f6352697e431905b603c294aa340d55dfd9233cc6398fa6c46,0fb48641acba6bb846facc0ea29201b4855f0d28e95134994d3af9a31f5222b0,False,compartmentalized,0.08913685397894211,2506,7044,88,13,policy_train_compartmentalized_double_horizontal_0001,False,0.3333333333333333,0.06293889950007525,0.0932302590000802,1,0.0065164030000000005,6672138aa09b88cc5f5fdfc079bc4dedbe9d681f74645debbab2280cb047ae88,0.024768682000015474,0.023540480000065145,lns2.receding_q_label_pilot.v2,random:8,0.06846157700006472,near_feasible,policy_train,s3__policy_train__policy_train_compartmentalized_double_horizontal_0001__task_0007__seed_0000__realized_dynamic__decision_0000__0000,feasible,0
8,100,"2,15,17,54,59,60,72,91",neighborhood-05986f38350cd5c2,True,"2,1,0",official_adaptive,2,True,0.0,0,4bf8ed329fed2eab964e932189b75bed3dc9cbdb958f5517baa7deb9c97ec874,4cd473c3830c74c0b3dad19fb349145ac86ee94e64645e207ab5a1a9fc65a7bb,3,2,4f6e69705435e2f6352697e431905b603c294aa340d55dfd9233cc6398fa6c46,0fb48641acba6bb846facc0ea29201b4855f0d28e95134994d3af9a31f5222b0,False,compartmentalized,0.07818023095547523,2850,8172,74,16,policy_train_compartmentalized_double_horizontal_0001,False,0.3333333333333333,0.05816181200005843,0.08131752800005643,1,0.007532981,6672138aa09b88cc5f5fdfc079bc4dedbe9d681f74645debbab2280cb047ae88,0.027102989999988836,0.023540480000065145,lns2.receding_q_label_pilot.v2,random:8,0.05421453800006759,near_feasible,policy_train,s3__policy_train__policy_train_compartmentalized_double_horizontal_0001__task_0007__seed_0000__realized_dynamic__decision_0000__0000,feasible,1
16,100,"8,12,15,18,19,23,29,34,47,48,49,52,53,60,72,90",neighborhood-061a4d18036d85b8,True,"2,2,0",official_adaptive,2,True,0.0,0,b97be5584d7c37c248c94ada34aa333c505644094d16ebcd707164e77137a19a,63e5ae56620c3ac23c23281fdb3ca4af906153cbb77e0daa7edc81ea51b8b0f9,3,2,4f6e69705435e2f6352697e431905b603c294aa340d55dfd9233cc6398fa6c46,0fb48641acba6bb846facc0ea29201b4855f0d28e95134994d3af9a31f5222b0,False,compartmentalized,0.10341921254776225,33865,25421,20235,24,policy_train_compartmentalized_double_horizontal_0001,False,0.5,0.10895620000006545,0.10895620000006545,1,0.036903486,6672138aa09b88cc5f5fdfc079bc4dedbe9d681f74645debbab2280cb047ae88,0.051690416999989,0.023540480000065145,lns2.receding_q_label_pilot.v2,target:16,0.05726578300007645,near_feasible,policy_train,s3__policy_train__policy_train_compartmentalized_double_horizontal_0001__task_0007__seed_0000__realized_dynamic__decision_0000__0000,feasible,0
16,100,"8,12,15,18,19,23,29,34,47,48,49,52,53,60,72,90",neighborhood-061a4d18036d85b8,True,"2,0",official_adaptive,1,True,0.0,0,e2984129566d7b6ca22b8a6ea45e916ee578bf53d8591e233734995d4d775b22,ca16b4110d830d502169bf479c7281cc561cb2b9c5b6ed75731a74fe754edbbb,3,2,4f6e69705435e2f6352697e431905b603c294aa340d55dfd9233cc6398fa6c46,0fb48641acba6bb846facc0ea29201b4855f0d28e95134994d3af9a31f5222b0,False,compartmentalized,0.03928246990020388,3813,11423,121,16,policy_train_compartmentalized_double_horizontal_0001,False,0.16666666666666666,0.04006422900006612,0.04006422900006612,2,0.00963815,6672138aa09b88cc5f5fdfc079bc4dedbe9d681f74645debbab2280cb047ae88,0.016523749000000976,0.023540480000065145,lns2.receding_q_label_pilot.v2,target:16,0.023540480000065145,near_feasible,policy_train,s3__policy_train__policy_train_compartmentalized_double_horizontal_0001__task_0007__seed_0000__realized_dynamic__decision_0000__0000,feasible,1
8,100,"3,13,15,18,29,44,47,90",neighborhood-066c930ad58a5ca0,True,"2,2,2,0",official_adaptive,3,True,0.0,0,7035fdb181ae06f918926cfac16183a48f93855f5c4a7904d0aea814cca0c743,d5c6e65e55120bb4a59c95048595808f0bd2cebc2cd982e4198d4888941bc2c9,3,2,4f6e69705435e2f6352697e431905b603c294aa340d55dfd9233cc6398fa6c46,0fb48641acba6bb846facc0ea29201b4855f0d28e95134994d3af9a31f5222b0,False,compartmentalized,0.17149460126770083,63088,33186,41829,24,policy_train_compartmentalized_double_horizontal_0001,False,0.8333333333333334,0.1870777340000842,0.1870777340000842,0,0.066922627,6672138aa09b88cc5f5fdfc079bc4dedbe9d681f74645debbab2280cb047ae88,0.09373956000000305,0.023540480000065145,lns2.receding_q_label_pilot.v2,collision:8,0.09333817400008115,near_feasible,policy_train,s3__policy_train__policy_train_compartmentalized_double_horizontal_0001__task_0007__seed_0000__realized_dynamic__decision_0000__0000,feasible,0
8,100,"3,13,15,18,29,44,47,90",neighborhood-066c930ad58a5ca0,True,"2,2,0",official_adaptive,2,True,0.0,0,ab0670e757d83b9225a7c58d914fe752b285ef97de49d63879c9f45f193b61ae,2373e638a56b8ab2c46b1831f3f928b8d571d44fbf4da9966688e397f049bf4e,3,2,4f6e69705435e2f6352697e431905b603c294aa340d55dfd9233cc6398fa6c46,0fb48641acba6bb846facc0ea29201b4855f0d28e95134994d3af9a31f5222b0,False,compartmentalized,0.12012477253801389,32660,21116,20320,16,policy_train_compartmentalized_double_horizontal_0001,False,0.5,0.12763754100005542,0.12763754100005542,1,0.045357883,6672138aa09b88cc5f5fdfc079bc4dedbe9d681f74645debbab2280cb047ae88,0.06599133799998924,0.023540480000065145,lns2.receding_q_label_pilot.v2,collision:8,0.06164620300006618,near_feasible,policy_train,s3__policy_train__policy_train_compartmentalized_double_horizontal_0001__task_0007__seed_0000__realized_dynamic__decision_0000__0000,feasible,1
8,100,"6,15,18,29,37,50,59,81",neighborhood-0bbe363c72cb0441,True,"2,0",official_adaptive,1,True,0.0,0,6babfe67d8ab588a664319ff4ec92d65f4f2894766cf313cbe408b9a6032c597,1649e2bd07fc24f6c70438b2dd38ff937e0d6a6b57146504107cb31fb87a0158,3,2,4f6e69705435e2f6352697e431905b603c294aa340d55dfd9233cc6398fa6c46,0fb48641acba6bb846facc0ea29201b4855f0d28e95134994d3af9a31f5222b0,False,compartmentalized,0.0405984991470827,2297,5778,56,8,policy_train_compartmentalized_double_horizontal_0001,False,0.16666666666666666,0.0414338850000604,0.0414338850000604,2,0.006292955,6672138aa09b88cc5f5fdfc079bc4dedbe9d681f74645debbab2280cb047ae88,0.017893404999995255,0.023540480000065145,lns2.receding_q_label_pilot.v2,collision:8,0.023540480000065145,near_feasible,policy_train,s3__policy_train__policy_train_compartmentalized_double_horizontal_0001__task_0007__seed_0000__realized_dynamic__decision_0000__0000,feasible,0
8,100,"6,15,18,29,37,50,59,81",neighborhood-0bbe363c72cb0441,True,"2,0",official_adaptive,1,True,0.0,0,96ef0529aa5ea2d6772df4a4924285871be1133a54afcdfeb6861442bdac04cc,f04e76f9d7b494616ec6920c2c2bd5ba0db8f12101eb52576aa1f0b81d20ddd9,3,2,4f6e69705435e2f6352697e431905b603c294aa340d55dfd9233cc6398fa6c46,0fb48641acba6bb846facc0ea29201b4855f0d28e95134994d3af9a31f5222b0,False,compartmentalized,0.03835074253091535,2475,6412,52,8,policy_train_compartmentalized_double_horizontal_0001,False,0.16666666666666666,0.03909562400005484,0.03909562400005484,2,0.007668041,6672138aa09b88cc5f5fdfc079bc4dedbe9d681f74645debbab2280cb047ae88,0.015555143999989696,0.023540480000065145,lns2.receding_q_label_pilot.v2,collision:8,0.023540480000065145,near_feasible,policy_train,s3__policy_train__policy_train_compartmentalized_double_horizontal_0001__task_0007__seed_0000__realized_dynamic__decision_0000__0000,feasible,1
3,100,"15,42,72",neighborhood-0f9cc09c1fdc199e,True,"2,1,0",official_adaptive,2,True,0.0,0,0825499d802af62a83d9ee8f113a45ce051c9fb07277e51dce5cb3584dc1d241,5341603752a0cd45b4b51aa1f2d1abb180330e5e2f54cd61c7b2e8630c2e1549,3,2,4f6e69705435e2f6352697e431905b603c294aa340d55dfd9233cc6398fa6c46,0fb48641acba6bb846facc0ea29201b4855f0d28e95134994d3af9a31f5222b0,False,compartmentalized,0.07202412180216705,2186,5475,145,8,policy_train_compartmentalized_double_horizontal_0001,False,0.3333333333333333,0.054540200000069206,0.0746812670000736,1,0.004847909,6672138aa09b88cc5f5fdfc079bc4dedbe9d681f74645debbab2280cb047ae88,0.02227727000000357,0.023540480000065145,lns2.receding_q_label_pilot.v2,target:16,0.052403997000070035,near_feasible,policy_train,s3__policy_train__policy_train_compartmentalized_double_horizontal_0001__task_0007__seed_0000__realized_dynamic__decision_0000__0000,feasible,0
3,100,"15,42,72",neighborhood-0f9cc09c1fdc199e,True,"2,1,0",official_adaptive,2,True,0.0,0,824f400daa09dba3466d3b9425ff9d358f6955ac3b21df858c51c80f312a30c4,72cf2042812edd1ff0fbaad50d518a55f1d19748ca20283753cdd83030f17471,3,2,4f6e69705435e2f6352697e431905b603c294aa340d55dfd9233cc6398fa6c46,0fb48641acba6bb846facc0ea29201b4855f0d28e95134994d3af9a31f5222b0,False,compartmentalized,0.07370446461271066,2713,7290,141,11,policy_train_compartmentalized_double_horizontal_0001,False,0.3333333333333333,0.05432438100007175,0.07648861800007012,1,0.005310644,6672138aa09b88cc5f5fdfc079bc4dedbe9d681f74645debbab2280cb047ae88,0.021825684000006618,0.023540480000065145,lns2.receding_q_label_pilot.v2,target:16,0.0546629340000635,near_feasible,policy_train,s3__policy_train__policy_train_compartmentalized_double_horizontal_0001__task_0007__seed_0000__realized_dynamic__decision_0000__0000,feasible,1
16,100,"3,7,9,11,13,20,24,29,51,62,65,70,82,87,89,92",neighborhood-2a1a76153464dec8,True,"2,2,2,0",official_adaptive,3,True,0.0,0,17f89bcb84e6943f1bf2cb41bfa114f042988d34c42994022d395f972ecfbf7f,a695c68f25f6b816db8a93b0054f1f31cb1b01cd5a17db6bd5f9bf99e16c6562,3,2,4f6e69705435e2f6352697e431905b603c294aa340d55dfd9233cc6398fa6c46,0fb48641acba6bb846facc0ea29201b4855f0d28e95134994d3af9a31f5222b0,False,compartmentalized,0.17787613804538524,47247,28503,30436,32,policy_train_compartmentalized_double_horizontal_0001,False,0.8333333333333334,0.19467733700008694,0.19467733700008694,0,0.05910151,6672138aa09b88cc5f5fdfc079bc4dedbe9d681f74645debbab2280cb047ae88,0.09056263000002218,0.023540480000065145,lns2.receding_q_label_pilot.v2,random:16,0.10411470700006475,near_feasible,policy_train,s3__policy_train__policy_train_compartmentalized_double_horizontal_0001__task_0007__seed_0000__realized_dynamic__decision_0000__0000,feasible,0
16,100,"3,7,9,11,13,20,24,29,51,62,65,70,82,87,89,92",neighborhood-2a1a76153464dec8,True,"2,2,0",official_adaptive,2,True,0.0,0,ceaa9d2bf2da17b596a8cfcb62f6a90e0a5ea0955cfa0853ca18b42b1b425fe8,7640a143f4de6657cf4af26d5e6b84941601b79322b2efacccf26f49fef0ee7f,3,2,4f6e69705435e2f6352697e431905b603c294aa340d55dfd9233cc6398fa6c46,0fb48641acba6bb846facc0ea29201b4855f0d28e95134994d3af9a31f5222b0,False,compartmentalized,0.09115355937822234,16437,17082,8472,24,policy_train_compartmentalized_double_horizontal_0001,False,0.5,0.09543720700004599,0.09543720700004599,1,0.022623015000000003,6672138aa09b88cc5f5fdfc079bc4dedbe9d681f74645debbab2280cb047ae88,0.038276691999982404,0.023540480000065145,lns2.receding_q_label_pilot.v2,random:16,0.05716051500006358,near_feasible,policy_train,s3__policy_train__policy_train_compartmentalized_double_horizontal_0001__task_0007__seed_0000__realized_dynamic__decision_0000__0000,feasible,1
2,100,"15,72",neighborhood-33b42d3739d8a4c3,True,"2,1,0",official_adaptive,2,True,0.0,0,1c0f3d9ebc47d6ddb58d6892ae2b704a7a9bdccfdf2680f46f4983107f8fc6c2,009291b3649f69aacb11a394eb7ea8823f7bf8cdedae1510a947ece2c19808ea,3,2,4f6e69705435e2f6352697e431905b603c294aa340d55dfd9233cc6398fa6c46,0fb48641acba6bb846facc0ea29201b4855f0d28e95134994d3af9a31f5222b0,False,compartmentalized,0.06780685991992118,2047,4893,137,7,policy_train_compartmentalized_double_horizontal_0001,False,0.3333333333333333,0.05097626050006454,0.07015859800006297,1,0.003974038,6672138aa09b88cc5f5fdfc079bc4dedbe9d681f74645debbab2280cb047ae88,0.019508923999993044,0.023540480000065145,lns2.receding_q_label_pilot.v2,target:8,0.05064967400006992,near_feasible,policy_train,s3__policy_train__policy_train_compartmentalized_double_horizontal_0001__task_0007__seed_0000__realized_dynamic__decision_0000__0000,feasible,0
2,100,"15,72",neighborhood-33b42d3739d8a4c3,True,"2,2,0",official_adaptive,2,True,0.0,0,d4bfb3f67401b5671fe0c94331a19f6f367663b3677fbc49aef7d772b236d22c,94bf12fb08fb11c2c255803f7b0d60f1fbe4b5786819cbe8925bbf2f51bb3779,3,2,4f6e69705435e2f6352697e431905b603c294aa340d55dfd9233cc6398fa6c46,0fb48641acba6bb846facc0ea29201b4855f0d28e95134994d3af9a31f5222b0,False,compartmentalized,0.09306175398845695,18800,13759,11320,10,policy_train_compartmentalized_double_horizontal_0001,False,0.5,0.09752951000007215,0.09752951000007215,1,0.021542328,6672138aa09b88cc5f5fdfc079bc4dedbe9d681f74645debbab2280cb047ae88,0.04100090400000056,0.023540480000065145,lns2.receding_q_label_pilot.v2,target:8,0.05652860600007159,near_feasible,policy_train,s3__policy_train__policy_train_compartmentalized_double_horizontal_0001__task_0007__seed_0000__realized_dynamic__decision_0000__0000,feasible,1
4,100,"18,45,88,94",neighborhood-97beebf11cac1f59,True,"2,0",official_adaptive,1,True,0.0,0,d0c6a473f176744bdd39a01311a15b3832ff4ad4e5a25b4eaca0e83ccf1fb145,b6e33d2cfc44c163bb16a6ab002db303b6f51fa67fbfa6922dc460e6e7fc55fa,3,2,4f6e69705435e2f6352697e431905b603c294aa340d55dfd9233cc6398fa6c46,0fb48641acba6bb846facc0ea29201b4855f0d28e95134994d3af9a31f5222b0,False,compartmentalized,0.035747031130496515,1534,3667,22,4,policy_train_compartmentalized_double_horizontal_0001,False,0.16666666666666666,0.03639363800006379,0.03639363800006379,2,0.003104112,6672138aa09b88cc5f5fdfc079bc4dedbe9d681f74645debbab2280cb047ae88,0.012853157999998643,0.023540480000065145,lns2.receding_q_label_pilot.v2,random:4,0.023540480000065145,near_feasible,policy_train,s3__policy_train__policy_train_compartmentalized_double_horizontal_0001__task_0007__seed_0000__realized_dynamic__decision_0000__0000,feasible,0
4,100,"18,45,88,94",neighborhood-97beebf11cac1f59,True,"2,0",official_adaptive,1,True,0.0,0,4e8ca4e7a68a62609006a4ca7c3a6a48060a5ea43f3f4c1aba2cc1774fa08f19,0d327ce285877a24eece10b41eb2dacc235c2204b4391058d9217345c546c934,3,2,4f6e69705435e2f6352697e431905b603c294aa340d55dfd9233cc6398fa6c46,0fb48641acba6bb846facc0ea29201b4855f0d28e95134994d3af9a31f5222b0,False,compartmentalized,0.039445722452230526,1527,3779,0,4,policy_train_compartmentalized_double_horizontal_0001,False,0.16666666666666666,0.04023403600005793,0.04023403600005793,2,0.005947896,6672138aa09b88cc5f5fdfc079bc4dedbe9d681f74645debbab2280cb047ae88,0.016693555999992782,0.023540480000065145,lns2.receding_q_label_pilot.v2,random:4,0.023540480000065145,near_feasible,policy_train,s3__policy_train__policy_train_compartmentalized_double_horizontal_0001__task_0007__seed_0000__realized_dynamic__decision_0000__0000,feasible,1
4,100,"15,53,72,97",neighborhood-a242e389716a56bf,True,"2,2,2,2",official_adaptive,3,False,1.0,2,d2735e6118a364bcfdc1a6738a45a4a2edca6859d61e0db1282fe6a4c3ca716c,4e3b85486952130fec657ec035ab96bea36e86ecf3b015edea317347fe00d4dd,3,2,4f6e69705435e2f6352697e431905b603c294aa340d55dfd9233cc6398fa6c46,0fb48641acba6bb846facc0ea29201b4855f0d28e95134994d3af9a31f5222b0,False,compartmentalized,0.19999276799401855,73732,38171,48048,20,policy_train_compartmentalized_double_horizontal_0001,True,1.0,0.22139392500005783,0.22139392500005783,0,0.093856339,6672138aa09b88cc5f5fdfc079bc4dedbe9d681f74645debbab2280cb047ae88,0.1248467249999976,0.023540480000065145,lns2.receding_q_label_pilot.v2,target:4,0.09654720000006023,near_feasible,policy_train,s3__policy_train__policy_train_compartmentalized_double_horizontal_0001__task_0007__seed_0000__realized_dynamic__decision_0000__0000,horizon_complete,0
4,100,"15,53,72,97",neighborhood-a242e389716a56bf,True,"2,2,0",official_adaptive,2,True,0.0,0,5b6901add96f77ad31ba8e4e09d77ca7371e23cf32c8687594dc31ee3550199b,5d79a3bf33e02c8d42fbb5cd252b381759b14d4254059ae4f6dedf51ff68da6b,3,2,4f6e69705435e2f6352697e431905b603c294aa340d55dfd9233cc6398fa6c46,0fb48641acba6bb846facc0ea29201b4855f0d28e95134994d3af9a31f5222b0,False,compartmentalized,0.0905001163386184,18468,14138,10933,12,policy_train_compartmentalized_double_horizontal_0001,False,0.5,0.09472163500004172,0.09472163500004172,1,0.020660364,6672138aa09b88cc5f5fdfc079bc4dedbe9d681f74645debbab2280cb047ae88,0.037476266999988184,0.023540480000065145,lns2.receding_q_label_pilot.v2,target:4,0.05724536800005353,near_feasible,policy_train,s3__policy_train__policy_train_compartmentalized_double_horizontal_0001__task_0007__seed_0000__realized_dynamic__decision_0000__0000,feasible,1
2,100,"18,29",neighborhood-a3f55c71d02839d8,True,"2,0",official_adaptive,1,True,0.0,0,fa34caa25d96e4aebb237be7b89e628cb9b2e867ac24848f26efd87103915caa,6c697f17446697ce201071cf42058ef7b6289f8895f31cd028fcfb04c4cc4065,3,2,4f6e69705435e2f6352697e431905b603c294aa340d55dfd9233cc6398fa6c46,0fb48641acba6bb846facc0ea29201b4855f0d28e95134994d3af9a31f5222b0,True,compartmentalized,0.034978665879916306,1322,2845,0,2,policy_train_compartmentalized_double_horizontal_0001,False,0.16666666666666666,0.035597615000071414,0.035597615000071414,2,0.003357381,6672138aa09b88cc5f5fdfc079bc4dedbe9d681f74645debbab2280cb047ae88,0.01205713500000627,0.023540480000065145,lns2.receding_q_label_pilot.v2,target:8,0.023540480000065145,near_feasible,policy_train,s3__policy_train__policy_train_compartmentalized_double_horizontal_0001__task_0007__seed_0000__realized_dynamic__decision_0000__0000,feasible,0
2,100,"18,29",neighborhood-a3f55c71d02839d8,True,"2,0",official_adaptive,1,True,0.0,0,257393119a956fd503eaef6ec2b28c61efa709a5e1dbbca530b071a2d00a98f8,59b061e0bd016c56f28055804d1eabc18a7a231ed7e45bc33d85b56b9ae4b302,3,2,4f6e69705435e2f6352697e431905b603c294aa340d55dfd9233cc6398fa6c46,0fb48641acba6bb846facc0ea29201b4855f0d28e95134994d3af9a31f5222b0,True,compartmentalized,0.03238037804423964,1323,2828,0,2,policy_train_compartmentalized_double_horizontal_0001,False,0.16666666666666666,0.03291032700006724,0.03291032700006724,2,0.002302317,6672138aa09b88cc5f5fdfc079bc4dedbe9d681f74645debbab2280cb047ae88,0.009369847000002096,0.023540480000065145,lns2.receding_q_label_pilot.v2,target:8,0.023540480000065145,near_feasible,policy_train,s3__policy_train__policy_train_compartmentalized_double_horizontal_0001__task_0007__seed_0000__realized_dynamic__decision_0000__0000,feasible,1
16,100,"6,15,18,23,26,27,28,29,34,40,46,52,58,67,77,94",neighborhood-ae4980de9b52c1a8,True,"2,1,0",official_adaptive,2,True,0.0,0,958878f3a8bdbed291e20a95fe6955d1dff090aa3942766117c570def907775e,ec4a9f263e45c9b056e51d6ae23af70a863e44cc414f3aa2b3db81d19f1f128c,3,2,4f6e69705435e2f6352697e431905b603c294aa340d55dfd9233cc6398fa6c46,0fb48641acba6bb846facc0ea29201b4855f0d28e95134994d3af9a31f5222b0,False,compartmentalized,0.09807609114251306,10865,23444,84,24,policy_train_compartmentalized_double_horizontal_0001,False,0.3333333333333333,0.0792138995000613,0.10304671400005816,1,0.028357373999999998,6672138aa09b88cc5f5fdfc079bc4dedbe9d681f74645debbab2280cb047ae88,0.047167354999999134,0.023540480000065145,lns2.receding_q_label_pilot.v2,collision:16,0.055879359000059026,near_feasible,policy_train,s3__policy_train__policy_train_compartmentalized_double_horizontal_0001__task_0007__seed_0000__realized_dynamic__decision_0000__0000,feasible,0
16,100,"6,15,18,23,26,27,28,29,34,40,46,52,58,67,77,94",neighborhood-ae4980de9b52c1a8,True,"2,1,0",official_adaptive,2,True,0.0,0,ee533bd686c0fd728f911b51dc38c5b5850472a48707fe2ca3d8a0e98ed4cf7f,0a9c927f0d90b00e8fb2dcb33a4b84e3750ac05f0e3d9edaa031ddf77b139567,3,2,4f6e69705435e2f6352697e431905b603c294aa340d55dfd9233cc6398fa6c46,0fb48641acba6bb846facc0ea29201b4855f0d28e95134994d3af9a31f5222b0,False,compartmentalized,0.10973371417054638,11118,22844,887,24,policy_train_compartmentalized_double_horizontal_0001,False,0.3333333333333333,0.08748060000006319,0.1159808610000681,1,0.027600753999999998,6672138aa09b88cc5f5fdfc079bc4dedbe9d681f74645debbab2280cb047ae88,0.052026517000001604,0.023540480000065145,lns2.receding_q_label_pilot.v2,collision:16,0.0639543440000665,near_feasible,policy_train,s3__policy_train__policy_train_compartmentalized_double_horizontal_0001__task_0007__seed_0000__realized_dynamic__decision_0000__0000,feasible,1
4,100,"15,18,29,61",neighborhood-dd63dad02e162083,True,"2,0",official_adaptive,1,True,0.0,0,340293c73365bae574b9688a19ef7427f3ec7e106d7fa3d2a8cb698b7fa324ae,552cd3796c0d72900e6cc185f33a0b490cc91759d21063f9411270bb79339849,3,2,4f6e69705435e2f6352697e431905b603c294aa340d55dfd9233cc6398fa6c46,0fb48641acba6bb846facc0ea29201b4855f0d28e95134994d3af9a31f5222b0,False,compartmentalized,0.03600879700727626,1650,4037,0,4,policy_train_compartmentalized_double_horizontal_0001,False,0.16666666666666666,0.03666496600006042,0.03666496600006042,2,0.004311934,6672138aa09b88cc5f5fdfc079bc4dedbe9d681f74645debbab2280cb047ae88,0.013124485999995272,0.023540480000065145,lns2.receding_q_label_pilot.v2,collision:4,0.023540480000065145,near_feasible,policy_train,s3__policy_train__policy_train_compartmentalized_double_horizontal_0001__task_0007__seed_0000__realized_dynamic__decision_0000__0000,feasible,0
4,100,"15,18,29,61",neighborhood-dd63dad02e162083,True,"2,2,0",official_adaptive,2,True,0.0,0,606e9264400a045454993acbe1022fc841a62006dff9184c54242b2cc061d7ab,eeb0b3d4dfca154d6f6bea5408c0d26ab2e0d62e72b16be613ceeab16f6608f9,3,2,4f6e69705435e2f6352697e431905b603c294aa340d55dfd9233cc6398fa6c46,0fb48641acba6bb846facc0ea29201b4855f0d28e95134994d3af9a31f5222b0,False,compartmentalized,0.11815467770010392,31257,18612,19686,12,policy_train_compartmentalized_double_horizontal_0001,False,0.5,0.12541817500007824,0.12541817500007824,1,0.041523247,6672138aa09b88cc5f5fdfc079bc4dedbe9d681f74645debbab2280cb047ae88,0.06141114999999786,0.023540480000065145,lns2.receding_q_label_pilot.v2,collision:4,0.06400702500008038,near_feasible,policy_train,s3__policy_train__policy_train_compartmentalized_double_horizontal_0001__task_0007__seed_0000__realized_dynamic__decision_0000__0000,feasible,1
4,100,"15,18,29,67",neighborhood-f2df7e71c2d4a6a3,True,"2,0",official_adaptive,1,True,0.0,0,b4e423505e716bc81cbdb62921546e9f7dbb8dc1d29e0018740e0e7477f9822c,f349bf283e3b959234eea16cbc8b741d1a0006a9d5f09387dbdf56fb338f840e,3,2,4f6e69705435e2f6352697e431905b603c294aa340d55dfd9233cc6398fa6c46,0fb48641acba6bb846facc0ea29201b4855f0d28e95134994d3af9a31f5222b0,False,compartmentalized,0.03489302084105458,1413,3323,0,4,policy_train_compartmentalized_double_horizontal_0001,False,0.16666666666666666,0.03550892500007308,0.03550892500007308,2,0.003207858,6672138aa09b88cc5f5fdfc079bc4dedbe9d681f74645debbab2280cb047ae88,0.011968445000007932,0.023540480000065145,lns2.receding_q_label_pilot.v2,collision:4,0.023540480000065145,near_feasible,policy_train,s3__policy_train__policy_train_compartmentalized_double_horizontal_0001__task_0007__seed_0000__realized_dynamic__decision_0000__0000,feasible,0
4,100,"15,18,29,67",neighborhood-f2df7e71c2d4a6a3,True,"2,2,0",official_adaptive,2,True,0.0,0,56c642996a7610249e0d15a92afa6110c3c5291a3e99c15c70e67d141526236e,705ff6d350f4a903ee213ae84047242caff90926b3ef653d5bdee148e8f89655,3,2,4f6e69705435e2f6352697e431905b603c294aa340d55dfd9233cc6398fa6c46,0fb48641acba6bb846facc0ea29201b4855f0d28e95134994d3af9a31f5222b0,False,compartmentalized,0.11639459043455704,30932,17907,19589,12,policy_train_compartmentalized_double_horizontal_0001,False,0.5,0.12343908300007911,0.12343908300007911,1,0.039216377,6672138aa09b88cc5f5fdfc079bc4dedbe9d681f74645debbab2280cb047ae88,0.06126621000001364,0.023540480000065145,lns2.receding_q_label_pilot.v2,collision:4,0.062172873000065465,near_feasible,policy_train,s3__policy_train__policy_train_compartmentalized_double_horizontal_0001__task_0007__seed_0000__realized_dynamic__decision_0000__0000,feasible,1
4,100,"15,18,29,72",neighborhood-fb242e22f3e59dbc,True,"2,0",official_adaptive,1,True,0.0,0,676e136129ea2ae0a55395d3d486959e1befefb818d89dc243541a2a15944fc6,7f93eac42c7e5880871494c7fe8b4feb3bda311c14f1fc89c15390faa732a096,3,2,4f6e69705435e2f6352697e431905b603c294aa340d55dfd9233cc6398fa6c46,0fb48641acba6bb846facc0ea29201b4855f0d28e95134994d3af9a31f5222b0,False,compartmentalized,0.03664528901690247,1454,3436,0,4,policy_train_compartmentalized_double_horizontal_0001,False,0.16666666666666666,0.03732500500007063,0.03732500500007063,2,0.004342983,6672138aa09b88cc5f5fdfc079bc4dedbe9d681f74645debbab2280cb047ae88,0.013784525000005488,0.023540480000065145,lns2.receding_q_label_pilot.v2,target:4,0.023540480000065145,near_feasible,policy_train,s3__policy_train__policy_train_compartmentalized_double_horizontal_0001__task_0007__seed_0000__realized_dynamic__decision_0000__0000,feasible,0
4,100,"15,18,29,72",neighborhood-fb242e22f3e59dbc,True,"2,2,0",official_adaptive,2,True,0.0,0,e4f7f1287a1906d019f3f07d644cf9dff00dda0dc6ffee3c127e110e2066e73f,8eac4056f6567a3455fa5a076ad351efe1b745980cbd7a799dede3c0001fdd2e,3,2,4f6e69705435e2f6352697e431905b603c294aa340d55dfd9233cc6398fa6c46,0fb48641acba6bb846facc0ea29201b4855f0d28e95134994d3af9a31f5222b0,False,compartmentalized,0.10406833314954646,32176,18290,20675,12,policy_train_compartmentalized_double_horizontal_0001,False,0.5,0.10967628000005902,0.10967628000005902,1,0.035343229000000004,6672138aa09b88cc5f5fdfc079bc4dedbe9d681f74645debbab2280cb047ae88,0.051247219999993376,0.023540480000065145,lns2.receding_q_label_pilot.v2,target:4,0.05842906000006565,near_feasible,policy_train,s3__policy_train__policy_train_compartmentalized_double_horizontal_0001__task_0007__seed_0000__realized_dynamic__decision_0000__0000,feasible,1
16,200,"2,14,25,49,64,72,82,101,127,140,172,174,179,181,190,197",neighborhood-01b9345fc181aa5c,True,"1,0",official_adaptive,1,True,0.0,0,e384bb441641eb508b3d2f437764f3ae406a8de815b8f3aabbdd25e196c7d5e3,390f213c7ee7a7b48edc7a862f9092f9171e0dd020ff9df16bac959124bd4af6,3,1,604343bc2e8025e74155961172c16a81deddeb5453b98d7cccecf60fdb5e717a,00c23ddee6488c20716f32e88060225dd10b3bb6ca9cb8f7445ea39c82e16ae4,False,compartmentalized,0.10091552048789018,29125,35614,15836,16,policy_train_compartmentalized_double_horizontal_0001,False,0.16666666666666666,0.1061831879999886,0.1061831879999886,2,0.05945976,6672138aa09b88cc5f5fdfc079bc4dedbe9d681f74645debbab2280cb047ae88,0.07789341699998431,0.028289771000004293,lns2.receding_q_label_pilot.v2,collision:16,0.028289771000004293,high_cost_progress,policy_train,s3__policy_train__policy_train_compartmentalized_double_horizontal_0001__task_0008__seed_0000__realized_dynamic__decision_0000__0006,feasible,0
16,200,"2,14,25,49,64,72,82,101,127,140,172,174,179,181,190,197",neighborhood-01b9345fc181aa5c,True,"1,0",official_adaptive,1,True,0.0,0,d5b0984d928d134a283681fe2188aa03c4495462efc4e1c3cf4b10e8fcca4ce2,fa80c506687253d6303585d1e09efdc982ab74bcb3c9040363bcaa4fc3577c04,3,1,604343bc2e8025e74155961172c16a81deddeb5453b98d7cccecf60fdb5e717a,00c23ddee6488c20716f32e88060225dd10b3bb6ca9cb8f7445ea39c82e16ae4,False,compartmentalized,0.1009492168705532,31244,39304,16086,16,policy_train_compartmentalized_double_horizontal_0001,False,0.16666666666666666,0.10622046299999965,0.10622046299999965,2,0.062512449,6672138aa09b88cc5f5fdfc079bc4dedbe9d681f74645debbab2280cb047ae88,0.07793069199999536,0.028289771000004293,lns2.receding_q_label_pilot.v2,collision:16,0.028289771000004293,high_cost_progress,policy_train,s3__policy_train__policy_train_compartmentalized_double_horizontal_0001__task_0008__seed_0000__realized_dynamic__decision_0000__0006,feasible,1
8,200,"14,34,77,82,151,165,170,188",neighborhood-0620317b839a331b,True,"1,1,0",official_adaptive,2,True,0.0,0,b066a740b44b1e9c26c03bc2f0cb50c1559dcce7e8d229661f75fd8e244cfed5,4da1501cf487e6c736116789bfa20d980c957e2811cf96c8c002a42d0b63925e,3,1,604343bc2e8025e74155961172c16a81deddeb5453b98d7cccecf60fdb5e717a,00c23ddee6488c20716f32e88060225dd10b3bb6ca9cb8f7445ea39c82e16ae4,False,compartmentalized,0.1471309798544644,24251,41267,6305,16,policy_train_compartmentalized_double_horizontal_0001,False,0.5,0.1585056939999845,0.1585056939999845,1,0.053947301,6672138aa09b88cc5f5fdfc079bc4dedbe9d681f74645debbab2280cb047ae88,0.08736751199998594,0.028289771000004293,lns2.receding_q_label_pilot.v2,collision:8,0.07113818199999855,high_cost_progress,policy_train,s3__policy_train__policy_train_compartmentalized_double_horizontal_0001__task_0008__seed_0000__realized_dynamic__decision_0000__0006,feasible,0
8,200,"14,34,77,82,151,165,170,188",neighborhood-0620317b839a331b,True,"1,1,1,1",official_adaptive,3,False,1.0,1,636f3987cb88bc2794963c4bf9e3b02dabd45e60e448c262524191993219900c,150a496d30fd99846a563e6ba170a646ea5379cc4b2fbc5e78b4313c3bab8639,3,1,604343bc2e8025e74155961172c16a81deddeb5453b98d7cccecf60fdb5e717a,00c23ddee6488c20716f32e88060225dd10b3bb6ca9cb8f7445ea39c82e16ae4,False,compartmentalized,0.17361845442790177,11706,21509,1505,8,policy_train_compartmentalized_double_horizontal_0001,True,1.0,0.1896015920000309,0.1896015920000309,0,0.027312312,6672138aa09b88cc5f5fdfc079bc4dedbe9d681f74645debbab2280cb047ae88,0.0751770450000322,0.028289771000004293,lns2.receding_q_label_pilot.v2,collision:8,0.11442454699999871,high_cost_progress,policy_train,s3__policy_train__policy_train_compartmentalized_double_horizontal_0001__task_0008__seed_0000__realized_dynamic__decision_0000__0006,horizon_complete,1
8,200,"12,14,26,74,82,92,146,161",neighborhood-064794b3c45281b4,True,"1,0",official_adaptive,1,True,0.0,0,5b2648db7f130bf83f95b98d16b24f16da0ed24628d020e37be64db8a9096697,544e32564ee417145369b496661f560b09b54ac76f5215c31381e63a70bf9f0f,3,1,604343bc2e8025e74155961172c16a81deddeb5453b98d7cccecf60fdb5e717a,00c23ddee6488c20716f32e88060225dd10b3bb6ca9cb8f7445ea39c82e16ae4,False,compartmentalized,0.08833174799938448,17276,37628,1184,8,policy_train_compartmentalized_double_horizontal_0001,False,0.16666666666666666,0.09235044700000117,0.09235044700000117,2,0.045903815,6672138aa09b88cc5f5fdfc079bc4dedbe9d681f74645debbab2280cb047ae88,0.06406067599999687,0.028289771000004293,lns2.receding_q_label_pilot.v2,collision:8,0.028289771000004293,high_cost_progress,policy_train,s3__policy_train__policy_train_compartmentalized_double_horizontal_0001__task_0008__seed_0000__realized_dynamic__decision_0000__0006,feasible,0
8,200,"12,14,26,74,82,92,146,161",neighborhood-064794b3c45281b4,True,"1,0",official_adaptive,1,True,0.0,0,b8a4814d1760dfef98c75796188b7db1151001af498114fbe7b68a835a1a6b75,095e3a1d7e51ca9edec0d09bde097c0a54844a95fb20d0e8afeea31da53f2c01,3,1,604343bc2e8025e74155961172c16a81deddeb5453b98d7cccecf60fdb5e717a,00c23ddee6488c20716f32e88060225dd10b3bb6ca9cb8f7445ea39c82e16ae4,False,compartmentalized,0.07990186914089271,15507,35700,1064,8,policy_train_compartmentalized_double_horizontal_0001,False,0.16666666666666666,0.08318076900002325,0.08318076900002325,2,0.038883188,6672138aa09b88cc5f5fdfc079bc4dedbe9d681f74645debbab2280cb047ae88,0.05489099800001895,0.028289771000004293,lns2.receding_q_label_pilot.v2,collision:8,0.028289771000004293,high_cost_progress,policy_train,s3__policy_train__policy_train_compartmentalized_double_horizontal_0001__task_0008__seed_0000__realized_dynamic__decision_0000__0006,feasible,1
16,200,"5,14,24,26,40,44,46,65,74,92,94,124,140,142,179,188",neighborhood-07636f198dcab364,True,"1,0",official_adaptive,1,True,0.0,0,73065620ff8bdabce0677e7494c66df8caacb07dfc00ec277f2dd6dd81f71557,6d7f05d1eb11444381ec6defed2ba0f8f2f011acd675e903d8c9e9a09b6fec33,3,1,604343bc2e8025e74155961172c16a81deddeb5453b98d7cccecf60fdb5e717a,00c23ddee6488c20716f32e88060225dd10b3bb6ca9cb8f7445ea39c82e16ae4,False,compartmentalized,0.08760785930867931,22413,42745,5647,16,policy_train_compartmentalized_double_horizontal_0001,False,0.16666666666666666,0.09155999300000417,0.09155999300000417,2,0.0465627,6672138aa09b88cc5f5fdfc079bc4dedbe9d681f74645debbab2280cb047ae88,0.06327022199999988,0.028289771000004293,lns2.receding_q_label_pilot.v2,random:16,0.028289771000004293,high_cost_progress,policy_train,s3__policy_train__policy_train_compartmentalized_double_horizontal_0001__task_0008__seed_0000__realized_dynamic__decision_0000__0006,feasible,0
16,200,"5,14,24,26,40,44,46,65,74,92,94,124,140,142,179,188",neighborhood-07636f198dcab364,True,"1,0",official_adaptive,1,True,0.0,0,87b539b7874eaa8f50c6bf50d7ab7edf4c2fc60dc77fe074e0bcf0c86c44e504,3e33830e9811a4ad96379bb288e5c457e8c0a92e418bbb62153d0cc685258e2e,3,1,604343bc2e8025e74155961172c16a81deddeb5453b98d7cccecf60fdb5e717a,00c23ddee6488c20716f32e88060225dd10b3bb6ca9cb8f7445ea39c82e16ae4,False,compartmentalized,0.09394891097090709,18871,36393,5324,16,policy_train_compartmentalized_double_horizontal_0001,False,0.16666666666666666,0.09850362299999915,0.09850362299999915,2,0.053520847,6672138aa09b88cc5f5fdfc079bc4dedbe9d681f74645debbab2280cb047ae88,0.07021385199999486,0.028289771000004293,lns2.receding_q_label_pilot.v2,random:16,0.028289771000004293,high_cost_progress,policy_train,s3__policy_train__policy_train_compartmentalized_double_horizontal_0001__task_0008__seed_0000__realized_dynamic__decision_0000__0006,feasible,1
16,200,"11,14,23,24,39,44,66,85,86,95,105,109,110,111,156,195",neighborhood-08abb4b13842628b,True,"1,0",official_adaptive,1,True,0.0,0,a7b08b8e236c412927b6a5f6dc15023d6c75d1e90155a0d64b3db8273f3bcd85,a1c39a21d0f6c05f2c5cfd7cd9086572926d469f71cb37d91df1972d5c3a956f,3,1,604343bc2e8025e74155961172c16a81deddeb5453b98d7cccecf60fdb5e717a,00c23ddee6488c20716f32e88060225dd10b3bb6ca9cb8f7445ea39c82e16ae4,False,compartmentalized,0.08112757960251249,15921,31878,4075,16,policy_train_compartmentalized_double_horizontal_0001,False,0.16666666666666666,0.084509249000007,0.084509249000007,2,0.041239172,6672138aa09b88cc5f5fdfc079bc4dedbe9d681f74645debbab2280cb047ae88,0.05621947800000271,0.028289771000004293,lns2.receding_q_label_pilot.v2,target:16,0.028289771000004293,high_cost_progress,policy_train,s3__policy_train__policy_train_compartmentalized_double_horizontal_0001__task_0008__seed_0000__realized_dynamic__decision_0000__0006,feasible,0
16,200,"11,14,23,24,39,44,66,85,86,95,105,109,110,111,156,195",neighborhood-08abb4b13842628b,True,"1,0",official_adaptive,1,True,0.0,0,bff9762018c5edd0ca3effab195089b304bd5feab584cb27a0e46b97c1c29a82,8915c2a620233baaea7e22c593de415a395519422bddd73955ea02fe29f80609,3,1,604343bc2e8025e74155961172c16a81deddeb5453b98d7cccecf60fdb5e717a,00c23ddee6488c20716f32e88060225dd10b3bb6ca9cb8f7445ea39c82e16ae4,False,compartmentalized,0.09306824035330137,25261,33419,12717,16,policy_train_compartmentalized_double_horizontal_0001,False,0.16666666666666666,0.09753662899998972,0.09753662899998972,2,0.051879891,6672138aa09b88cc5f5fdfc079bc4dedbe9d681f74645debbab2280cb047ae88,0.06924685799998542,0.028289771000004293,lns2.receding_q_label_pilot.v2,target:16,0.028289771000004293,high_cost_progress,policy_train,s3__policy_train__policy_train_compartmentalized_double_horizontal_0001__task_0008__seed_0000__realized_dynamic__decision_0000__0006,feasible,1
4,200,"12,14,70,82",neighborhood-095407fd7c8b0b69,True,"1,1,0",official_adaptive,2,True,0.0,0,bb62e906a375cda54a8e57b3f91de2fd36aa256f9953c0b3c6f2af791fa6741c,dadfcc66425e0bc191bfbba4811d03ed5bfa77ef1cb54c2835a1382807ac42b2,3,1,604343bc2e8025e74155961172c16a81deddeb5453b98d7cccecf60fdb5e717a,00c23ddee6488c20716f32e88060225dd10b3bb6ca9cb8f7445ea39c82e16ae4,False,compartmentalized,0.1549952870461105,24382,45465,3510,12,policy_train_compartmentalized_double_horizontal_0001,False,0.5,0.16765245799996364,0.16765245799996364,1,0.068890512,6672138aa09b88cc5f5fdfc079bc4dedbe9d681f74645debbab2280cb047ae88,0.09938743599997224,0.028289771000004293,lns2.receding_q_label_pilot.v2,collision:4,0.0682650219999914,high_cost_progress,policy_train,s3__policy_train__policy_train_compartmentalized_double_horizontal_0001__task_0008__seed_0000__realized_dynamic__decision_0000__0006,feasible,0
4,200,"12,14,70,82",neighborhood-095407fd7c8b0b69,True,"1,1,1,1",official_adaptive,3,False,1.0,1,0999d070177961d0cc0b956ca6714e0fa9ae29da4e22f2f25a2ce56b08a8181c,ff10b1f4330b396217c6c515cac2ea374ca6880abd4d97254923f036c8469a97,3,1,604343bc2e8025e74155961172c16a81deddeb5453b98d7cccecf60fdb5e717a,00c23ddee6488c20716f32e88060225dd10b3bb6ca9cb8f7445ea39c82e16ae4,False,compartmentalized,0.19929542958103358,9914,18799,0,4,policy_train_compartmentalized_double_horizontal_0001,True,1.0,0.22054249699999673,0.22054249699999673,0,0.032270994,6672138aa09b88cc5f5fdfc079bc4dedbe9d681f74645debbab2280cb047ae88,0.09775057000001652,0.028289771000004293,lns2.receding_q_label_pilot.v2,collision:4,0.1227919269999802,high_cost_progress,policy_train,s3__policy_train__policy_train_compartmentalized_double_horizontal_0001__task_0008__seed_0000__realized_dynamic__decision_0000__0006,horizon_complete,1
8,200,"14,50,55,68,69,91,95,132",neighborhood-0c2868d1d34a0b0c,True,"1,1,0",official_adaptive,2,True,0.0,0,4927c48019eb66f8206d64cd5994c3f591aa89ff6c381ebf19114ca053b37d10,43d885fb859b24e1276444483ca830f9706f70c7057f1f69680b0d462c0a8629,3,1,604343bc2e8025e74155961172c16a81deddeb5453b98d7cccecf60fdb5e717a,00c23ddee6488c20716f32e88060225dd10b3bb6ca9cb8f7445ea39c82e16ae4,False,compartmentalized,0.1514431875901141,17846,39102,1036,16,policy_train_compartmentalized_double_horizontal_0001,False,0.5,0.16351219800003491,0.16351219800003491,1,0.053613806,6672138aa09b88cc5f5fdfc079bc4dedbe9d681f74645debbab2280cb047ae88,0.08750740400000723,0.028289771000004293,lns2.receding_q_label_pilot.v2,random:8,0.07600479400002769,high_cost_progress,policy_train,s3__policy_train__policy_train_compartmentalized_double_horizontal_0001__task_0008__seed_0000__realized_dynamic__decision_0000__0006,feasible,0
8,200,"14,50,55,68,69,91,95,132",neighborhood-0c2868d1d34a0b0c,True,"1,1,1,1",official_adaptive,3,False,1.0,1,e65e2e10a8df25dafadca26dd433c67cc2e70455904d1365222747d4925887e9,54fd0af96fa33c0f94c81d702c8f56369b39e7c6c42d5b7a8e111130ba2d1560,3,1,604343bc2e8025e74155961172c16a81deddeb5453b98d7cccecf60fdb5e717a,00c23ddee6488c20716f32e88060225dd10b3bb6ca9cb8f7445ea39c82e16ae4,False,compartmentalized,0.19952332275447188,13034,24086,1455,8,policy_train_compartmentalized_double_horizontal_0001,True,1.0,0.22082068199998162,0.22082068199998162,0,0.034644391,6672138aa09b88cc5f5fdfc079bc4dedbe9d681f74645debbab2280cb047ae88,0.08401206599998545,0.028289771000004293,lns2.receding_q_label_pilot.v2,random:8,0.13680861599999616,high_cost_progress,policy_train,s3__policy_train__policy_train_compartmentalized_double_horizontal_0001__task_0008__seed_0000__realized_dynamic__decision_0000__0006,horizon_complete,1
8,200,"14,24,36,86,91,110,175,195",neighborhood-14e589ecee0080ca,True,"1,1,0",official_adaptive,2,True,0.0,0,66477706710e7fa5bfbecb4f451c5e836c8020a3242db17022cdce04154694da,bb430a9ad7fb33ced6a51e89edd55ac8209ee650488448aee7df666e0a0f8cce,3,1,604343bc2e8025e74155961172c16a81deddeb5453b98d7cccecf60fdb5e717a,00c23ddee6488c20716f32e88060225dd10b3bb6ca9cb8f7445ea39c82e16ae4,False,compartmentalized,0.1555691296372316,20205,41892,1471,16,policy_train_compartmentalized_double_horizontal_0001,False,0.5,0.16832269900001506,0.16832269900001506,1,0.056143921,6672138aa09b88cc5f5fdfc079bc4dedbe9d681f74645debbab2280cb047ae88,0.08988866900003245,0.028289771000004293,lns2.receding_q_label_pilot.v2,target:8,0.07843402999998261,high_cost_progress,policy_train,s3__policy_train__policy_train_compartmentalized_double_horizontal_0001__task_0008__seed_0000__realized_dynamic__decision_0000__0006,feasible,0
8,200,"14,24,36,86,91,110,175,195",neighborhood-14e589ecee0080ca,True,"1,1,1,1",official_adaptive,3,False,1.0,1,fe48bbfc5c7d4abfeaac7ec54ef90b81568142b39090e12dfa607e346f15fd5b,da7f313c3219d13f05a341e56aa24449df11f6adc49664f4b339d3512d9ed18d,3,1,604343bc2e8025e74155961172c16a81deddeb5453b98d7cccecf60fdb5e717a,00c23ddee6488c20716f32e88060225dd10b3bb6ca9cb8f7445ea39c82e16ae4,False,compartmentalized,0.20790459235234623,13623,24446,1400,8,policy_train_compartmentalized_double_horizontal_0001,True,1.0,0.23109570800005486,0.23109570800005486,0,0.035343664,6672138aa09b88cc5f5fdfc079bc4dedbe9d681f74645debbab2280cb047ae88,0.08663621400003763,0.028289771000004293,lns2.receding_q_label_pilot.v2,target:8,0.14445949400001723,high_cost_progress,policy_train,s3__policy_train__policy_train_compartmentalized_double_horizontal_0001__task_0008__seed_0000__realized_dynamic__decision_0000__0006,horizon_complete,1
8,200,"40,46,56,64,82,117,173,191",neighborhood-17bd7cf88dd201dd,True,"1,0",official_adaptive,1,True,0.0,0,b23f309289de29806857131f4c8c7230c87f44810872e17d8930712ab49c6a09,7cb3ba1274511372b93db0b6f2f6983ad9b9b5fdac740b733d25f6682f8f916a,3,1,604343bc2e8025e74155961172c16a81deddeb5453b98d7cccecf60fdb5e717a,00c23ddee6488c20716f32e88060225dd10b3bb6ca9cb8f7445ea39c82e16ae4,False,compartmentalized,0.09493576881220288,28515,23342,19120,8,policy_train_compartmentalized_double_horizontal_0001,False,0.16666666666666666,0.09958822500001929,0.09958822500001929,2,0.053410144,6672138aa09b88cc5f5fdfc079bc4dedbe9d681f74645debbab2280cb047ae88,0.071298454000015,0.028289771000004293,lns2.receding_q_label_pilot.v2,target:8,0.028289771000004293,high_cost_progress,policy_train,s3__policy_train__policy_train_compartmentalized_double_horizontal_0001__task_0008__seed_0000__realized_dynamic__decision_0000__0006,feasible,0
8,200,"40,46,56,64,82,117,173,191",neighborhood-17bd7cf88dd201dd,True,"1,0",official_adaptive,1,True,0.0,0,2b015043e21a00124f55ac6861cecca81a4daae8d4b8ca1ddf0455cbcb31ec99,0488ccf6902b254832a85380e0e737d29c63998a209ae7607cee209b9cfbce62,3,1,604343bc2e8025e74155961172c16a81deddeb5453b98d7cccecf60fdb5e717a,00c23ddee6488c20716f32e88060225dd10b3bb6ca9cb8f7445ea39c82e16ae4,False,compartmentalized,0.09204660741329092,28397,23232,19029,8,policy_train_compartmentalized_double_horizontal_0001,False,0.16666666666666666,0.0964159220000056,0.0964159220000056,2,0.049395094,6672138aa09b88cc5f5fdfc079bc4dedbe9d681f74645debbab2280cb047ae88,0.0681261510000013,0.028289771000004293,lns2.receding_q_label_pilot.v2,target:8,0.028289771000004293,high_cost_progress,policy_train,s3__policy_train__policy_train_compartmentalized_double_horizontal_0001__task_0008__seed_0000__realized_dynamic__decision_0000__0006,feasible,1
4,200,"0,14,120,127",neighborhood-1a45fbd39195ff78,True,"1,1,0",official_adaptive,2,True,0.0,0,bc4bf0dedb0858b442cc1f26b6da7821c7ef65eb6140584c466e1b7dbc25055a,d260f9e5daf49214dbd6d47b57e4e9d9c3fc85c8f3fa55dadfe4e59239fac4b0,3,1,604343bc2e8025e74155961172c16a81deddeb5453b98d7cccecf60fdb5e717a,00c23ddee6488c20716f32e88060225dd10b3bb6ca9cb8f7445ea39c82e16ae4,False,compartmentalized,0.12894474866144612,13917,28911,540,12,policy_train_compartmentalized_double_horizontal_0001,False,0.5,0.13762726699999916,0.13762726699999916,1,0.034123319,6672138aa09b88cc5f5fdfc079bc4dedbe9d681f74645debbab2280cb047ae88,0.0692796539999847,0.028289771000004293,lns2.receding_q_label_pilot.v2,random:4,0.06834761300001446,high_cost_progress,policy_train,s3__policy_train__policy_train_compartmentalized_double_horizontal_0001__task_0008__seed_0000__realized_dynamic__decision_0000__0006,feasible,0
4,200,"0,14,120,127",neighborhood-1a45fbd39195ff78,True,"1,1,1,1",official_adaptive,3,False,1.0,1,a789aba46d078fcc5e12b05b0906101716aed14eb80aede42050592af2a36a55,198b57d7050e1e5e3a1cadf66f58ace7ee72b92722dcdef69ccd2b1fe60c1e07,3,1,604343bc2e8025e74155961172c16a81deddeb5453b98d7cccecf60fdb5e717a,00c23ddee6488c20716f32e88060225dd10b3bb6ca9cb8f7445ea39c82e16ae4,False,compartmentalized,0.16983801646498167,7432,11589,446,4,policy_train_compartmentalized_double_horizontal_0001,True,1.0,0.18511286700004348,0.18511286700004348,0,0.013760457,6672138aa09b88cc5f5fdfc079bc4dedbe9d681f74645debbab2280cb047ae88,0.0630747160000169,0.028289771000004293,lns2.receding_q_label_pilot.v2,random:4,0.12203815100002657,high_cost_progress,policy_train,s3__policy_train__policy_train_compartmentalized_double_horizontal_0001__task_0008__seed_0000__realized_dynamic__decision_0000__0006,horizon_complete,1
4,200,"8,82,159,166",neighborhood-2009fb47f906235f,True,"1,0",official_adaptive,1,True,0.0,0,6e89e074cc0da155fdb560feb841f32c9b68b9de5ce7f292e77b27e20d842825,b7ff4378a8b59b3ccc876b103a3470bb3e7daf0e96465ea75a9f2661dd0b1c3c,3,1,604343bc2e8025e74155961172c16a81deddeb5453b98d7cccecf60fdb5e717a,00c23ddee6488c20716f32e88060225dd10b3bb6ca9cb8f7445ea39c82e16ae4,False,compartmentalized,0.056184075048260645,4187,10088,0,4,policy_train_compartmentalized_double_horizontal_0001,False,0.16666666666666666,0.05779237900000567,0.05779237900000567,2,0.013154484,6672138aa09b88cc5f5fdfc079bc4dedbe9d681f74645debbab2280cb047ae88,0.029502608000001374,0.028289771000004293,lns2.receding_q_label_pilot.v2,random:4,0.028289771000004293,high_cost_progress,policy_train,s3__policy_train__policy_train_compartmentalized_double_horizontal_0001__task_0008__seed_0000__realized_dynamic__decision_0000__0006,feasible,0
4,200,"8,82,159,166",neighborhood-2009fb47f906235f,True,"1,0",official_adaptive,1,True,0.0,0,e13b036b4be20912620375cf3672df5bac12b63ac813ba42f41fedaad1cfe94e,7b7bafd0f60f79f525c99108eeb88fb4576885b95bee7ad677d564fec9f5222f,3,1,604343bc2e8025e74155961172c16a81deddeb5453b98d7cccecf60fdb5e717a,00c23ddee6488c20716f32e88060225dd10b3bb6ca9cb8f7445ea39c82e16ae4,False,compartmentalized,0.05982589727384248,4190,10081,0,4,policy_train_compartmentalized_double_horizontal_0001,False,0.16666666666666666,0.061651694000005364,0.061651694000005364,2,0.013098764,6672138aa09b88cc5f5fdfc079bc4dedbe9d681f74645debbab2280cb047ae88,0.03336192300000107,0.028289771000004293,lns2.receding_q_label_pilot.v2,random:4,0.028289771000004293,high_cost_progress,policy_train,s3__policy_train__policy_train_compartmentalized_double_horizontal_0001__task_0008__seed_0000__realized_dynamic__decision_0000__0006,feasible,1
16,200,"3,14,20,26,39,82,85,90,92,114,120,123,130,158,159,188",neighborhood-27e2b2df7f1a4de6,True,"1,0",official_adaptive,1,True,0.0,0,5716334e16f91379d476db84f06bf573d7633e4390363a6f3c08c949dba3403c,b105504919b1652ef8d9f9d9440c80202488a8c1b1da4ed5334aeecaf4d607e5,3,1,604343bc2e8025e74155961172c16a81deddeb5453b98d7cccecf60fdb5e717a,00c23ddee6488c20716f32e88060225dd10b3bb6ca9cb8f7445ea39c82e16ae4,False,compartmentalized,0.08654052032070164,17965,33987,5887,16,policy_train_compartmentalized_double_horizontal_0001,False,0.16666666666666666,0.09039555000001087,0.09039555000001087,2,0.045302684,6672138aa09b88cc5f5fdfc079bc4dedbe9d681f74645debbab2280cb047ae88,0.06210577900000658,0.028289771000004293,lns2.receding_q_label_pilot.v2,collision:16,0.028289771000004293,high_cost_progress,policy_train,s3__policy_train__policy_train_compartmentalized_double_horizontal_0001__task_0008__seed_0000__realized_dynamic__decision_0000__0006,feasible,0
16,200,"3,14,20,26,39,82,85,90,92,114,120,123,130,158,159,188",neighborhood-27e2b2df7f1a4de6,True,"1,0",official_adaptive,1,True,0.0,0,e2968aa15eba8d69f74f91af0d6ccc85fa05e2713350d0cb4202e4a6195386f6,f8385ecb81525bc6eefc3255ad3876c0990837f4ae20da0ba2d31f27b4731d0c,3,1,604343bc2e8025e74155961172c16a81deddeb5453b98d7cccecf60fdb5e717a,00c23ddee6488c20716f32e88060225dd10b3bb6ca9cb8f7445ea39c82e16ae4,False,compartmentalized,0.07669112693480092,15799,36066,2913,16,policy_train_compartmentalized_double_horizontal_0001,False,0.16666666666666666,0.07970853200001216,0.07970853200001216,2,0.037692441,6672138aa09b88cc5f5fdfc079bc4dedbe9d681f74645debbab2280cb047ae88,0.05141876100000786,0.028289771000004293,lns2.receding_q_label_pilot.v2,collision:16,0.028289771000004293,high_cost_progress,policy_train,s3__policy_train__policy_train_compartmentalized_double_horizontal_0001__task_0008__seed_0000__realized_dynamic__decision_0000__0006,feasible,1
16,200,"17,28,40,46,47,56,61,64,65,82,88,102,117,119,151,191",neighborhood-36155793f09fe58b,True,"1,0",official_adaptive,1,True,0.0,0,7c256ca1a514f9ff77650b370564b8fd6423e7914c495a6cf03e64e9bd838f57,036aeeeb02e01e9fbee5d41d1120c2cc7b702f271362da80ce15b160db5993f4,3,1,604343bc2e8025e74155961172c16a81deddeb5453b98d7cccecf60fdb5e717a,00c23ddee6488c20716f32e88060225dd10b3bb6ca9cb8f7445ea39c82e16ae4,False,compartmentalized,0.10586474661202035,31167,33962,17978,16,policy_train_compartmentalized_double_horizontal_0001,False,0.16666666666666666,0.11167150899999001,0.11167150899999001,2,0.064431814,6672138aa09b88cc5f5fdfc079bc4dedbe9d681f74645debbab2280cb047ae88,0.08338173799998572,0.028289771000004293,lns2.receding_q_label_pilot.v2,target:16,0.028289771000004293,high_cost_progress,policy_train,s3__policy_train__policy_train_compartmentalized_double_horizontal_0001__task_0008__seed_0000__realized_dynamic__decision_0000__0006,feasible,0
16,200,"17,28,40,46,47,56,61,64,65,82,88,102,117,119,151,191",neighborhood-36155793f09fe58b,True,"1,0",official_adaptive,1,True,0.0,0,8d58e114bd3c5c39d35cb4e2988e1a4fc43631d68842684bf4d3fed5dc5c095a,4e96315939f7156443860ee234f9cbb920540f9b31847061a72b29c9476aee43,3,1,604343bc2e8025e74155961172c16a81deddeb5453b98d7cccecf60fdb5e717a,00c23ddee6488c20716f32e88060225dd10b3bb6ca9cb8f7445ea39c82e16ae4,False,compartmentalized,0.11290568335427782,35152,36570,20817,16,policy_train_compartmentalized_double_horizontal_0001,False,0.16666666666666666,0.1195263379999858,0.1195263379999858,2,0.072242839,6672138aa09b88cc5f5fdfc079bc4dedbe9d681f74645debbab2280cb047ae88,0.0912365669999815,0.028289771000004293,lns2.receding_q_label_pilot.v2,target:16,0.028289771000004293,high_cost_progress,policy_train,s3__policy_train__policy_train_compartmentalized_double_horizontal_0001__task_0008__seed_0000__realized_dynamic__decision_0000__0006,feasible,1
4,200,"14,82,90,114",neighborhood-3ce767ee788f44d9,True,"1,0",official_adaptive,1,True,0.0,0,9d3e3c5738b0c9612b1db1d72129fd825197339c1ea10a8f2a3eacf3beabd520,342131ea78d738ae9f0e7e7d186f687ec8cadf28bf4a7801c22a44ef79a31a53,3,1,604343bc2e8025e74155961172c16a81deddeb5453b98d7cccecf60fdb5e717a,00c23ddee6488c20716f32e88060225dd10b3bb6ca9cb8f7445ea39c82e16ae4,False,compartmentalized,0.06391220379183339,6718,15197,24,4,policy_train_compartmentalized_double_horizontal_0001,False,0.16666666666666666,0.06599880400003144,0.06599880400003144,2,0.019574853,6672138aa09b88cc5f5fdfc079bc4dedbe9d681f74645debbab2280cb047ae88,0.03770903300002715,0.028289771000004293,lns2.receding_q_label_pilot.v2,collision:4,0.028289771000004293,high_cost_progress,policy_train,s3__policy_train__policy_train_compartmentalized_double_horizontal_0001__task_0008__seed_0000__realized_dynamic__decision_0000__0006,feasible,0
4,200,"14,82,90,114",neighborhood-3ce767ee788f44d9,True,"1,0",official_adaptive,1,True,0.0,0,57bfe44c6367f1314468a468049340d016e8c2332db1482975dc98d7380ec752,8e5bd418af7e60d3abc24fafb0bd6bad0acf4ee58a8288de50977b7958483434,3,1,604343bc2e8025e74155961172c16a81deddeb5453b98d7cccecf60fdb5e717a,00c23ddee6488c20716f32e88060225dd10b3bb6ca9cb8f7445ea39c82e16ae4,False,compartmentalized,0.053963994889994614,4098,9539,3,4,policy_train_compartmentalized_double_horizontal_0001,False,0.16666666666666666,0.05544660000001045,0.05544660000001045,2,0.012006501,6672138aa09b88cc5f5fdfc079bc4dedbe9d681f74645debbab2280cb047ae88,0.027156829000006155,0.028289771000004293,lns2.receding_q_label_pilot.v2,collision:4,0.028289771000004293,high_cost_progress,policy_train,s3__policy_train__policy_train_compartmentalized_double_horizontal_0001__task_0008__seed_0000__realized_dynamic__decision_0000__0006,feasible,1
8,200,"37,79,82,113,152,163,196,197",neighborhood-57e09949000b5db6,True,"1,0",official_adaptive,1,True,0.0,0,3a4609163da652d74b0ec426a368102097f359beca90c510b0cca71516363340,424595763bbcac19dfc711822577450d6e6f5abad77e5d7c68c4e8970677159e,3,1,604343bc2e8025e74155961172c16a81deddeb5453b98d7cccecf60fdb5e717a,00c23ddee6488c20716f32e88060225dd10b3bb6ca9cb8f7445ea39c82e16ae4,False,compartmentalized,0.06840508664196333,7310,17281,53,8,policy_train_compartmentalized_double_horizontal_0001,False,0.16666666666666666,0.07079898700001763,0.07079898700001763,2,0.023646375,6672138aa09b88cc5f5fdfc079bc4dedbe9d681f74645debbab2280cb047ae88,0.04250921600001334,0.028289771000004293,lns2.receding_q_label_pilot.v2,random:8,0.028289771000004293,high_cost_progress,policy_train,s3__policy_train__policy_train_compartmentalized_double_horizontal_0001__task_0008__seed_0000__realized_dynamic__decision_0000__0006,feasible,0
8,200,"37,79,82,113,152,163,196,197",neighborhood-57e09949000b5db6,True,"1,0",official_adaptive,1,True,0.0,0,1881319494b3ad36e381045ee66cdcca5b733c50d699cbae94d5a13202ac69c6,e1fbfe0f78167d4fe7d0b343c80f0bbf7e43bfe0aaf8afd30ae34b274515689f,3,1,604343bc2e8025e74155961172c16a81deddeb5453b98d7cccecf60fdb5e717a,00c23ddee6488c20716f32e88060225dd10b3bb6ca9cb8f7445ea39c82e16ae4,False,compartmentalized,0.06974830474203787,7561,18006,67,8,policy_train_compartmentalized_double_horizontal_0001,False,0.16666666666666666,0.0722382699999855,0.0722382699999855,2,0.026468038,6672138aa09b88cc5f5fdfc079bc4dedbe9d681f74645debbab2280cb047ae88,0.04394849899998121,0.028289771000004293,lns2.receding_q_label_pilot.v2,random:8,0.028289771000004293,high_cost_progress,policy_train,s3__policy_train__policy_train_compartmentalized_double_horizontal_0001__task_0008__seed_0000__realized_dynamic__decision_0000__0006,feasible,1
16,200,"37,50,55,70,77,82,91,100,115,123,126,127,156,172,183,194",neighborhood-6eee03a96a4458d8,True,"1,0",official_adaptive,1,True,0.0,0,66102ebf162f90cfc8947871d732c81f907cc646ffc3fb9a0f3e76064181c2ee,201b662e9adae519af703d46e9d35a4e2eb556a7320af46454b6a5c39ace10ee,3,1,604343bc2e8025e74155961172c16a81deddeb5453b98d7cccecf60fdb5e717a,00c23ddee6488c20716f32e88060225dd10b3bb6ca9cb8f7445ea39c82e16ae4,False,compartmentalized,0.09309045439936396,15591,37848,743,16,policy_train_compartmentalized_double_horizontal_0001,False,0.16666666666666666,0.09756101000002104,0.09756101000002104,2,0.050176102,6672138aa09b88cc5f5fdfc079bc4dedbe9d681f74645debbab2280cb047ae88,0.06927123900001675,0.028289771000004293,lns2.receding_q_label_pilot.v2,random:16,0.028289771000004293,high_cost_progress,policy_train,s3__policy_train__policy_train_compartmentalized_double_horizontal_0001__task_0008__seed_0000__realized_dynamic__decision_0000__0006,feasible,0
16,200,"37,50,55,70,77,82,91,100,115,123,126,127,156,172,183,194",neighborhood-6eee03a96a4458d8,True,"1,0",official_adaptive,1,True,0.0,0,e2488af6ddaef2b15964ccac036cf19fee46cef4f0ba95f5d0dce0ca1b80ef8f,a6e96ae88daa91f84bcec5d88aa010f50895e33f056156e17fecfd85758a41fa,3,1,604343bc2e8025e74155961172c16a81deddeb5453b98d7cccecf60fdb5e717a,00c23ddee6488c20716f32e88060225dd10b3bb6ca9cb8f7445ea39c82e16ae4,False,compartmentalized,0.09108825911720454,15424,38455,572,16,policy_train_compartmentalized_double_horizontal_0001,False,0.16666666666666666,0.09536567699998955,0.09536567699998955,2,0.047690522,6672138aa09b88cc5f5fdfc079bc4dedbe9d681f74645debbab2280cb047ae88,0.06707590599998525,0.028289771000004293,lns2.receding_q_label_pilot.v2,random:16,0.028289771000004293,high_cost_progress,policy_train,s3__policy_train__policy_train_compartmentalized_double_horizontal_0001__task_0008__seed_0000__realized_dynamic__decision_0000__0006,feasible,1
4,200,"46,82,117,191",neighborhood-cdaf7f7111f81637,True,"1,0",official_adaptive,1,True,0.0,0,a02153787d65f56c95d84e224874649722a536e5e204a1cb886d29356e34ebc1,aa5ea597bb53795ef3a368631fcdbf907b3cd0b25fa6d939bf53b6440bc670ae,3,1,604343bc2e8025e74155961172c16a81deddeb5453b98d7cccecf60fdb5e717a,00c23ddee6488c20716f32e88060225dd10b3bb6ca9cb8f7445ea39c82e16ae4,True,compartmentalized,0.06721961005447552,9126,13504,3334,4,policy_train_compartmentalized_double_horizontal_0001,False,0.16666666666666666,0.06953033199999936,0.06953033199999936,2,0.024180718,6672138aa09b88cc5f5fdfc079bc4dedbe9d681f74645debbab2280cb047ae88,0.04124056099999507,0.028289771000004293,lns2.receding_q_label_pilot.v2,target:4,0.028289771000004293,high_cost_progress,policy_train,s3__policy_train__policy_train_compartmentalized_double_horizontal_0001__task_0008__seed_0000__realized_dynamic__decision_0000__0006,feasible,0
4,200,"46,82,117,191",neighborhood-cdaf7f7111f81637,True,"1,0",official_adaptive,1,True,0.0,0,925e8f576e51ea3f27362238f892d9820e1d7c13cd8c894172284f91cc46a464,725dd6dbea75a75e9973583981ad2c0924145034e0867fa53e80dc0701975995,3,1,604343bc2e8025e74155961172c16a81deddeb5453b98d7cccecf60fdb5e717a,00c23ddee6488c20716f32e88060225dd10b3bb6ca9cb8f7445ea39c82e16ae4,True,compartmentalized,0.07165835579193781,9487,13773,3612,4,policy_train_compartmentalized_double_horizontal_0001,False,0.16666666666666666,0.0742882570000063,0.0742882570000063,2,0.02354995,6672138aa09b88cc5f5fdfc079bc4dedbe9d681f74645debbab2280cb047ae88,0.045998486000002003,0.028289771000004293,lns2.receding_q_label_pilot.v2,target:4,0.028289771000004293,high_cost_progress,policy_train,s3__policy_train__policy_train_compartmentalized_double_horizontal_0001__task_0008__seed_0000__realized_dynamic__decision_0000__0006,feasible,1
4,200,"14,24,86,110",neighborhood-ea6fa0d6984d1acd,True,"1,0",official_adaptive,1,True,0.0,0,ed89da35be5ba71d9fd0fde07d0b9f5c13dab02adbba3a6ea36c8047823708a5,cf7f6b24c45b8294893f9a6c9794f074138aed21999d77bda202a720e45610ba,3,1,604343bc2e8025e74155961172c16a81deddeb5453b98d7cccecf60fdb5e717a,00c23ddee6488c20716f32e88060225dd10b3bb6ca9cb8f7445ea39c82e16ae4,False,compartmentalized,0.05319971730801697,3159,7947,254,4,policy_train_compartmentalized_double_horizontal_0001,False,0.16666666666666666,0.05464025399999173,0.05464025399999173,2,0.008633786,6672138aa09b88cc5f5fdfc079bc4dedbe9d681f74645debbab2280cb047ae88,0.026350482999987435,0.028289771000004293,lns2.receding_q_label_pilot.v2,target:4,0.028289771000004293,high_cost_progress,policy_train,s3__policy_train__policy_train_compartmentalized_double_horizontal_0001__task_0008__seed_0000__realized_dynamic__decision_0000__0006,feasible,0
4,200,"14,24,86,110",neighborhood-ea6fa0d6984d1acd,True,"1,0",official_adaptive,1,True,0.0,0,dcda53fbe1eb9bc15ec5b5f5be205d860e8c1d43d6f48698b6608f088f23d944,0ed2d51e73dfa56e34d9a1b2ead5ce337063a92a8c443b85fba7ba31288ef275,3,1,604343bc2e8025e74155961172c16a81deddeb5453b98d7cccecf60fdb5e717a,00c23ddee6488c20716f32e88060225dd10b3bb6ca9cb8f7445ea39c82e16ae4,False,compartmentalized,0.055676268059887866,3234,8000,285,4,policy_train_compartmentalized_double_horizontal_0001,False,0.16666666666666666,0.057255360999988625,0.057255360999988625,2,0.011234401,6672138aa09b88cc5f5fdfc079bc4dedbe9d681f74645debbab2280cb047ae88,0.02896558999998433,0.028289771000004293,lns2.receding_q_label_pilot.v2,target:4,0.028289771000004293,high_cost_progress,policy_train,s3__policy_train__policy_train_compartmentalized_double_horizontal_0001__task_0008__seed_0000__realized_dynamic__decision_0000__0006,feasible,1
16,600,"129,215,221,241,257,277,338,341,383,414,423,433,446,456,490,577",neighborhood-009d727129716af9,True,"94,80,80,80",official_adaptive,3,False,0.851063829787234,80,d8c091c8097e3209b7ddf58ee4a8126edda551718f6f9f95db40803929fa951f,72d15567009c8f5760c56de4523b3a366d396cc809c9826d6d46ce9f85807e2b,3,94,b3375dae54f30c96378484e6ab0f5567d4a17e1e1160cdde79d82f10015c6a0a,d9624a5ba1f7411e4ed84afe317ca136d633e1a90761e80f8a8e11950f4e5531,False,compartmentalized,1.1276254022428465,515416,390692,276889,32,policy_train_compartmentalized_double_horizontal_0001,False,0.875886524822695,1.8956538297872323,2.088314281999999,0,1.47050153,6672138aa09b88cc5f5fdfc079bc4dedbe9d681f74645debbab2280cb047ae88,1.6827070170000127,0.10260682199998428,lns2.receding_q_label_pilot.v2,random:16,0.40560726499998623,high_cost_progress,policy_train,s3__policy_train__policy_train_compartmentalized_double_horizontal_0001__task_0016__seed_0000__official_adaptive__decision_0000__0040,horizon_complete,0
16,600,"129,215,221,241,257,277,338,341,383,414,423,433,446,456,490,577",neighborhood-009d727129716af9,True,"94,81,74,72",official_adaptive,3,False,0.7659574468085106,72,44a7792e98194194374fa9d830b7fca0e396577b3aad5f72b2f07a1d46ad1e67,5d9c86e89ab171184b16ec1b07a49e1a1aacfe45e084b4e1c72ef674f00427ea,3,94,b3375dae54f30c96378484e6ab0f5567d4a17e1e1160cdde79d82f10015c6a0a,d9624a5ba1f7411e4ed84afe317ca136d633e1a90761e80f8a8e11950f4e5531,False,compartmentalized,1.0582922913900275,317825,348192,118924,32,policy_train_compartmentalized_double_horizontal_0001,False,0.8439716312056738,1.6886813459255008,1.8814461149999602,0,1.24605282,6672138aa09b88cc5f5fdfc079bc4dedbe9d681f74645debbab2280cb047ae88,1.4547885709999946,0.10260682199998428,lns2.receding_q_label_pilot.v2,random:16,0.4266575439999656,high_cost_progress,policy_train,s3__policy_train__policy_train_compartmentalized_double_horizontal_0001__task_0016__seed_0000__official_adaptive__decision_0000__0040,horizon_complete,1
4,600,"179,278,386,579",neighborhood-01c1fe8dcaf9852d,True,"94,92,78,68",official_adaptive,3,False,0.723404255319149,68,729db64e7da6ae7bb4051fa5d710fd4bee1031b7298823d2bbcf09a77bc032ef,f8f0fb2d11758062b41335f4a27fd521c4558fd237fc48b408b8545b0fd3bd88,3,94,b3375dae54f30c96378484e6ab0f5567d4a17e1e1160cdde79d82f10015c6a0a,d9624a5ba1f7411e4ed84afe317ca136d633e1a90761e80f8a8e11950f4e5531,False,compartmentalized,0.9488972838395581,281444,247122,109312,20,policy_train_compartmentalized_double_horizontal_0001,False,0.8900709219858156,1.5193630070425654,1.5828599270000154,0,0.976679869,6672138aa09b88cc5f5fdfc079bc4dedbe9d681f74645debbab2280cb047ae88,1.1829717200000687,0.10260682199998428,lns2.receding_q_label_pilot.v2,random:4,0.39988820699994676,high_cost_progress,policy_train,s3__policy_train__policy_train_compartmentalized_double_horizontal_0001__task_0016__seed_0000__official_adaptive__decision_0000__0040,horizon_complete,0
4,600,"179,278,386,579",neighborhood-01c1fe8dcaf9852d,True,"94,92,92,87",official_adaptive,3,False,0.925531914893617,87,10044d267287e4ae15407f62d54ca1688b1927909e26bb84b470aafaba800c4c,2e85d184538701610dec0a0e803d57040a38cf68a77d8f6c65df2407eb025981,3,94,b3375dae54f30c96378484e6ab0f5567d4a17e1e1160cdde79d82f10015c6a0a,d9624a5ba1f7411e4ed84afe317ca136d633e1a90761e80f8a8e11950f4e5531,False,compartmentalized,0.8722463752840002,241325,215156,129268,19,policy_train_compartmentalized_double_horizontal_0001,False,0.973404255319149,1.3743260594892406,1.392278777999877,0,0.770412726,6672138aa09b88cc5f5fdfc079bc4dedbe9d681f74645debbab2280cb047ae88,0.9782401109999341,0.10260682199998428,lns2.receding_q_label_pilot.v2,random:4,0.41403866699994296,high_cost_progress,policy_train,s3__policy_train__policy_train_compartmentalized_double_horizontal_0001__task_0016__seed_0000__official_adaptive__decision_0000__0040,horizon_complete,1
4,600,"278,322,354,480",neighborhood-01f3e0d8ef4ca071,True,"94,89,81,81",official_adaptive,3,False,0.8617021276595744,81,5c8cc794350891fe90a5c3effd2d51949397825576da949bc9896114c596e99f,319244816f9a66a9cfc7673929e8fb7a0f249a552175e41a5f0f63d71a3af085,3,94,b3375dae54f30c96378484e6ab0f5567d4a17e1e1160cdde79d82f10015c6a0a,d9624a5ba1f7411e4ed84afe317ca136d633e1a90761e80f8a8e11950f4e5531,False,compartmentalized,0.7212478712442049,102340,172154,3004,20,policy_train_compartmentalized_double_horizontal_0001,False,0.9131205673758865,1.0009309290957562,1.0569984790000149,0,0.4556718860000001,6672138aa09b88cc5f5fdfc079bc4dedbe9d681f74645debbab2280cb047ae88,0.6591950139999767,0.10260682199998428,lns2.receding_q_label_pilot.v2,collision:4,0.39780346500003816,high_cost_progress,policy_train,s3__policy_train__policy_train_compartmentalized_double_horizontal_0001__task_0016__seed_0000__official_adaptive__decision_0000__0040,horizon_complete,0
4,600,"278,322,354,480",neighborhood-01f3e0d8ef4ca071,True,"94,89,86,82",official_adaptive,3,False,0.8723404255319149,82,b8ec8b0f7b1d28292cda759a3826298318933ca2f72a5edb04d356b732f457ce,17119db0b948f783895386b5a792ab7587a678bb476ead6e78fae6409af19b7a,3,94,b3375dae54f30c96378484e6ab0f5567d4a17e1e1160cdde79d82f10015c6a0a,d9624a5ba1f7411e4ed84afe317ca136d633e1a90761e80f8a8e11950f4e5531,False,compartmentalized,0.9554500769905705,374820,302480,203361,20,policy_train_compartmentalized_double_horizontal_0001,False,0.9326241134751773,1.5165312610424524,1.5998404479998953,0,1.028261576,6672138aa09b88cc5f5fdfc079bc4dedbe9d681f74645debbab2280cb047ae88,1.2266762749999316,0.10260682199998428,lns2.receding_q_label_pilot.v2,collision:4,0.37316417299996374,high_cost_progress,policy_train,s3__policy_train__policy_train_compartmentalized_double_horizontal_0001__task_0016__seed_0000__official_adaptive__decision_0000__0040,horizon_complete,1
8,600,"41,104,116,188,223,380,418,456",neighborhood-03f47798239a2dae,True,"94,82,67,64",official_adaptive,3,False,0.6808510638297872,64,ed938033e2fa7a6f5e7548fa3235cfbb7aa0a8488a0e06923a0284dbda1d4345,cdf724b246c6bd0a4654c9f30e1d315ddcee998e0f15d1f0c5c8413e1324f201,3,94,b3375dae54f30c96378484e6ab0f5567d4a17e1e1160cdde79d82f10015c6a0a,d9624a5ba1f7411e4ed84afe317ca136d633e1a90761e80f8a8e11950f4e5531,False,compartmentalized,0.7679727515351817,137522,237965,9974,24,policy_train_compartmentalized_double_horizontal_0001,False,0.8085106382978723,0.9924367928829833,1.1553923060000102,0,0.564721513,6672138aa09b88cc5f5fdfc079bc4dedbe9d681f74645debbab2280cb047ae88,0.7802078860000279,0.10260682199998428,lns2.receding_q_label_pilot.v2,random:8,0.3751844199999823,high_cost_progress,policy_train,s3__policy_train__policy_train_compartmentalized_double_horizontal_0001__task_0016__seed_0000__official_adaptive__decision_0000__0040,horizon_complete,0
8,600,"41,104,116,188,223,380,418,456",neighborhood-03f47798239a2dae,True,"94,81,74,72",official_adaptive,3,False,0.7659574468085106,72,d0ca6af287adeb4e7b3c216bcb109444769164a7855372ec9b1c5df9b98824e8,1d46d891fabbcc4331a7b78a2f814fb53f1bd313978b06a8c71e132926ec89d3,3,94,b3375dae54f30c96378484e6ab0f5567d4a17e1e1160cdde79d82f10015c6a0a,d9624a5ba1f7411e4ed84afe317ca136d633e1a90761e80f8a8e11950f4e5531,False,compartmentalized,0.8004679418802394,176543,213818,34339,24,policy_train_compartmentalized_double_horizontal_0001,False,0.8439716312056738,1.0691905604468226,1.2265825960000143,0,0.664776458,6672138aa09b88cc5f5fdfc079bc4dedbe9d681f74645debbab2280cb047ae88,0.856570846000011,0.10260682199998428,lns2.receding_q_label_pilot.v2,random:8,0.3700117500000033,high_cost_progress,policy_train,s3__policy_train__policy_train_compartmentalized_double_horizontal_0001__task_0016__seed_0000__official_adaptive__decision_0000__0040,horizon_complete,1
8,600,"198,278,376,467,530,535,549,593",neighborhood-05ad9ebec3d27c17,True,"94,92,88,76",official_adaptive,3,False,0.8085106382978723,76,a653df9d8e2ecce8462c6546f012c2b568f767e37b83280e6bcdbbd7d3fd8d46,cb4f0cc6a8c92bf1646e2e5a874e11a5530499d622d551bf28e40d2600dd333d,3,94,b3375dae54f30c96378484e6ab0f5567d4a17e1e1160cdde79d82f10015c6a0a,d9624a5ba1f7411e4ed84afe317ca136d633e1a90761e80f8a8e11950f4e5531,False,compartmentalized,0.9049442950303738,237007,310424,41254,24,policy_train_compartmentalized_double_horizontal_0001,False,0.9397163120567376,1.4387730169361346,1.4717942279999647,0,0.873704817,6672138aa09b88cc5f5fdfc079bc4dedbe9d681f74645debbab2280cb047ae88,1.0902232500000082,0.10260682199998428,lns2.receding_q_label_pilot.v2,random:8,0.38157097799995654,high_cost_progress,policy_train,s3__policy_train__policy_train_compartmentalized_double_horizontal_0001__task_0016__seed_0000__official_adaptive__decision_0000__0040,horizon_complete,0
8,600,"198,278,376,467,530,535,549,593",neighborhood-05ad9ebec3d27c17,True,"94,91,90,87",official_adaptive,3,False,0.925531914893617,87,ef97c4ed7961e55b6b7889fac96c91b7e3e6d822fbb98b8f5cee4ca201e56f64,40947233869033eaf49e7e6c0108b4ba9ceaebd8159d86000811022159ff1289,3,94,b3375dae54f30c96378484e6ab0f5567d4a17e1e1160cdde79d82f10015c6a0a,d9624a5ba1f7411e4ed84afe317ca136d633e1a90761e80f8a8e11950f4e5531,False,compartmentalized,1.157029221999332,516846,402379,267425,24,policy_train_compartmentalized_double_horizontal_0001,False,0.9627659574468085,2.119883108563818,2.1804707549999875,0,1.560677117,6672138aa09b88cc5f5fdfc079bc4dedbe9d681f74645debbab2280cb047ae88,1.768357750000007,0.10260682199998428,lns2.receding_q_label_pilot.v2,random:8,0.4121130049999806,high_cost_progress,policy_train,s3__policy_train__policy_train_compartmentalized_double_horizontal_0001__task_0016__seed_0000__official_adaptive__decision_0000__0040,horizon_complete,1
8,600,"37,103,107,317,389,419,473,547",neighborhood-08e843f52995b092,True,"94,89,67,62",official_adaptive,3,False,0.6595744680851063,62,7a121c77dcf28573644d23ed4dceae4f1e86128e04221cf54eefe12b2a10f49d,549ba42b2ec0e4bbbd5225e7e15ea9ce9a1e8ca69ee8af4c9785f5ef3a5e798a,3,94,b3375dae54f30c96378484e6ab0f5567d4a17e1e1160cdde79d82f10015c6a0a,d9624a5ba1f7411e4ed84afe317ca136d633e1a90761e80f8a8e11950f4e5531,False,compartmentalized,0.8338263712646301,172703,244410,11908,24,policy_train_compartmentalized_double_horizontal_0001,False,0.8297872340425532,1.1949916962659435,1.3021106389999773,0,0.692520178,6672138aa09b88cc5f5fdfc079bc4dedbe9d681f74645debbab2280cb047ae88,0.8934977250000316,0.10260682199998428,lns2.receding_q_label_pilot.v2,collision:8,0.4086129139999457,high_cost_progress,policy_train,s3__policy_train__policy_train_compartmentalized_double_horizontal_0001__task_0016__seed_0000__official_adaptive__decision_0000__0040,horizon_complete,0
8,600,"37,103,107,317,389,419,473,547",neighborhood-08e843f52995b092,True,"94,89,87,82",official_adaptive,3,False,0.8723404255319149,82,572cf8592d828285869c48768cfe467221d916cbad2c0523b5592eb347649444,bad052379d7a6889d8ae5bd6bc0169434a2f8be96e1d5580b77d3ed046c8b455,3,94,b3375dae54f30c96378484e6ab0f5567d4a17e1e1160cdde79d82f10015c6a0a,d9624a5ba1f7411e4ed84afe317ca136d633e1a90761e80f8a8e11950f4e5531,False,compartmentalized,0.7987930867899824,161714,180200,76410,24,policy_train_compartmentalized_double_horizontal_0001,False,0.9361702127659575,1.1691026880850508,1.2228565139999432,0,0.576568266,6672138aa09b88cc5f5fdfc079bc4dedbe9d681f74645debbab2280cb047ae88,0.789384163999955,0.10260682199998428,lns2.receding_q_label_pilot.v2,collision:8,0.4334723499999882,high_cost_progress,policy_train,s3__policy_train__policy_train_compartmentalized_double_horizontal_0001__task_0016__seed_0000__official_adaptive__decision_0000__0040,horizon_complete,1
8,600,"168,182,196,429,450,469,526,546",neighborhood-0b0290c1b5fb69e2,True,"94,94,84,75",official_adaptive,3,False,0.7978723404255319,75,28ea5a0593158390765b1bce4dcf631107638e79dd7bc5960e90c2dd1c15b2aa,1b92e970ce1ab984108abc34af1e1c5ae856522b19e2d812e0dea1a409666e19,3,94,b3375dae54f30c96378484e6ab0f5567d4a17e1e1160cdde79d82f10015c6a0a,d9624a5ba1f7411e4ed84afe317ca136d633e1a90761e80f8a8e11950f4e5531,False,compartmentalized,0.9501583167996632,248869,353158,61244,24,policy_train_compartmentalized_double_horizontal_0001,False,0.9308510638297872,1.53309008853198,1.5861190530000613,0,0.9826118,6672138aa09b88cc5f5fdfc079bc4dedbe9d681f74645debbab2280cb047ae88,1.1889156370000364,0.10260682199998428,lns2.receding_q_label_pilot.v2,collision:8,0.39720341600002484,high_cost_progress,policy_train,s3__policy_train__policy_train_compartmentalized_double_horizontal_0001__task_0016__seed_0000__official_adaptive__decision_0000__0040,horizon_complete,0
8,600,"168,182,196,429,450,469,526,546",neighborhood-0b0290c1b5fb69e2,True,"94,93,91,86",official_adaptive,3,False,0.9148936170212766,86,5e114cf5ff1720c7d61e1bd1b9d1bbc66a95ee6bc8fad422dd98a53777308dde,20b4ea4669dba21f5b141ad40bc0df6386a899dd131c0841b30d7522375e25c8,3,94,b3375dae54f30c96378484e6ab0f5567d4a17e1e1160cdde79d82f10015c6a0a,d9624a5ba1f7411e4ed84afe317ca136d633e1a90761e80f8a8e11950f4e5531,False,compartmentalized,0.9436766200955751,394004,283399,262322,24,policy_train_compartmentalized_double_horizontal_0001,False,0.9716312056737588,1.5437633968085296,1.5694108210000195,0,0.9628936770000001,6672138aa09b88cc5f5fdfc079bc4dedbe9d681f74645debbab2280cb047ae88,1.1663088810000204,0.10260682199998428,lns2.receding_q_label_pilot.v2,collision:8,0.4031019399999991,high_cost_progress,policy_train,s3__policy_train__policy_train_compartmentalized_double_horizontal_0001__task_0016__seed_0000__official_adaptive__decision_0000__0040,horizon_complete,1
16,600,"30,50,65,66,73,103,135,267,281,291,382,402,411,417,515,526",neighborhood-0d85f62f9abd79a0,True,"94,82,80,64",official_adaptive,3,False,0.6808510638297872,64,8f0608d257fd0435c50c68225e0361acecee68b6fa6e45e8acb0ac20a8c09638,240db33d97d6a8274c98f8cf1f1a69b93d2d040d6eb67eb44ae658d787d4a2a8,3,94,b3375dae54f30c96378484e6ab0f5567d4a17e1e1160cdde79d82f10015c6a0a,d9624a5ba1f7411e4ed84afe317ca136d633e1a90761e80f8a8e11950f4e5531,False,compartmentalized,1.3243044644115636,776031,452226,486183,32,policy_train_compartmentalized_double_horizontal_0001,False,0.8546099290780141,2.584904321723413,2.759569531000011,0,2.1344363700000004,6672138aa09b88cc5f5fdfc079bc4dedbe9d681f74645debbab2280cb047ae88,2.345835404000013,0.10260682199998428,lns2.receding_q_label_pilot.v2,random:16,0.4137341269999979,high_cost_progress,policy_train,s3__policy_train__policy_train_compartmentalized_double_horizontal_0001__task_0016__seed_0000__official_adaptive__decision_0000__0040,horizon_complete,0
16,600,"30,50,65,66,73,103,135,267,281,291,382,402,411,417,515,526",neighborhood-0d85f62f9abd79a0,True,"94,82,80,76",official_adaptive,3,False,0.8085106382978723,76,710a5cfc341ed3425e7e2a8bc01fbba7bcfb4de59c016e807d1d7013eacb1029,6490be11240abbf5086426c7e94e6dd514318d558b9f4394be7b65e74ebf02e9,3,94,b3375dae54f30c96378484e6ab0f5567d4a17e1e1160cdde79d82f10015c6a0a,d9624a5ba1f7411e4ed84afe317ca136d633e1a90761e80f8a8e11950f4e5531,False,compartmentalized,1.3547728677020054,950823,395752,725823,32,policy_train_compartmentalized_double_horizontal_0001,False,0.875886524822695,2.7097640712978825,2.8758805190000203,0,2.2342239,6672138aa09b88cc5f5fdfc079bc4dedbe9d681f74645debbab2280cb047ae88,2.4496843840000224,0.10260682199998428,lns2.receding_q_label_pilot.v2,random:16,0.42619613499999787,high_cost_progress,policy_train,s3__policy_train__policy_train_compartmentalized_double_horizontal_0001__task_0016__seed_0000__official_adaptive__decision_0000__0040,horizon_complete,1
4,600,"59,249,456,596",neighborhood-135be6e82bcd5f43,True,"94,89,85,82",official_adaptive,3,False,0.8723404255319149,82,a0104a752829669cdbe6387bab3e79493f618eeba0b73dfd702376786cc4dbca,dd7e664c908e9c25604555f1b8a65db0c5a4be261aba2712842cca7d3c63a442,3,94,b3375dae54f30c96378484e6ab0f5567d4a17e1e1160cdde79d82f10015c6a0a,d9624a5ba1f7411e4ed84afe317ca136d633e1a90761e80f8a8e11950f4e5531,False,compartmentalized,0.9258818354406647,240798,283297,66789,20,policy_train_compartmentalized_double_horizontal_0001,False,0.9290780141843972,1.4436746105319498,1.5240931140000384,0,0.8991580450000001,6672138aa09b88cc5f5fdfc079bc4dedbe9d681f74645debbab2280cb047ae88,1.122813022999992,0.10260682199998428,lns2.receding_q_label_pilot.v2,random:4,0.40128009100004647,high_cost_progress,policy_train,s3__policy_train__policy_train_compartmentalized_double_horizontal_0001__task_0016__seed_0000__official_adaptive__decision_0000__0040,horizon_complete,0
4,600,"59,249,456,596",neighborhood-135be6e82bcd5f43,True,"94,89,87,87",official_adaptive,3,False,0.925531914893617,87,9f4b5078b9228f9dcbd233afd088c533711cac20fcf6343a4d037b64480adde4,716d3893d4ca6e4c8889a2828b4120f2e31dcb1454f5f4957fc91edca9b1d3ae,3,94,b3375dae54f30c96378484e6ab0f5567d4a17e1e1160cdde79d82f10015c6a0a,d9624a5ba1f7411e4ed84afe317ca136d633e1a90761e80f8a8e11950f4e5531,False,compartmentalized,0.8701443428892992,316816,191593,197384,19,policy_train_compartmentalized_double_horizontal_0001,False,0.9450354609929078,1.322878580500055,1.3872554120000586,0,0.8012612969999999,6672138aa09b88cc5f5fdfc079bc4dedbe9d681f74645debbab2280cb047ae88,0.9999304670000697,0.10260682199998428,lns2.receding_q_label_pilot.v2,random:4,0.38732494499998893,high_cost_progress,policy_train,s3__policy_train__policy_train_compartmentalized_double_horizontal_0001__task_0016__seed_0000__official_adaptive__decision_0000__0040,horizon_complete,1
8,600,"166,180,274,278,285,358,390,506",neighborhood-1565a9188af2b9f9,True,"94,78,71,67",official_adaptive,3,False,0.7127659574468085,67,3a9c44a48d6b6b45ad59667f7b62bd172fe14b02d9ba5a105a0544694e89d5a2,4611b4f3ed671f0144a00abf0242b9ca26a0cc668a3258f282dd12536fabb8e8,3,94,b3375dae54f30c96378484e6ab0f5567d4a17e1e1160cdde79d82f10015c6a0a,d9624a5ba1f7411e4ed84afe317ca136d633e1a90761e80f8a8e11950f4e5531,False,compartmentalized,0.9406769884691368,335910,251241,189964,24,policy_train_compartmentalized_double_horizontal_0001,False,0.8138297872340425,1.3225216798191173,1.5617150829999673,0,0.9532518989999998,6672138aa09b88cc5f5fdfc079bc4dedbe9d681f74645debbab2280cb047ae88,1.174591247999956,0.10260682199998428,lns2.receding_q_label_pilot.v2,target:8,0.38712383500001124,high_cost_progress,policy_train,s3__policy_train__policy_train_compartmentalized_double_horizontal_0001__task_0016__seed_0000__official_adaptive__decision_0000__0040,horizon_complete,0
8,600,"166,180,274,278,285,358,390,506",neighborhood-1565a9188af2b9f9,True,"94,77,75,73",official_adaptive,3,False,0.776595744680851,73,92af6e741defb97d7f82f308c507f5e765f1b925235034dc50e3c02698e818d8,b902c7612dd516a13e2043009567599debeb974df05fa70d40958e73e163ecf3,3,94,b3375dae54f30c96378484e6ab0f5567d4a17e1e1160cdde79d82f10015c6a0a,d9624a5ba1f7411e4ed84afe317ca136d633e1a90761e80f8a8e11950f4e5531,False,compartmentalized,0.8257494071434124,181473,241689,43046,24,policy_train_compartmentalized_double_horizontal_0001,False,0.8351063829787234,1.11891820877669,1.2835914640000965,0,0.677160262,6672138aa09b88cc5f5fdfc079bc4dedbe9d681f74645debbab2280cb047ae88,0.8853716070001383,0.10260682199998428,lns2.receding_q_label_pilot.v2,target:8,0.3982198569999582,high_cost_progress,policy_train,s3__policy_train__policy_train_compartmentalized_double_horizontal_0001__task_0016__seed_0000__official_adaptive__decision_0000__0040,horizon_complete,1
16,600,"37,71,103,107,144,195,197,343,357,389,394,470,473,493,510,547",neighborhood-1e1ff903415e6925,True,"94,94,84,75",official_adaptive,3,False,0.7978723404255319,75,733b7cced55bd97c01daf3b8328ecc5d088a493d3f230a172df577d5df300a26,5bfb6b25daabbb358396adbb070b211715b85b3ae6b675bc77e1ba813332ef12,3,94,b3375dae54f30c96378484e6ab0f5567d4a17e1e1160cdde79d82f10015c6a0a,d9624a5ba1f7411e4ed84afe317ca136d633e1a90761e80f8a8e11950f4e5531,False,compartmentalized,1.1895236907468645,506032,458691,245270,31,policy_train_compartmentalized_double_horizontal_0001,False,0.9308510638297872,2.226848758319072,2.2855159129999265,0,1.670123281,6672138aa09b88cc5f5fdfc079bc4dedbe9d681f74645debbab2280cb047ae88,1.886341663000053,0.10260682199998428,lns2.receding_q_label_pilot.v2,collision:16,0.3991742499998736,high_cost_progress,policy_train,s3__policy_train__policy_train_compartmentalized_double_horizontal_0001__task_0016__seed_0000__official_adaptive__decision_0000__0040,horizon_complete,0
16,600,"37,71,103,107,144,195,197,343,357,389,394,470,473,493,510,547",neighborhood-1e1ff903415e6925,True,"94,92,91,85",official_adaptive,3,False,0.9042553191489362,85,22e9f2cc86aeba0c4e5ea44a2a1701bc6d8ddba676f98eb3a70865c01884b229,5d03e9266e3f2de825bce008b98a4e2b6f30e989f4f25b3e5d123427b537c306,3,94,b3375dae54f30c96378484e6ab0f5567d4a17e1e1160cdde79d82f10015c6a0a,d9624a5ba1f7411e4ed84afe317ca136d633e1a90761e80f8a8e11950f4e5531,False,compartmentalized,1.0905665412739025,536425,397406,349480,32,policy_train_compartmentalized_double_horizontal_0001,False,0.9663120567375887,1.9480771875320457,1.9759595990001344,0,1.337583606,6672138aa09b88cc5f5fdfc079bc4dedbe9d681f74645debbab2280cb047ae88,1.5589886210001396,0.10260682199998428,lns2.receding_q_label_pilot.v2,collision:16,0.41697097799999483,high_cost_progress,policy_train,s3__policy_train__policy_train_compartmentalized_double_horizontal_0001__task_0016__seed_0000__official_adaptive__decision_0000__0040,horizon_complete,1
16,600,"44,164,166,172,210,264,278,318,322,354,368,456,458,480,568,590",neighborhood-336af1eb1254d514,True,"94,71,71,71",official_adaptive,3,False,0.7553191489361702,71,341b4c83d4615dbd99428d6f5aed1f3a098dea3d172e4d68b4e586b7c2b14a54,b70cc64d78a6cc53f169efbc52fad60dfc1d5ea39a17882d44eafc8db1cac741,3,94,b3375dae54f30c96378484e6ab0f5567d4a17e1e1160cdde79d82f10015c6a0a,d9624a5ba1f7411e4ed84afe317ca136d633e1a90761e80f8a8e11950f4e5531,True,compartmentalized,1.0160350800254196,423325,305482,259003,32,policy_train_compartmentalized_double_horizontal_0001,False,0.7960992907801419,1.5015668736276617,1.762221038000007,0,1.1313442870000001,6672138aa09b88cc5f5fdfc079bc4dedbe9d681f74645debbab2280cb047ae88,1.356723144000057,0.10260682199998428,lns2.receding_q_label_pilot.v2,collision:16,0.40549789399995007,high_cost_progress,policy_train,s3__policy_train__policy_train_compartmentalized_double_horizontal_0001__task_0016__seed_0000__official_adaptive__decision_0000__0040,horizon_complete,0
16,600,"44,164,166,172,210,264,278,318,322,354,368,456,458,480,568,590",neighborhood-336af1eb1254d514,True,"94,72,72,68",official_adaptive,3,False,0.723404255319149,68,bf58be9c12299126ebbd742bdd8d6e9b2da1fbe9df725a6ad0ea1c9a91555f28,f94df3af6ff3465306daa8d34158d2396f0922895327e846983f2e07ea8e3e1a,3,94,b3375dae54f30c96378484e6ab0f5567d4a17e1e1160cdde79d82f10015c6a0a,d9624a5ba1f7411e4ed84afe317ca136d633e1a90761e80f8a8e11950f4e5531,True,compartmentalized,1.149444514663317,444909,459743,170664,32,policy_train_compartmentalized_double_horizontal_0001,False,0.7978723404255319,1.8091068589574884,2.156439067000065,0,1.517759243,6672138aa09b88cc5f5fdfc079bc4dedbe9d681f74645debbab2280cb047ae88,1.7330080020000196,0.10260682199998428,lns2.receding_q_label_pilot.v2,collision:16,0.42343106500004524,high_cost_progress,policy_train,s3__policy_train__policy_train_compartmentalized_double_horizontal_0001__task_0016__seed_0000__official_adaptive__decision_0000__0040,horizon_complete,1
8,600,"27,37,89,388,389,399,533,553",neighborhood-76e895e213be33e5,True,"94,90,70,66",official_adaptive,3,False,0.7021276595744681,66,6e0f267a7bed8233d8e6decc81eae3d0cf681727087270e82e686b5de0c33d0c,fb1bcccc2201acc06ca1f9a0bae4adc360d82e325a61c869e341664f055ffbed,3,94,b3375dae54f30c96378484e6ab0f5567d4a17e1e1160cdde79d82f10015c6a0a,d9624a5ba1f7411e4ed84afe317ca136d633e1a90761e80f8a8e11950f4e5531,False,compartmentalized,1.1208800153048484,543071,372296,307537,24,policy_train_compartmentalized_double_horizontal_0001,False,0.851063829787234,1.8479086496808983,2.067552509000052,0,1.473267769,6672138aa09b88cc5f5fdfc079bc4dedbe9d681f74645debbab2280cb047ae88,1.683109709000064,0.10260682199998428,lns2.receding_q_label_pilot.v2,target:8,0.384442799999988,high_cost_progress,policy_train,s3__policy_train__policy_train_compartmentalized_double_horizontal_0001__task_0016__seed_0000__official_adaptive__decision_0000__0040,horizon_complete,0
8,600,"27,37,89,388,389,399,533,553",neighborhood-76e895e213be33e5,True,"94,90,83,81",official_adaptive,3,False,0.8617021276595744,81,89be6e93ce3d80d263413101b288771b201012565ad0b2ce63923cb6b2143509,9dc9628e1c36bf5979c1ee5d047b2674d74bf51c2f0b73a8eff66dc11f1f9a00,3,94,b3375dae54f30c96378484e6ab0f5567d4a17e1e1160cdde79d82f10015c6a0a,d9624a5ba1f7411e4ed84afe317ca136d633e1a90761e80f8a8e11950f4e5531,False,compartmentalized,1.097656358579152,545957,323805,386485,24,policy_train_compartmentalized_double_horizontal_0001,False,0.9237588652482269,1.9063869751488942,1.9971335799999679,0,1.339320311,6672138aa09b88cc5f5fdfc079bc4dedbe9d681f74645debbab2280cb047ae88,1.5571427289999065,0.10260682199998428,lns2.receding_q_label_pilot.v2,target:8,0.4399908510000614,high_cost_progress,policy_train,s3__policy_train__policy_train_compartmentalized_double_horizontal_0001__task_0016__seed_0000__official_adaptive__decision_0000__0040,horizon_complete,1
4,600,"27,37,388,533",neighborhood-8996d4a132b34cf9,True,"94,91,77,74",official_adaptive,3,False,0.7872340425531915,74,28b737d82b10f7799b71f5c5af8f5f961c12655a5d67fcf5492011e383a68a36,af1237fa70530c82080b79c06e3ff9eb166dbe1bc8784bd9f70e2cd37dda50e4,3,94,b3375dae54f30c96378484e6ab0f5567d4a17e1e1160cdde79d82f10015c6a0a,d9624a5ba1f7411e4ed84afe317ca136d633e1a90761e80f8a8e11950f4e5531,False,compartmentalized,0.9444788565254377,307495,295519,140548,20,policy_train_compartmentalized_double_horizontal_0001,False,0.8936170212765957,1.4606793502340258,1.5714729229999875,0,0.978064225,6672138aa09b88cc5f5fdfc079bc4dedbe9d681f74645debbab2280cb047ae88,1.178027639999982,0.10260682199998428,lns2.receding_q_label_pilot.v2,target:4,0.3934452830000055,high_cost_progress,policy_train,s3__policy_train__policy_train_compartmentalized_double_horizontal_0001__task_0016__seed_0000__official_adaptive__decision_0000__0040,horizon_complete,0
4,600,"27,37,388,533",neighborhood-8996d4a132b34cf9,True,"94,91,89,87",official_adaptive,3,False,0.925531914893617,87,43f713e5716543179d4b2243dca6f1330c6f0ff23159134f26ee6f1386d61205,e0ec05927b52264e457894710b11c31eca22dc8c39337d82cd2a5baaa5fb9e93,3,94,b3375dae54f30c96378484e6ab0f5567d4a17e1e1160cdde79d82f10015c6a0a,d9624a5ba1f7411e4ed84afe317ca136d633e1a90761e80f8a8e11950f4e5531,False,compartmentalized,0.8237036904805937,252456,150709,183724,19,policy_train_compartmentalized_double_horizontal_0001,False,0.9592198581560284,1.247778951819197,1.2789246580000508,0,0.631929143,6672138aa09b88cc5f5fdfc079bc4dedbe9d681f74645debbab2280cb047ae88,0.8604216890000771,0.10260682199998428,lns2.receding_q_label_pilot.v2,target:4,0.41850296899997375,high_cost_progress,policy_train,s3__policy_train__policy_train_compartmentalized_double_horizontal_0001__task_0016__seed_0000__official_adaptive__decision_0000__0040,horizon_complete,1
16,600,"10,124,132,166,168,180,200,232,274,278,279,285,358,390,490,506",neighborhood-9d9bfc3228790572,True,"94,74,73,66",official_adaptive,3,False,0.7021276595744681,66,659afabeb86eb82751b95a15a966789c85fba114c5536031c475d22d0c562fed,52affbb44d295171abe01b32b1e07ffdb68d7f96fca3e562db16698e88eeb86e,3,94,b3375dae54f30c96378484e6ab0f5567d4a17e1e1160cdde79d82f10015c6a0a,d9624a5ba1f7411e4ed84afe317ca136d633e1a90761e80f8a8e11950f4e5531,False,compartmentalized,0.9922244884971346,317796,401778,116771,32,policy_train_compartmentalized_double_horizontal_0001,False,0.8049645390070922,1.484301960648898,1.6972277559999611,0,1.06442969,6672138aa09b88cc5f5fdfc079bc4dedbe9d681f74645debbab2280cb047ae88,1.3015616209999052,0.10260682199998428,lns2.receding_q_label_pilot.v2,target:16,0.3956661350000559,high_cost_progress,policy_train,s3__policy_train__policy_train_compartmentalized_double_horizontal_0001__task_0016__seed_0000__official_adaptive__decision_0000__0040,horizon_complete,0
16,600,"10,124,132,166,168,180,200,232,274,278,279,285,358,390,490,506",neighborhood-9d9bfc3228790572,True,"94,93,91,87",official_adaptive,3,False,0.925531914893617,87,9c10e3f21241a75ecb16e057a61c313919e77cfb57c731b461207d635c94d30f,83f5629f79c63cac2c7d66815bcbe194a24c5508af485a60e18d910987d36977,3,94,b3375dae54f30c96378484e6ab0f5567d4a17e1e1160cdde79d82f10015c6a0a,d9624a5ba1f7411e4ed84afe317ca136d633e1a90761e80f8a8e11950f4e5531,False,compartmentalized,1.0722677394063804,370626,342129,170033,32,policy_train_compartmentalized_double_horizontal_0001,False,0.973404255319149,1.908606821042578,1.9219983230000253,0,1.296170563,6672138aa09b88cc5f5fdfc079bc4dedbe9d681f74645debbab2280cb047ae88,1.508786483000108,0.10260682199998428,lns2.receding_q_label_pilot.v2,target:16,0.4132118399999172,high_cost_progress,policy_train,s3__policy_train__policy_train_compartmentalized_double_horizontal_0001__task_0016__seed_0000__official_adaptive__decision_0000__0040,horizon_complete,1
4,600,"166,278,358,390",neighborhood-cb8b0c2198d9d49a,True,"94,94,84,75",official_adaptive,3,False,0.7978723404255319,75,07a6f2d22610fcea562c6b07e04860a7a03e5d51b08b5fd0a799d797872a6391,5bfb6b25daabbb358396adbb070b211715b85b3ae6b675bc77e1ba813332ef12,3,94,b3375dae54f30c96378484e6ab0f5567d4a17e1e1160cdde79d82f10015c6a0a,d9624a5ba1f7411e4ed84afe317ca136d633e1a90761e80f8a8e11950f4e5531,False,compartmentalized,0.867437291042871,170786,276700,4516,19,policy_train_compartmentalized_double_horizontal_0001,False,0.9308510638297872,1.3235200711491044,1.3808017270001756,0,0.747858993,6672138aa09b88cc5f5fdfc079bc4dedbe9d681f74645debbab2280cb047ae88,0.9813590730001351,0.10260682199998428,lns2.receding_q_label_pilot.v2,target:4,0.3994426540000404,high_cost_progress,policy_train,s3__policy_train__policy_train_compartmentalized_double_horizontal_0001__task_0016__seed_0000__official_adaptive__decision_0000__0040,horizon_complete,0
4,600,"166,278,358,390",neighborhood-cb8b0c2198d9d49a,True,"94,94,93,87",official_adaptive,3,False,0.925531914893617,87,2f5917036a04b78f5aa62a79cb950c625f51aa4643e3d3423f4e27e815259f29,5155aa878dfa23b4b6773e28bea15081020e4146a54b52cd18b0f796356dbd04,3,94,b3375dae54f30c96378484e6ab0f5567d4a17e1e1160cdde79d82f10015c6a0a,d9624a5ba1f7411e4ed84afe317ca136d633e1a90761e80f8a8e11950f4e5531,False,compartmentalized,1.1892255677076076,687844,280512,506347,20,policy_train_compartmentalized_double_horizontal_0001,False,0.9840425531914894,2.272325142021154,2.284536570999876,0,1.648566723,6672138aa09b88cc5f5fdfc079bc4dedbe9d681f74645debbab2280cb047ae88,1.8662247949999937,0.10260682199998428,lns2.receding_q_label_pilot.v2,target:4,0.41831177599988223,high_cost_progress,policy_train,s3__policy_train__policy_train_compartmentalized_double_horizontal_0001__task_0016__seed_0000__official_adaptive__decision_0000__0040,horizon_complete,1
4,600,"37,103,107,547",neighborhood-d7a98bb81d8d1538,True,"94,91,77,74",official_adaptive,3,False,0.7872340425531915,74,f2367062504cf5847b5401c2effb9cb03f7992ae028c6daaa8b7c4096d90efc3,118f746ce075e8820c507c3e4548dab0582abd75d46e50c531de1de00407420c,3,94,b3375dae54f30c96378484e6ab0f5567d4a17e1e1160cdde79d82f10015c6a0a,d9624a5ba1f7411e4ed84afe317ca136d633e1a90761e80f8a8e11950f4e5531,False,compartmentalized,1.073479002120174,213275,326609,12702,20,policy_train_compartmentalized_double_horizontal_0001,False,0.8936170212765957,1.7874173766487724,1.9255397749998338,0,1.169715936,6672138aa09b88cc5f5fdfc079bc4dedbe9d681f74645debbab2280cb047ae88,1.430689622999921,0.10260682199998428,lns2.receding_q_label_pilot.v2,collision:4,0.49485015199991267,high_cost_progress,policy_train,s3__policy_train__policy_train_compartmentalized_double_horizontal_0001__task_0016__seed_0000__official_adaptive__decision_0000__0040,horizon_complete,0
4,600,"37,103,107,547",neighborhood-d7a98bb81d8d1538,True,"94,91,89,87",official_adaptive,3,False,0.925531914893617,87,f3b595718a53618a663f251b90f54b8ea901286df14d3d7740c3ac871f9bd087,4e68739fe5374cd92994d6c4240a2975f1ae2075d28ffb50f13a7c1118d3e06d,3,94,b3375dae54f30c96378484e6ab0f5567d4a17e1e1160cdde79d82f10015c6a0a,d9624a5ba1f7411e4ed84afe317ca136d633e1a90761e80f8a8e11950f4e5531,False,compartmentalized,0.7823053738228503,155530,181970,53101,19,policy_train_compartmentalized_double_horizontal_0001,False,0.9592198581560284,1.1578761841062413,1.18650717599985,0,0.5798194270000001,6672138aa09b88cc5f5fdfc079bc4dedbe9d681f74645debbab2280cb047ae88,0.7898732459999565,0.10260682199998428,lns2.receding_q_label_pilot.v2,collision:4,0.39663392999989355,high_cost_progress,policy_train,s3__policy_train__policy_train_compartmentalized_double_horizontal_0001__task_0016__seed_0000__official_adaptive__decision_0000__0040,horizon_complete,1
16,600,"27,37,38,89,243,328,388,389,396,399,415,434,469,533,553,597",neighborhood-f897da23a2c6dc3c,True,"94,91,87,85",official_adaptive,3,False,0.9042553191489362,85,1d739a1ffce326c1a66899e8b7fb728aec58040592499eb79028214cf8487d99,7594d9b2c03340f9f2d854eac8e255124c4905d85ab50d3337b7fa05e114c321,3,94,b3375dae54f30c96378484e6ab0f5567d4a17e1e1160cdde79d82f10015c6a0a,d9624a5ba1f7411e4ed84afe317ca136d633e1a90761e80f8a8e11950f4e5531,False,compartmentalized,1.2403596790261995,778488,370954,596272,32,policy_train_compartmentalized_double_horizontal_0001,False,0.9485815602836879,2.391827689723434,2.4568566000000374,0,1.8161303279999998,6672138aa09b88cc5f5fdfc079bc4dedbe9d681f74645debbab2280cb047ae88,2.041514521999943,0.10260682199998428,lns2.receding_q_label_pilot.v2,target:16,0.41534207800009426,high_cost_progress,policy_train,s3__policy_train__policy_train_compartmentalized_double_horizontal_0001__task_0016__seed_0000__official_adaptive__decision_0000__0040,horizon_complete,0
16,600,"27,37,38,89,243,328,388,389,396,399,415,434,469,533,553,597",neighborhood-f897da23a2c6dc3c,True,"94,90,83,81",official_adaptive,3,False,0.8617021276595744,81,cda8600f7257d634cd75dd42e3e9f748ab6496cd5e6fd3d718abb1722bc86580,7375bd887d7fa78aa24ba259cadd5e2a0f838187238da702cae6d6dbebb38580,3,94,b3375dae54f30c96378484e6ab0f5567d4a17e1e1160cdde79d82f10015c6a0a,d9624a5ba1f7411e4ed84afe317ca136d633e1a90761e80f8a8e11950f4e5531,False,compartmentalized,1.0816742034708327,524752,360703,350381,32,policy_train_compartmentalized_double_horizontal_0001,False,0.9237588652482269,1.8637889798084515,1.9496136729999307,0,1.32586081,6672138aa09b88cc5f5fdfc079bc4dedbe9d681f74645debbab2280cb047ae88,1.5339192640000192,0.10260682199998428,lns2.receding_q_label_pilot.v2,target:16,0.4156944089999115,high_cost_progress,policy_train,s3__policy_train__policy_train_compartmentalized_double_horizontal_0001__task_0016__seed_0000__official_adaptive__decision_0000__0040,horizon_complete,1
8,100,"18,20,24,41,69,73,78,98",neighborhood-00c7159c090bb79a,True,"2,2,2,1",official_adaptive,3,False,0.5,1,0605727f077ae1662b7f0ec4f5ff54487694ca3342cf53461b2c098851a1ca0c,1d08678034c5539af1a7e7f633a8d27193e8869085c1fcae3739fce637ec6f59,3,2,034ddd153fa6b944dd94384fb8a3faf8d6822dc97c76a674b3a4e562fcf1aa3c,6dd1eb3d6e2838a0fd5f799f4742eeb5da187344b01ccac665b319475b000e06,False,compartmentalized,0.23031855728580117,77858,31830,59505,16,policy_train_compartmentalized_double_horizontal_0002,False,0.9166666666666666,0.2590010099999063,0.2590010099999063,0,0.110329755,6672138aa09b88cc5f5fdfc079bc4dedbe9d681f74645debbab2280cb047ae88,0.14585277900005167,0.03247874999999567,lns2.receding_q_label_pilot.v2,random:8,0.1131482309998546,no_progress,policy_train,s3__policy_train__policy_train_compartmentalized_double_horizontal_0002__task_0006__seed_0000__fixed_random__decision_0009__0001,environment_terminal,0
8,100,"18,20,24,41,69,73,78,98",neighborhood-00c7159c090bb79a,True,"2,2,0",official_adaptive,2,True,0.0,0,86fe347a7ca8ca9feeb92e3d5a50b6d8fbe98a10620a55a2bbb235f277ac494c,bd7eddab44044161aca438472b6e8f7bc2622c3e66920e5583ef7b707d134b14,3,2,034ddd153fa6b944dd94384fb8a3faf8d6822dc97c76a674b3a4e562fcf1aa3c,6dd1eb3d6e2838a0fd5f799f4742eeb5da187344b01ccac665b319475b000e06,False,compartmentalized,0.16940362678751533,51174,27369,38351,16,policy_train_compartmentalized_double_horizontal_0002,False,0.5,0.18459817799987377,0.18459817799987377,1,0.084192894,6672138aa09b88cc5f5fdfc079bc4dedbe9d681f74645debbab2280cb047ae88,0.11009815599982176,0.03247874999999567,lns2.receding_q_label_pilot.v2,random:8,0.07450002200005201,no_progress,policy_train,s3__policy_train__policy_train_compartmentalized_double_horizontal_0002__task_0006__seed_0000__fixed_random__decision_0009__0001,feasible,1
8,100,"1,8,15,41,58,78,97,98",neighborhood-013a11b8ce02e7a7,True,"2,2,2,0",official_adaptive,3,True,0.0,0,179aab002bfbd42a3ff75087df7471d85e45d4ee3d309db8f8b6f1140aedb1ea,e174f2b95eb299f93d4a9830bb12caccad211f15eb69f5d4145bfb9071c065ff,3,2,034ddd153fa6b944dd94384fb8a3faf8d6822dc97c76a674b3a4e562fcf1aa3c,6dd1eb3d6e2838a0fd5f799f4742eeb5da187344b01ccac665b319475b000e06,False,compartmentalized,0.23488441523574166,92042,45794,63432,24,policy_train_compartmentalized_double_horizontal_0002,False,0.8333333333333334,0.2647625730002119,0.2647625730002119,0,0.124983448,6672138aa09b88cc5f5fdfc079bc4dedbe9d681f74645debbab2280cb047ae88,0.15748096100014664,0.03247874999999567,lns2.receding_q_label_pilot.v2,collision:8,0.10728161200006525,no_progress,policy_train,s3__policy_train__policy_train_compartmentalized_double_horizontal_0002__task_0006__seed_0000__fixed_random__decision_0009__0001,feasible,0
8,100,"1,8,15,41,58,78,97,98",neighborhood-013a11b8ce02e7a7,True,"2,1,1,0",official_adaptive,3,True,0.0,0,2af45067f58c5ee01d2df2047660cb3f908971ebba3abc445aba6d3846ee778b,0f0de3105924cad4d282d352ab21a4512f2972daf63ec9e81994dd37ccaaede7,3,2,034ddd153fa6b944dd94384fb8a3faf8d6822dc97c76a674b3a4e562fcf1aa3c,6dd1eb3d6e2838a0fd5f799f4742eeb5da187344b01ccac665b319475b000e06,False,compartmentalized,0.16069693171717167,15396,30619,104,24,policy_train_compartmentalized_double_horizontal_0002,False,0.5,0.11492612649988132,0.17432901299969217,0,0.031050391000000004,6672138aa09b88cc5f5fdfc079bc4dedbe9d681f74645debbab2280cb047ae88,0.06664581899985933,0.03247874999999567,lns2.receding_q_label_pilot.v2,collision:8,0.10768319399983284,no_progress,policy_train,s3__policy_train__policy_train_compartmentalized_double_horizontal_0002__task_0006__seed_0000__fixed_random__decision_0009__0001,feasible,1
16,100,"7,9,13,15,18,24,26,34,52,53,54,55,58,80,81,91",neighborhood-02aeb4e930b473aa,True,"2,1,1,0",official_adaptive,3,True,0.0,0,f1d6b8fd816fa426de47fbdc4fa9d859db1ce65ea9ea3980380afc1da5a01ec5,6c7adc476bc434745a99d9454fa28bfc9e01cda0214193053cfdd58b7554e8ae,3,2,034ddd153fa6b944dd94384fb8a3faf8d6822dc97c76a674b3a4e562fcf1aa3c,6dd1eb3d6e2838a0fd5f799f4742eeb5da187344b01ccac665b319475b000e06,False,compartmentalized,0.18693697103105347,41242,43650,20820,32,policy_train_compartmentalized_double_horizontal_0002,False,0.5,0.14283138650000637,0.2055512979999321,0,0.07579275299999999,6672138aa09b88cc5f5fdfc079bc4dedbe9d681f74645debbab2280cb047ae88,0.10790526499999942,0.03247874999999567,lns2.receding_q_label_pilot.v2,random:16,0.09764603299993269,no_progress,policy_train,s3__policy_train__policy_train_compartmentalized_double_horizontal_0002__task_0006__seed_0000__fixed_random__decision_0009__0001,feasible,0
16,100,"7,9,13,15,18,24,26,34,52,53,54,55,58,80,81,91",neighborhood-02aeb4e930b473aa,True,"2,0",official_adaptive,1,True,0.0,0,f4e5760b44c54ae954333056dfba410231c032b35c61c0920ab5d2ec12b97461,2357323199b07f1c933341478f1e9fa3a5d10c4b1f6b0d7dca80aad2a6c9f5c1,3,2,034ddd153fa6b944dd94384fb8a3faf8d6822dc97c76a674b3a4e562fcf1aa3c,6dd1eb3d6e2838a0fd5f799f4742eeb5da187344b01ccac665b319475b000e06,False,compartmentalized,0.06464304067511921,14911,14025,10464,16,policy_train_compartmentalized_double_horizontal_0002,False,0.16666666666666666,0.06677815999989889,0.06677815999989889,2,0.022378984,6672138aa09b88cc5f5fdfc079bc4dedbe9d681f74645debbab2280cb047ae88,0.03429940999990322,0.03247874999999567,lns2.receding_q_label_pilot.v2,random:16,0.03247874999999567,no_progress,policy_train,s3__policy_train__policy_train_compartmentalized_double_horizontal_0002__task_0006__seed_0000__fixed_random__decision_0009__0001,feasible,1
8,100,"6,15,21,42,60,67,79,83",neighborhood-02fdbc3aacfc77d0,True,"2,2,2,1",official_adaptive,3,False,0.5,1,72d9a42c320fe47a2446f9fc6a97075a50adbdb0b6658cd656df9b989587694d,0e17ae111e2f8af14d2b8e51ee74a0857b4a56dc1200077d613ace464fd8c57f,3,2,034ddd153fa6b944dd94384fb8a3faf8d6822dc97c76a674b3a4e562fcf1aa3c,6dd1eb3d6e2838a0fd5f799f4742eeb5da187344b01ccac665b319475b000e06,False,compartmentalized,0.20246403564764764,42194,29198,26588,16,policy_train_compartmentalized_double_horizontal_0002,False,0.9166666666666666,0.22441604899984213,0.22441604899984213,0,0.06838113200000001,6672138aa09b88cc5f5fdfc079bc4dedbe9d681f74645debbab2280cb047ae88,0.10735518499996033,0.03247874999999567,lns2.receding_q_label_pilot.v2,random:8,0.1170608639998818,no_progress,policy_train,s3__policy_train__policy_train_compartmentalized_double_horizontal_0002__task_0006__seed_0000__fixed_random__decision_0009__0001,environment_terminal,0
8,100,"6,15,21,42,60,67,79,83",neighborhood-02fdbc3aacfc77d0,True,"2,2,0",official_adaptive,2,True,0.0,0,87dfd9f57415f48e194600d92c3809719c98bc375aa23b31eb8ed5a11efb59ed,3ddd4a04f0c28225138f7eec04c8d208c1f1bb2d588e337e360d45a0c68549ef,3,2,034ddd153fa6b944dd94384fb8a3faf8d6822dc97c76a674b3a4e562fcf1aa3c,6dd1eb3d6e2838a0fd5f799f4742eeb5da187344b01ccac665b319475b000e06,False,compartmentalized,0.13541387975828675,40104,27317,27418,16,policy_train_compartmentalized_double_horizontal_0002,False,0.5,0.14501058300004388,0.14501058300004388,1,0.05537805,6672138aa09b88cc5f5fdfc079bc4dedbe9d681f74645debbab2280cb047ae88,0.07726220800009287,0.03247874999999567,lns2.receding_q_label_pilot.v2,random:8,0.06774837499995101,no_progress,policy_train,s3__policy_train__policy_train_compartmentalized_double_horizontal_0002__task_0006__seed_0000__fixed_random__decision_0009__0001,feasible,1
16,100,"3,4,6,7,15,16,35,38,39,41,43,44,47,58,76,84",neighborhood-033ac0ec2eb3cd1e,True,"2,1,1,0",official_adaptive,3,True,0.0,0,28de586db0c0224fe07e3f7d12b96ed02069ac8d6beb96039011d9e902a32fca,f6c21fc43350b31376ac844e91cd824f8b8bf38949ffe4078ead046a13175d8b,3,2,034ddd153fa6b944dd94384fb8a3faf8d6822dc97c76a674b3a4e562fcf1aa3c,6dd1eb3d6e2838a0fd5f799f4742eeb5da187344b01ccac665b319475b000e06,False,compartmentalized,0.1442760532113867,15366,32324,44,32,policy_train_compartmentalized_double_horizontal_0002,False,0.5,0.1069718340000918,0.15520296200008943,0,0.032988329,6672138aa09b88cc5f5fdfc079bc4dedbe9d681f74645debbab2280cb047ae88,0.061608607000152915,0.03247874999999567,lns2.receding_q_label_pilot.v2,collision:16,0.09359435499993651,no_progress,policy_train,s3__policy_train__policy_train_compartmentalized_double_horizontal_0002__task_0006__seed_0000__fixed_random__decision_0009__0001,feasible,0
16,100,"3,4,6,7,15,16,35,38,39,41,43,44,47,58,76,84",neighborhood-033ac0ec2eb3cd1e,True,"2,1,0",official_adaptive,2,True,0.0,0,d9d888b0a791a2e0e4cef3964bceea75c84dc62cddbcd1c3774ea30ed873c39a,42090c397acd8a89fb54f2120589747f48aae958262a26c84740e44d91dcb0c1,3,2,034ddd153fa6b944dd94384fb8a3faf8d6822dc97c76a674b3a4e562fcf1aa3c,6dd1eb3d6e2838a0fd5f799f4742eeb5da187344b01ccac665b319475b000e06,False,compartmentalized,0.1671026037938034,57014,34184,40842,24,policy_train_compartmentalized_double_horizontal_0002,False,0.3333333333333333,0.1512325270000474,0.18187552400002005,1,0.094301823,6672138aa09b88cc5f5fdfc079bc4dedbe9d681f74645debbab2280cb047ae88,0.11540604900005746,0.03247874999999567,lns2.receding_q_label_pilot.v2,collision:16,0.06646947499996259,no_progress,policy_train,s3__policy_train__policy_train_compartmentalized_double_horizontal_0002__task_0006__seed_0000__fixed_random__decision_0009__0001,feasible,1
4,100,"15,32,36,59",neighborhood-03df38c53372691d,True,"2,1,1,1",official_adaptive,3,False,0.5,1,72b80387861ead7e96c946072f53a28ae03f7f8e059fc62c2008a4e7eeff2190,6b786f827ad5ec2f8c7972cea77c83b863ffcb8c8641a6fb6991aa042a128058,3,2,034ddd153fa6b944dd94384fb8a3faf8d6822dc97c76a674b3a4e562fcf1aa3c,6dd1eb3d6e2838a0fd5f799f4742eeb5da187344b01ccac665b319475b000e06,False,compartmentalized,0.17521662812504593,44519,24694,31395,12,policy_train_compartmentalized_double_horizontal_0002,False,0.5833333333333334,0.11917603300003066,0.19150430199999846,0,0.064966003,6672138aa09b88cc5f5fdfc079bc4dedbe9d681f74645debbab2280cb047ae88,0.09539450200009014,0.03247874999999567,lns2.receding_q_label_pilot.v2,random:4,0.09610979999990832,no_progress,policy_train,s3__policy_train__policy_train_compartmentalized_double_horizontal_0002__task_0006__seed_0000__fixed_random__decision_0009__0001,environment_terminal,0
4,100,"15,32,36,59",neighborhood-03df38c53372691d,True,"2,1,1,1",official_adaptive,3,False,0.5,1,dfeec0a31ac86a36094fa87c790baaeb577cc5883391c7647489056d6af5749e,8f4db590d6cc258a49a9b77270fdb46ecbae0eba734bdafa441937c696be85d5,3,2,034ddd153fa6b944dd94384fb8a3faf8d6822dc97c76a674b3a4e562fcf1aa3c,6dd1eb3d6e2838a0fd5f799f4742eeb5da187344b01ccac665b319475b000e06,False,compartmentalized,0.16802871401915997,18588,31500,2225,20,policy_train_compartmentalized_double_horizontal_0002,False,0.5833333333333334,0.116468460999954,0.1829705779999813,0,0.038785730000000004,6672138aa09b88cc5f5fdfc079bc4dedbe9d681f74645debbab2280cb047ae88,0.07397536899998158,0.03247874999999567,lns2.receding_q_label_pilot.v2,random:4,0.1089952089999997,no_progress,policy_train,s3__policy_train__policy_train_compartmentalized_double_horizontal_0002__task_0006__seed_0000__fixed_random__decision_0009__0001,environment_terminal,1
16,100,"5,6,10,12,15,34,41,45,50,51,58,60,69,74,86,91",neighborhood-05577a796cee700e,True,"2,0",official_adaptive,1,True,0.0,0,2598bf390c87964e267b225634ee8eaa74e226af3a4507daea65fe50773ac4c7,02122ddc19e5f5830397296a16c24f8ec96a37d12dbe3a207bbac1be15e12d39,3,2,034ddd153fa6b944dd94384fb8a3faf8d6822dc97c76a674b3a4e562fcf1aa3c,6dd1eb3d6e2838a0fd5f799f4742eeb5da187344b01ccac665b319475b000e06,False,compartmentalized,0.05014453041075308,2740,11203,93,16,policy_train_compartmentalized_double_horizontal_0002,False,0.16666666666666666,0.0514230479999469,0.0514230479999469,2,0.007831657,6672138aa09b88cc5f5fdfc079bc4dedbe9d681f74645debbab2280cb047ae88,0.018944297999951232,0.03247874999999567,lns2.receding_q_label_pilot.v2,target:16,0.03247874999999567,no_progress,policy_train,s3__policy_train__policy_train_compartmentalized_double_horizontal_0002__task_0006__seed_0000__fixed_random__decision_0009__0001,feasible,0
16,100,"5,6,10,12,15,34,41,45,50,51,58,60,69,74,86,91",neighborhood-05577a796cee700e,True,"2,0",official_adaptive,1,True,0.0,0,c14e9bed22ba71da5e19ce33ff50dfad106d2eae36150e2e2eb5138fc48d8111,1f760b0c5356dfb74f12657396a5a3b0b09b50519ba8bfdfb6b9bdd84d193e8f,3,2,034ddd153fa6b944dd94384fb8a3faf8d6822dc97c76a674b3a4e562fcf1aa3c,6dd1eb3d6e2838a0fd5f799f4742eeb5da187344b01ccac665b319475b000e06,False,compartmentalized,0.05288003589706011,3773,13484,306,16,policy_train_compartmentalized_double_horizontal_0002,False,0.16666666666666666,0.05430315899991456,0.05430315899991456,2,0.012716302,6672138aa09b88cc5f5fdfc079bc4dedbe9d681f74645debbab2280cb047ae88,0.021824408999918887,0.03247874999999567,lns2.receding_q_label_pilot.v2,target:16,0.03247874999999567,no_progress,policy_train,s3__policy_train__policy_train_compartmentalized_double_horizontal_0002__task_0006__seed_0000__fixed_random__decision_0009__0001,feasible,1
4,100,"27,41,63,70",neighborhood-1528244465127f3c,True,"2,2,2,1",official_adaptive,3,False,0.5,1,21aed216de8a1dac1c9502f315134c12e0f9da3abd13d173955a544685695b79,166c4e76160f95043f19bae15a7574a5e8128cc8963ab261a93847a4750d6892,3,2,034ddd153fa6b944dd94384fb8a3faf8d6822dc97c76a674b3a4e562fcf1aa3c,6dd1eb3d6e2838a0fd5f799f4742eeb5da187344b01ccac665b319475b000e06,False,compartmentalized,0.2033123806827573,41868,23590,28176,12,policy_train_compartmentalized_double_horizontal_0002,False,0.9166666666666666,0.2254552170001034,0.2254552170001034,0,0.070499323,6672138aa09b88cc5f5fdfc079bc4dedbe9d681f74645debbab2280cb047ae88,0.110255208000126,0.03247874999999567,lns2.receding_q_label_pilot.v2,random:4,0.1152000089999774,no_progress,policy_train,s3__policy_train__policy_train_compartmentalized_double_horizontal_0002__task_0006__seed_0000__fixed_random__decision_0009__0001,environment_terminal,0
4,100,"27,41,63,70",neighborhood-1528244465127f3c,True,"2,2,0",official_adaptive,2,True,0.0,0,5252db8fde25c8e74faf8a6c2e45a44c9169b6597bbc130ea9c27de8d6ecd6c9,e00b648b7a4cb026d4272af3232ea52943e8079115bf83fc58ebfc0f04fef14f,3,2,034ddd153fa6b944dd94384fb8a3faf8d6822dc97c76a674b3a4e562fcf1aa3c,6dd1eb3d6e2838a0fd5f799f4742eeb5da187344b01ccac665b319475b000e06,False,compartmentalized,0.135155562321615,42647,19564,32429,12,policy_train_compartmentalized_double_horizontal_0002,False,0.5,0.14471484500006682,0.14471484500006682,1,0.056223682,6672138aa09b88cc5f5fdfc079bc4dedbe9d681f74645debbab2280cb047ae88,0.07718488800014711,0.03247874999999567,lns2.receding_q_label_pilot.v2,random:4,0.0675299569999197,no_progress,policy_train,s3__policy_train__policy_train_compartmentalized_double_horizontal_0002__task_0006__seed_0000__fixed_random__decision_0009__0001,feasible,1
4,100,"15,41,44,58",neighborhood-17efd1efc98ba3fc,True,"2,1,1,1",official_adaptive,3,False,0.5,1,6aeb6e72072ac4e3fcf925a44d4bfd9707fb3359ab44e89626823e2f47e74fb1,cb18474c83c3f27290994c3b376355629ace5551acd7df4f6dc03dbd6a86bd1a,3,2,034ddd153fa6b944dd94384fb8a3faf8d6822dc97c76a674b3a4e562fcf1aa3c,6dd1eb3d6e2838a0fd5f799f4742eeb5da187344b01ccac665b319475b000e06,False,compartmentalized,0.1579730344563993,19882,35795,25,20,policy_train_compartmentalized_double_horizontal_0002,False,0.5833333333333334,0.1148958730002505,0.17113461400037977,0,0.042544687,6672138aa09b88cc5f5fdfc079bc4dedbe9d681f74645debbab2280cb047ae88,0.07372821600029056,0.03247874999999567,lns2.receding_q_label_pilot.v2,collision:4,0.09740639800008921,no_progress,policy_train,s3__policy_train__policy_train_compartmentalized_double_horizontal_0002__task_0006__seed_0000__fixed_random__decision_0009__0001,environment_terminal,0
4,100,"15,41,44,58",neighborhood-17efd1efc98ba3fc,True,"2,1,1,0",official_adaptive,3,True,0.0,0,eda1154cff9edaddc744a6fe8687fe782f4edc33edb992fe23be010cc160a5c5,dff9d3fde4c8ce1332500d4c0e90f8a81cc6465e377ab3f85493ffe016eff7a0,3,2,034ddd153fa6b944dd94384fb8a3faf8d6822dc97c76a674b3a4e562fcf1aa3c,6dd1eb3d6e2838a0fd5f799f4742eeb5da187344b01ccac665b319475b000e06,False,compartmentalized,0.1539031254737663,15527,29998,42,20,policy_train_compartmentalized_double_horizontal_0002,False,0.5,0.11168228849987827,0.16637788899981842,0,0.033758963999999995,6672138aa09b88cc5f5fdfc079bc4dedbe9d681f74645debbab2280cb047ae88,0.06769197399989935,0.03247874999999567,lns2.receding_q_label_pilot.v2,collision:4,0.09868591499991908,no_progress,policy_train,s3__policy_train__policy_train_compartmentalized_double_horizontal_0002__task_0006__seed_0000__fixed_random__decision_0009__0001,feasible,1
8,100,"15,41,50,58,73,84,87,99",neighborhood-187aa13b3e77987f,True,"2,1,1,1",official_adaptive,3,False,0.5,1,65c945000066026445e6f71c54f15fa75cd5e28d30e89d9882a9f62486ea8d4b,1e9ed800e60006507a8f1432cfc9b1f3a2656ab408e4a4a6773d6b9209676b24,3,2,034ddd153fa6b944dd94384fb8a3faf8d6822dc97c76a674b3a4e562fcf1aa3c,6dd1eb3d6e2838a0fd5f799f4742eeb5da187344b01ccac665b319475b000e06,False,compartmentalized,0.18061224592070796,49079,31128,31253,16,policy_train_compartmentalized_double_horizontal_0002,False,0.5833333333333334,0.14956540249988848,0.19795057899989388,0,0.071627888,6672138aa09b88cc5f5fdfc079bc4dedbe9d681f74645debbab2280cb047ae88,0.1014215149998563,0.03247874999999567,lns2.receding_q_label_pilot.v2,collision:8,0.09652906400003758,no_progress,policy_train,s3__policy_train__policy_train_compartmentalized_double_horizontal_0002__task_0006__seed_0000__fixed_random__decision_0009__0001,environment_terminal,0
8,100,"15,41,50,58,73,84,87,99",neighborhood-187aa13b3e77987f,True,"2,1,0",official_adaptive,2,True,0.0,0,7c93f06febd6fe0a7908af7cd2fa655bab145a799199bed62f66849a2d3a7f9d,31626e3852435fb06946e2b8a882d663bc16942377f46157969d0f9d1a6e88f8,3,2,034ddd153fa6b944dd94384fb8a3faf8d6822dc97c76a674b3a4e562fcf1aa3c,6dd1eb3d6e2838a0fd5f799f4742eeb5da187344b01ccac665b319475b000e06,False,compartmentalized,0.16855879970380078,49061,27033,35197,13,policy_train_compartmentalized_double_horizontal_0002,False,0.3333333333333333,0.15033031550001397,0.18359782000004543,1,0.087325864,6672138aa09b88cc5f5fdfc079bc4dedbe9d681f74645debbab2280cb047ae88,0.11418306399991707,0.03247874999999567,lns2.receding_q_label_pilot.v2,collision:8,0.06941475600012836,no_progress,policy_train,s3__policy_train__policy_train_compartmentalized_double_horizontal_0002__task_0006__seed_0000__fixed_random__decision_0009__0001,feasible,1
13,100,"5,8,15,37,38,41,46,50,58,65,79,80,86",neighborhood-33eb3e49d48d0eea,True,"2,1,1,1",official_adaptive,3,False,0.5,1,5a72d7725f0c78f5b4b23e69463bd314c88e9599526d89be9b960b06748a88db,d435369d587e0d36086099d2f7a91d1229d0d4e9c80a52a2bd7b5cd8d8dbb591,3,2,034ddd153fa6b944dd94384fb8a3faf8d6822dc97c76a674b3a4e562fcf1aa3c,6dd1eb3d6e2838a0fd5f799f4742eeb5da187344b01ccac665b319475b000e06,False,compartmentalized,0.1608281376145919,22506,42418,466,29,policy_train_compartmentalized_double_horizontal_0002,False,0.5833333333333334,0.11710822100008045,0.17448310200018113,0,0.045440538,6672138aa09b88cc5f5fdfc079bc4dedbe9d681f74645debbab2280cb047ae88,0.07655681100004585,0.03247874999999567,lns2.receding_q_label_pilot.v2,collision:16,0.09792629100013528,no_progress,policy_train,s3__policy_train__policy_train_compartmentalized_double_horizontal_0002__task_0006__seed_0000__fixed_random__decision_0009__0001,environment_terminal,0
13,100,"5,8,15,37,38,41,46,50,58,65,79,80,86",neighborhood-33eb3e49d48d0eea,True,"2,2,1,1",official_adaptive,3,False,0.5,1,f60fef4d383dfb895d0e7cb5cefb87ae6568e6809daebb7e8a45a566c5ded49d,6fe322ce15e3b3887a253f0bd14a50c1fe045bb6e761fcdd7096f635a494aecd,3,2,034ddd153fa6b944dd94384fb8a3faf8d6822dc97c76a674b3a4e562fcf1aa3c,6dd1eb3d6e2838a0fd5f799f4742eeb5da187344b01ccac665b319475b000e06,False,compartmentalized,0.2083151089740403,70953,58007,37688,29,policy_train_compartmentalized_double_horizontal_0002,False,0.75,0.2025304569998525,0.23160119699980442,0,0.09954576899999999,6672138aa09b88cc5f5fdfc079bc4dedbe9d681f74645debbab2280cb047ae88,0.1325640839997959,0.03247874999999567,lns2.receding_q_label_pilot.v2,collision:16,0.0990371130000085,no_progress,policy_train,s3__policy_train__policy_train_compartmentalized_double_horizontal_0002__task_0006__seed_0000__fixed_random__decision_0009__0001,environment_terminal,1
8,100,"5,16,44,58,74,84,91,98",neighborhood-39498bf3b29c568a,True,"2,0",official_adaptive,1,True,0.0,0,a91abb1e8cbe08dda2981f802d40f752a92642c49e7d46f1fb871e13fb91b646,f676aa9c0e255ace75e79fe049949cc972b76e195cc67b88319b0623e78157f0,3,2,034ddd153fa6b944dd94384fb8a3faf8d6822dc97c76a674b3a4e562fcf1aa3c,6dd1eb3d6e2838a0fd5f799f4742eeb5da187344b01ccac665b319475b000e06,False,compartmentalized,0.05010793077172827,2125,6380,37,8,policy_train_compartmentalized_double_horizontal_0002,False,0.16666666666666666,0.05138456700012739,0.05138456700012739,2,0.007376484,6672138aa09b88cc5f5fdfc079bc4dedbe9d681f74645debbab2280cb047ae88,0.01890581700013172,0.03247874999999567,lns2.receding_q_label_pilot.v2,target:8,0.03247874999999567,no_progress,policy_train,s3__policy_train__policy_train_compartmentalized_double_horizontal_0002__task_0006__seed_0000__fixed_random__decision_0009__0001,feasible,0
8,100,"5,16,44,58,74,84,91,98",neighborhood-39498bf3b29c568a,True,"2,0",official_adaptive,1,True,0.0,0,f6085c9bf249c138447672ede70c048f02e1ec51cb193f503ae05b68bd2f2c51,083d0aa11f8a3e2b718809779127e2f6a975c5bca098d5f04c65d107dd1a30f4,3,2,034ddd153fa6b944dd94384fb8a3faf8d6822dc97c76a674b3a4e562fcf1aa3c,6dd1eb3d6e2838a0fd5f799f4742eeb5da187344b01ccac665b319475b000e06,False,compartmentalized,0.04732414914198132,2144,6350,55,8,policy_train_compartmentalized_double_horizontal_0002,False,0.16666666666666666,0.04846181200002775,0.04846181200002775,2,0.006421372,6672138aa09b88cc5f5fdfc079bc4dedbe9d681f74645debbab2280cb047ae88,0.015983062000032078,0.03247874999999567,lns2.receding_q_label_pilot.v2,target:8,0.03247874999999567,no_progress,policy_train,s3__policy_train__policy_train_compartmentalized_double_horizontal_0002__task_0006__seed_0000__fixed_random__decision_0009__0001,feasible,1
16,100,"10,12,14,27,28,30,35,39,41,56,66,75,79,84,85,94",neighborhood-5a8d8f62e9fd78f5,True,"2,2,2,1",official_adaptive,3,False,0.5,1,38bc76a02428498b619994b8363aed5fb36488be2584288d458c274801190540,4cee297df43e5495f26625fba11747b33dc4334e4f956f4400bde79d52aaac68,3,2,034ddd153fa6b944dd94384fb8a3faf8d6822dc97c76a674b3a4e562fcf1aa3c,6dd1eb3d6e2838a0fd5f799f4742eeb5da187344b01ccac665b319475b000e06,False,compartmentalized,0.23874129714102776,53752,36645,35774,24,policy_train_compartmentalized_double_horizontal_0002,False,0.9166666666666666,0.26965003199995863,0.26965003199995863,0,0.08832764500000001,6672138aa09b88cc5f5fdfc079bc4dedbe9d681f74645debbab2280cb047ae88,0.1225143939998361,0.03247874999999567,lns2.receding_q_label_pilot.v2,random:16,0.14713563800012253,no_progress,policy_train,s3__policy_train__policy_train_compartmentalized_double_horizontal_0002__task_0006__seed_0000__fixed_random__decision_0009__0001,environment_terminal,0
16,100,"10,12,14,27,28,30,35,39,41,56,66,75,79,84,85,94",neighborhood-5a8d8f62e9fd78f5,True,"2,2,1,1",official_adaptive,3,False,0.5,1,8a993dcd88d90ead287b22b60cc8ff9389d9eb3791e5d11603e754d9c9365879,b01b27cdd29fd2714e64d318566568f393b07fcab4a832509a038cbd8877250d,3,2,034ddd153fa6b944dd94384fb8a3faf8d6822dc97c76a674b3a4e562fcf1aa3c,6dd1eb3d6e2838a0fd5f799f4742eeb5da187344b01ccac665b319475b000e06,False,compartmentalized,0.19934704709898443,52803,45215,29474,32,policy_train_compartmentalized_double_horizontal_0002,False,0.75,0.1909786015002055,0.2206055000002607,0,0.078740538,6672138aa09b88cc5f5fdfc079bc4dedbe9d681f74645debbab2280cb047ae88,0.11609941500023524,0.03247874999999567,lns2.receding_q_label_pilot.v2,random:16,0.10450608500002545,no_progress,policy_train,s3__policy_train__policy_train_compartmentalized_double_horizontal_0002__task_0006__seed_0000__fixed_random__decision_0009__0001,environment_terminal,1
8,100,"12,15,41,51,58,69,86,91",neighborhood-81383f8af226d69d,True,"2,0",official_adaptive,1,True,0.0,0,e27ee2b9186297b407d1925c4f31a126152e1c94b51744c6f32ec17e91fd20a6,2926c37e41905e67b276332c73d846cc7b88f153c187605ee031bcc64ef54d8b,3,2,034ddd153fa6b944dd94384fb8a3faf8d6822dc97c76a674b3a4e562fcf1aa3c,6dd1eb3d6e2838a0fd5f799f4742eeb5da187344b01ccac665b319475b000e06,False,compartmentalized,0.04618225223563787,1531,6140,94,8,policy_train_compartmentalized_double_horizontal_0002,False,0.16666666666666666,0.047265260000017406,0.047265260000017406,2,0.004816626,6672138aa09b88cc5f5fdfc079bc4dedbe9d681f74645debbab2280cb047ae88,0.014786510000021735,0.03247874999999567,lns2.receding_q_label_pilot.v2,target:8,0.03247874999999567,no_progress,policy_train,s3__policy_train__policy_train_compartmentalized_double_horizontal_0002__task_0006__seed_0000__fixed_random__decision_0009__0001,feasible,0
8,100,"12,15,41,51,58,69,86,91",neighborhood-81383f8af226d69d,True,"2,1,1,0",official_adaptive,3,True,0.0,0,6e7928304b3c9f069205071ffe9e09d6d0e799981a632ed1fefb92a2aed0d39b,2a4a9a5bef2712dd56f64e2eebf9da64bf46ba25f9206b5269e43be4501142ec,3,2,034ddd153fa6b944dd94384fb8a3faf8d6822dc97c76a674b3a4e562fcf1aa3c,6dd1eb3d6e2838a0fd5f799f4742eeb5da187344b01ccac665b319475b000e06,False,compartmentalized,0.15852050735139822,14998,29796,156,24,policy_train_compartmentalized_double_horizontal_0002,False,0.5,0.11516533700000764,0.1717759540000543,0,0.036263489,6672138aa09b88cc5f5fdfc079bc4dedbe9d681f74645debbab2280cb047ae88,0.06949846400016213,0.03247874999999567,lns2.receding_q_label_pilot.v2,target:8,0.10227748999989217,no_progress,policy_train,s3__policy_train__policy_train_compartmentalized_double_horizontal_0002__task_0006__seed_0000__fixed_random__decision_0009__0001,feasible,1
4,100,"15,41,58,91",neighborhood-d947482caf3837bd,True,"2,1,1,0",official_adaptive,3,True,0.0,0,b780820d5a093792959f096ccee211e19408556de9607e1a5146173c68ee77ae,d75cccf49e28458d8294bf18db6c463a151b1f5be4a7ed17ba6ef9549604cfa4,3,2,034ddd153fa6b944dd94384fb8a3faf8d6822dc97c76a674b3a4e562fcf1aa3c,6dd1eb3d6e2838a0fd5f799f4742eeb5da187344b01ccac665b319475b000e06,False,compartmentalized,0.15901425288696877,17511,33233,1417,20,policy_train_compartmentalized_double_horizontal_0002,False,0.5,0.11306872500006193,0.17235465600003863,0,0.039932699,6672138aa09b88cc5f5fdfc079bc4dedbe9d681f74645debbab2280cb047ae88,0.07305896499997289,0.03247874999999567,lns2.receding_q_label_pilot.v2,target:4,0.09929569100006574,no_progress,policy_train,s3__policy_train__policy_train_compartmentalized_double_horizontal_0002__task_0006__seed_0000__fixed_random__decision_0009__0001,feasible,0
4,100,"15,41,58,91",neighborhood-d947482caf3837bd,True,"2,1,1,0",official_adaptive,3,True,0.0,0,68acd91c3f6c8aa0a393449a59bf5247c80e54cce1540da3921494c4162593ae,4d8f8f5f41b15f369cd4898dfc79d5cc0ce8273a608c10d5a6b715d76e476e48,3,2,034ddd153fa6b944dd94384fb8a3faf8d6822dc97c76a674b3a4e562fcf1aa3c,6dd1eb3d6e2838a0fd5f799f4742eeb5da187344b01ccac665b319475b000e06,False,compartmentalized,0.17579345083502013,14485,27855,42,20,policy_train_compartmentalized_double_horizontal_0002,False,0.5,0.12662833849992694,0.1921917869998424,0,0.036199550000000004,6672138aa09b88cc5f5fdfc079bc4dedbe9d681f74645debbab2280cb047ae88,0.07629975599979844,0.03247874999999567,lns2.receding_q_label_pilot.v2,target:4,0.11589203100004397,no_progress,policy_train,s3__policy_train__policy_train_compartmentalized_double_horizontal_0002__task_0006__seed_0000__fixed_random__decision_0009__0001,feasible,1
5,100,"44,58,83,84,91",neighborhood-ebaa41666283dd55,True,"2,1,1,0",official_adaptive,3,True,0.0,0,4190c72884b1b2300e4023201dc3a870e9933598c1b074ce7d4759f9844f7666,759dfaea41889e3575f1f7982866ee51d396f4ea3dda0a0faa022e87a50ca0d5,3,2,034ddd153fa6b944dd94384fb8a3faf8d6822dc97c76a674b3a4e562fcf1aa3c,6dd1eb3d6e2838a0fd5f799f4742eeb5da187344b01ccac665b319475b000e06,False,compartmentalized,0.1550213877937104,15480,30043,29,21,policy_train_compartmentalized_double_horizontal_0002,False,0.5,0.11391732399988541,0.1676829349997888,0,0.037484938,6672138aa09b88cc5f5fdfc079bc4dedbe9d681f74645debbab2280cb047ae88,0.07020033399999193,0.03247874999999567,lns2.receding_q_label_pilot.v2,target:16,0.09748260099979689,no_progress,policy_train,s3__policy_train__policy_train_compartmentalized_double_horizontal_0002__task_0006__seed_0000__fixed_random__decision_0009__0001,feasible,0
5,100,"44,58,83,84,91",neighborhood-ebaa41666283dd55,True,"2,0",official_adaptive,1,True,0.0,0,76f1cbd41b20ef9bf8238425c8a322ab82009c14295e23bbad0446a3198fc06d,f35eced877869a29d55388c5339dca990e3a8ecd7debb33beb7b84de6fb1064f,3,2,034ddd153fa6b944dd94384fb8a3faf8d6822dc97c76a674b3a4e562fcf1aa3c,6dd1eb3d6e2838a0fd5f799f4742eeb5da187344b01ccac665b319475b000e06,False,compartmentalized,0.047444374238354736,1640,4600,0,5,policy_train_compartmentalized_double_horizontal_0002,False,0.16666666666666666,0.048587870999995175,0.048587870999995175,2,0.005086016,6672138aa09b88cc5f5fdfc079bc4dedbe9d681f74645debbab2280cb047ae88,0.016109120999999504,0.03247874999999567,lns2.receding_q_label_pilot.v2,target:16,0.03247874999999567,no_progress,policy_train,s3__policy_train__policy_train_compartmentalized_double_horizontal_0002__task_0006__seed_0000__fixed_random__decision_0009__0001,feasible,1
4,100,"6,15,41,58",neighborhood-f8906dff8fee64d5,True,"2,1,1,0",official_adaptive,3,True,0.0,0,417d7fe45084480535d133671d10959b02ecc12305592da7e8de3db3cf416854,c2acfca0529aa5d014987928061b796289020f0d61a7634ca7b716ba4a95165c,3,2,034ddd153fa6b944dd94384fb8a3faf8d6822dc97c76a674b3a4e562fcf1aa3c,6dd1eb3d6e2838a0fd5f799f4742eeb5da187344b01ccac665b319475b000e06,True,compartmentalized,0.16251539244135743,15649,30967,17,20,policy_train_compartmentalized_double_horizontal_0002,False,0.5,0.11870909599986135,0.1764664269998093,0,0.037528879,6672138aa09b88cc5f5fdfc079bc4dedbe9d681f74645debbab2280cb047ae88,0.07312297699991177,0.03247874999999567,lns2.receding_q_label_pilot.v2,collision:4,0.10334344999989753,no_progress,policy_train,s3__policy_train__policy_train_compartmentalized_double_horizontal_0002__task_0006__seed_0000__fixed_random__decision_0009__0001,feasible,0
4,100,"6,15,41,58",neighborhood-f8906dff8fee64d5,True,"2,1,1,0",official_adaptive,3,True,0.0,0,fd5758e175b754035bb0a6c029eca806fde2d51844ffbaf9ec0d12afacddfc04,981aae250d9fff2eff63c9f81eb76b935580c30f0c2b3c4a3c3b000c3622210f,3,2,034ddd153fa6b944dd94384fb8a3faf8d6822dc97c76a674b3a4e562fcf1aa3c,6dd1eb3d6e2838a0fd5f799f4742eeb5da187344b01ccac665b319475b000e06,True,compartmentalized,0.15558762350044258,15986,31843,88,20,policy_train_compartmentalized_double_horizontal_0002,False,0.5,0.11353760300005433,0.1683443059999945,0,0.03356629,6672138aa09b88cc5f5fdfc079bc4dedbe9d681f74645debbab2280cb047ae88,0.06798602499998196,0.03247874999999567,lns2.receding_q_label_pilot.v2,collision:4,0.10035828100001254,no_progress,policy_train,s3__policy_train__policy_train_compartmentalized_double_horizontal_0002__task_0006__seed_0000__fixed_random__decision_0009__0001,feasible,1
4,100,"44,58,84,91",neighborhood-fd91e86e2e59e33c,True,"2,0",official_adaptive,1,True,0.0,0,dfb817b50b5d3b502e1bb74c0a0a7c3b54ac08ff913e9182e255b63ac2566a70,110942dd995dc1b7be6024031f638ffebe4e1efbf6213a141a78d53c73ccffc6,3,2,034ddd153fa6b944dd94384fb8a3faf8d6822dc97c76a674b3a4e562fcf1aa3c,6dd1eb3d6e2838a0fd5f799f4742eeb5da187344b01ccac665b319475b000e06,False,compartmentalized,0.04556199064826428,1576,4385,0,4,policy_train_compartmentalized_double_horizontal_0002,False,0.16666666666666666,0.046615883000072245,0.046615883000072245,2,0.004705802,6672138aa09b88cc5f5fdfc079bc4dedbe9d681f74645debbab2280cb047ae88,0.014137133000076574,0.03247874999999567,lns2.receding_q_label_pilot.v2,target:4,0.03247874999999567,no_progress,policy_train,s3__policy_train__policy_train_compartmentalized_double_horizontal_0002__task_0006__seed_0000__fixed_random__decision_0009__0001,feasible,0
4,100,"44,58,84,91",neighborhood-fd91e86e2e59e33c,True,"2,0",official_adaptive,1,True,0.0,0,7b399b20895467eba6ed288f0a9ba959edf7ddcbb8683b28fa36d2c8783246d3,2e07aeb545cdb6714358d151341cdfe3730fa48f457cab4a8ab275f6264ed1d5,3,2,034ddd153fa6b944dd94384fb8a3faf8d6822dc97c76a674b3a4e562fcf1aa3c,6dd1eb3d6e2838a0fd5f799f4742eeb5da187344b01ccac665b319475b000e06,False,compartmentalized,0.04771949501728981,1532,4225,0,4,policy_train_compartmentalized_double_horizontal_0002,False,0.16666666666666666,0.048876399000050696,0.048876399000050696,2,0.005265543,6672138aa09b88cc5f5fdfc079bc4dedbe9d681f74645debbab2280cb047ae88,0.016397649000055026,0.03247874999999567,lns2.receding_q_label_pilot.v2,target:4,0.03247874999999567,no_progress,policy_train,s3__policy_train__policy_train_compartmentalized_double_horizontal_0002__task_0006__seed_0000__fixed_random__decision_0009__0001,feasible,1
8,200,"27,72,84,135,150,173,176,187",neighborhood-017a6c5d0b81d916,True,"1,1,1,1",official_adaptive,3,False,1.0,1,1eff656ade607fa1e267f526513518b3aff3efb83bc4d54f7f95b38f8dbc9ce5,b7926d4949b5ccf4df49feb87acfbee7093c863e701d60c81a7baeddce1856b0,3,1,1f21c7498737dd95b7c8bccad4245e26f42b4f7155a8bd7b8ebbed72f4b9800a,5d6c4a5ffdeca83574bd16b51e62383b2aa8378bd2ec55b56b46723e2ba58a65,False,compartmentalized,0.2965184395133942,70829,97472,13506,22,policy_train_compartmentalized_double_horizontal_0002,True,1.0,0.34516736400019,0.34516736400019,0,0.168829801,6672138aa09b88cc5f5fdfc079bc4dedbe9d681f74645debbab2280cb047ae88,0.22751093300007597,0.028261185000019395,lns2.receding_q_label_pilot.v2,random:8,0.11765643100011403,near_feasible,policy_train,s3__policy_train__policy_train_compartmentalized_double_horizontal_0002__task_0010__seed_0000__official_adaptive__decision_0001__0007,horizon_complete,0
8,200,"27,72,84,135,150,173,176,187",neighborhood-017a6c5d0b81d916,True,"1,1,0",official_adaptive,2,True,0.0,0,9866a9c1015fea1278f6237092f4f23f1bd03ce39229533b8abede1ec119fcba,76f5654bd92775f5c6c87e7c7b7938f18ad174c17d86db523ee98e94095d38ed,3,1,1f21c7498737dd95b7c8bccad4245e26f42b4f7155a8bd7b8ebbed72f4b9800a,5d6c4a5ffdeca83574bd16b51e62383b2aa8378bd2ec55b56b46723e2ba58a65,False,compartmentalized,0.2076843057683144,44684,58311,12540,16,policy_train_compartmentalized_double_horizontal_0002,False,0.5,0.23082454399991548,0.23082454399991548,1,0.109292697,6672138aa09b88cc5f5fdfc079bc4dedbe9d681f74645debbab2280cb047ae88,0.14986783899985312,0.028261185000019395,lns2.receding_q_label_pilot.v2,random:8,0.08095670500006236,near_feasible,policy_train,s3__policy_train__policy_train_compartmentalized_double_horizontal_0002__task_0010__seed_0000__official_adaptive__decision_0001__0007,feasible,1
8,200,"13,32,54,78,84,120,141,186",neighborhood-02745b887efe2bfb,True,"1,0",official_adaptive,1,True,0.0,0,0c48e1f497b02192604b5c022f227b90d0f7b57f8c3d745813177cfa0922f7f7,42adeb3af58a6f8bb71d63b58f4b1fa92f3f1664358b6628216fb5f26f7a9f13,3,1,1f21c7498737dd95b7c8bccad4245e26f42b4f7155a8bd7b8ebbed72f4b9800a,5d6c4a5ffdeca83574bd16b51e62383b2aa8378bd2ec55b56b46723e2ba58a65,False,compartmentalized,0.0932293199527901,18324,29474,4629,8,policy_train_compartmentalized_double_horizontal_0002,False,0.16666666666666666,0.09771343400007027,0.09771343400007027,2,0.051289131,6672138aa09b88cc5f5fdfc079bc4dedbe9d681f74645debbab2280cb047ae88,0.06945224900005087,0.028261185000019395,lns2.receding_q_label_pilot.v2,collision:8,0.028261185000019395,near_feasible,policy_train,s3__policy_train__policy_train_compartmentalized_double_horizontal_0002__task_0010__seed_0000__official_adaptive__decision_0001__0007,feasible,0
8,200,"13,32,54,78,84,120,141,186",neighborhood-02745b887efe2bfb,True,"1,1,1,0",official_adaptive,3,True,0.0,0,8ee31f04ffc4cb034c7ab68a5274cee6b6b75944c27cac75d45ed356bd0b0c7b,07adfdabff91e8680e5045a45b911e50d2aca3c9b5925b683e035056f3ec169d,3,1,1f21c7498737dd95b7c8bccad4245e26f42b4f7155a8bd7b8ebbed72f4b9800a,5d6c4a5ffdeca83574bd16b51e62383b2aa8378bd2ec55b56b46723e2ba58a65,False,compartmentalized,0.2590840759110087,53655,77425,10111,24,policy_train_compartmentalized_double_horizontal_0002,False,0.8333333333333334,0.2957427409999127,0.2957427409999127,0,0.120700907,6672138aa09b88cc5f5fdfc079bc4dedbe9d681f74645debbab2280cb047ae88,0.17382094300000972,0.028261185000019395,lns2.receding_q_label_pilot.v2,collision:8,0.12192179799990299,near_feasible,policy_train,s3__policy_train__policy_train_compartmentalized_double_horizontal_0002__task_0010__seed_0000__official_adaptive__decision_0001__0007,feasible,1
4,200,"41,84,153,191",neighborhood-07957fa85926b5b7,True,"1,1,1,1",official_adaptive,3,False,1.0,1,d57bb5f3bb0ff21fba90d1e84a913600ad7a51c8bbd305e430d63f656ffbc9d8,b47dfe2039f5f0a548c954452644bd5593f8bd6131ad3736b2bc23322b82f9a1,3,1,1f21c7498737dd95b7c8bccad4245e26f42b4f7155a8bd7b8ebbed72f4b9800a,5d6c4a5ffdeca83574bd16b51e62383b2aa8378bd2ec55b56b46723e2ba58a65,False,compartmentalized,0.3325703039735448,73000,98949,14264,18,policy_train_compartmentalized_double_horizontal_0002,True,1.0,0.3945479379999597,0.3945479379999597,0,0.196488152,6672138aa09b88cc5f5fdfc079bc4dedbe9d681f74645debbab2280cb047ae88,0.2618803579998712,0.028261185000019395,lns2.receding_q_label_pilot.v2,random:4,0.1326675800000885,near_feasible,policy_train,s3__policy_train__policy_train_compartmentalized_double_horizontal_0002__task_0010__seed_0000__official_adaptive__decision_0001__0007,horizon_complete,0
4,200,"41,84,153,191",neighborhood-07957fa85926b5b7,True,"1,1,0",official_adaptive,2,True,0.0,0,0fa48999959df761b592cdb92375aecde341d75080b91e641a547082fe143bd3,abff121c503691e40d6d4999c62f0c792b7b62ba40e267e0c594032d6fd7c134,3,1,1f21c7498737dd95b7c8bccad4245e26f42b4f7155a8bd7b8ebbed72f4b9800a,5d6c4a5ffdeca83574bd16b51e62383b2aa8378bd2ec55b56b46723e2ba58a65,False,compartmentalized,0.21427101047683259,44893,58517,11957,12,policy_train_compartmentalized_double_horizontal_0002,False,0.5,0.23895838000021286,0.23895838000021286,1,0.111352848,6672138aa09b88cc5f5fdfc079bc4dedbe9d681f74645debbab2280cb047ae88,0.15528464200019698,0.028261185000019395,lns2.receding_q_label_pilot.v2,random:4,0.08367373800001587,near_feasible,policy_train,s3__policy_train__policy_train_compartmentalized_double_horizontal_0002__task_0010__seed_0000__official_adaptive__decision_0001__0007,feasible,1
16,200,"9,14,19,39,66,78,84,93,100,103,110,116,117,121,132,141",neighborhood-084665ec3d803129,True,"1,1,1,0",official_adaptive,3,True,0.0,0,da46eaa8b6af4c897515e357a245334a3fc3e7a2694229b2a297651394bf1de5,3380b183d005478fae4e41ef93851c9fe95b07aa57e44bdfa79a174df7bef3ca,3,1,1f21c7498737dd95b7c8bccad4245e26f42b4f7155a8bd7b8ebbed72f4b9800a,5d6c4a5ffdeca83574bd16b51e62383b2aa8378bd2ec55b56b46723e2ba58a65,False,compartmentalized,0.36523862651270805,144468,147723,69756,32,policy_train_compartmentalized_double_horizontal_0002,False,0.8333333333333334,0.44085779400006686,0.44085779400006686,0,0.271243087,6672138aa09b88cc5f5fdfc079bc4dedbe9d681f74645debbab2280cb047ae88,0.32632086600006005,0.028261185000019395,lns2.receding_q_label_pilot.v2,collision:16,0.11453692800000681,near_feasible,policy_train,s3__policy_train__policy_train_compartmentalized_double_horizontal_0002__task_0010__seed_0000__official_adaptive__decision_0001__0007,feasible,0
16,200,"9,14,19,39,66,78,84,93,100,103,110,116,117,121,132,141",neighborhood-084665ec3d803129,True,"1,1,1,1",official_adaptive,3,False,1.0,1,d6fa9a6aac4eda29d938448fcda3c3f14d915b72c06eca00688679ae11387084,61e611b4dac75c2640bfce9e3af0425ac720531696cd94ce5c170a8cbd7d5470,3,1,1f21c7498737dd95b7c8bccad4245e26f42b4f7155a8bd7b8ebbed72f4b9800a,5d6c4a5ffdeca83574bd16b51e62383b2aa8378bd2ec55b56b46723e2ba58a65,False,compartmentalized,0.3837748364115041,132051,141448,49691,32,policy_train_compartmentalized_double_horizontal_0002,True,1.0,0.46781490599960307,0.46781490599960307,0,0.290821023,6672138aa09b88cc5f5fdfc079bc4dedbe9d681f74645debbab2280cb047ae88,0.34789223499979016,0.028261185000019395,lns2.receding_q_label_pilot.v2,collision:16,0.11992267099981291,near_feasible,policy_train,s3__policy_train__policy_train_compartmentalized_double_horizontal_0002__task_0010__seed_0000__official_adaptive__decision_0001__0007,horizon_complete,1
16,200,"8,21,31,37,38,39,43,48,51,76,79,84,89,110,141,169",neighborhood-0a6b45e6733956bd,True,"1,1,1,1",official_adaptive,3,False,1.0,1,c41325d0b53a8df62224c227c0d4feb9478e49eb9aee83f0590cf0c0b2c051d0,eaae0d08893df1fa5e417b36bba0f4e72b1ca8aef6713387a817cdf3f7cb04b9,3,1,1f21c7498737dd95b7c8bccad4245e26f42b4f7155a8bd7b8ebbed72f4b9800a,5d6c4a5ffdeca83574bd16b51e62383b2aa8378bd2ec55b56b46723e2ba58a65,False,compartmentalized,0.3010598464204137,75876,113130,15385,32,policy_train_compartmentalized_double_horizontal_0002,True,1.0,0.3512902090001262,0.3512902090001262,0,0.174345536,6672138aa09b88cc5f5fdfc079bc4dedbe9d681f74645debbab2280cb047ae88,0.22902432399996542,0.028261185000019395,lns2.receding_q_label_pilot.v2,target:16,0.12226588500016078,near_feasible,policy_train,s3__policy_train__policy_train_compartmentalized_double_horizontal_0002__task_0010__seed_0000__official_adaptive__decision_0001__0007,horizon_complete,0
16,200,"8,21,31,37,38,39,43,48,51,76,79,84,89,110,141,169",neighborhood-0a6b45e6733956bd,True,"1,1,0",official_adaptive,2,True,0.0,0,a63a60dd7c766c7f0a931ce165b8105c0425a5bb926bfbe473ca74f2b96173fc,d2cd116f02ffe7025cf7943005be72f7b6fb253e3c817f81be638da9937d3ca8,3,1,1f21c7498737dd95b7c8bccad4245e26f42b4f7155a8bd7b8ebbed72f4b9800a,5d6c4a5ffdeca83574bd16b51e62383b2aa8378bd2ec55b56b46723e2ba58a65,False,compartmentalized,0.24423591438658998,63813,78589,29736,24,policy_train_compartmentalized_double_horizontal_0002,False,0.5,0.27664547399990624,0.27664547399990624,1,0.15869687,6672138aa09b88cc5f5fdfc079bc4dedbe9d681f74645debbab2280cb047ae88,0.19612303799999609,0.028261185000019395,lns2.receding_q_label_pilot.v2,target:16,0.08052243599991016,near_feasible,policy_train,s3__policy_train__policy_train_compartmentalized_double_horizontal_0002__task_0010__seed_0000__official_adaptive__decision_0001__0007,feasible,1
8,200,"21,38,39,43,84,110,141,169",neighborhood-0acb5b8ed2d5e2d5,True,"1,0",official_adaptive,1,True,0.0,0,f2afbc2c1b218b8607953fba856370a8fff8ab01b877988eb547c6f599cc7a9d,0a7d645a12b40f8a0a4a6afb362fc8a6da1c4d05895c75af81551c5d08105853,3,1,1f21c7498737dd95b7c8bccad4245e26f42b4f7155a8bd7b8ebbed72f4b9800a,5d6c4a5ffdeca83574bd16b51e62383b2aa8378bd2ec55b56b46723e2ba58a65,False,compartmentalized,0.06242476810986848,8185,16075,992,8,policy_train_compartmentalized_double_horizontal_0002,False,0.16666666666666666,0.06441437800003769,0.06441437800003769,2,0.019393688,6672138aa09b88cc5f5fdfc079bc4dedbe9d681f74645debbab2280cb047ae88,0.03615319300001829,0.028261185000019395,lns2.receding_q_label_pilot.v2,target:8,0.028261185000019395,near_feasible,policy_train,s3__policy_train__policy_train_compartmentalized_double_horizontal_0002__task_0010__seed_0000__official_adaptive__decision_0001__0007,feasible,0
8,200,"21,38,39,43,84,110,141,169",neighborhood-0acb5b8ed2d5e2d5,True,"1,1,1,1",official_adaptive,3,False,1.0,1,82e4b652066e3a4c08a6bf23c606f5477cd62c7af871eaa04a61e8d0ca8236b8,07e8faf3aadd451373c5af76f2a94446b23fa0e92e2d8fbe427aee948c8e9ede,3,1,1f21c7498737dd95b7c8bccad4245e26f42b4f7155a8bd7b8ebbed72f4b9800a,5d6c4a5ffdeca83574bd16b51e62383b2aa8378bd2ec55b56b46723e2ba58a65,False,compartmentalized,0.34664478818441613,73862,92999,17969,21,policy_train_compartmentalized_double_horizontal_0002,True,1.0,0.414314254999681,0.414314254999681,0,0.209076657,6672138aa09b88cc5f5fdfc079bc4dedbe9d681f74645debbab2280cb047ae88,0.2746173039997757,0.028261185000019395,lns2.receding_q_label_pilot.v2,target:8,0.1396969509999053,near_feasible,policy_train,s3__policy_train__policy_train_compartmentalized_double_horizontal_0002__task_0010__seed_0000__official_adaptive__decision_0001__0007,horizon_complete,1
4,200,"16,70,141,193",neighborhood-111a5a3b1cf2643e,True,"1,0",official_adaptive,1,True,0.0,0,8407bbfcaa8a551b087f64a8f71c4be2f3cf8bbd102d333a8c59a03d040294be,79d23bcf4a2b00024a214376df07e2f0c5c4f401ca674e86c639cbdc49dc1796,3,1,1f21c7498737dd95b7c8bccad4245e26f42b4f7155a8bd7b8ebbed72f4b9800a,5d6c4a5ffdeca83574bd16b51e62383b2aa8378bd2ec55b56b46723e2ba58a65,False,compartmentalized,0.05989287745096672,4229,7185,1011,4,policy_train_compartmentalized_double_horizontal_0002,False,0.16666666666666666,0.061722806000034325,0.061722806000034325,2,0.011870941,6672138aa09b88cc5f5fdfc079bc4dedbe9d681f74645debbab2280cb047ae88,0.03346162100001493,0.028261185000019395,lns2.receding_q_label_pilot.v2,random:4,0.028261185000019395,near_feasible,policy_train,s3__policy_train__policy_train_compartmentalized_double_horizontal_0002__task_0010__seed_0000__official_adaptive__decision_0001__0007,feasible,0
4,200,"16,70,141,193",neighborhood-111a5a3b1cf2643e,True,"1,0",official_adaptive,1,True,0.0,0,68395ef80795f141af4fb6719c6b387a995198d971c227adf18d25ed0b504b77,2dc1aa92040176f22c4ea250f83c2919e0c8899d878e4203f6dce565d84436f9,3,1,1f21c7498737dd95b7c8bccad4245e26f42b4f7155a8bd7b8ebbed72f4b9800a,5d6c4a5ffdeca83574bd16b51e62383b2aa8378bd2ec55b56b46723e2ba58a65,False,compartmentalized,0.05681441217834577,3888,6935,777,4,policy_train_compartmentalized_double_horizontal_0002,False,0.16666666666666666,0.0584593550001955,0.0584593550001955,2,0.010488312,6672138aa09b88cc5f5fdfc079bc4dedbe9d681f74645debbab2280cb047ae88,0.030198170000176106,0.028261185000019395,lns2.receding_q_label_pilot.v2,random:4,0.028261185000019395,near_feasible,policy_train,s3__policy_train__policy_train_compartmentalized_double_horizontal_0002__task_0010__seed_0000__official_adaptive__decision_0001__0007,feasible,1
4,200,"54,57,84,141",neighborhood-1a8048b50b2b4a58,True,"1,1,0",official_adaptive,2,True,0.0,0,e05d3a8d1795422b12106f1ffb3d1e06c32d816527ecf68de8564cab7467bb8e,287f8f72fe980a445597fe908d73a2c914f7e4c7f7a8ed0178afadae3e861c17,3,1,1f21c7498737dd95b7c8bccad4245e26f42b4f7155a8bd7b8ebbed72f4b9800a,5d6c4a5ffdeca83574bd16b51e62383b2aa8378bd2ec55b56b46723e2ba58a65,False,compartmentalized,0.18431672013130368,39746,69872,1765,12,policy_train_compartmentalized_double_horizontal_0002,False,0.5,0.20239658600007715,0.20239658600007715,1,0.092170466,6672138aa09b88cc5f5fdfc079bc4dedbe9d681f74645debbab2280cb047ae88,0.12591517700002441,0.028261185000019395,lns2.receding_q_label_pilot.v2,collision:4,0.07648140900005274,near_feasible,policy_train,s3__policy_train__policy_train_compartmentalized_double_horizontal_0002__task_0010__seed_0000__official_adaptive__decision_0001__0007,feasible,0
4,200,"54,57,84,141",neighborhood-1a8048b50b2b4a58,True,"1,1,1,1",official_adaptive,3,False,1.0,1,947cf83f55bd963986befb4a2b677c8b417f0fb8a17231e05087aca1fc6e1eb6,1cb4e21329d4a90847596d3bea82750937a219851966c1df2f7afb09f4eed024,3,1,1f21c7498737dd95b7c8bccad4245e26f42b4f7155a8bd7b8ebbed72f4b9800a,5d6c4a5ffdeca83574bd16b51e62383b2aa8378bd2ec55b56b46723e2ba58a65,False,compartmentalized,0.3212639228282335,66228,84920,15485,20,policy_train_compartmentalized_double_horizontal_0002,True,1.0,0.3788694479997048,0.3788694479997048,0,0.171988583,6672138aa09b88cc5f5fdfc079bc4dedbe9d681f74645debbab2280cb047ae88,0.22822142799986977,0.028261185000019395,lns2.receding_q_label_pilot.v2,collision:4,0.15064801999983501,near_feasible,policy_train,s3__policy_train__policy_train_compartmentalized_double_horizontal_0002__task_0010__seed_0000__official_adaptive__decision_0001__0007,horizon_complete,1
16,200,"12,16,21,39,49,51,68,84,91,97,106,110,124,141,171,196",neighborhood-1cce6caee3a589f6,True,"1,1,1,0",official_adaptive,3,True,0.0,0,fae38b2d4d7da2571b6ba2302530c0672ca255c86e5f4c7b45e641f9654f5f04,3b4d9872c7fe0af96d97b1fe516c01ea7da3715b920395a57d77797d3bcb52df,3,1,1f21c7498737dd95b7c8bccad4245e26f42b4f7155a8bd7b8ebbed72f4b9800a,5d6c4a5ffdeca83574bd16b51e62383b2aa8378bd2ec55b56b46723e2ba58a65,False,compartmentalized,0.2847535013708916,66701,99228,15272,25,policy_train_compartmentalized_double_horizontal_0002,False,0.8333333333333334,0.3294342840003992,0.3294342840003992,0,0.155831503,6672138aa09b88cc5f5fdfc079bc4dedbe9d681f74645debbab2280cb047ae88,0.2101218380003047,0.028261185000019395,lns2.receding_q_label_pilot.v2,random:16,0.1193124460000945,near_feasible,policy_train,s3__policy_train__policy_train_compartmentalized_double_horizontal_0002__task_0010__seed_0000__official_adaptive__decision_0001__0007,feasible,0
16,200,"12,16,21,39,49,51,68,84,91,97,106,110,124,141,171,196",neighborhood-1cce6caee3a589f6,True,"1,0",official_adaptive,1,True,0.0,0,dad731860a1496760cc5f103b555cbb090ffe4da20529475ac09a325351218ff,3f88dbf2cc3857ea9770ef3b3b8775088496a40375b5566b0dfb83a514da2c98,3,1,1f21c7498737dd95b7c8bccad4245e26f42b4f7155a8bd7b8ebbed72f4b9800a,5d6c4a5ffdeca83574bd16b51e62383b2aa8378bd2ec55b56b46723e2ba58a65,False,compartmentalized,0.1113106522329635,30557,54804,4881,16,policy_train_compartmentalized_double_horizontal_0002,False,0.16666666666666666,0.11774208199994973,0.11774208199994973,2,0.072132294,6672138aa09b88cc5f5fdfc079bc4dedbe9d681f74645debbab2280cb047ae88,0.08948089699993034,0.028261185000019395,lns2.receding_q_label_pilot.v2,random:16,0.028261185000019395,near_feasible,policy_train,s3__policy_train__policy_train_compartmentalized_double_horizontal_0002__task_0010__seed_0000__official_adaptive__decision_0001__0007,feasible,1
16,200,"6,29,39,50,57,64,84,85,93,97,110,139,142,159,192,193",neighborhood-203896baf634752f,True,"1,0",official_adaptive,1,True,0.0,0,07d94ad5fe2a2a174b8814342381131b2fd240db342b6013613d3714b0a995a1,5e2dcec0eef2fbaa503a0283f4954463434d4cfa0b762fb90fceec872e9682cb,3,1,1f21c7498737dd95b7c8bccad4245e26f42b4f7155a8bd7b8ebbed72f4b9800a,5d6c4a5ffdeca83574bd16b51e62383b2aa8378bd2ec55b56b46723e2ba58a65,False,compartmentalized,0.2717424773893088,117492,71753,84446,16,policy_train_compartmentalized_double_horizontal_0002,False,0.16666666666666666,0.31224902400003884,0.31224902400003884,2,0.261806891,6672138aa09b88cc5f5fdfc079bc4dedbe9d681f74645debbab2280cb047ae88,0.28398783900001945,0.028261185000019395,lns2.receding_q_label_pilot.v2,target:16,0.028261185000019395,near_feasible,policy_train,s3__policy_train__policy_train_compartmentalized_double_horizontal_0002__task_0010__seed_0000__official_adaptive__decision_0001__0007,feasible,0
16,200,"6,29,39,50,57,64,84,85,93,97,110,139,142,159,192,193",neighborhood-203896baf634752f,True,"1,1,1,1",official_adaptive,3,False,1.0,1,eb8b7a909ec6973d571e724acb2a2c60d8b9a8d19ddc26d454818e0cd3635a4a,3c5c281f2dab6818f3ea2db7d8069ff96452ebed8176e37d9d9b8eb7fcf4b035,3,1,1f21c7498737dd95b7c8bccad4245e26f42b4f7155a8bd7b8ebbed72f4b9800a,5d6c4a5ffdeca83574bd16b51e62383b2aa8378bd2ec55b56b46723e2ba58a65,False,compartmentalized,0.41845846629985706,169102,148949,89238,32,policy_train_compartmentalized_double_horizontal_0002,True,1.0,0.5196172079999997,0.5196172079999997,0,0.343809539,6672138aa09b88cc5f5fdfc079bc4dedbe9d681f74645debbab2280cb047ae88,0.40116808699985995,0.028261185000019395,lns2.receding_q_label_pilot.v2,target:16,0.11844912100013971,near_feasible,policy_train,s3__policy_train__policy_train_compartmentalized_double_horizontal_0002__task_0010__seed_0000__official_adaptive__decision_0001__0007,horizon_complete,1
16,200,"33,38,58,59,73,82,84,92,96,99,116,136,162,170,176,192",neighborhood-27f26e96872f254b,True,"1,1,1,1",official_adaptive,3,False,1.0,1,4ca3aa6aa262a0dadf93a622a3d45db317871d1249c966c78c37fa240849667e,1eac80b625c2a2b30d59f1e581438277381ff9be591d8c7b1090331d4c0e2cea,3,1,1f21c7498737dd95b7c8bccad4245e26f42b4f7155a8bd7b8ebbed72f4b9800a,5d6c4a5ffdeca83574bd16b51e62383b2aa8378bd2ec55b56b46723e2ba58a65,False,compartmentalized,0.3214551808035811,80994,103657,26711,32,policy_train_compartmentalized_double_horizontal_0002,True,1.0,0.37913319299946124,0.37913319299946124,0,0.19930029500000002,6672138aa09b88cc5f5fdfc079bc4dedbe9d681f74645debbab2280cb047ae88,0.2565764189996571,0.028261185000019395,lns2.receding_q_label_pilot.v2,random:16,0.12255677399980414,near_feasible,policy_train,s3__policy_train__policy_train_compartmentalized_double_horizontal_0002__task_0010__seed_0000__official_adaptive__decision_0001__0007,horizon_complete,0
16,200,"33,38,58,59,73,82,84,92,96,99,116,136,162,170,176,192",neighborhood-27f26e96872f254b,True,"1,1,1,0",official_adaptive,3,True,0.0,0,d7e8bdbabe42fd255025e07c63d44232ea32273fee2775799d5488172f9241ab,6417aebd284b92d0cbd78f87db16614edbaa879eda63b719e1952aabac5dad4a,3,1,1f21c7498737dd95b7c8bccad4245e26f42b4f7155a8bd7b8ebbed72f4b9800a,5d6c4a5ffdeca83574bd16b51e62383b2aa8378bd2ec55b56b46723e2ba58a65,False,compartmentalized,0.27514496532578575,56513,94729,10780,32,policy_train_compartmentalized_double_horizontal_0002,False,0.8333333333333334,0.3167215399998895,0.3167215399998895,0,0.143331997,6672138aa09b88cc5f5fdfc079bc4dedbe9d681f74645debbab2280cb047ae88,0.19835025399993356,0.028261185000019395,lns2.receding_q_label_pilot.v2,random:16,0.11837128599995594,near_feasible,policy_train,s3__policy_train__policy_train_compartmentalized_double_horizontal_0002__task_0010__seed_0000__official_adaptive__decision_0001__0007,feasible,1
8,200,"17,62,79,105,121,140,141,198",neighborhood-2b42104dbcc1ac60,True,"1,0",official_adaptive,1,True,0.0,0,73278d52f75fdc1a98f65a456d0f3c16283023e0050ac4e60aa72305dd4c36c6,c54cd953e14beb70a6e02131b5e264f1ee7f5515b74b8cf1bc246ee8b9f81c85,3,1,1f21c7498737dd95b7c8bccad4245e26f42b4f7155a8bd7b8ebbed72f4b9800a,5d6c4a5ffdeca83574bd16b51e62383b2aa8378bd2ec55b56b46723e2ba58a65,False,compartmentalized,0.06560241905986043,9452,13750,4056,8,policy_train_compartmentalized_double_horizontal_0002,False,0.16666666666666666,0.06780209499993362,0.06780209499993362,2,0.018837017,6672138aa09b88cc5f5fdfc079bc4dedbe9d681f74645debbab2280cb047ae88,0.03954090999991422,0.028261185000019395,lns2.receding_q_label_pilot.v2,random:8,0.028261185000019395,near_feasible,policy_train,s3__policy_train__policy_train_compartmentalized_double_horizontal_0002__task_0010__seed_0000__official_adaptive__decision_0001__0007,feasible,0
8,200,"17,62,79,105,121,140,141,198",neighborhood-2b42104dbcc1ac60,True,"1,0",official_adaptive,1,True,0.0,0,5d15f0aeacc44b50608eb4ed2ea2aae0e13ff69c44b11fc9e83c165cad321872,8c5b4fad7ce3aa326c482911415f5dc7d0b87f388ab46c563bc23ced1ad57db0,3,1,1f21c7498737dd95b7c8bccad4245e26f42b4f7155a8bd7b8ebbed72f4b9800a,5d6c4a5ffdeca83574bd16b51e62383b2aa8378bd2ec55b56b46723e2ba58a65,False,compartmentalized,0.058653728410942046,8670,11505,3912,8,policy_train_compartmentalized_double_horizontal_0002,False,0.16666666666666666,0.0604079880001791,0.0604079880001791,2,0.014458483,6672138aa09b88cc5f5fdfc079bc4dedbe9d681f74645debbab2280cb047ae88,0.03214680300015971,0.028261185000019395,lns2.receding_q_label_pilot.v2,random:8,0.028261185000019395,near_feasible,policy_train,s3__policy_train__policy_train_compartmentalized_double_horizontal_0002__task_0010__seed_0000__official_adaptive__decision_0001__0007,feasible,1
8,200,"6,24,39,63,66,84,136,141",neighborhood-2cb87e86a069f6a9,True,"1,1,1,0",official_adaptive,3,True,0.0,0,1a9f780b184857617474d92adfe43c397902c4d55029760659317e490ba7e1e5,3b4d9872c7fe0af96d97b1fe516c01ea7da3715b920395a57d77797d3bcb52df,3,1,1f21c7498737dd95b7c8bccad4245e26f42b4f7155a8bd7b8ebbed72f4b9800a,5d6c4a5ffdeca83574bd16b51e62383b2aa8378bd2ec55b56b46723e2ba58a65,False,compartmentalized,0.3224782668901215,84045,119067,22258,23,policy_train_compartmentalized_double_horizontal_0002,False,0.8333333333333334,0.3805448869998145,0.3805448869998145,0,0.19692752000000002,6672138aa09b88cc5f5fdfc079bc4dedbe9d681f74645debbab2280cb047ae88,0.2571017360000951,0.028261185000019395,lns2.receding_q_label_pilot.v2,collision:8,0.12344315099971936,near_feasible,policy_train,s3__policy_train__policy_train_compartmentalized_double_horizontal_0002__task_0010__seed_0000__official_adaptive__decision_0001__0007,feasible,0
8,200,"6,24,39,63,66,84,136,141",neighborhood-2cb87e86a069f6a9,True,"1,1,0",official_adaptive,2,True,0.0,0,4a31e935d0fd361c9028eb3df7eaadb1e5909ef1f503ec74b7c1a67dd73f7a5f,19e8fb7b4e481975cb92b4d811305876c323229d31ae045265cf58ad74bc1bb5,3,1,1f21c7498737dd95b7c8bccad4245e26f42b4f7155a8bd7b8ebbed72f4b9800a,5d6c4a5ffdeca83574bd16b51e62383b2aa8378bd2ec55b56b46723e2ba58a65,False,compartmentalized,0.2252303644042586,68684,81391,22722,14,policy_train_compartmentalized_double_horizontal_0002,False,0.5,0.252611239999851,0.252611239999851,1,0.14720747,6672138aa09b88cc5f5fdfc079bc4dedbe9d681f74645debbab2280cb047ae88,0.18018583599996418,0.028261185000019395,lns2.receding_q_label_pilot.v2,collision:8,0.07242540399988684,near_feasible,policy_train,s3__policy_train__policy_train_compartmentalized_double_horizontal_0002__task_0010__seed_0000__official_adaptive__decision_0001__0007,feasible,1
8,200,"7,39,57,84,85,110,191,193",neighborhood-37b72efce7ebcb73,True,"1,1,1,1",official_adaptive,3,False,1.0,1,eb63fb8a10a4d29d927c0b8b0bbfd336a5fc99ac0d6f570d951e88655ea4e840,6e9c71545d905d07e2cb1475d127801926231e54303fb8b6b994240167e866a1,3,1,1f21c7498737dd95b7c8bccad4245e26f42b4f7155a8bd7b8ebbed72f4b9800a,5d6c4a5ffdeca83574bd16b51e62383b2aa8378bd2ec55b56b46723e2ba58a65,False,compartmentalized,0.3807994990196655,124328,114769,62162,24,policy_train_compartmentalized_double_horizontal_0002,True,1.0,0.46345415199971285,0.46345415199971285,0,0.273108455,6672138aa09b88cc5f5fdfc079bc4dedbe9d681f74645debbab2280cb047ae88,0.3353725859997212,0.028261185000019395,lns2.receding_q_label_pilot.v2,target:8,0.12808156599999165,near_feasible,policy_train,s3__policy_train__policy_train_compartmentalized_double_horizontal_0002__task_0010__seed_0000__official_adaptive__decision_0001__0007,horizon_complete,0
8,200,"7,39,57,84,85,110,191,193",neighborhood-37b72efce7ebcb73,True,"1,1,0",official_adaptive,2,True,0.0,0,081b6ad197f0012382f25dd3809f10e9ba7068f28c4011726c7f95baa9285404,8b9858ef6d2a82b5323173c24e91b6bf131548d3a3c8560faf9c6b0bb0821d99,3,1,1f21c7498737dd95b7c8bccad4245e26f42b4f7155a8bd7b8ebbed72f4b9800a,5d6c4a5ffdeca83574bd16b51e62383b2aa8378bd2ec55b56b46723e2ba58a65,False,compartmentalized,0.21660132957389772,67280,71077,31782,16,policy_train_compartmentalized_double_horizontal_0002,False,0.5,0.2418489149999914,0.2418489149999914,1,0.132743809,6672138aa09b88cc5f5fdfc079bc4dedbe9d681f74645debbab2280cb047ae88,0.16920099300000402,0.028261185000019395,lns2.receding_q_label_pilot.v2,target:8,0.07264792199998737,near_feasible,policy_train,s3__policy_train__policy_train_compartmentalized_double_horizontal_0002__task_0010__seed_0000__official_adaptive__decision_0001__0007,feasible,1
4,200,"38,84,141,190",neighborhood-52b4d2bdea7170e5,True,"1,1,1,0",official_adaptive,3,True,0.0,0,f4e764e80127fb317f447f22ba8de3a137cdeb9b7055283d0a212c2fc3deef99,3dc79cb41a5329fcd7bb92ee2c815c4d28a12d6fb41bf6e2dd2a4b5a41bdaf16,3,1,1f21c7498737dd95b7c8bccad4245e26f42b4f7155a8bd7b8ebbed72f4b9800a,5d6c4a5ffdeca83574bd16b51e62383b2aa8378bd2ec55b56b46723e2ba58a65,True,compartmentalized,0.2882599152185736,68690,94745,15339,20,policy_train_compartmentalized_double_horizontal_0002,False,0.8333333333333334,0.3341040130001147,0.3341040130001147,0,0.15558202699999998,6672138aa09b88cc5f5fdfc079bc4dedbe9d681f74645debbab2280cb047ae88,0.212003599000127,0.028261185000019395,lns2.receding_q_label_pilot.v2,collision:4,0.12210041399998772,near_feasible,policy_train,s3__policy_train__policy_train_compartmentalized_double_horizontal_0002__task_0010__seed_0000__official_adaptive__decision_0001__0007,feasible,0
4,200,"38,84,141,190",neighborhood-52b4d2bdea7170e5,True,"1,1,1,0",official_adaptive,3,True,0.0,0,5565943d822213ed83441246fd0f3a4d268fa027eef4074efa4848f2c53b70cb,87ff3d0486339f0febd63982aa270680e3e7009137c484b7172762805afa4d11,3,1,1f21c7498737dd95b7c8bccad4245e26f42b4f7155a8bd7b8ebbed72f4b9800a,5d6c4a5ffdeca83574bd16b51e62383b2aa8378bd2ec55b56b46723e2ba58a65,True,compartmentalized,0.26029292765292633,49171,67256,7608,20,policy_train_compartmentalized_double_horizontal_0002,False,0.8333333333333334,0.29731004900008884,0.29731004900008884,0,0.119393252,6672138aa09b88cc5f5fdfc079bc4dedbe9d681f74645debbab2280cb047ae88,0.1779521549999572,0.028261185000019395,lns2.receding_q_label_pilot.v2,collision:4,0.11935789400013164,near_feasible,policy_train,s3__policy_train__policy_train_compartmentalized_double_horizontal_0002__task_0010__seed_0000__official_adaptive__decision_0001__0007,feasible,1
4,200,"21,43,110,141",neighborhood-5e7eea66dfc403a1,True,"1,0",official_adaptive,1,True,0.0,0,0f851765fd6855fd2767eaf5453e330de4f1051261b8bd380ae31ed4aa717bf2,cd6a690cf2cb244735a851a9d0694ee0dea26ca82e771adccc4483f496c767b9,3,1,1f21c7498737dd95b7c8bccad4245e26f42b4f7155a8bd7b8ebbed72f4b9800a,5d6c4a5ffdeca83574bd16b51e62383b2aa8378bd2ec55b56b46723e2ba58a65,False,compartmentalized,0.04773180430420747,1636,2092,958,4,policy_train_compartmentalized_double_horizontal_0002,False,0.16666666666666666,0.04888931000004959,0.04888931000004959,2,0.003046222,6672138aa09b88cc5f5fdfc079bc4dedbe9d681f74645debbab2280cb047ae88,0.020628125000030195,0.028261185000019395,lns2.receding_q_label_pilot.v2,target:4,0.028261185000019395,near_feasible,policy_train,s3__policy_train__policy_train_compartmentalized_double_horizontal_0002__task_0010__seed_0000__official_adaptive__decision_0001__0007,feasible,0
4,200,"21,43,110,141",neighborhood-5e7eea66dfc403a1,True,"1,0",official_adaptive,1,True,0.0,0,76e47928d41efe9e1202578114c6f264beade13d51e4d443cb1a7d4d64b00b64,7003ae28a429d92656b307cd169e69aaa98f393bd63d1b25ee5245cdd977ee50,3,1,1f21c7498737dd95b7c8bccad4245e26f42b4f7155a8bd7b8ebbed72f4b9800a,5d6c4a5ffdeca83574bd16b51e62383b2aa8378bd2ec55b56b46723e2ba58a65,False,compartmentalized,0.05194407203568903,2136,2380,1300,4,policy_train_compartmentalized_double_horizontal_0002,False,0.16666666666666666,0.0533168309998473,0.0533168309998473,2,0.004463603,6672138aa09b88cc5f5fdfc079bc4dedbe9d681f74645debbab2280cb047ae88,0.025055645999827902,0.028261185000019395,lns2.receding_q_label_pilot.v2,target:4,0.028261185000019395,near_feasible,policy_train,s3__policy_train__policy_train_compartmentalized_double_horizontal_0002__task_0010__seed_0000__official_adaptive__decision_0001__0007,feasible,1
16,200,"31,40,45,54,63,68,84,98,106,118,126,128,141,157,185,190",neighborhood-64293ff8b7ffbe39,True,"1,0",official_adaptive,1,True,0.0,0,290085255a2ec9ac3df8b360b7ff7104ca4342b852a57fa368685c33759ace20,971e3de673ea3d8aa3f77144d57eb8b94b9c8c393ecab873bb50f44fcb365371,3,1,1f21c7498737dd95b7c8bccad4245e26f42b4f7155a8bd7b8ebbed72f4b9800a,5d6c4a5ffdeca83574bd16b51e62383b2aa8378bd2ec55b56b46723e2ba58a65,False,compartmentalized,0.10983851603154943,21170,39149,6001,16,policy_train_compartmentalized_double_horizontal_0002,False,0.16666666666666666,0.11609782400000768,0.11609782400000768,2,0.06250356,6672138aa09b88cc5f5fdfc079bc4dedbe9d681f74645debbab2280cb047ae88,0.08783663899998828,0.028261185000019395,lns2.receding_q_label_pilot.v2,collision:16,0.028261185000019395,near_feasible,policy_train,s3__policy_train__policy_train_compartmentalized_double_horizontal_0002__task_0010__seed_0000__official_adaptive__decision_0001__0007,feasible,0
16,200,"31,40,45,54,63,68,84,98,106,118,126,128,141,157,185,190",neighborhood-64293ff8b7ffbe39,True,"1,0",official_adaptive,1,True,0.0,0,67c26e554710a8495a7eed3c6026c806a557e04ba94e6aebf6b0d1fb15e266c4,0befcf582ac6115ef6e9dfa2aae2b767aaaa38a8b31ad879a303615419fc5dfc,3,1,1f21c7498737dd95b7c8bccad4245e26f42b4f7155a8bd7b8ebbed72f4b9800a,5d6c4a5ffdeca83574bd16b51e62383b2aa8378bd2ec55b56b46723e2ba58a65,False,compartmentalized,0.1147739092176166,22380,41002,6088,16,policy_train_compartmentalized_double_horizontal_0002,False,0.16666666666666666,0.12161982099996749,0.12161982099996749,2,0.068239689,6672138aa09b88cc5f5fdfc079bc4dedbe9d681f74645debbab2280cb047ae88,0.09335863599994809,0.028261185000019395,lns2.receding_q_label_pilot.v2,collision:16,0.028261185000019395,near_feasible,policy_train,s3__policy_train__policy_train_compartmentalized_double_horizontal_0002__task_0010__seed_0000__official_adaptive__decision_0001__0007,feasible,1
4,200,"39,84,110,193",neighborhood-b2065e9468a77bd5,True,"1,1,0",official_adaptive,2,True,0.0,0,6edbe64e5b505cd99479f0653fd34b82aa12739170315de44d138040033bae90,54ceb3bcd058b11881bac548f1c8042c58baaa49d658026cfe576f06cad25526,3,1,1f21c7498737dd95b7c8bccad4245e26f42b4f7155a8bd7b8ebbed72f4b9800a,5d6c4a5ffdeca83574bd16b51e62383b2aa8378bd2ec55b56b46723e2ba58a65,False,compartmentalized,0.2136632711298176,37005,64431,1349,12,policy_train_compartmentalized_double_horizontal_0002,False,0.5,0.23820564499987995,0.23820564499987995,1,0.117347794,6672138aa09b88cc5f5fdfc079bc4dedbe9d681f74645debbab2280cb047ae88,0.15909388199975183,0.028261185000019395,lns2.receding_q_label_pilot.v2,target:4,0.07911176300012812,near_feasible,policy_train,s3__policy_train__policy_train_compartmentalized_double_horizontal_0002__task_0010__seed_0000__official_adaptive__decision_0001__0007,feasible,0
4,200,"39,84,110,193",neighborhood-b2065e9468a77bd5,True,"1,1,0",official_adaptive,2,True,0.0,0,b78b41c17c3fca956b352cfc33b715e64db130a33e87ce853d22914b14d2ebbe,19e8fb7b4e481975cb92b4d811305876c323229d31ae045265cf58ad74bc1bb5,3,1,1f21c7498737dd95b7c8bccad4245e26f42b4f7155a8bd7b8ebbed72f4b9800a,5d6c4a5ffdeca83574bd16b51e62383b2aa8378bd2ec55b56b46723e2ba58a65,False,compartmentalized,0.31217497217404405,103714,70919,62540,12,policy_train_compartmentalized_double_horizontal_0002,False,0.5,0.3663937530000112,0.3663937530000112,1,0.244055851,6672138aa09b88cc5f5fdfc079bc4dedbe9d681f74645debbab2280cb047ae88,0.2870174730001054,0.028261185000019395,lns2.receding_q_label_pilot.v2,target:4,0.07937627999990582,near_feasible,policy_train,s3__policy_train__policy_train_compartmentalized_double_horizontal_0002__task_0010__seed_0000__official_adaptive__decision_0001__0007,feasible,1
4,400,"39,254,304,390",neighborhood-0626122416e57905,True,"89,89,74,71",official_adaptive,3,False,0.797752808988764,71,f8715d0ec3a31db223119b8d4c195217f89d3a64f495cf69a8d1eecf75ec0233,dc75f6204c32649498be757cb6a727ad154d412ce8135937ee4480f2e6f8af16,3,89,766d25606feaee2a0bbd4440dbf00dbaaf097a16e7b9ffc61413343ddcb45d46,f5e6dedfcb59a7a6324731fa312d9f3a1d4f5996aad4f8ee1b9d7c25710775ae,False,compartmentalized,0.4226760472001868,78444,96226,28032,20,policy_train_compartmentalized_double_horizontal_0002,False,0.9101123595505618,0.4919767573483216,0.5260398510000073,0,0.19779818,6672138aa09b88cc5f5fdfc079bc4dedbe9d681f74645debbab2280cb047ae88,0.27901158899999245,0.04607809300000554,lns2.receding_q_label_pilot.v2,random:4,0.24702826200001482,high_cost_progress,policy_train,s3__policy_train__policy_train_compartmentalized_double_horizontal_0002__task_0013__seed_0000__fixed_random__decision_0003__0016,horizon_complete,0
4,400,"39,254,304,390",neighborhood-0626122416e57905,True,"89,89,76,68",official_adaptive,3,False,0.7640449438202247,68,390b4df0d826e445e150bad941d65ce484e885028aca8517c76c5fa5cf5c8889,44d0a779d7f211c070f4146d249f56a5b21bcf1d2b683db577a031f20fa25c29,3,89,766d25606feaee2a0bbd4440dbf00dbaaf097a16e7b9ffc61413343ddcb45d46,f5e6dedfcb59a7a6324731fa312d9f3a1d4f5996aad4f8ee1b9d7c25710775ae,False,compartmentalized,0.4282308899421165,91881,132075,15428,20,policy_train_compartmentalized_double_horizontal_0002,False,0.9119850187265918,0.5007382139101234,0.5345403500000145,0,0.261786591,6672138aa09b88cc5f5fdfc079bc4dedbe9d681f74645debbab2280cb047ae88,0.33789996999999516,0.04607809300000554,lns2.receding_q_label_pilot.v2,random:4,0.19664038000001938,high_cost_progress,policy_train,s3__policy_train__policy_train_compartmentalized_double_horizontal_0002__task_0013__seed_0000__fixed_random__decision_0003__0016,horizon_complete,1
8,400,"102,133,134,217,279,322,329,389",neighborhood-09f4e5568443b43e,True,"89,76,75,64",official_adaptive,3,False,0.7191011235955056,64,8abe4fcff27d98875d8c455df34eeb94539d506222b41f996576bb24c28422c5,66df02878d0984b0faa6ebe5d8193526c287252e2227f611c3bd65fc3b9260bf,3,89,766d25606feaee2a0bbd4440dbf00dbaaf097a16e7b9ffc61413343ddcb45d46,f5e6dedfcb59a7a6324731fa312d9f3a1d4f5996aad4f8ee1b9d7c25710775ae,False,compartmentalized,0.4980532216007887,114398,125572,43326,24,policy_train_compartmentalized_double_horizontal_0002,False,0.8520599250936329,0.5652595345842457,0.6455146979999711,0,0.360485271,6672138aa09b88cc5f5fdfc079bc4dedbe9d681f74645debbab2280cb047ae88,0.45701644099997907,0.04607809300000554,lns2.receding_q_label_pilot.v2,random:8,0.188498256999992,high_cost_progress,policy_train,s3__policy_train__policy_train_compartmentalized_double_horizontal_0002__task_0013__seed_0000__fixed_random__decision_0003__0016,horizon_complete,0
8,400,"102,133,134,217,279,322,329,389",neighborhood-09f4e5568443b43e,True,"89,76,74,67",official_adaptive,3,False,0.7528089887640449,67,71586220564f77bbe8005ca3c51f42940b9a10eddacb9df5f40a2f2a3bdab270,deb7a72c04f18a330f962fdb691c9524fcf80863750d38c068db3cddbd37b7cf,3,89,766d25606feaee2a0bbd4440dbf00dbaaf097a16e7b9ffc61413343ddcb45d46,f5e6dedfcb59a7a6324731fa312d9f3a1d4f5996aad4f8ee1b9d7c25710775ae,False,compartmentalized,0.41316575189613297,72453,114587,9754,24,policy_train_compartmentalized_double_horizontal_0002,False,0.8539325842696629,0.4465745461685504,0.5115955550000137,0,0.22689526299999999,6672138aa09b88cc5f5fdfc079bc4dedbe9d681f74645debbab2280cb047ae88,0.30912234100000546,0.04607809300000554,lns2.receding_q_label_pilot.v2,random:8,0.20247321400000828,high_cost_progress,policy_train,s3__policy_train__policy_train_compartmentalized_double_horizontal_0002__task_0013__seed_0000__fixed_random__decision_0003__0016,horizon_complete,1
4,400,"7,155,227,295",neighborhood-0b68232356321d6a,True,"89,88,83,83",official_adaptive,3,False,0.9325842696629213,83,2ef6c4a65277a6e44dfe185b270415f305198295ee2ae294a3a474ffd9d62c28,02fe82e78aa87431e0255df5305bf9c6d3dc679f8caa8b12b94346f69ed8e689,3,89,766d25606feaee2a0bbd4440dbf00dbaaf097a16e7b9ffc61413343ddcb45d46,f5e6dedfcb59a7a6324731fa312d9f3a1d4f5996aad4f8ee1b9d7c25710775ae,False,compartmentalized,0.4624788388894109,106915,131655,31464,20,policy_train_compartmentalized_double_horizontal_0002,False,0.9625468164794008,0.5738081762134528,0.5880055199999674,0,0.318915385,6672138aa09b88cc5f5fdfc079bc4dedbe9d681f74645debbab2280cb047ae88,0.4047126429999821,0.04607809300000554,lns2.receding_q_label_pilot.v2,random:4,0.1832928769999853,high_cost_progress,policy_train,s3__policy_train__policy_train_compartmentalized_double_horizontal_0002__task_0013__seed_0000__fixed_random__decision_0003__0016,horizon_complete,0
4,400,"7,155,227,295",neighborhood-0b68232356321d6a,True,"89,88,88,81",official_adaptive,3,False,0.9101123595505618,81,80cb435cd391532a726f3ed923a6266982aff891a3f435891090c3fc61f0a133,cb111de5d6d95bc8c64626074f3236e912a9ea9443c89333d2985c1230c72433,3,89,766d25606feaee2a0bbd4440dbf00dbaaf097a16e7b9ffc61413343ddcb45d46,f5e6dedfcb59a7a6324731fa312d9f3a1d4f5996aad4f8ee1b9d7c25710775ae,False,compartmentalized,0.4493032483643624,92108,116238,19794,12,policy_train_compartmentalized_double_horizontal_0002,False,0.9775280898876404,0.5634630441123454,0.5672198419999859,0,0.294992466,6672138aa09b88cc5f5fdfc079bc4dedbe9d681f74645debbab2280cb047ae88,0.3778944459999707,0.04607809300000554,lns2.receding_q_label_pilot.v2,random:4,0.1893253960000152,high_cost_progress,policy_train,s3__policy_train__policy_train_compartmentalized_double_horizontal_0002__task_0013__seed_0000__fixed_random__decision_0003__0016,horizon_complete,1
16,400,"51,53,93,94,191,198,238,247,260,274,295,313,322,326,376,390",neighborhood-0c15b3e1a6c8420f,True,"89,85,85,75",official_adaptive,3,False,0.8426966292134831,75,224486b061ae61ec14b6d8b6e40e3856b0d714eb9e39ef4ddde065d1cf1a8607,3d3a59f094d14b190285b8cde8c17f6392432824dd339f139927724d75e0339b,3,89,766d25606feaee2a0bbd4440dbf00dbaaf097a16e7b9ffc61413343ddcb45d46,f5e6dedfcb59a7a6324731fa312d9f3a1d4f5996aad4f8ee1b9d7c25710775ae,False,compartmentalized,0.4017173580579858,99926,145654,22283,32,policy_train_compartmentalized_double_horizontal_0002,False,0.9438202247191011,0.48022042705618434,0.4943888960000038,0,0.25202038,6672138aa09b88cc5f5fdfc079bc4dedbe9d681f74645debbab2280cb047ae88,0.32817720399998507,0.04607809300000554,lns2.receding_q_label_pilot.v2,random:16,0.16621169200001873,high_cost_progress,policy_train,s3__policy_train__policy_train_compartmentalized_double_horizontal_0002__task_0013__seed_0000__fixed_random__decision_0003__0016,horizon_complete,0
16,400,"51,53,93,94,191,198,238,247,260,274,295,313,322,326,376,390",neighborhood-0c15b3e1a6c8420f,True,"89,75,69,62",official_adaptive,3,False,0.6966292134831461,62,95c1f1bbd5f57a0a650b24ea86e03c1139f0b111df5a2f6300142ca8b5acf33d,da91c00ac5a7e46d555abbf413f149f4d8163205f826eca566e285b5ee482b98,3,89,766d25606feaee2a0bbd4440dbf00dbaaf097a16e7b9ffc61413343ddcb45d46,f5e6dedfcb59a7a6324731fa312d9f3a1d4f5996aad4f8ee1b9d7c25710775ae,False,compartmentalized,0.36397214965305735,63376,107328,8638,32,policy_train_compartmentalized_double_horizontal_0002,False,0.8220973782771536,0.3940766197303436,0.4390341360000036,0,0.162183972,6672138aa09b88cc5f5fdfc079bc4dedbe9d681f74645debbab2280cb047ae88,0.25213620799999603,0.04607809300000554,lns2.receding_q_label_pilot.v2,random:16,0.1868979280000076,high_cost_progress,policy_train,s3__policy_train__policy_train_compartmentalized_double_horizontal_0002__task_0013__seed_0000__fixed_random__decision_0003__0016,horizon_complete,1
16,400,"49,51,121,125,129,155,164,231,266,304,322,335,336,349,379,390",neighborhood-0f33c5e4be79275f,True,"89,45,41,41",official_adaptive,3,False,0.4606741573033708,41,e9393e314d7f643d6cb7930cad4deed25a4d82eed4d8d621c5ee5879d559ea8c,bdb50a4a17b2125907045f47a61d138c67c2a4e30aa313452ebb213499b5cc64,3,89,766d25606feaee2a0bbd4440dbf00dbaaf097a16e7b9ffc61413343ddcb45d46,f5e6dedfcb59a7a6324731fa312d9f3a1d4f5996aad4f8ee1b9d7c25710775ae,True,compartmentalized,0.40469546600968265,95367,118164,39004,32,policy_train_compartmentalized_double_horizontal_0002,False,0.5655430711610487,0.30911182293261796,0.49884598100004496,0,0.21999067700000002,6672138aa09b88cc5f5fdfc079bc4dedbe9d681f74645debbab2280cb047ae88,0.3107589580000365,0.04607809300000554,lns2.receding_q_label_pilot.v2,collision:16,0.18808702300000846,high_cost_progress,policy_train,s3__policy_train__policy_train_compartmentalized_double_horizontal_0002__task_0013__seed_0000__fixed_random__decision_0003__0016,horizon_complete,0
16,400,"49,51,121,125,129,155,164,231,266,304,322,335,336,349,379,390",neighborhood-0f33c5e4be79275f,True,"89,40,37,26",official_adaptive,3,False,0.29213483146067415,26,e0e458a753ab3941b145eba65f2cb1d141e91efc7b565c46473dc713f1faa842,511802b99cac19ddcb8d55aec8bdee0eafeeab5efdbad099d6326149a63333b5,3,89,766d25606feaee2a0bbd4440dbf00dbaaf097a16e7b9ffc61413343ddcb45d46,f5e6dedfcb59a7a6324731fa312d9f3a1d4f5996aad4f8ee1b9d7c25710775ae,True,compartmentalized,0.36119651491231125,54692,103623,13276,32,policy_train_compartmentalized_double_horizontal_0002,False,0.5037453183520599,0.3072130365842808,0.43504544099999976,0,0.159817186,6672138aa09b88cc5f5fdfc079bc4dedbe9d681f74645debbab2280cb047ae88,0.2460999220000133,0.04607809300000554,lns2.receding_q_label_pilot.v2,collision:16,0.18894551899998646,high_cost_progress,policy_train,s3__policy_train__policy_train_compartmentalized_double_horizontal_0002__task_0013__seed_0000__fixed_random__decision_0003__0016,horizon_complete,1
8,400,"7,51,137,216,231,278,315,357",neighborhood-18d2e369eb9821c4,True,"89,89,74,70",official_adaptive,3,False,0.7865168539325843,70,7c947a51a2bbf382e23fd6dbb489e673974aa9baed2cf6fed23c4d6e4da26116,e7a4e8ba6f85f0b06cb75a97a42725764967ccf5b8f911be492cf356910b39dd,3,89,766d25606feaee2a0bbd4440dbf00dbaaf097a16e7b9ffc61413343ddcb45d46,f5e6dedfcb59a7a6324731fa312d9f3a1d4f5996aad4f8ee1b9d7c25710775ae,False,compartmentalized,0.5061306749215407,113787,156354,26956,23,policy_train_compartmentalized_double_horizontal_0002,False,0.9082397003745318,0.6173096750337069,0.6588600919999976,0,0.37504089900000004,6672138aa09b88cc5f5fdfc079bc4dedbe9d681f74645debbab2280cb047ae88,0.4672300329999928,0.04607809300000554,lns2.receding_q_label_pilot.v2,collision:8,0.19163005900000485,high_cost_progress,policy_train,s3__policy_train__policy_train_compartmentalized_double_horizontal_0002__task_0013__seed_0000__fixed_random__decision_0003__0016,horizon_complete,0
8,400,"7,51,137,216,231,278,315,357",neighborhood-18d2e369eb9821c4,True,"89,89,76,68",official_adaptive,3,False,0.7640449438202247,68,678a189724ffe241037a8b45cf6d926b96cab1ac906766d3de984dbada15707e,4c18530c6fbb8b84b5ab0e6a5f9aa8c52a64016628a9cba6580bdf6a87ff3b05,3,89,766d25606feaee2a0bbd4440dbf00dbaaf097a16e7b9ffc61413343ddcb45d46,f5e6dedfcb59a7a6324731fa312d9f3a1d4f5996aad4f8ee1b9d7c25710775ae,False,compartmentalized,0.4566422953555578,108642,169823,15616,23,policy_train_compartmentalized_double_horizontal_0002,False,0.9119850187265918,0.5482587433708094,0.5787640520000252,0,0.300710593,6672138aa09b88cc5f5fdfc079bc4dedbe9d681f74645debbab2280cb047ae88,0.38634432200001356,0.04607809300000554,lns2.receding_q_label_pilot.v2,collision:8,0.19241973000001167,high_cost_progress,policy_train,s3__policy_train__policy_train_compartmentalized_double_horizontal_0002__task_0013__seed_0000__fixed_random__decision_0003__0016,horizon_complete,1
16,400,"2,6,7,8,32,61,63,65,132,134,165,177,223,307,322,345",neighborhood-1b424f898cd2b525,True,"89,73,73,69",official_adaptive,3,False,0.7752808988764045,69,c9f6b50610b0094b27efc5ae244dc1ce7624bbb55056569e53a04bd4bde7d16a,85f3073f05f32530d8602db901ef7559036a0c6cf1544d62a2afd39c0ecc167f,3,89,766d25606feaee2a0bbd4440dbf00dbaaf097a16e7b9ffc61413343ddcb45d46,f5e6dedfcb59a7a6324731fa312d9f3a1d4f5996aad4f8ee1b9d7c25710775ae,False,compartmentalized,0.30193486388862123,24937,44062,8512,25,policy_train_compartmentalized_double_horizontal_0002,False,0.8426966292134831,0.30601639731458996,0.35247312899997496,0,0.070156824,6672138aa09b88cc5f5fdfc079bc4dedbe9d681f74645debbab2280cb047ae88,0.1628552260000049,0.04607809300000554,lns2.receding_q_label_pilot.v2,target:16,0.18961790299997006,high_cost_progress,policy_train,s3__policy_train__policy_train_compartmentalized_double_horizontal_0002__task_0013__seed_0000__fixed_random__decision_0003__0016,horizon_complete,0
16,400,"2,6,7,8,32,61,63,65,132,134,165,177,223,307,322,345",neighborhood-1b424f898cd2b525,True,"89,74,74,74",official_adaptive,3,False,0.8314606741573034,74,258a22cb835eac1486afae948bfce75797e593f2355ff579352d55a9d9f15017,d71ab0eca6837be0cd78f10a1dc9d9196b7995ce585c5df908e65da6e220e67d,3,89,766d25606feaee2a0bbd4440dbf00dbaaf097a16e7b9ffc61413343ddcb45d46,f5e6dedfcb59a7a6324731fa312d9f3a1d4f5996aad4f8ee1b9d7c25710775ae,False,compartmentalized,0.4089124352420459,63232,84737,16741,30,policy_train_compartmentalized_double_horizontal_0002,False,0.8595505617977528,0.4529990509662871,0.5051799139999957,0,0.21357843399999998,6672138aa09b88cc5f5fdfc079bc4dedbe9d681f74645debbab2280cb047ae88,0.2974836360000097,0.04607809300000554,lns2.receding_q_label_pilot.v2,target:16,0.20769627799998602,high_cost_progress,policy_train,s3__policy_train__policy_train_compartmentalized_double_horizontal_0002__task_0013__seed_0000__fixed_random__decision_0003__0016,horizon_complete,1
16,400,"99,102,104,125,151,164,198,232,254,259,266,289,299,306,320,353",neighborhood-1e86979b7793bfe5,True,"89,89,74,70",official_adaptive,3,False,0.7865168539325843,70,4e6815e3aa66ffd624acd2d8a2b3781e00607588ad5d52f9a40d64eff26ff004,e7a4e8ba6f85f0b06cb75a97a42725764967ccf5b8f911be492cf356910b39dd,3,89,766d25606feaee2a0bbd4440dbf00dbaaf097a16e7b9ffc61413343ddcb45d46,f5e6dedfcb59a7a6324731fa312d9f3a1d4f5996aad4f8ee1b9d7c25710775ae,False,compartmentalized,0.5856403587897249,172007,211519,44689,29,policy_train_compartmentalized_double_horizontal_0002,False,0.9082397003745318,0.7539744280112776,0.7961407920000454,0,0.5022365879999999,6672138aa09b88cc5f5fdfc079bc4dedbe9d681f74645debbab2280cb047ae88,0.5967637520000153,0.04607809300000554,lns2.receding_q_label_pilot.v2,target:16,0.1993770400000301,high_cost_progress,policy_train,s3__policy_train__policy_train_compartmentalized_double_horizontal_0002__task_0013__seed_0000__fixed_random__decision_0003__0016,horizon_complete,0
16,400,"99,102,104,125,151,164,198,232,254,259,266,289,299,306,320,353",neighborhood-1e86979b7793bfe5,True,"89,84,84,72",official_adaptive,3,False,0.8089887640449438,72,bf4341fbc75f65a79bb9053038e1adf64025a412a1c3867f85ca3ee75f0e40ef,7154e65e549c28461f8d9adbf1e7d3f2cbc4015d559e1f25804858d51e542c4c,3,89,766d25606feaee2a0bbd4440dbf00dbaaf097a16e7b9ffc61413343ddcb45d46,f5e6dedfcb59a7a6324731fa312d9f3a1d4f5996aad4f8ee1b9d7c25710775ae,False,compartmentalized,0.48062053244465863,181081,236099,32045,30,policy_train_compartmentalized_double_horizontal_0002,False,0.9307116104868914,0.6031693205618224,0.6170775400000252,0,0.38170979099999996,6672138aa09b88cc5f5fdfc079bc4dedbe9d681f74645debbab2280cb047ae88,0.453516895000007,0.04607809300000554,lns2.receding_q_label_pilot.v2,target:16,0.1635606450000182,high_cost_progress,policy_train,s3__policy_train__policy_train_compartmentalized_double_horizontal_0002__task_0013__seed_0000__fixed_random__decision_0003__0016,horizon_complete,1
16,400,"16,29,37,40,41,63,93,94,102,103,254,287,325,329,361,366",neighborhood-1eaeb3e9289ccb8a,True,"89,89,74,70",official_adaptive,3,False,0.7865168539325843,70,995be5039b9e4796f453da23ad06ead6fb97f03620062f4017c9dd1bf9488f23,e7a4e8ba6f85f0b06cb75a97a42725764967ccf5b8f911be492cf356910b39dd,3,89,766d25606feaee2a0bbd4440dbf00dbaaf097a16e7b9ffc61413343ddcb45d46,f5e6dedfcb59a7a6324731fa312d9f3a1d4f5996aad4f8ee1b9d7c25710775ae,False,compartmentalized,0.48146243996390786,86071,107271,23338,24,policy_train_compartmentalized_double_horizontal_0002,False,0.9082397003745318,0.574227360528084,0.6184395429999938,0,0.293900432,6672138aa09b88cc5f5fdfc079bc4dedbe9d681f74645debbab2280cb047ae88,0.4035626010000044,0.04607809300000554,lns2.receding_q_label_pilot.v2,collision:16,0.2148769419999894,high_cost_progress,policy_train,s3__policy_train__policy_train_compartmentalized_double_horizontal_0002__task_0013__seed_0000__fixed_random__decision_0003__0016,horizon_complete,0
16,400,"16,29,37,40,41,63,93,94,102,103,254,287,325,329,361,366",neighborhood-1eaeb3e9289ccb8a,True,"89,89,76,68",official_adaptive,3,False,0.7640449438202247,68,ec746408961340983c4d604b7daec87d871649f8237eb59b4040e9fe864f6112,4c18530c6fbb8b84b5ab0e6a5f9aa8c52a64016628a9cba6580bdf6a87ff3b05,3,89,766d25606feaee2a0bbd4440dbf00dbaaf097a16e7b9ffc61413343ddcb45d46,f5e6dedfcb59a7a6324731fa312d9f3a1d4f5996aad4f8ee1b9d7c25710775ae,False,compartmentalized,0.4038831668319289,68096,105797,8498,17,policy_train_compartmentalized_double_horizontal_0002,False,0.9119850187265918,0.46496028695502906,0.49762896399997203,0,0.21386987600000001,6672138aa09b88cc5f5fdfc079bc4dedbe9d681f74645debbab2280cb047ae88,0.3101919489999716,0.04607809300000554,lns2.receding_q_label_pilot.v2,collision:16,0.18743701500000043,high_cost_progress,policy_train,s3__policy_train__policy_train_compartmentalized_double_horizontal_0002__task_0013__seed_0000__fixed_random__decision_0003__0016,horizon_complete,1
4,400,"7,216,278,315",neighborhood-2442c519b8a25137,True,"89,88,69,56",official_adaptive,3,False,0.6292134831460674,56,decefa05b1e648aafdd917302e52096797bb86d2282f2b9040044ac4e61c52ad,1dcc415f24f6f4544ec4a80e843850dd1b4692d9809472f914dda17692805a34,3,89,766d25606feaee2a0bbd4440dbf00dbaaf097a16e7b9ffc61413343ddcb45d46,f5e6dedfcb59a7a6324731fa312d9f3a1d4f5996aad4f8ee1b9d7c25710775ae,False,compartmentalized,0.4359180444732339,96921,114826,43436,20,policy_train_compartmentalized_double_horizontal_0002,False,0.8595505617977528,0.5013267445730718,0.5463820550000378,0,0.243160202,6672138aa09b88cc5f5fdfc079bc4dedbe9d681f74645debbab2280cb047ae88,0.3533578270000248,0.04607809300000554,lns2.receding_q_label_pilot.v2,collision:4,0.19302422800001295,high_cost_progress,policy_train,s3__policy_train__policy_train_compartmentalized_double_horizontal_0002__task_0013__seed_0000__fixed_random__decision_0003__0016,horizon_complete,0
4,400,"7,216,278,315",neighborhood-2442c519b8a25137,True,"89,89,76,68",official_adaptive,3,False,0.7640449438202247,68,b8f56ba0b5e1dcf98f5024b7869696ecf17005d8dcb889d2f1836ccb931fef11,4c18530c6fbb8b84b5ab0e6a5f9aa8c52a64016628a9cba6580bdf6a87ff3b05,3,89,766d25606feaee2a0bbd4440dbf00dbaaf097a16e7b9ffc61413343ddcb45d46,f5e6dedfcb59a7a6324731fa312d9f3a1d4f5996aad4f8ee1b9d7c25710775ae,False,compartmentalized,0.428000615330933,69696,105810,10255,17,policy_train_compartmentalized_double_horizontal_0002,False,0.9119850187265918,0.4948111622809188,0.5341870250000227,0,0.23785565600000003,6672138aa09b88cc5f5fdfc079bc4dedbe9d681f74645debbab2280cb047ae88,0.33732529300002057,0.04607809300000554,lns2.receding_q_label_pilot.v2,collision:4,0.19686173200000212,high_cost_progress,policy_train,s3__policy_train__policy_train_compartmentalized_double_horizontal_0002__task_0013__seed_0000__fixed_random__decision_0003__0016,horizon_complete,1
16,400,"0,1,7,33,55,66,69,73,157,162,178,209,296,310,343,382",neighborhood-353a5287502e694e,True,"89,84,84,84",official_adaptive,3,False,0.9438202247191011,84,6353cb8e9aebf934a57dd4da889d48167e6a6b1aa467f21e80fd6def9636fb2d,5ba652d1cb3e0b36a4beb240b5c6bc1d1fb717e5b0694182b030a66c4fd94613,3,89,766d25606feaee2a0bbd4440dbf00dbaaf097a16e7b9ffc61413343ddcb45d46,f5e6dedfcb59a7a6324731fa312d9f3a1d4f5996aad4f8ee1b9d7c25710775ae,False,compartmentalized,0.4399225081381783,93822,123888,20287,30,policy_train_compartmentalized_double_horizontal_0002,False,0.9531835205992509,0.5311804315617817,0.5525869009999838,0,0.271905362,6672138aa09b88cc5f5fdfc079bc4dedbe9d681f74645debbab2280cb047ae88,0.36265917199997943,0.04607809300000554,lns2.receding_q_label_pilot.v2,random:16,0.18992772900000432,high_cost_progress,policy_train,s3__policy_train__policy_train_compartmentalized_double_horizontal_0002__task_0013__seed_0000__fixed_random__decision_0003__0016,horizon_complete,0
16,400,"0,1,7,33,55,66,69,73,157,162,178,209,296,310,343,382",neighborhood-353a5287502e694e,True,"89,84,84,84",official_adaptive,3,False,0.9438202247191011,84,2564c05409a28059a8bf48a4ca96000dedcdb541b5cbea34ba360c237deb0bdb,fefb0668afd9f62cf17dfed8d0a3529a12ab390b4cb33e24e2a96326e2444a38,3,89,766d25606feaee2a0bbd4440dbf00dbaaf097a16e7b9ffc61413343ddcb45d46,f5e6dedfcb59a7a6324731fa312d9f3a1d4f5996aad4f8ee1b9d7c25710775ae,False,compartmentalized,0.44132791479860844,82547,137949,4686,29,policy_train_compartmentalized_double_horizontal_0002,False,0.9531835205992509,0.5340479175168505,0.554770450999996,0,0.27178891,6672138aa09b88cc5f5fdfc079bc4dedbe9d681f74645debbab2280cb047ae88,0.36387929299999655,0.04607809300000554,lns2.receding_q_label_pilot.v2,random:16,0.19089115799999945,high_cost_progress,policy_train,s3__policy_train__policy_train_compartmentalized_double_horizontal_0002__task_0013__seed_0000__fixed_random__decision_0003__0016,horizon_complete,1
8,400,"3,94,102,254,287,325,328,361",neighborhood-3a904fcb6ebc0cac,True,"89,89,74,70",official_adaptive,3,False,0.7865168539325843,70,a73025a414f72079fc7aefcad91f9f675727af84cb7919318f05f9694a468216,e7a4e8ba6f85f0b06cb75a97a42725764967ccf5b8f911be492cf356910b39dd,3,89,766d25606feaee2a0bbd4440dbf00dbaaf097a16e7b9ffc61413343ddcb45d46,f5e6dedfcb59a7a6324731fa312d9f3a1d4f5996aad4f8ee1b9d7c25710775ae,False,compartmentalized,0.41661906348951117,73369,104686,15758,24,policy_train_compartmentalized_double_horizontal_0002,False,0.9082397003745318,0.4745209153482694,0.5168245889999525,0,0.21943201,6672138aa09b88cc5f5fdfc079bc4dedbe9d681f74645debbab2280cb047ae88,0.3196813059999499,0.04607809300000554,lns2.receding_q_label_pilot.v2,collision:8,0.1971432830000026,high_cost_progress,policy_train,s3__policy_train__policy_train_compartmentalized_double_horizontal_0002__task_0013__seed_0000__fixed_random__decision_0003__0016,horizon_complete,0
8,400,"3,94,102,254,287,325,328,361",neighborhood-3a904fcb6ebc0cac,True,"89,85,83,74",official_adaptive,3,False,0.8314606741573034,74,b781d95c3305b5ab462962a6f86b7f3ed33933622a07fd6b17bc44c58ba6aead,3e43b66f950f5751f716e5c0b11068e5e90dded33de8d45453c82bc593851b8c,3,89,766d25606feaee2a0bbd4440dbf00dbaaf097a16e7b9ffc61413343ddcb45d46,f5e6dedfcb59a7a6324731fa312d9f3a1d4f5996aad4f8ee1b9d7c25710775ae,False,compartmentalized,0.422996187457049,75862,98246,19298,24,policy_train_compartmentalized_double_horizontal_0002,False,0.9344569288389513,0.5105164593707694,0.5265284759999815,0,0.23493019500000004,6672138aa09b88cc5f5fdfc079bc4dedbe9d681f74645debbab2280cb047ae88,0.32062591399997586,0.04607809300000554,lns2.receding_q_label_pilot.v2,collision:8,0.20590256200000567,high_cost_progress,policy_train,s3__policy_train__policy_train_compartmentalized_double_horizontal_0002__task_0013__seed_0000__fixed_random__decision_0003__0016,horizon_complete,1
8,400,"102,125,254,259,266,289,320,353",neighborhood-4fcd2a746486cd1c,True,"89,87,87,79",official_adaptive,3,False,0.8876404494382022,79,fb3a27e8b0a534790be31be2273ebad74e4d794e3d599d3c096afdbe6f7fc2aa,fffdb47bc10c61c91d9850ce71b7cad108a846c1d79d4910b81faefe354603b7,3,89,766d25606feaee2a0bbd4440dbf00dbaaf097a16e7b9ffc61413343ddcb45d46,f5e6dedfcb59a7a6324731fa312d9f3a1d4f5996aad4f8ee1b9d7c25710775ae,False,compartmentalized,0.5521221330782771,147061,150784,49971,23,policy_train_compartmentalized_double_horizontal_0002,False,0.9662921348314607,0.7300661749325581,0.7369351169999732,0,0.436578706,6672138aa09b88cc5f5fdfc079bc4dedbe9d681f74645debbab2280cb047ae88,0.532864447999998,0.04607809300000554,lns2.receding_q_label_pilot.v2,target:8,0.20407066899997517,high_cost_progress,policy_train,s3__policy_train__policy_train_compartmentalized_double_horizontal_0002__task_0013__seed_0000__fixed_random__decision_0003__0016,horizon_complete,0
8,400,"102,125,254,259,266,289,320,353",neighborhood-4fcd2a746486cd1c,True,"89,85,84,48",official_adaptive,3,False,0.5393258426966292,48,72ae0be268c6c4dc99747ce2ab550a1b457a465678ae6efb255c4dd26a00f7a9,1b412a72e3445534719a23af712490b56f30436498ca685851a7a2b828e9938e,3,89,766d25606feaee2a0bbd4440dbf00dbaaf097a16e7b9ffc61413343ddcb45d46,f5e6dedfcb59a7a6324731fa312d9f3a1d4f5996aad4f8ee1b9d7c25710775ae,False,compartmentalized,0.6455750215209979,154157,203485,31810,24,policy_train_compartmentalized_double_horizontal_0002,False,0.8895131086142322,0.8810905297303092,0.9070833279999704,0,0.576728319,6672138aa09b88cc5f5fdfc079bc4dedbe9d681f74645debbab2280cb047ae88,0.681095417999984,0.04607809300000554,lns2.receding_q_label_pilot.v2,target:8,0.2259879099999864,high_cost_progress,policy_train,s3__policy_train__policy_train_compartmentalized_double_horizontal_0002__task_0013__seed_0000__fixed_random__decision_0003__0016,horizon_complete,1
4,400,"254,259,266,353",neighborhood-5dd50f3143ec74d7,True,"89,88,83,77",official_adaptive,3,False,0.8651685393258427,77,60b65060cb61194c13f930f4d55767f21b551922dde712924470d09959f6eff6,69a4f7315ea1e960124d972d251fb09f68b8bfc568c803eeb958b66f34f4915e,3,89,766d25606feaee2a0bbd4440dbf00dbaaf097a16e7b9ffc61413343ddcb45d46,f5e6dedfcb59a7a6324731fa312d9f3a1d4f5996aad4f8ee1b9d7c25710775ae,False,compartmentalized,0.46890334102555403,107471,141520,30483,20,policy_train_compartmentalized_double_horizontal_0002,False,0.951310861423221,0.5826423998426278,0.5982405069999288,0,0.314266056,6672138aa09b88cc5f5fdfc079bc4dedbe9d681f74645debbab2280cb047ae88,0.40413798699995596,0.04607809300000554,lns2.receding_q_label_pilot.v2,target:4,0.19410251999997286,high_cost_progress,policy_train,s3__policy_train__policy_train_compartmentalized_double_horizontal_0002__task_0013__seed_0000__fixed_random__decision_0003__0016,horizon_complete,0
4,400,"254,259,266,353",neighborhood-5dd50f3143ec74d7,True,"89,88,87,87",official_adaptive,3,False,0.9775280898876404,87,91cfdb60c0b7a86b54b3621e329899c24df327691bb09b3c8f7805c8819d84ed,17348533a94b196100ba56ec8a4b89e76335acbd2b18b5a76ad38b6e4484b4c9,3,89,766d25606feaee2a0bbd4440dbf00dbaaf097a16e7b9ffc61413343ddcb45d46,f5e6dedfcb59a7a6324731fa312d9f3a1d4f5996aad4f8ee1b9d7c25710775ae,False,compartmentalized,0.466804502492254,112622,142576,28841,20,policy_train_compartmentalized_double_horizontal_0002,False,0.9850187265917603,0.5891002864943956,0.5948895760000141,0,0.322043073,6672138aa09b88cc5f5fdfc079bc4dedbe9d681f74645debbab2280cb047ae88,0.4090742560000251,0.04607809300000554,lns2.receding_q_label_pilot.v2,target:4,0.18581531999998901,high_cost_progress,policy_train,s3__policy_train__policy_train_compartmentalized_double_horizontal_0002__task_0013__seed_0000__fixed_random__decision_0003__0016,horizon_complete,1
8,400,"0,7,47,66,86,267,277,369",neighborhood-65d7d777d485e490,True,"89,89,88,79",official_adaptive,3,False,0.8876404494382022,79,238da15580a6dd70b1ee67cd5b70f1d24380599e4b985ea4605b1103f592d4a8,8100fc23692a28fcf3e05cc6c322862f624e87555b52f84a7ef986327dff2be6,3,89,766d25606feaee2a0bbd4440dbf00dbaaf097a16e7b9ffc61413343ddcb45d46,f5e6dedfcb59a7a6324731fa312d9f3a1d4f5996aad4f8ee1b9d7c25710775ae,False,compartmentalized,0.40276064367215014,77653,95258,21907,24,policy_train_compartmentalized_double_horizontal_0002,False,0.9775280898876404,0.49447829278655175,0.49594878400003495,0,0.20964902300000002,6672138aa09b88cc5f5fdfc079bc4dedbe9d681f74645debbab2280cb047ae88,0.29644855600002984,0.04607809300000554,lns2.receding_q_label_pilot.v2,random:8,0.1995002280000051,high_cost_progress,policy_train,s3__policy_train__policy_train_compartmentalized_double_horizontal_0002__task_0013__seed_0000__fixed_random__decision_0003__0016,horizon_complete,0
8,400,"0,7,47,66,86,267,277,369",neighborhood-65d7d777d485e490,True,"89,89,76,60",official_adaptive,3,False,0.6741573033707865,60,62ca68cd94a33832daba687945b92a079d0c27ae16e4b1b8bb8f74bbd125d86e,ff391133aeb6856d5c8ef12d957814ec2c7373311f0ef1641d950c2104c7286f,3,89,766d25606feaee2a0bbd4440dbf00dbaaf097a16e7b9ffc61413343ddcb45d46,f5e6dedfcb59a7a6324731fa312d9f3a1d4f5996aad4f8ee1b9d7c25710775ae,False,compartmentalized,0.40372595532499705,77527,128533,7378,24,policy_train_compartmentalized_double_horizontal_0002,False,0.897003745318352,0.47467801210115945,0.4973935380000398,0,0.233134293,6672138aa09b88cc5f5fdfc079bc4dedbe9d681f74645debbab2280cb047ae88,0.320377144000048,0.04607809300000554,lns2.receding_q_label_pilot.v2,random:8,0.1770163939999918,high_cost_progress,policy_train,s3__policy_train__policy_train_compartmentalized_double_horizontal_0002__task_0013__seed_0000__fixed_random__decision_0003__0016,horizon_complete,1
4,400,"14,98,264,322",neighborhood-ae8a1a23782fe5e9,True,"89,77,77,76",official_adaptive,3,False,0.8539325842696629,76,c5edd16559ebca2ba55e6eccd91e860223d88d497f6b95d16075188fa758b2ec,c3d4953ba7383d1eea44e4eb05d16aa8717ecb4d83019639088864ac6f6956e1,3,89,766d25606feaee2a0bbd4440dbf00dbaaf097a16e7b9ffc61413343ddcb45d46,f5e6dedfcb59a7a6324731fa312d9f3a1d4f5996aad4f8ee1b9d7c25710775ae,False,compartmentalized,0.29536918772789944,27671,46367,5564,20,policy_train_compartmentalized_double_horizontal_0002,False,0.8857677902621723,0.30799495874154365,0.3436223159999656,0,0.06528038500000001,6672138aa09b88cc5f5fdfc079bc4dedbe9d681f74645debbab2280cb047ae88,0.16473848699996552,0.04607809300000554,lns2.receding_q_label_pilot.v2,target:4,0.1788838290000001,high_cost_progress,policy_train,s3__policy_train__policy_train_compartmentalized_double_horizontal_0002__task_0013__seed_0000__fixed_random__decision_0003__0016,horizon_complete,0
4,400,"14,98,264,322",neighborhood-ae8a1a23782fe5e9,True,"89,77,75,69",official_adaptive,3,False,0.7752808988764045,69,20ca02f0ef97723d472f516c5640ec01e9b8568acbfff4c5ddad43a6be3df9e6,2a12bcda5dbf1e6cd074b014b6cd6fa2bb446375570ea4f0f6c71d1c6cb5d0a0,3,89,766d25606feaee2a0bbd4440dbf00dbaaf097a16e7b9ffc61413343ddcb45d46,f5e6dedfcb59a7a6324731fa312d9f3a1d4f5996aad4f8ee1b9d7c25710775ae,False,compartmentalized,0.43594146725911376,85005,114353,12872,20,policy_train_compartmentalized_double_horizontal_0002,False,0.8651685393258427,0.4788019915056134,0.5464182759999971,0,0.257916013,6672138aa09b88cc5f5fdfc079bc4dedbe9d681f74645debbab2280cb047ae88,0.3498502919999851,0.04607809300000554,lns2.receding_q_label_pilot.v2,target:4,0.19656798400001207,high_cost_progress,policy_train,s3__policy_train__policy_train_compartmentalized_double_horizontal_0002__task_0013__seed_0000__fixed_random__decision_0003__0016,horizon_complete,1
4,400,"254,287,325,361",neighborhood-b8e2e25e86232fc2,True,"89,88,84,84",official_adaptive,3,False,0.9438202247191011,84,8d3235d12ea160cfce8984f4143cd22113c816bdcda47583db3bafb5cf5906b8,79deccca3630ba0d8b0a6974e6f6eae2552a65a7330e19d28dc430cc6f1fa0df,3,89,766d25606feaee2a0bbd4440dbf00dbaaf097a16e7b9ffc61413343ddcb45d46,f5e6dedfcb59a7a6324731fa312d9f3a1d4f5996aad4f8ee1b9d7c25710775ae,False,compartmentalized,0.42018055421374056,75025,104786,20968,20,policy_train_compartmentalized_double_horizontal_0002,False,0.9681647940074907,0.5097027531797613,0.5222363769999845,0,0.220899179,6672138aa09b88cc5f5fdfc079bc4dedbe9d681f74645debbab2280cb047ae88,0.31808908300001804,0.04607809300000554,lns2.receding_q_label_pilot.v2,collision:4,0.20414729399996645,high_cost_progress,policy_train,s3__policy_train__policy_train_compartmentalized_double_horizontal_0002__task_0013__seed_0000__fixed_random__decision_0003__0016,horizon_complete,0
4,400,"254,287,325,361",neighborhood-b8e2e25e86232fc2,True,"89,88,87,69",official_adaptive,3,False,0.7752808988764045,69,7a2ee8de4627757b66288cc65bc54613ae23939017d837afc3d4d0ee3be2e4ab,744abba14631516c2837f5c555dc8437240ab50052085352eef74dd23213cbec,3,89,766d25606feaee2a0bbd4440dbf00dbaaf097a16e7b9ffc61413343ddcb45d46,f5e6dedfcb59a7a6324731fa312d9f3a1d4f5996aad4f8ee1b9d7c25710775ae,False,compartmentalized,0.4092907490033927,71067,109813,7156,20,policy_train_compartmentalized_double_horizontal_0002,False,0.951310861423221,0.5004178637078686,0.5057494520000034,0,0.21552338199999999,6672138aa09b88cc5f5fdfc079bc4dedbe9d681f74645debbab2280cb047ae88,0.30625394099999426,0.04607809300000554,lns2.receding_q_label_pilot.v2,collision:4,0.19949551100000917,high_cost_progress,policy_train,s3__policy_train__policy_train_compartmentalized_double_horizontal_0002__task_0013__seed_0000__fixed_random__decision_0003__0016,horizon_complete,1
8,400,"7,8,32,132,134,165,322,345",neighborhood-ba335b9dd5048d61,True,"89,75,72,69",official_adaptive,3,False,0.7752808988764045,69,752a27f8f245f38167fbc9d6a7fa81ba14f18834610862bc807a6e27a7e102a3,e83b682bced78d1e85ef19b170df1803182014c7c3112b7c4a4d7d9236095b31,3,89,766d25606feaee2a0bbd4440dbf00dbaaf097a16e7b9ffc61413343ddcb45d46,f5e6dedfcb59a7a6324731fa312d9f3a1d4f5996aad4f8ee1b9d7c25710775ae,False,compartmentalized,0.3049395525775608,28938,55777,7445,24,policy_train_compartmentalized_double_horizontal_0002,False,0.846441947565543,0.30884756332584645,0.3565430010000057,0,0.07737064699999999,6672138aa09b88cc5f5fdfc079bc4dedbe9d681f74645debbab2280cb047ae88,0.16926530400002093,0.04607809300000554,lns2.receding_q_label_pilot.v2,target:8,0.18727769699998476,high_cost_progress,policy_train,s3__policy_train__policy_train_compartmentalized_double_horizontal_0002__task_0013__seed_0000__fixed_random__decision_0003__0016,horizon_complete,0
8,400,"7,8,32,132,134,165,322,345",neighborhood-ba335b9dd5048d61,True,"89,76,74,67",official_adaptive,3,False,0.7528089887640449,67,d967c3b4bd88fd27f91eb6d2d8ce8c8d302aba3da0947a9b2b674f8fe2965162,381fdb0b39c7c18836609d0b564679f553598e8baa7b9ae32ece67f7b768c1c2,3,89,766d25606feaee2a0bbd4440dbf00dbaaf097a16e7b9ffc61413343ddcb45d46,f5e6dedfcb59a7a6324731fa312d9f3a1d4f5996aad4f8ee1b9d7c25710775ae,False,compartmentalized,0.4944462441258597,95372,134249,17446,24,policy_train_compartmentalized_double_horizontal_0002,False,0.8539325842696629,0.5692548474718995,0.6395900549999851,0,0.32934826100000003,6672138aa09b88cc5f5fdfc079bc4dedbe9d681f74645debbab2280cb047ae88,0.4267397259999939,0.04607809300000554,lns2.receding_q_label_pilot.v2,target:8,0.21285032899999123,high_cost_progress,policy_train,s3__policy_train__policy_train_compartmentalized_double_horizontal_0002__task_0013__seed_0000__fixed_random__decision_0003__0016,horizon_complete,1
8,400,"42,49,55,124,142,258,322,347",neighborhood-010d5da3f949bb5c,True,"22,21,17,16",official_adaptive,3,False,0.7272727272727273,16,67b6f4bd1ccb9f5d3a077574e20af394c938a669a0ca8edc927205c3f3cdede9,4df8dd1844d430a5eb48aef3454b5b78e127825103e7a47a5a4a1b11d6660d6d,3,22,59e8b4cbedea1ecab405db1de8792b4a18a473cc4870436eb2250b04fc142139,b4c807699a4f6783529a0b0af7bf299142998a7f8b466a6bd9d8321189abb56f,False,compartmentalized,0.6963608586603325,155017,161311,39306,24,policy_train_compartmentalized_double_horizontal_0002,False,0.8636363636363636,0.9190691300908714,1.0064376949999314,0,0.599767492,6672138aa09b88cc5f5fdfc079bc4dedbe9d681f74645debbab2280cb047ae88,0.757053414999973,0.053776878000007855,lns2.receding_q_label_pilot.v2,random:8,0.24938427999995838,high_cost_progress,policy_train,s3__policy_train__policy_train_compartmentalized_double_horizontal_0002__task_0014__seed_0000__realized_dynamic__decision_0007__0017,horizon_complete,0
8,400,"42,49,55,124,142,258,322,347",neighborhood-010d5da3f949bb5c,True,"22,21,16,16",official_adaptive,3,False,0.7272727272727273,16,8295800121993213fbb11d43f34a2a946a62a1cf2f1c4ff4b03b6e7feedb53ae,03b97cc11d852993a89f2b6ab4164724bcea2fc4889b8c8c7c6546f2d510782f,3,22,59e8b4cbedea1ecab405db1de8792b4a18a473cc4870436eb2250b04fc142139,b4c807699a4f6783529a0b0af7bf299142998a7f8b466a6bd9d8321189abb56f,False,compartmentalized,0.5263311930948191,116087,131791,38462,24,policy_train_compartmentalized_double_horizontal_0002,False,0.8484848484848485,0.6414052432727121,0.6927106739999545,0,0.360741168,6672138aa09b88cc5f5fdfc079bc4dedbe9d681f74645debbab2280cb047ae88,0.47320398900001237,0.053776878000007855,lns2.receding_q_label_pilot.v2,random:8,0.21950668499994208,high_cost_progress,policy_train,s3__policy_train__policy_train_compartmentalized_double_horizontal_0002__task_0014__seed_0000__realized_dynamic__decision_0007__0017,horizon_complete,1
8,400,"70,100,126,128,219,278,304,384",neighborhood-049b338c5a7da1e2,True,"22,21,17,17",official_adaptive,3,False,0.7727272727272727,17,bf968f7e0aed98d4cc6c36d1eb90543f1618c0666a9a3f68407a2578356eb59f,5f889026ace496029b5909fd7db9b010edfa2a566a9562514cd70d963f206b60,3,22,59e8b4cbedea1ecab405db1de8792b4a18a473cc4870436eb2250b04fc142139,b4c807699a4f6783529a0b0af7bf299142998a7f8b466a6bd9d8321189abb56f,False,compartmentalized,0.5597440259983457,113404,136527,27898,23,policy_train_compartmentalized_double_horizontal_0002,False,0.8712121212121212,0.6753225696364263,0.750224431000106,0,0.402628029,6672138aa09b88cc5f5fdfc079bc4dedbe9d681f74645debbab2280cb047ae88,0.5173362410000664,0.053776878000007855,lns2.receding_q_label_pilot.v2,target:8,0.23288819000003969,high_cost_progress,policy_train,s3__policy_train__policy_train_compartmentalized_double_horizontal_0002__task_0014__seed_0000__realized_dynamic__decision_0007__0017,horizon_complete,0
8,400,"70,100,126,128,219,278,304,384",neighborhood-049b338c5a7da1e2,True,"22,22,16,16",official_adaptive,3,False,0.7272727272727273,16,3c623f082e2f5adbf16a36801dfe829d1662a470ce5473d12b643de3e95fb43a,60f4b50e34852cd31356e51128b1690418c5291dac1f30011056c0bfd476703d,3,22,59e8b4cbedea1ecab405db1de8792b4a18a473cc4870436eb2250b04fc142139,b4c807699a4f6783529a0b0af7bf299142998a7f8b466a6bd9d8321189abb56f,False,compartmentalized,0.5229155343821503,132811,125326,73074,17,policy_train_compartmentalized_double_horizontal_0002,False,0.8636363636363636,0.6527644142727861,0.6869388150000759,0,0.355770551,6672138aa09b88cc5f5fdfc079bc4dedbe9d681f74645debbab2280cb047ae88,0.4672521340003186,0.053776878000007855,lns2.receding_q_label_pilot.v2,target:8,0.2196866809997573,high_cost_progress,policy_train,s3__policy_train__policy_train_compartmentalized_double_horizontal_0002__task_0014__seed_0000__realized_dynamic__decision_0007__0017,horizon_complete,1
16,400,"3,9,27,59,60,61,76,105,136,174,186,189,192,204,227,340",neighborhood-063c80f0c35dc451,True,"22,20,20,19",official_adaptive,3,False,0.8636363636363636,19,49590c1109c4c03c4e445d4adf37cc6b812354d1851576674a90b22ba496a32f,d425259217cc987ce80ec9d09ae78928bc28f043cb43ba239a412bb5a994a9dc,3,22,59e8b4cbedea1ecab405db1de8792b4a18a473cc4870436eb2250b04fc142139,b4c807699a4f6783529a0b0af7bf299142998a7f8b466a6bd9d8321189abb56f,False,compartmentalized,0.43382836554994675,50407,108703,4021,31,policy_train_compartmentalized_double_horizontal_0002,False,0.9166666666666666,0.5110746499089849,0.5431539869998687,0,0.18242634400000002,6672138aa09b88cc5f5fdfc079bc4dedbe9d681f74645debbab2280cb047ae88,0.2946270679999543,0.053776878000007855,lns2.receding_q_label_pilot.v2,collision:16,0.24852691899991441,high_cost_progress,policy_train,s3__policy_train__policy_train_compartmentalized_double_horizontal_0002__task_0014__seed_0000__realized_dynamic__decision_0007__0017,horizon_complete,0
16,400,"3,9,27,59,60,61,76,105,136,174,186,189,192,204,227,340",neighborhood-063c80f0c35dc451,True,"22,20,19,19",official_adaptive,3,False,0.8636363636363636,19,87ef8ef1c672e401bf5e31373160f97dcbd6787bf20bdfb629a06637cf9c8172,53739944a9617bcb9c91c247fc2034276434363311db20ccf7798ca69c3cb92a,3,22,59e8b4cbedea1ecab405db1de8792b4a18a473cc4870436eb2250b04fc142139,b4c807699a4f6783529a0b0af7bf299142998a7f8b466a6bd9d8321189abb56f,False,compartmentalized,0.5145823807098562,129543,119366,78810,32,policy_train_compartmentalized_double_horizontal_0002,False,0.9015151515151515,0.6364745784093926,0.6729397040003278,0,0.34155894400000003,6672138aa09b88cc5f5fdfc079bc4dedbe9d681f74645debbab2280cb047ae88,0.4520092840000416,0.053776878000007855,lns2.receding_q_label_pilot.v2,collision:16,0.22093042000028618,high_cost_progress,policy_train,s3__policy_train__policy_train_compartmentalized_double_horizontal_0002__task_0014__seed_0000__realized_dynamic__decision_0007__0017,horizon_complete,1
16,400,"3,24,29,55,63,73,81,89,106,130,230,246,259,342,389,394",neighborhood-095b8b3c22a72ca4,True,"22,22,16,16",official_adaptive,3,False,0.7272727272727273,16,d0b7e7a9a86263ed07998cce911fbcf3c084bdf8cc77936d9b58edebb1975375,1a4d9b71bd2ab13e1abba916a88fa7b8106d7d6ea5da8bfbd40d378e07d67d54,3,22,59e8b4cbedea1ecab405db1de8792b4a18a473cc4870436eb2250b04fc142139,b4c807699a4f6783529a0b0af7bf299142998a7f8b466a6bd9d8321189abb56f,False,compartmentalized,0.5759742466285699,129921,182309,28573,30,policy_train_compartmentalized_double_horizontal_0002,False,0.8636363636363636,0.7234379865453154,0.7788627339998584,0,0.440116411,6672138aa09b88cc5f5fdfc079bc4dedbe9d681f74645debbab2280cb047ae88,0.5486887739998565,0.053776878000007855,lns2.receding_q_label_pilot.v2,random:16,0.2301739600000019,high_cost_progress,policy_train,s3__policy_train__policy_train_compartmentalized_double_horizontal_0002__task_0014__seed_0000__realized_dynamic__decision_0007__0017,horizon_complete,0
16,400,"3,24,29,55,63,73,81,89,106,130,230,246,259,342,389,394",neighborhood-095b8b3c22a72ca4,True,"22,20,20,15",official_adaptive,3,False,0.6818181818181818,15,9f4c0f4830f712f14101207e351dd2597094b0b223f2df195f2622b8a9a8395e,76232b5d977f5c15dd5979840838fae9f46f9d27b8336997d560659131642631,3,22,59e8b4cbedea1ecab405db1de8792b4a18a473cc4870436eb2250b04fc142139,b4c807699a4f6783529a0b0af7bf299142998a7f8b466a6bd9d8321189abb56f,False,compartmentalized,0.7129090261424588,242634,220223,119261,30,policy_train_compartmentalized_double_horizontal_0002,False,0.8863636363636364,0.9667127211822927,1.039916807000509,0,0.6964786139999999,6672138aa09b88cc5f5fdfc079bc4dedbe9d681f74645debbab2280cb047ae88,0.8051645280002049,0.053776878000007855,lns2.receding_q_label_pilot.v2,random:16,0.23475227900030404,high_cost_progress,policy_train,s3__policy_train__policy_train_compartmentalized_double_horizontal_0002__task_0014__seed_0000__realized_dynamic__decision_0007__0017,horizon_complete,1
8,400,"14,21,75,93,110,205,278,289",neighborhood-0bd542ffe1da23e7,True,"22,22,18,18",official_adaptive,3,False,0.8181818181818182,18,0add3f788e179cd4da41961915af354522f2ea54001d042ea464e97d4f2a0f8b,8f53f35d2f1a4c891ced797793ab530b99eb4d0db61dc09a06d3c085db82cea8,3,22,59e8b4cbedea1ecab405db1de8792b4a18a473cc4870436eb2250b04fc142139,b4c807699a4f6783529a0b0af7bf299142998a7f8b466a6bd9d8321189abb56f,False,compartmentalized,0.6070387659589848,157331,183880,50268,24,policy_train_compartmentalized_double_horizontal_0002,False,0.9090909090909091,0.7842037125457079,0.8349895120002202,0,0.50020282,6672138aa09b88cc5f5fdfc079bc4dedbe9d681f74645debbab2280cb047ae88,0.6116631270001562,0.053776878000007855,lns2.receding_q_label_pilot.v2,random:8,0.22332638500006396,high_cost_progress,policy_train,s3__policy_train__policy_train_compartmentalized_double_horizontal_0002__task_0014__seed_0000__realized_dynamic__decision_0007__0017,horizon_complete,0
8,400,"14,21,75,93,110,205,278,289",neighborhood-0bd542ffe1da23e7,True,"22,22,16,16",official_adaptive,3,False,0.7272727272727273,16,674c57ff9a4854adb67dabf08c17e13b11c5eed99832a13f44b9143325296e80,cbf6ffcc82092621224a695723bd13e066fc81c92c3c2088199ad61d6dbeac4e,3,22,59e8b4cbedea1ecab405db1de8792b4a18a473cc4870436eb2250b04fc142139,b4c807699a4f6783529a0b0af7bf299142998a7f8b466a6bd9d8321189abb56f,False,compartmentalized,0.6159307560160929,144931,148002,72808,17,policy_train_compartmentalized_double_horizontal_0002,False,0.8636363636363636,0.8142772518179672,0.8513789799997085,0,0.494827116,6672138aa09b88cc5f5fdfc079bc4dedbe9d681f74645debbab2280cb047ae88,0.612688204999813,0.053776878000007855,lns2.receding_q_label_pilot.v2,random:8,0.23869077499989544,high_cost_progress,policy_train,s3__policy_train__policy_train_compartmentalized_double_horizontal_0002__task_0014__seed_0000__realized_dynamic__decision_0007__0017,horizon_complete,1
16,400,"21,56,60,76,80,81,89,104,107,162,172,188,189,202,246,259",neighborhood-11f5009414bf4d08,True,"22,20,17,16",official_adaptive,3,False,0.7272727272727273,16,4d10494a50e03623b78f7b7549238125e7ec747fe339765ba59356d7c72d76c5,4b9a776e744834567b4bead27e887fb2f23a10a18b65d4db820dbf8111603d03,3,22,59e8b4cbedea1ecab405db1de8792b4a18a473cc4870436eb2250b04fc142139,b4c807699a4f6783529a0b0af7bf299142998a7f8b466a6bd9d8321189abb56f,False,compartmentalized,0.6814432778128429,175118,235254,37718,32,policy_train_compartmentalized_double_horizontal_0002,False,0.8484848484848485,0.8989518363635356,0.9767286429998876,0,0.639092728,6672138aa09b88cc5f5fdfc079bc4dedbe9d681f74645debbab2280cb047ae88,0.7467650200001117,0.053776878000007855,lns2.receding_q_label_pilot.v2,target:16,0.2299636229997759,high_cost_progress,policy_train,s3__policy_train__policy_train_compartmentalized_double_horizontal_0002__task_0014__seed_0000__realized_dynamic__decision_0007__0017,horizon_complete,0
16,400,"21,56,60,76,80,81,89,104,107,162,172,188,189,202,246,259",neighborhood-11f5009414bf4d08,True,"22,20,20,19",official_adaptive,3,False,0.8636363636363636,19,75c4f38a5f1b707c8378170137276bf4869328daa5fbdf0494a3945b531b9bfd,7edebd3ae9a48c78b87f41ff06118009af58807edcc8121b00d22eff83e6b0d7,3,22,59e8b4cbedea1ecab405db1de8792b4a18a473cc4870436eb2250b04fc142139,b4c807699a4f6783529a0b0af7bf299142998a7f8b466a6bd9d8321189abb56f,False,compartmentalized,0.5244008438911955,120194,156328,46760,32,policy_train_compartmentalized_double_horizontal_0002,False,0.9166666666666666,0.660265349363685,0.6894463030000679,0,0.338960122,6672138aa09b88cc5f5fdfc079bc4dedbe9d681f74645debbab2280cb047ae88,0.45522961100004977,0.053776878000007855,lns2.receding_q_label_pilot.v2,target:16,0.23421669200001816,high_cost_progress,policy_train,s3__policy_train__policy_train_compartmentalized_double_horizontal_0002__task_0014__seed_0000__realized_dynamic__decision_0007__0017,horizon_complete,1
4,400,"266,278,351,379",neighborhood-1bc9c2a14f9b359e,True,"22,22,18,18",official_adaptive,3,False,0.8181818181818182,18,7a623574cf99455c1e0fd592bfc71f87c63c398f189a7d8f5c0acdb4731ed035,ca5b45243e9e7f240ee01a210718aa97adc5691d6f956e822b3c731acb74e74f,3,22,59e8b4cbedea1ecab405db1de8792b4a18a473cc4870436eb2250b04fc142139,b4c807699a4f6783529a0b0af7bf299142998a7f8b466a6bd9d8321189abb56f,False,compartmentalized,0.5657612799427534,106500,142141,26912,20,policy_train_compartmentalized_double_horizontal_0002,False,0.9090909090909091,0.7139047066363715,0.7607877250000001,0,0.40307927299999996,6672138aa09b88cc5f5fdfc079bc4dedbe9d681f74645debbab2280cb047ae88,0.5217457660000946,0.053776878000007855,lns2.receding_q_label_pilot.v2,random:4,0.23904195899990555,high_cost_progress,policy_train,s3__policy_train__policy_train_compartmentalized_double_horizontal_0002__task_0014__seed_0000__realized_dynamic__decision_0007__0017,horizon_complete,0
4,400,"266,278,351,379",neighborhood-1bc9c2a14f9b359e,True,"22,22,16,16",official_adaptive,3,False,0.7272727272727273,16,921c7c1ffc40ffc3a54bf5775360808d95bc25b4ecda6afcf666c82ce91cf5dc,f56227d8c347d4a6b31544174b180b6365f7dcace132597c4944669c684a9734,3,22,59e8b4cbedea1ecab405db1de8792b4a18a473cc4870436eb2250b04fc142139,b4c807699a4f6783529a0b0af7bf299142998a7f8b466a6bd9d8321189abb56f,False,compartmentalized,0.5427132982917883,116144,118832,58192,13,policy_train_compartmentalized_double_horizontal_0002,False,0.8636363636363636,0.6825432994546852,0.7206692230001863,0,0.36457607599999997,6672138aa09b88cc5f5fdfc079bc4dedbe9d681f74645debbab2280cb047ae88,0.48085786600017855,0.053776878000007855,lns2.receding_q_label_pilot.v2,random:4,0.23981135700000777,high_cost_progress,policy_train,s3__policy_train__policy_train_compartmentalized_double_horizontal_0002__task_0014__seed_0000__realized_dynamic__decision_0007__0017,horizon_complete,1
16,400,"4,21,29,53,68,77,79,83,123,197,246,265,278,304,331,334",neighborhood-1cb079732979874f,True,"22,22,18,18",official_adaptive,3,False,0.8181818181818182,18,3cc4036fbfad05b57e606565f19ead553cfc8a077b458162c72fec49db59c401,c2f32e766c99385f3459b55e7e70be1093f390788d5b1a13e841b80ab82facb8,3,22,59e8b4cbedea1ecab405db1de8792b4a18a473cc4870436eb2250b04fc142139,b4c807699a4f6783529a0b0af7bf299142998a7f8b466a6bd9d8321189abb56f,False,compartmentalized,0.5520942876667077,118971,167997,27563,27,policy_train_compartmentalized_double_horizontal_0002,False,0.9090909090909091,0.69331242290923,0.7368867520001459,0,0.397517097,6672138aa09b88cc5f5fdfc079bc4dedbe9d681f74645debbab2280cb047ae88,0.5108421689999432,0.053776878000007855,lns2.receding_q_label_pilot.v2,collision:16,0.2260445830002027,high_cost_progress,policy_train,s3__policy_train__policy_train_compartmentalized_double_horizontal_0002__task_0014__seed_0000__realized_dynamic__decision_0007__0017,horizon_complete,0
16,400,"4,21,29,53,68,77,79,83,123,197,246,265,278,304,331,334",neighborhood-1cb079732979874f,True,"22,22,21,21",official_adaptive,3,False,0.9545454545454546,21,869e446fd33d68c36daed2a397828f74973c031ce9bc2d54131bfbdb1bcbde3c,3926a978df589654fb54c83f201a7daf883edbeacf926584cc18b4f596ed24b9,3,22,59e8b4cbedea1ecab405db1de8792b4a18a473cc4870436eb2250b04fc142139,b4c807699a4f6783529a0b0af7bf299142998a7f8b466a6bd9d8321189abb56f,False,compartmentalized,0.47683567942544425,79867,137182,20303,32,policy_train_compartmentalized_double_horizontal_0002,False,0.9772727272727273,0.6034650162276979,0.6109687070004384,0,0.268085023,6672138aa09b88cc5f5fdfc079bc4dedbe9d681f74645debbab2280cb047ae88,0.3777925940003115,0.053776878000007855,lns2.receding_q_label_pilot.v2,collision:16,0.23317611300012686,high_cost_progress,policy_train,s3__policy_train__policy_train_compartmentalized_double_horizontal_0002__task_0014__seed_0000__realized_dynamic__decision_0007__0017,horizon_complete,1
8,400,"29,68,77,123,265,278,304,331",neighborhood-1dd95bac7e375f53,True,"22,22,18,18",official_adaptive,3,False,0.8181818181818182,18,522aa1bfb818d1e3d2c19c5c299fff1baec2fa0ad80166c4559a9d4f9a541dbc,c2f32e766c99385f3459b55e7e70be1093f390788d5b1a13e841b80ab82facb8,3,22,59e8b4cbedea1ecab405db1de8792b4a18a473cc4870436eb2250b04fc142139,b4c807699a4f6783529a0b0af7bf299142998a7f8b466a6bd9d8321189abb56f,False,compartmentalized,0.5622121812444627,108143,147445,27017,23,policy_train_compartmentalized_double_horizontal_0002,False,0.9090909090909091,0.7078400845455648,0.7545495920001031,0,0.404339636,6672138aa09b88cc5f5fdfc079bc4dedbe9d681f74645debbab2280cb047ae88,0.5203492080001979,0.053776878000007855,lns2.receding_q_label_pilot.v2,collision:8,0.23420038399990517,high_cost_progress,policy_train,s3__policy_train__policy_train_compartmentalized_double_horizontal_0002__task_0014__seed_0000__realized_dynamic__decision_0007__0017,horizon_complete,0
8,400,"29,68,77,123,265,278,304,331",neighborhood-1dd95bac7e375f53,True,"22,22,16,14",official_adaptive,3,False,0.6363636363636364,14,a4682927c5cf203d9d8d715baf2e2dec7f8a9c78f978e164569c25e9404eb9f4,8ad2c994de3f78c305d71b569b1c69dfa0022b52dab651b01445432c9c4601a2,3,22,59e8b4cbedea1ecab405db1de8792b4a18a473cc4870436eb2250b04fc142139,b4c807699a4f6783529a0b0af7bf299142998a7f8b466a6bd9d8321189abb56f,False,compartmentalized,0.6013422881011639,183806,148662,105071,24,policy_train_compartmentalized_double_horizontal_0002,False,0.8484848484848485,0.730225527545165,0.8245662509996237,0,0.484424922,6672138aa09b88cc5f5fdfc079bc4dedbe9d681f74645debbab2280cb047ae88,0.5962729589998617,0.053776878000007855,lns2.receding_q_label_pilot.v2,collision:8,0.228293291999762,high_cost_progress,policy_train,s3__policy_train__policy_train_compartmentalized_double_horizontal_0002__task_0014__seed_0000__realized_dynamic__decision_0007__0017,horizon_complete,1
8,400,"21,60,76,80,89,107,162,188",neighborhood-22d9644ae9e50d4a,True,"22,21,15,15",official_adaptive,3,False,0.6818181818181818,15,27e14b13e715338a2a191b77c0497e0c5cefdcd84a31ffd324caff3fe7120f19,637bbba5c0349dcec56aa5e8b77e1de0cdbf5ea3927949808dbff1cb62e2f16c,3,22,59e8b4cbedea1ecab405db1de8792b4a18a473cc4870436eb2250b04fc142139,b4c807699a4f6783529a0b0af7bf299142998a7f8b466a6bd9d8321189abb56f,False,compartmentalized,0.7018622904257616,169891,172466,70137,23,policy_train_compartmentalized_double_horizontal_0002,False,0.8257575757575758,0.8459910026362174,1.017506393999838,0,0.626714243,6672138aa09b88cc5f5fdfc079bc4dedbe9d681f74645debbab2280cb047ae88,0.7540163199998915,0.053776878000007855,lns2.receding_q_label_pilot.v2,target:8,0.2634900739999466,high_cost_progress,policy_train,s3__policy_train__policy_train_compartmentalized_double_horizontal_0002__task_0014__seed_0000__realized_dynamic__decision_0007__0017,horizon_complete,0
8,400,"21,60,76,80,89,107,162,188",neighborhood-22d9644ae9e50d4a,True,"22,21,21,21",official_adaptive,3,False,0.9545454545454546,21,51e154b3a3320a944ce57ef4f34bbdf7d7534b6c1a2fb70b1dcda873d0e6c031,5ac17e9c3758e9ba0176019ae85957cd938089807cc22c51fd4525daf4f27fbf,3,22,59e8b4cbedea1ecab405db1de8792b4a18a473cc4870436eb2250b04fc142139,b4c807699a4f6783529a0b0af7bf299142998a7f8b466a6bd9d8321189abb56f,False,compartmentalized,0.407933574270437,46931,73367,15499,24,policy_train_compartmentalized_double_horizontal_0002,False,0.9621212121212122,0.48969992649992117,0.5037072729999181,0,0.14758658,6672138aa09b88cc5f5fdfc079bc4dedbe9d681f74645debbab2280cb047ae88,0.26827487800005656,0.053776878000007855,lns2.receding_q_label_pilot.v2,target:8,0.23543239499986157,high_cost_progress,policy_train,s3__policy_train__policy_train_compartmentalized_double_horizontal_0002__task_0014__seed_0000__realized_dynamic__decision_0007__0017,horizon_complete,1
4,400,"60,124,292,295",neighborhood-22f566b4aa909399,True,"22,20,16,16",official_adaptive,3,False,0.7272727272727273,16,62c7dd7a80bfedfcaa0283ffeda73e80a591f6397ca9e20b71954fac69ef75f2,272c63e9b9d9fa9ac5092a6de2ccddf7195d86ee6fb021e2da1df54da1e15573,3,22,59e8b4cbedea1ecab405db1de8792b4a18a473cc4870436eb2250b04fc142139,b4c807699a4f6783529a0b0af7bf299142998a7f8b466a6bd9d8321189abb56f,False,compartmentalized,0.5643215470342444,136181,133744,37894,20,policy_train_compartmentalized_double_horizontal_0002,False,0.8333333333333334,0.6721448051813778,0.7582544849994974,0,0.436134815,6672138aa09b88cc5f5fdfc079bc4dedbe9d681f74645debbab2280cb047ae88,0.5433469109996167,0.053776878000007855,lns2.receding_q_label_pilot.v2,random:4,0.2149075739998807,high_cost_progress,policy_train,s3__policy_train__policy_train_compartmentalized_double_horizontal_0002__task_0014__seed_0000__realized_dynamic__decision_0007__0017,horizon_complete,0
4,400,"60,124,292,295",neighborhood-22f566b4aa909399,True,"22,20,20,20",official_adaptive,3,False,0.9090909090909091,20,15e32e686dddbfb230ed857f026a04ae6fbbbda480b343aae026699ac4c15815,f7b51efc9d1202deb71455d9cece328798bd1c153ff4f492b82e99bda3e1d923,3,22,59e8b4cbedea1ecab405db1de8792b4a18a473cc4870436eb2250b04fc142139,b4c807699a4f6783529a0b0af7bf299142998a7f8b466a6bd9d8321189abb56f,False,compartmentalized,0.43821576113156263,74930,76157,33790,20,policy_train_compartmentalized_double_horizontal_0002,False,0.9242424242424242,0.5217343227269876,0.5499392879996776,0,0.206101545,6672138aa09b88cc5f5fdfc079bc4dedbe9d681f74645debbab2280cb047ae88,0.3191912349998347,0.053776878000007855,lns2.receding_q_label_pilot.v2,random:4,0.2307480529998429,high_cost_progress,policy_train,s3__policy_train__policy_train_compartmentalized_double_horizontal_0002__task_0014__seed_0000__realized_dynamic__decision_0007__0017,horizon_complete,1
16,400,"7,11,35,70,94,100,123,126,128,219,278,304,331,346,384,391",neighborhood-2d45e086d8d274aa,True,"22,22,18,18",official_adaptive,3,False,0.8181818181818182,18,cb38f067c10c20913c0f0103a6a9863ece48d13a6a58d3b3ab586dcf80fc44ab,c2f32e766c99385f3459b55e7e70be1093f390788d5b1a13e841b80ab82facb8,3,22,59e8b4cbedea1ecab405db1de8792b4a18a473cc4870436eb2250b04fc142139,b4c807699a4f6783529a0b0af7bf299142998a7f8b466a6bd9d8321189abb56f,False,compartmentalized,0.6234577999595511,145727,194664,30551,29,policy_train_compartmentalized_double_horizontal_0002,False,0.9090909090909091,0.8203699844543322,0.8653669689997514,0,0.515967184,6672138aa09b88cc5f5fdfc079bc4dedbe9d681f74645debbab2280cb047ae88,0.6306233829998291,0.053776878000007855,lns2.receding_q_label_pilot.v2,target:16,0.2347435859999223,high_cost_progress,policy_train,s3__policy_train__policy_train_compartmentalized_double_horizontal_0002__task_0014__seed_0000__realized_dynamic__decision_0007__0017,horizon_complete,0
16,400,"7,11,35,70,94,100,123,126,128,219,278,304,331,346,384,391",neighborhood-2d45e086d8d274aa,True,"22,22,16,16",official_adaptive,3,False,0.7272727272727273,16,38de566d805e019fbbeed0a5b7459d764e15095459bfe5da488ce8b32c061f0a,6fdf88f0320cf46f701766f764ecea79a9cbceb99f067cb480895c94eb8c0fd9,3,22,59e8b4cbedea1ecab405db1de8792b4a18a473cc4870436eb2250b04fc142139,b4c807699a4f6783529a0b0af7bf299142998a7f8b466a6bd9d8321189abb56f,False,compartmentalized,0.5562513453978177,139207,137861,71512,18,policy_train_compartmentalized_double_horizontal_0002,False,0.8636363636363636,0.7087741990001384,0.744122119000167,0,0.39904673199999996,6672138aa09b88cc5f5fdfc079bc4dedbe9d681f74645debbab2280cb047ae88,0.511808068000164,0.053776878000007855,lns2.receding_q_label_pilot.v2,target:16,0.23231405100000302,high_cost_progress,policy_train,s3__policy_train__policy_train_compartmentalized_double_horizontal_0002__task_0014__seed_0000__realized_dynamic__decision_0007__0017,horizon_complete,1
16,400,"43,59,60,72,92,104,127,134,158,212,293,299,303,312,340,357",neighborhood-3001228990feda3d,True,"22,21,16,16",official_adaptive,3,False,0.7272727272727273,16,7f43249f54bca5718071459dc85da3a8b0134d063513fa4132712543738fb422,647e7414529e492b5cc89d9f04bd564f52e2eec6beb98ebda0a7b14ed4174f5b,3,22,59e8b4cbedea1ecab405db1de8792b4a18a473cc4870436eb2250b04fc142139,b4c807699a4f6783529a0b0af7bf299142998a7f8b466a6bd9d8321189abb56f,False,compartmentalized,0.6164135092733278,163036,202408,58676,30,policy_train_compartmentalized_double_horizontal_0002,False,0.8484848484848485,0.7772533947727734,0.8522729549999895,0,0.506400096,6672138aa09b88cc5f5fdfc079bc4dedbe9d681f74645debbab2280cb047ae88,0.6159712460000719,0.053776878000007855,lns2.receding_q_label_pilot.v2,random:16,0.23630170899991754,high_cost_progress,policy_train,s3__policy_train__policy_train_compartmentalized_double_horizontal_0002__task_0014__seed_0000__realized_dynamic__decision_0007__0017,horizon_complete,0
16,400,"43,59,60,72,92,104,127,134,158,212,293,299,303,312,340,357",neighborhood-3001228990feda3d,True,"22,21,21,21",official_adaptive,3,False,0.9545454545454546,21,413e7a9e5bddc52c1499ed22b459d43f974c59c2c5d9b25d6b3b6eef87f401a1,f103b1b7b72457839a51f7bd58631735a8dd8ebe3b73fa236a2289ee365b69ca,3,22,59e8b4cbedea1ecab405db1de8792b4a18a473cc4870436eb2250b04fc142139,b4c807699a4f6783529a0b0af7bf299142998a7f8b466a6bd9d8321189abb56f,False,compartmentalized,0.45006762743052064,46512,107106,2515,31,policy_train_compartmentalized_double_horizontal_0002,False,0.9621212121212122,0.5522222126362935,0.5684182499999224,0,0.184447455,6672138aa09b88cc5f5fdfc079bc4dedbe9d681f74645debbab2280cb047ae88,0.3271642530000918,0.053776878000007855,lns2.receding_q_label_pilot.v2,random:16,0.24125399699983063,high_cost_progress,policy_train,s3__policy_train__policy_train_compartmentalized_double_horizontal_0002__task_0014__seed_0000__realized_dynamic__decision_0007__0017,horizon_complete,1
8,400,"17,45,56,106,124,172,239,327",neighborhood-3f0283cdb31bfc90,True,"22,17,16,15",official_adaptive,3,False,0.6818181818181818,15,9d5f6661420bc8642d638be0cf5ba08be875511950c74cf1436fdf6cd994c47c,035801ae016b470b88be46018b280b5c6cebe2ac1e796d37ac7c4eec6c957d8b,3,22,59e8b4cbedea1ecab405db1de8792b4a18a473cc4870436eb2250b04fc142139,b4c807699a4f6783529a0b0af7bf299142998a7f8b466a6bd9d8321189abb56f,True,compartmentalized,0.5613730926849138,123782,154248,41316,24,policy_train_compartmentalized_double_horizontal_0002,False,0.7803030303030303,0.6708480009546065,0.753077987000097,0,0.418745971,6672138aa09b88cc5f5fdfc079bc4dedbe9d681f74645debbab2280cb047ae88,0.5256486680000307,0.053776878000007855,lns2.receding_q_label_pilot.v2,collision:8,0.22742931900006624,high_cost_progress,policy_train,s3__policy_train__policy_train_compartmentalized_double_horizontal_0002__task_0014__seed_0000__realized_dynamic__decision_0007__0017,horizon_complete,0
8,400,"17,45,56,106,124,172,239,327",neighborhood-3f0283cdb31bfc90,True,"22,22,16,16",official_adaptive,3,False,0.7272727272727273,16,767558e3c51ffedb2d9f2b3e0799f0bb70853d62cbce526f3a0a651821f2d466,6fdf88f0320cf46f701766f764ecea79a9cbceb99f067cb480895c94eb8c0fd9,3,22,59e8b4cbedea1ecab405db1de8792b4a18a473cc4870436eb2250b04fc142139,b4c807699a4f6783529a0b0af7bf299142998a7f8b466a6bd9d8321189abb56f,True,compartmentalized,0.5713444223832411,153271,147273,74731,15,policy_train_compartmentalized_double_horizontal_0002,False,0.8636363636363636,0.7371014139088898,0.7706459479998102,0,0.441800217,6672138aa09b88cc5f5fdfc079bc4dedbe9d681f74645debbab2280cb047ae88,0.5472961619998387,0.053776878000007855,lns2.receding_q_label_pilot.v2,collision:8,0.22334978599997157,high_cost_progress,policy_train,s3__policy_train__policy_train_compartmentalized_double_horizontal_0002__task_0014__seed_0000__realized_dynamic__decision_0007__0017,horizon_complete,1
4,400,"17,45,172,327",neighborhood-6a63453d2de5f189,True,"22,20,16,16",official_adaptive,3,False,0.7272727272727273,16,d901c79cff1b4d72ee345dde8df11c27a71b7210a2c011c8ec7c5917a3836e15,97f0772700ff370d022a875760dae85f6b2baed4aae96c7e010b1ed628227791,3,22,59e8b4cbedea1ecab405db1de8792b4a18a473cc4870436eb2250b04fc142139,b4c807699a4f6783529a0b0af7bf299142998a7f8b466a6bd9d8321189abb56f,False,compartmentalized,0.608156153288752,168760,168561,69111,20,policy_train_compartmentalized_double_horizontal_0002,False,0.8333333333333334,0.7069220773637426,0.8370410520001315,0,0.499457459,6672138aa09b88cc5f5fdfc079bc4dedbe9d681f74645debbab2280cb047ae88,0.6090052410002045,0.053776878000007855,lns2.receding_q_label_pilot.v2,collision:4,0.22803581099992698,high_cost_progress,policy_train,s3__policy_train__policy_train_compartmentalized_double_horizontal_0002__task_0014__seed_0000__realized_dynamic__decision_0007__0017,horizon_complete,0
4,400,"17,45,172,327",neighborhood-6a63453d2de5f189,True,"22,16,15,15",official_adaptive,3,False,0.6818181818181818,15,7d0a3b2fc26e99728f286751c3e504a1c24de03501472cbe6d9e9f9e6a9f8038,136db04cb33dedd82ee268fc49106dfa3b40a67e0570536cce3361d302209fe4,3,22,59e8b4cbedea1ecab405db1de8792b4a18a473cc4870436eb2250b04fc142139,b4c807699a4f6783529a0b0af7bf299142998a7f8b466a6bd9d8321189abb56f,False,compartmentalized,0.5995780497000806,146403,168530,56202,20,policy_train_compartmentalized_double_horizontal_0002,False,0.75,0.6450550776365328,0.8213501190002717,0,0.459855793,6672138aa09b88cc5f5fdfc079bc4dedbe9d681f74645debbab2280cb047ae88,0.5689080980000654,0.053776878000007855,lns2.receding_q_label_pilot.v2,collision:4,0.2524420210002063,high_cost_progress,policy_train,s3__policy_train__policy_train_compartmentalized_double_horizontal_0002__task_0014__seed_0000__realized_dynamic__decision_0007__0017,horizon_complete,1
4,400,"27,55,83,94",neighborhood-70ffd5dc5eb9b7d5,True,"22,21,17,17",official_adaptive,3,False,0.7727272727272727,17,237839b19b0726e4aadf948d0738526a3806c76e114904b5d2cd98dc57de134f,b9e934e3001577ceaaf34796abf3eaff88159b748c090f1afe22525ffb934df5,3,22,59e8b4cbedea1ecab405db1de8792b4a18a473cc4870436eb2250b04fc142139,b4c807699a4f6783529a0b0af7bf299142998a7f8b466a6bd9d8321189abb56f,False,compartmentalized,0.5148928416105369,108144,142839,18247,19,policy_train_compartmentalized_double_horizontal_0002,False,0.8712121212121212,0.6077233404998982,0.673459166999919,0,0.346337482,6672138aa09b88cc5f5fdfc079bc4dedbe9d681f74645debbab2280cb047ae88,0.450797712999929,0.053776878000007855,lns2.receding_q_label_pilot.v2,target:4,0.22266145399999004,high_cost_progress,policy_train,s3__policy_train__policy_train_compartmentalized_double_horizontal_0002__task_0014__seed_0000__realized_dynamic__decision_0007__0017,horizon_complete,0
4,400,"27,55,83,94",neighborhood-70ffd5dc5eb9b7d5,True,"22,21,19,19",official_adaptive,3,False,0.8636363636363636,19,a9ba243c8ae276ddc993e7553634617782eeee1306a01173feaaa50fe7f08508,5a1f74a6942305d79b5a021cb5f7c7460023d503b5b51f64d1b08e31f471e77c,3,22,59e8b4cbedea1ecab405db1de8792b4a18a473cc4870436eb2250b04fc142139,b4c807699a4f6783529a0b0af7bf299142998a7f8b466a6bd9d8321189abb56f,False,compartmentalized,0.42198486837468535,57622,98806,11916,20,policy_train_compartmentalized_double_horizontal_0002,False,0.9166666666666666,0.4933172087275104,0.524985449000269,0,0.19313462100000003,6672138aa09b88cc5f5fdfc079bc4dedbe9d681f74645debbab2280cb047ae88,0.30292857300014475,0.053776878000007855,lns2.receding_q_label_pilot.v2,target:4,0.22205687600012425,high_cost_progress,policy_train,s3__policy_train__policy_train_compartmentalized_double_horizontal_0002__task_0014__seed_0000__realized_dynamic__decision_0007__0017,horizon_complete,1
4,400,"29,123,278,331",neighborhood-a4232fe30a403345,True,"22,22,18,18",official_adaptive,3,False,0.8181818181818182,18,f0f66894693d4047d40b3d99347703a98cff724dc8660debad50ae71b5ee8137,ffa26158b6f7ebfe79006f30b6b1f891596556dd21d19ac252159fac827cc0c3,3,22,59e8b4cbedea1ecab405db1de8792b4a18a473cc4870436eb2250b04fc142139,b4c807699a4f6783529a0b0af7bf299142998a7f8b466a6bd9d8321189abb56f,False,compartmentalized,0.5415009490656426,107336,143005,27328,20,policy_train_compartmentalized_double_horizontal_0002,False,0.9090909090909091,0.6749372290001205,0.7185844350001389,0,0.38215204999999997,6672138aa09b88cc5f5fdfc079bc4dedbe9d681f74645debbab2280cb047ae88,0.4935082530000727,0.053776878000007855,lns2.receding_q_label_pilot.v2,collision:4,0.22507618200006618,high_cost_progress,policy_train,s3__policy_train__policy_train_compartmentalized_double_horizontal_0002__task_0014__seed_0000__realized_dynamic__decision_0007__0017,horizon_complete,0
4,400,"29,123,278,331",neighborhood-a4232fe30a403345,True,"22,22,16,14",official_adaptive,3,False,0.6363636363636364,14,e4595b1b2a9ea37478c2f70df298c9b4b83cd3e0496e0d492dd56f37d58b0041,d8ee8b39be24d98af6df63b24502ce894a49451dba36b6108abf6da043fb1a19,3,22,59e8b4cbedea1ecab405db1de8792b4a18a473cc4870436eb2250b04fc142139,b4c807699a4f6783529a0b0af7bf299142998a7f8b466a6bd9d8321189abb56f,False,compartmentalized,0.679445926591911,224397,177259,140017,20,policy_train_compartmentalized_double_horizontal_0002,False,0.8484848484848485,0.8715356290907824,0.9727843619998566,0,0.616609297,6672138aa09b88cc5f5fdfc079bc4dedbe9d681f74645debbab2280cb047ae88,0.7434338579998894,0.053776878000007855,lns2.receding_q_label_pilot.v2,collision:4,0.22935050399996726,high_cost_progress,policy_train,s3__policy_train__policy_train_compartmentalized_double_horizontal_0002__task_0014__seed_0000__realized_dynamic__decision_0007__0017,horizon_complete,1
4,400,"21,60,76,80",neighborhood-c9a445102a650852,True,"22,21,15,15",official_adaptive,3,False,0.6818181818181818,15,c01ab54ddecda82cdf3439c54eefbbce32231666eebb2d48d4614d933d6101d6,d568e53c982d54ddf3982edfda1fe5d5429895688d92de1e803101fa2c696635,3,22,59e8b4cbedea1ecab405db1de8792b4a18a473cc4870436eb2250b04fc142139,b4c807699a4f6783529a0b0af7bf299142998a7f8b466a6bd9d8321189abb56f,False,compartmentalized,0.5928686784567333,171954,169501,72620,19,policy_train_compartmentalized_double_horizontal_0002,False,0.8257575757575758,0.6919912997724705,0.8091709079997145,0,0.47845264899999995,6672138aa09b88cc5f5fdfc079bc4dedbe9d681f74645debbab2280cb047ae88,0.5924829869998121,0.053776878000007855,lns2.receding_q_label_pilot.v2,target:4,0.21668792099990242,high_cost_progress,policy_train,s3__policy_train__policy_train_compartmentalized_double_horizontal_0002__task_0014__seed_0000__realized_dynamic__decision_0007__0017,horizon_complete,0
4,400,"21,60,76,80",neighborhood-c9a445102a650852,True,"22,21,21,21",official_adaptive,3,False,0.9545454545454546,21,1352742acec213034c5a0a1c6fb45b82a25c079bb1b200128262145d21cca0d9,c093b60cbf854bfde7bced286c0078f006e5bfe7a11eff5eaa1bb0a9107a52e5,3,22,59e8b4cbedea1ecab405db1de8792b4a18a473cc4870436eb2250b04fc142139,b4c807699a4f6783529a0b0af7bf299142998a7f8b466a6bd9d8321189abb56f,False,compartmentalized,0.38224170839597993,44191,66455,15075,20,policy_train_compartmentalized_double_horizontal_0002,False,0.9621212121212122,0.4524481717275483,0.4655662820002817,0,0.133204088,6672138aa09b88cc5f5fdfc079bc4dedbe9d681f74645debbab2280cb047ae88,0.23995135900031528,0.053776878000007855,lns2.receding_q_label_pilot.v2,target:4,0.22561492299996644,high_cost_progress,policy_train,s3__policy_train__policy_train_compartmentalized_double_horizontal_0002__task_0014__seed_0000__realized_dynamic__decision_0007__0017,horizon_complete,1
8,400,"17,27,112,202,239,282,296,389",neighborhood-01654e9603f5bed9,True,"1,0",official_adaptive,1,True,0.0,0,fa4064264a2c893ea8bf922d18320b308ac11ab844b417568b06d9f082ff65bf,d7aa46e5a757fa0018db7fca6f84122415b1c7f9c52d99fa2c57e4b8d55e691a,3,1,c9a0257f27a860ba1a97805c8e44aaedd2fab1a56a9b411bfa212b22d93dca17,06071f887c068aa0e662bd8c4147a295edb26864487180a8d97dca80829e7d17,False,dead_end_aisles,0.13637784625389573,8117,12216,4238,8,policy_train_dead_end_aisles_0002,False,0.16666666666666666,0.14611486700005116,0.14611486700005116,2,0.018575598,6672138aa09b88cc5f5fdfc079bc4dedbe9d681f74645debbab2280cb047ae88,0.05018177800002377,0.0959330890000274,lns2.receding_q_label_pilot.v2,random:8,0.0959330890000274,near_feasible,policy_train,s3__policy_train__policy_train_dead_end_aisles_0002__task_0012__seed_0000__realized_dynamic__decision_0000__0090,feasible,0
8,400,"17,27,112,202,239,282,296,389",neighborhood-01654e9603f5bed9,True,"1,0",official_adaptive,1,True,0.0,0,31881568ac8f8e368c883306ae381067764707eabbdbf5b82b038c667f330e6a,7851b776bb9d65826aba1a99311804e059bd770f59138fc0ecabf12aacff95fc,3,1,c9a0257f27a860ba1a97805c8e44aaedd2fab1a56a9b411bfa212b22d93dca17,06071f887c068aa0e662bd8c4147a295edb26864487180a8d97dca80829e7d17,False,dead_end_aisles,0.13882230627275222,10119,14634,5397,8,policy_train_dead_end_aisles_0002,False,0.16666666666666666,0.1489199259999623,0.1489199259999623,2,0.022477843,6672138aa09b88cc5f5fdfc079bc4dedbe9d681f74645debbab2280cb047ae88,0.052986836999934894,0.0959330890000274,lns2.receding_q_label_pilot.v2,random:8,0.0959330890000274,near_feasible,policy_train,s3__policy_train__policy_train_dead_end_aisles_0002__task_0012__seed_0000__realized_dynamic__decision_0000__0090,feasible,1
16,400,"17,29,81,89,93,121,137,144,152,200,216,221,236,245,276,342",neighborhood-02ae0d4752239855,True,"1,1,0",official_adaptive,2,True,0.0,0,956bcfc6a23eff31843a62d3860ed36f46eac1dfc0aa632a276889cda9a83fa3,9e3d23a020f507e01c338657f524047311bafb82b58e3bf4e289b46931d0d6bf,3,1,c9a0257f27a860ba1a97805c8e44aaedd2fab1a56a9b411bfa212b22d93dca17,06071f887c068aa0e662bd8c4147a295edb26864487180a8d97dca80829e7d17,False,dead_end_aisles,0.27523216447184284,10381,35073,1446,24,policy_train_dead_end_aisles_0002,False,0.5,0.31683636199988996,0.31683636199988996,1,0.036819027000000004,6672138aa09b88cc5f5fdfc079bc4dedbe9d681f74645debbab2280cb047ae88,0.10139194299983956,0.0959330890000274,lns2.receding_q_label_pilot.v2,random:16,0.2154444190000504,near_feasible,policy_train,s3__policy_train__policy_train_dead_end_aisles_0002__task_0012__seed_0000__realized_dynamic__decision_0000__0090,feasible,0
16,400,"17,29,81,89,93,121,137,144,152,200,216,221,236,245,276,342",neighborhood-02ae0d4752239855,True,"1,1,0",official_adaptive,2,True,0.0,0,23e7b5a23eec448f2d6c88ca8128254ce1c9cf334a3d28813bfc30ab063c0419,d0c2db8e8884bfd61aa19dcb51e7bac83dd8143b7d1d5881ccb53715654cfbbb,3,1,c9a0257f27a860ba1a97805c8e44aaedd2fab1a56a9b411bfa212b22d93dca17,06071f887c068aa0e662bd8c4147a295edb26864487180a8d97dca80829e7d17,False,dead_end_aisles,0.22620789780502576,9261,30615,1347,24,policy_train_dead_end_aisles_0002,False,0.5,0.2538363080000181,0.2538363080000181,1,0.03949913,6672138aa09b88cc5f5fdfc079bc4dedbe9d681f74645debbab2280cb047ae88,0.09565477099999953,0.0959330890000274,lns2.receding_q_label_pilot.v2,random:16,0.15818153700001858,near_feasible,policy_train,s3__policy_train__policy_train_dead_end_aisles_0002__task_0012__seed_0000__realized_dynamic__decision_0000__0090,feasible,1
16,400,"45,47,76,101,110,132,144,168,169,190,202,225,249,323,380,385",neighborhood-03cc9666eac8405a,True,"1,0",official_adaptive,1,True,0.0,0,4e19cdc685bfd851bdc9006a8aaf2b94e5b018e30b3f540dd1d9808303f691e1,36a63bad4bbf52eef33ba29592194af54006e282a2c49c7cb2287c681656dee8,3,1,c9a0257f27a860ba1a97805c8e44aaedd2fab1a56a9b411bfa212b22d93dca17,06071f887c068aa0e662bd8c4147a295edb26864487180a8d97dca80829e7d17,False,dead_end_aisles,0.1424643050930036,5880,19815,897,16,policy_train_dead_end_aisles_0002,False,0.16666666666666666,0.15311192000001483,0.15311192000001483,2,0.025085855,6672138aa09b88cc5f5fdfc079bc4dedbe9d681f74645debbab2280cb047ae88,0.05717883099998744,0.0959330890000274,lns2.receding_q_label_pilot.v2,collision:16,0.0959330890000274,near_feasible,policy_train,s3__policy_train__policy_train_dead_end_aisles_0002__task_0012__seed_0000__realized_dynamic__decision_0000__0090,feasible,0
16,400,"45,47,76,101,110,132,144,168,169,190,202,225,249,323,380,385",neighborhood-03cc9666eac8405a,True,"1,0",official_adaptive,1,True,0.0,0,c4765808936b977ad45e4c7b37fdae3021fde48a3578c314e4a03cd8b6152247,81f65e30791f454b1fe9d3b16307b2a3936e5f5031a0c92a9f0b3ce45ab5e34d,3,1,c9a0257f27a860ba1a97805c8e44aaedd2fab1a56a9b411bfa212b22d93dca17,06071f887c068aa0e662bd8c4147a295edb26864487180a8d97dca80829e7d17,False,dead_end_aisles,0.1353545623900623,5039,17535,692,16,policy_train_dead_end_aisles_0002,False,0.16666666666666666,0.14494266600001993,0.14494266600001993,2,0.019789162,6672138aa09b88cc5f5fdfc079bc4dedbe9d681f74645debbab2280cb047ae88,0.04900957699999253,0.0959330890000274,lns2.receding_q_label_pilot.v2,collision:16,0.0959330890000274,near_feasible,policy_train,s3__policy_train__policy_train_dead_end_aisles_0002__task_0012__seed_0000__realized_dynamic__decision_0000__0090,feasible,1
8,400,"61,144,188,202,241,260,279,394",neighborhood-05d83eb083269066,True,"1,0",official_adaptive,1,True,0.0,0,b3740077bfd25a9741b736f692d2a21bbe5c2e80cfa85d6e8af32bfb5e34a09f,1211c9880010febe4bbeaf72d0424a52ed33e7b24f03b6129673a6ad0036acc8,3,1,c9a0257f27a860ba1a97805c8e44aaedd2fab1a56a9b411bfa212b22d93dca17,06071f887c068aa0e662bd8c4147a295edb26864487180a8d97dca80829e7d17,False,dead_end_aisles,0.1317634990711982,3464,11777,356,8,policy_train_dead_end_aisles_0002,False,0.16666666666666666,0.14083847799997784,0.14083847799997784,2,0.013858003,6672138aa09b88cc5f5fdfc079bc4dedbe9d681f74645debbab2280cb047ae88,0.044905388999950446,0.0959330890000274,lns2.receding_q_label_pilot.v2,collision:8,0.0959330890000274,near_feasible,policy_train,s3__policy_train__policy_train_dead_end_aisles_0002__task_0012__seed_0000__realized_dynamic__decision_0000__0090,feasible,0
8,400,"61,144,188,202,241,260,279,394",neighborhood-05d83eb083269066,True,"1,0",official_adaptive,1,True,0.0,0,472a42fe8ee6cc03222afc9710437fc66992f6f2b32025e3c1d4ad5701437221,9e1ff1a4a07e6d6cef38df60134cc40ae65c84b7923bcb79051f10d48abba543,3,1,c9a0257f27a860ba1a97805c8e44aaedd2fab1a56a9b411bfa212b22d93dca17,06071f887c068aa0e662bd8c4147a295edb26864487180a8d97dca80829e7d17,False,dead_end_aisles,0.13179538651248085,3538,11689,445,8,policy_train_dead_end_aisles_0002,False,0.16666666666666666,0.1408748569999716,0.1408748569999716,2,0.013396969,6672138aa09b88cc5f5fdfc079bc4dedbe9d681f74645debbab2280cb047ae88,0.044941767999944204,0.0959330890000274,lns2.receding_q_label_pilot.v2,collision:8,0.0959330890000274,near_feasible,policy_train,s3__policy_train__policy_train_dead_end_aisles_0002__task_0012__seed_0000__realized_dynamic__decision_0000__0090,feasible,1
4,400,"49,144,202,228",neighborhood-06f4663447c6a436,True,"1,0",official_adaptive,1,True,0.0,0,3006d2ddf098549dbdee965a5961f515e17fb16e5979eed97c2ea5a67a86fa5a,428b83f7e267602488fe3deef06e908bbe837337e5fa9157f4d06737bdb3c231,3,1,c9a0257f27a860ba1a97805c8e44aaedd2fab1a56a9b411bfa212b22d93dca17,06071f887c068aa0e662bd8c4147a295edb26864487180a8d97dca80829e7d17,False,dead_end_aisles,0.12607687272870108,968,3509,186,4,policy_train_dead_end_aisles_0002,False,0.16666666666666666,0.1343693669999766,0.1343693669999766,2,0.005635263,6672138aa09b88cc5f5fdfc079bc4dedbe9d681f74645debbab2280cb047ae88,0.0384362779999492,0.0959330890000274,lns2.receding_q_label_pilot.v2,target:4,0.0959330890000274,near_feasible,policy_train,s3__policy_train__policy_train_dead_end_aisles_0002__task_0012__seed_0000__realized_dynamic__decision_0000__0090,feasible,0
4,400,"49,144,202,228",neighborhood-06f4663447c6a436,True,"1,0",official_adaptive,1,True,0.0,0,8d9d47040912b3cccfa9645db57020256febf4de6c07ae045d5db02d86dcc746,82c726863f3f1dd8d01a8c109d80cbd26f35a87c7ed11141d87967c0b65bd065,3,1,c9a0257f27a860ba1a97805c8e44aaedd2fab1a56a9b411bfa212b22d93dca17,06071f887c068aa0e662bd8c4147a295edb26864487180a8d97dca80829e7d17,False,dead_end_aisles,0.12198648919846575,679,3128,2,4,policy_train_dead_end_aisles_0002,False,0.16666666666666666,0.1297388379999802,0.1297388379999802,2,0.003343179,6672138aa09b88cc5f5fdfc079bc4dedbe9d681f74645debbab2280cb047ae88,0.03380574899995281,0.0959330890000274,lns2.receding_q_label_pilot.v2,target:4,0.0959330890000274,near_feasible,policy_train,s3__policy_train__policy_train_dead_end_aisles_0002__task_0012__seed_0000__realized_dynamic__decision_0000__0090,feasible,1
4,400,"77,103,202,384",neighborhood-0971c913969383de,True,"1,0",official_adaptive,1,True,0.0,0,392a72d4d3780490f41a6641c00429fe753e3a143a53e97e9b8691a9fc7a4bec,be035bb7bad5c39b16e8c9ea5cf47c1a7a16c5f27d8c9728843b9e08973b1a02,3,1,c9a0257f27a860ba1a97805c8e44aaedd2fab1a56a9b411bfa212b22d93dca17,06071f887c068aa0e662bd8c4147a295edb26864487180a8d97dca80829e7d17,False,dead_end_aisles,0.12884638999345577,1161,3650,185,4,policy_train_dead_end_aisles_0002,False,0.16666666666666666,0.1375153770001134,0.1375153770001134,2,0.00605964,6672138aa09b88cc5f5fdfc079bc4dedbe9d681f74645debbab2280cb047ae88,0.04158228800008601,0.0959330890000274,lns2.receding_q_label_pilot.v2,random:4,0.0959330890000274,near_feasible,policy_train,s3__policy_train__policy_train_dead_end_aisles_0002__task_0012__seed_0000__realized_dynamic__decision_0000__0090,feasible,0
4,400,"77,103,202,384",neighborhood-0971c913969383de,True,"1,0",official_adaptive,1,True,0.0,0,0ccced00bf01cba670c22993516c5106fc7489723a7b401e3299ead07060349d,c2900878a09f59c15d42c3d7e0abf330645d8940a710b3dedca5909a412e6615,3,1,c9a0257f27a860ba1a97805c8e44aaedd2fab1a56a9b411bfa212b22d93dca17,06071f887c068aa0e662bd8c4147a295edb26864487180a8d97dca80829e7d17,False,dead_end_aisles,0.1246547578659404,772,2824,102,4,policy_train_dead_end_aisles_0002,False,0.16666666666666666,0.13275731000010182,0.13275731000010182,2,0.003905404,6672138aa09b88cc5f5fdfc079bc4dedbe9d681f74645debbab2280cb047ae88,0.03682422100007443,0.0959330890000274,lns2.receding_q_label_pilot.v2,random:4,0.0959330890000274,near_feasible,policy_train,s3__policy_train__policy_train_dead_end_aisles_0002__task_0012__seed_0000__realized_dynamic__decision_0000__0090,feasible,1
8,400,"42,92,144,146,313,322,378,390",neighborhood-0cd5e422764d2f85,True,"1,1,1,0",official_adaptive,3,True,0.0,0,252f3f4fefd2d91521ce04430a9a616f452f7b9d72801207f3bbe25d7117d3aa,3727de54b63c5694f2bfb46cb3f46c9479b64229051ba22e323dcc83928cf0d1,3,1,c9a0257f27a860ba1a97805c8e44aaedd2fab1a56a9b411bfa212b22d93dca17,06071f887c068aa0e662bd8c4147a295edb26864487180a8d97dca80829e7d17,False,dead_end_aisles,0.31894656093076407,8429,27129,1788,24,policy_train_dead_end_aisles_0002,False,0.8333333333333334,0.3756778080000913,0.3756778080000913,0,0.032931881999999996,6672138aa09b88cc5f5fdfc079bc4dedbe9d681f74645debbab2280cb047ae88,0.13610188699999526,0.0959330890000274,lns2.receding_q_label_pilot.v2,random:8,0.23957592100009606,near_feasible,policy_train,s3__policy_train__policy_train_dead_end_aisles_0002__task_0012__seed_0000__realized_dynamic__decision_0000__0090,feasible,0
8,400,"42,92,144,146,313,322,378,390",neighborhood-0cd5e422764d2f85,True,"1,1,0",official_adaptive,2,True,0.0,0,94e041ca55defec36023c4c9747e783e929956b580dbfcc18633f2b7c50fd663,a9e819c777ccddea758dbe54823d41b6310583abb028ea908b2eb6c7021cbfc7,3,1,c9a0257f27a860ba1a97805c8e44aaedd2fab1a56a9b411bfa212b22d93dca17,06071f887c068aa0e662bd8c4147a295edb26864487180a8d97dca80829e7d17,False,dead_end_aisles,0.2341626921725259,4586,15852,739,16,policy_train_dead_end_aisles_0002,False,0.5,0.26385009399996306,0.26385009399996306,1,0.01900312,6672138aa09b88cc5f5fdfc079bc4dedbe9d681f74645debbab2280cb047ae88,0.09922856999992291,0.0959330890000274,lns2.receding_q_label_pilot.v2,random:8,0.16462152400004015,near_feasible,policy_train,s3__policy_train__policy_train_dead_end_aisles_0002__task_0012__seed_0000__realized_dynamic__decision_0000__0090,feasible,1
4,400,"9,144,343,357",neighborhood-0f790d5657186438,True,"1,1,0",official_adaptive,2,True,0.0,0,373e16218fb8e9655ce8b69ecdc5217714f6ba6ae0a0c4519af586aab780f65e,3c0d936b89837c893cfd76124c9e0f06481222ecd80f560dc84da4318aebbaee,3,1,c9a0257f27a860ba1a97805c8e44aaedd2fab1a56a9b411bfa212b22d93dca17,06071f887c068aa0e662bd8c4147a295edb26864487180a8d97dca80829e7d17,False,dead_end_aisles,0.227032049297195,3808,13180,630,12,policy_train_dead_end_aisles_0002,False,0.5,0.2548700850001069,0.2548700850001069,1,0.017205502,6672138aa09b88cc5f5fdfc079bc4dedbe9d681f74645debbab2280cb047ae88,0.08529906400008258,0.0959330890000274,lns2.receding_q_label_pilot.v2,random:4,0.1695710210000243,near_feasible,policy_train,s3__policy_train__policy_train_dead_end_aisles_0002__task_0012__seed_0000__realized_dynamic__decision_0000__0090,feasible,0
4,400,"9,144,343,357",neighborhood-0f790d5657186438,True,"1,1,0",official_adaptive,2,True,0.0,0,836b88aa6af1e31e8c64518f8be6c758eeb27105ad5c4fd387cbf05ecb2aaef6,c9c1883ceb1c100f838caff6cbe4e5a8a241f207f6a2a59c00eee62f3b589be6,3,1,c9a0257f27a860ba1a97805c8e44aaedd2fab1a56a9b411bfa212b22d93dca17,06071f887c068aa0e662bd8c4147a295edb26864487180a8d97dca80829e7d17,False,dead_end_aisles,0.23338030926198142,3776,12958,557,12,policy_train_dead_end_aisles_0002,False,0.5,0.2628616659999352,0.2628616659999352,1,0.017855715,6672138aa09b88cc5f5fdfc079bc4dedbe9d681f74645debbab2280cb047ae88,0.08700400599991553,0.0959330890000274,lns2.receding_q_label_pilot.v2,random:4,0.17585766000001968,near_feasible,policy_train,s3__policy_train__policy_train_dead_end_aisles_0002__task_0012__seed_0000__realized_dynamic__decision_0000__0090,feasible,1
16,400,"32,49,62,115,138,144,156,187,198,199,202,228,255,269,362,372",neighborhood-17f54830bd444853,True,"1,0",official_adaptive,1,True,0.0,0,730b3ba8b973d29144182b7f287cb04d8653ea4c5e11d2dad1ab750995805362,431fa68c02f98bece15b744ef50f30bb9c22beda2930f4082b1a8a734152197d,3,1,c9a0257f27a860ba1a97805c8e44aaedd2fab1a56a9b411bfa212b22d93dca17,06071f887c068aa0e662bd8c4147a295edb26864487180a8d97dca80829e7d17,False,dead_end_aisles,0.14270339380130287,6361,20041,1186,16,policy_train_dead_end_aisles_0002,False,0.16666666666666666,0.15338764900002388,0.15338764900002388,2,0.022893513,6672138aa09b88cc5f5fdfc079bc4dedbe9d681f74645debbab2280cb047ae88,0.05745455999999649,0.0959330890000274,lns2.receding_q_label_pilot.v2,target:16,0.0959330890000274,near_feasible,policy_train,s3__policy_train__policy_train_dead_end_aisles_0002__task_0012__seed_0000__realized_dynamic__decision_0000__0090,feasible,0
16,400,"32,49,62,115,138,144,156,187,198,199,202,228,255,269,362,372",neighborhood-17f54830bd444853,True,"1,0",official_adaptive,1,True,0.0,0,0b2a435aa7a4dfb14e19291af25b862f7b17175d0aa6cdd7c9e3adf16f50d326,66c58a5079bbf1dfe20f21263f57abc2491c2ec7c83e03ad559b6a0f07f59805,3,1,c9a0257f27a860ba1a97805c8e44aaedd2fab1a56a9b411bfa212b22d93dca17,06071f887c068aa0e662bd8c4147a295edb26864487180a8d97dca80829e7d17,False,dead_end_aisles,0.13782009734432782,4399,15293,717,16,policy_train_dead_end_aisles_0002,False,0.16666666666666666,0.1477690450000182,0.1477690450000182,2,0.019140427,6672138aa09b88cc5f5fdfc079bc4dedbe9d681f74645debbab2280cb047ae88,0.0518359559999908,0.0959330890000274,lns2.receding_q_label_pilot.v2,target:16,0.0959330890000274,near_feasible,policy_train,s3__policy_train__policy_train_dead_end_aisles_0002__task_0012__seed_0000__realized_dynamic__decision_0000__0090,feasible,1
8,400,"38,144,168,202,210,228,230,316",neighborhood-1a5e6bc5d5a955c0,True,"1,0",official_adaptive,1,True,0.0,0,0da2a81eef74134de0c419a934005e6dadaa9e70544cf4952f276ffecf525a00,6af946b4d7004d0ff8c1e5779e1f1b8587bb745e41fa6d31cf699eca5dd67bd1,3,1,c9a0257f27a860ba1a97805c8e44aaedd2fab1a56a9b411bfa212b22d93dca17,06071f887c068aa0e662bd8c4147a295edb26864487180a8d97dca80829e7d17,False,dead_end_aisles,0.13497680051917124,4333,12915,797,8,policy_train_dead_end_aisles_0002,False,0.16666666666666666,0.1445102320001297,0.1445102320001297,2,0.018610943,6672138aa09b88cc5f5fdfc079bc4dedbe9d681f74645debbab2280cb047ae88,0.048577143000102296,0.0959330890000274,lns2.receding_q_label_pilot.v2,collision:8,0.0959330890000274,near_feasible,policy_train,s3__policy_train__policy_train_dead_end_aisles_0002__task_0012__seed_0000__realized_dynamic__decision_0000__0090,feasible,0
8,400,"38,144,168,202,210,228,230,316",neighborhood-1a5e6bc5d5a955c0,True,"1,0",official_adaptive,1,True,0.0,0,f20bfa92bc32c24e6d1ee757991675e19ef90a29686ef4afe064ab53996c4eef,c2384db8027df8f28db390a275aca39123803e721805f12a56ed8cbfbafb56ba,3,1,c9a0257f27a860ba1a97805c8e44aaedd2fab1a56a9b411bfa212b22d93dca17,06071f887c068aa0e662bd8c4147a295edb26864487180a8d97dca80829e7d17,False,dead_end_aisles,0.13303544053564215,4396,13453,640,8,policy_train_dead_end_aisles_0002,False,0.16666666666666666,0.14229048100003183,0.14229048100003183,2,0.01565574,6672138aa09b88cc5f5fdfc079bc4dedbe9d681f74645debbab2280cb047ae88,0.04635739200000444,0.0959330890000274,lns2.receding_q_label_pilot.v2,collision:8,0.0959330890000274,near_feasible,policy_train,s3__policy_train__policy_train_dead_end_aisles_0002__task_0012__seed_0000__realized_dynamic__decision_0000__0090,feasible,1
4,400,"144,202,228,269",neighborhood-1d77237d50783ecd,True,"1,0",official_adaptive,1,True,0.0,0,7d79e8e680b3ff421e58795687d2942619a988e054bd04bda639415de2055d16,cec869605cb888cfcb80bb57880d5566d513b64a624491cf14b0607201e4aab1,3,1,c9a0257f27a860ba1a97805c8e44aaedd2fab1a56a9b411bfa212b22d93dca17,06071f887c068aa0e662bd8c4147a295edb26864487180a8d97dca80829e7d17,False,dead_end_aisles,0.12544463009748102,1138,4890,2,4,policy_train_dead_end_aisles_0002,False,0.16666666666666666,0.13365239699999165,0.13365239699999165,2,0.006940871,6672138aa09b88cc5f5fdfc079bc4dedbe9d681f74645debbab2280cb047ae88,0.03771930799996426,0.0959330890000274,lns2.receding_q_label_pilot.v2,target:4,0.0959330890000274,near_feasible,policy_train,s3__policy_train__policy_train_dead_end_aisles_0002__task_0012__seed_0000__realized_dynamic__decision_0000__0090,feasible,0
4,400,"144,202,228,269",neighborhood-1d77237d50783ecd,True,"1,0",official_adaptive,1,True,0.0,0,9de385ce48eb3836eb54dc3fb2fd08d000112e883d1cba73aee48b8a3fc0af10,f941e69c40b20175baa847523b3d7b450df4bbaf3f2bc14e8c23da60eec6bec4,3,1,c9a0257f27a860ba1a97805c8e44aaedd2fab1a56a9b411bfa212b22d93dca17,06071f887c068aa0e662bd8c4147a295edb26864487180a8d97dca80829e7d17,False,dead_end_aisles,0.12609057011344002,1003,4363,0,4,policy_train_dead_end_aisles_0002,False,0.16666666666666666,0.13438490500004718,0.13438490500004718,2,0.00551852,6672138aa09b88cc5f5fdfc079bc4dedbe9d681f74645debbab2280cb047ae88,0.03845181600001979,0.0959330890000274,lns2.receding_q_label_pilot.v2,target:4,0.0959330890000274,near_feasible,policy_train,s3__policy_train__policy_train_dead_end_aisles_0002__task_0012__seed_0000__realized_dynamic__decision_0000__0090,feasible,1
4,400,"38,144,202,249",neighborhood-1d9b8e237304ae61,True,"1,0",official_adaptive,1,True,0.0,0,702d43f6c5dff18e0c4bceb5195d217a5d7c2f5a308bae811931569f02487af6,49c2652cae905fdbbbe4d154d0272ab474959dcf9b68c414f442483413505f0b,3,1,c9a0257f27a860ba1a97805c8e44aaedd2fab1a56a9b411bfa212b22d93dca17,06071f887c068aa0e662bd8c4147a295edb26864487180a8d97dca80829e7d17,False,dead_end_aisles,0.13021968032890593,1970,6785,179,4,policy_train_dead_end_aisles_0002,False,0.16666666666666666,0.1390785890000643,0.1390785890000643,2,0.009738136,6672138aa09b88cc5f5fdfc079bc4dedbe9d681f74645debbab2280cb047ae88,0.04314550000003692,0.0959330890000274,lns2.receding_q_label_pilot.v2,collision:4,0.0959330890000274,near_feasible,policy_train,s3__policy_train__policy_train_dead_end_aisles_0002__task_0012__seed_0000__realized_dynamic__decision_0000__0090,feasible,0
4,400,"38,144,202,249",neighborhood-1d9b8e237304ae61,True,"1,0",official_adaptive,1,True,0.0,0,9ceb9a980b644cc06f5a7ed88279a3ac276b7a335a52eda6277f266e5d860293,c17f870c83851911ba2b365f833a15fd4402f3a1c24291d29ef0c99d9b22f3b8,3,1,c9a0257f27a860ba1a97805c8e44aaedd2fab1a56a9b411bfa212b22d93dca17,06071f887c068aa0e662bd8c4147a295edb26864487180a8d97dca80829e7d17,False,dead_end_aisles,0.1272634977227562,1816,6250,84,4,policy_train_dead_end_aisles_0002,False,0.16666666666666666,0.1357162370001106,0.1357162370001106,2,0.006973446,6672138aa09b88cc5f5fdfc079bc4dedbe9d681f74645debbab2280cb047ae88,0.0397831480000832,0.0959330890000274,lns2.receding_q_label_pilot.v2,collision:4,0.0959330890000274,near_feasible,policy_train,s3__policy_train__policy_train_dead_end_aisles_0002__task_0012__seed_0000__realized_dynamic__decision_0000__0090,feasible,1
4,400,"128,144,202,304",neighborhood-1e6a773079301979,True,"1,0",official_adaptive,1,True,0.0,0,0ca508cfb03272b558f5f0b6f605f9f499b280e4ae0afb548647dc4938c34d06,537a3e7a8fe1077e178d599982f93056c7a1835863c59534c098c36bd53971eb,3,1,c9a0257f27a860ba1a97805c8e44aaedd2fab1a56a9b411bfa212b22d93dca17,06071f887c068aa0e662bd8c4147a295edb26864487180a8d97dca80829e7d17,False,dead_end_aisles,0.12466261300392369,702,3269,20,4,policy_train_dead_end_aisles_0002,False,0.16666666666666666,0.13276620800002092,0.13276620800002092,2,0.004329715,6672138aa09b88cc5f5fdfc079bc4dedbe9d681f74645debbab2280cb047ae88,0.03683311899999353,0.0959330890000274,lns2.receding_q_label_pilot.v2,collision:4,0.0959330890000274,near_feasible,policy_train,s3__policy_train__policy_train_dead_end_aisles_0002__task_0012__seed_0000__realized_dynamic__decision_0000__0090,feasible,0
4,400,"128,144,202,304",neighborhood-1e6a773079301979,True,"1,0",official_adaptive,1,True,0.0,0,296158919402551df5655642ab9e08fffb0a849fc869c75662764703f4f471da,e3590d3c70e76f85574ec3f20620309919306fcb8ca8dd56040156c52b7c58a4,3,1,c9a0257f27a860ba1a97805c8e44aaedd2fab1a56a9b411bfa212b22d93dca17,06071f887c068aa0e662bd8c4147a295edb26864487180a8d97dca80829e7d17,False,dead_end_aisles,0.12381615794163024,825,3494,54,4,policy_train_dead_end_aisles_0002,False,0.16666666666666666,0.13180777800005217,0.13180777800005217,2,0.004667675,6672138aa09b88cc5f5fdfc079bc4dedbe9d681f74645debbab2280cb047ae88,0.03587468900002477,0.0959330890000274,lns2.receding_q_label_pilot.v2,collision:4,0.0959330890000274,near_feasible,policy_train,s3__policy_train__policy_train_dead_end_aisles_0002__task_0012__seed_0000__realized_dynamic__decision_0000__0090,feasible,1
8,400,"49,62,138,144,156,202,228,255",neighborhood-215958cc63d4200e,True,"1,0",official_adaptive,1,True,0.0,0,6a258bc5c8123ffdd0145590b46497865ef3ed2854923d279774fda3abe77b71,19694de439df230db95a4ca28bc4639ec8f638b08216cb8f7811a6fe1dc8279a,3,1,c9a0257f27a860ba1a97805c8e44aaedd2fab1a56a9b411bfa212b22d93dca17,06071f887c068aa0e662bd8c4147a295edb26864487180a8d97dca80829e7d17,True,dead_end_aisles,0.12685126932533483,1898,7289,282,8,policy_train_dead_end_aisles_0002,False,0.16666666666666666,0.135248158999957,0.135248158999957,2,0.009276162,6672138aa09b88cc5f5fdfc079bc4dedbe9d681f74645debbab2280cb047ae88,0.03931506999992962,0.0959330890000274,lns2.receding_q_label_pilot.v2,target:8,0.0959330890000274,near_feasible,policy_train,s3__policy_train__policy_train_dead_end_aisles_0002__task_0012__seed_0000__realized_dynamic__decision_0000__0090,feasible,0
8,400,"49,62,138,144,156,202,228,255",neighborhood-215958cc63d4200e,True,"1,0",official_adaptive,1,True,0.0,0,17410b345a655ede66ff132a1cf77dd3230fa1ed65cb7a49af333464768e46db,02ce35e9d6441b6a81f67a95d15f922443b966d0e9e7f5e89858adf45c020948,3,1,c9a0257f27a860ba1a97805c8e44aaedd2fab1a56a9b411bfa212b22d93dca17,06071f887c068aa0e662bd8c4147a295edb26864487180a8d97dca80829e7d17,True,dead_end_aisles,0.12932960735059332,2697,8753,651,8,policy_train_dead_end_aisles_0002,False,0.16666666666666666,0.13806517700004406,0.13806517700004406,2,0.011017392,6672138aa09b88cc5f5fdfc079bc4dedbe9d681f74645debbab2280cb047ae88,0.042132088000016665,0.0959330890000274,lns2.receding_q_label_pilot.v2,target:8,0.0959330890000274,near_feasible,policy_train,s3__policy_train__policy_train_dead_end_aisles_0002__task_0012__seed_0000__realized_dynamic__decision_0000__0090,feasible,1
16,400,"50,120,144,145,183,188,189,192,202,212,220,260,296,364,382,392",neighborhood-21777d16db19e6e5,True,"1,0",official_adaptive,1,True,0.0,0,82f6b0b2f998de5b6d6e83c2412514dde9a1fc5a83eabb6802e9e2a320bbff99,473d2c2fda30a8a523204976b29b44a5216e10a2228b7e078f1af45427847111,3,1,c9a0257f27a860ba1a97805c8e44aaedd2fab1a56a9b411bfa212b22d93dca17,06071f887c068aa0e662bd8c4147a295edb26864487180a8d97dca80829e7d17,False,dead_end_aisles,0.14989923293498605,11800,22535,5266,16,policy_train_dead_end_aisles_0002,False,0.16666666666666666,0.16171717400004582,0.16171717400004582,2,0.033564234,6672138aa09b88cc5f5fdfc079bc4dedbe9d681f74645debbab2280cb047ae88,0.06578408500001842,0.0959330890000274,lns2.receding_q_label_pilot.v2,collision:16,0.0959330890000274,near_feasible,policy_train,s3__policy_train__policy_train_dead_end_aisles_0002__task_0012__seed_0000__realized_dynamic__decision_0000__0090,feasible,0
16,400,"50,120,144,145,183,188,189,192,202,212,220,260,296,364,382,392",neighborhood-21777d16db19e6e5,True,"1,0",official_adaptive,1,True,0.0,0,27345f5204a6f91768a739badb67bfab6866790e129b5fab60301dce31e0c6ee,02a96d517fe5b875dac7e28d692fd9f268fbdd251df69c9c87dee9ba720c241f,3,1,c9a0257f27a860ba1a97805c8e44aaedd2fab1a56a9b411bfa212b22d93dca17,06071f887c068aa0e662bd8c4147a295edb26864487180a8d97dca80829e7d17,False,dead_end_aisles,0.15496758150082582,11358,22254,4904,16,policy_train_dead_end_aisles_0002,False,0.16666666666666666,0.167620108000051,0.167620108000051,2,0.036660254,6672138aa09b88cc5f5fdfc079bc4dedbe9d681f74645debbab2280cb047ae88,0.07168701900002361,0.0959330890000274,lns2.receding_q_label_pilot.v2,collision:16,0.0959330890000274,near_feasible,policy_train,s3__policy_train__policy_train_dead_end_aisles_0002__task_0012__seed_0000__realized_dynamic__decision_0000__0090,feasible,1
16,400,"2,10,23,25,102,124,202,247,262,297,298,300,313,341,382,394",neighborhood-3adf680806c53134,True,"1,0",official_adaptive,1,True,0.0,0,5ffc818af0bb516774b169422004db15181a57ff469ac02db533b48486a12b21,9f681dc32b49fed45bd95953b927ecffc16b7c70550a6ee27586e3a81fedea33,3,1,c9a0257f27a860ba1a97805c8e44aaedd2fab1a56a9b411bfa212b22d93dca17,06071f887c068aa0e662bd8c4147a295edb26864487180a8d97dca80829e7d17,False,dead_end_aisles,0.14059244523829195,5460,17711,812,16,policy_train_dead_end_aisles_0002,False,0.16666666666666666,0.15095547500004614,0.15095547500004614,2,0.021847976,6672138aa09b88cc5f5fdfc079bc4dedbe9d681f74645debbab2280cb047ae88,0.05502238600001874,0.0959330890000274,lns2.receding_q_label_pilot.v2,random:16,0.0959330890000274,near_feasible,policy_train,s3__policy_train__policy_train_dead_end_aisles_0002__task_0012__seed_0000__realized_dynamic__decision_0000__0090,feasible,0
16,400,"2,10,23,25,102,124,202,247,262,297,298,300,313,341,382,394",neighborhood-3adf680806c53134,True,"1,0",official_adaptive,1,True,0.0,0,3a4b0bf2d868a1cde17e95863cc84149b068a3e8aa4e11f946096b196172df5a,12071355f64206f65034ea14a506e75b6f73da1d05199c0d30e82303f83e9114,3,1,c9a0257f27a860ba1a97805c8e44aaedd2fab1a56a9b411bfa212b22d93dca17,06071f887c068aa0e662bd8c4147a295edb26864487180a8d97dca80829e7d17,False,dead_end_aisles,0.14099492628585222,4893,16415,672,16,policy_train_dead_end_aisles_0002,False,0.16666666666666666,0.15141880600003788,0.15141880600003788,2,0.021237107,6672138aa09b88cc5f5fdfc079bc4dedbe9d681f74645debbab2280cb047ae88,0.05548571700001048,0.0959330890000274,lns2.receding_q_label_pilot.v2,random:16,0.0959330890000274,near_feasible,policy_train,s3__policy_train__policy_train_dead_end_aisles_0002__task_0012__seed_0000__realized_dynamic__decision_0000__0090,feasible,1
16,400,"18,49,62,123,138,144,156,202,228,255,263,265,272,322,329,356",neighborhood-5e4609efa92355f8,True,"1,0",official_adaptive,1,True,0.0,0,51c1ca4dd6e6b0166849a23ab8ebe90080d7013e21d22f68937c49399e1814bd,97c3265a016e175518879582a6d84cb5dba16d0046290e450a33a65e27474af8,3,1,c9a0257f27a860ba1a97805c8e44aaedd2fab1a56a9b411bfa212b22d93dca17,06071f887c068aa0e662bd8c4147a295edb26864487180a8d97dca80829e7d17,False,dead_end_aisles,0.1430686145213484,7411,22545,1506,16,policy_train_dead_end_aisles_0002,False,0.16666666666666666,0.15380896700003177,0.15380896700003177,2,0.026870491,6672138aa09b88cc5f5fdfc079bc4dedbe9d681f74645debbab2280cb047ae88,0.05787587800000438,0.0959330890000274,lns2.receding_q_label_pilot.v2,target:16,0.0959330890000274,near_feasible,policy_train,s3__policy_train__policy_train_dead_end_aisles_0002__task_0012__seed_0000__realized_dynamic__decision_0000__0090,feasible,0
16,400,"18,49,62,123,138,144,156,202,228,255,263,265,272,322,329,356",neighborhood-5e4609efa92355f8,True,"1,1,0",official_adaptive,2,True,0.0,0,fe7575ffe52ec979b8469ed214b70fd8d10c7978a1befeafb37c78a3ba82c7fa,41708f0678b8248f1d89fe76c2e5a8a8ad41dac8629c277fcb69904d29a50d6e,3,1,c9a0257f27a860ba1a97805c8e44aaedd2fab1a56a9b411bfa212b22d93dca17,06071f887c068aa0e662bd8c4147a295edb26864487180a8d97dca80829e7d17,False,dead_end_aisles,0.22732931795727007,7608,22448,2159,21,policy_train_dead_end_aisles_0002,False,0.5,0.25524317399992924,0.25524317399992924,1,0.025282887,6672138aa09b88cc5f5fdfc079bc4dedbe9d681f74645debbab2280cb047ae88,0.08723952399998325,0.0959330890000274,lns2.receding_q_label_pilot.v2,target:16,0.168003649999946,near_feasible,policy_train,s3__policy_train__policy_train_dead_end_aisles_0002__task_0012__seed_0000__realized_dynamic__decision_0000__0090,feasible,1
8,400,"62,138,144,156,202,228,269,372",neighborhood-e5f2343aff46a0ba,True,"1,0",official_adaptive,1,True,0.0,0,9aeab18fd0c3a0a9bdd8a72dd34d12e7ddf16a084f64b28cf0944c04611708fa,5d3722987ae022f615ad7b6a2c1b5c770720d6650ac31f08e77243a7e34b8af6,3,1,c9a0257f27a860ba1a97805c8e44aaedd2fab1a56a9b411bfa212b22d93dca17,06071f887c068aa0e662bd8c4147a295edb26864487180a8d97dca80829e7d17,False,dead_end_aisles,0.1272668682773137,3552,10615,864,8,policy_train_dead_end_aisles_0002,False,0.16666666666666666,0.13572006500010048,0.13572006500010048,2,0.010375827,6672138aa09b88cc5f5fdfc079bc4dedbe9d681f74645debbab2280cb047ae88,0.03978697600007308,0.0959330890000274,lns2.receding_q_label_pilot.v2,target:8,0.0959330890000274,near_feasible,policy_train,s3__policy_train__policy_train_dead_end_aisles_0002__task_0012__seed_0000__realized_dynamic__decision_0000__0090,feasible,0
8,400,"62,138,144,156,202,228,269,372",neighborhood-e5f2343aff46a0ba,True,"1,0",official_adaptive,1,True,0.0,0,ba6d97e5d5b7e91be49df424afa0cedb668ffeaf59a9b083bf367062105b7b98,40b5e0993addb03607f74acd924f2ecfc6d682bcd3c1d31d7b09daca9d7c89d6,3,1,c9a0257f27a860ba1a97805c8e44aaedd2fab1a56a9b411bfa212b22d93dca17,06071f887c068aa0e662bd8c4147a295edb26864487180a8d97dca80829e7d17,False,dead_end_aisles,0.13245570102566945,5925,13843,2199,8,policy_train_dead_end_aisles_0002,False,0.16666666666666666,0.1416284419999556,0.1416284419999556,2,0.014822262,6672138aa09b88cc5f5fdfc079bc4dedbe9d681f74645debbab2280cb047ae88,0.04569535299992822,0.0959330890000274,lns2.receding_q_label_pilot.v2,target:8,0.0959330890000274,near_feasible,policy_train,s3__policy_train__policy_train_dead_end_aisles_0002__task_0012__seed_0000__realized_dynamic__decision_0000__0090,feasible,1
8,600,"93,97,174,214,282,384,427,575",neighborhood-00786277cb79c057,True,"2,1,0",official_adaptive,2,True,0.0,0,ea99cf9553f3b2b461e4170061f9b9cf761f2f20a380d129ee73534dd0ad84f9,48bb35098287f4c367d600ad0f4dddffb758b276f982c133c654b70156646a8c,3,2,2399178568aa47f5d0bbe56a4a1ba15b0cfee5227e86cf01b4472395d4215490,d2e2f2081150cd72f57b90ab7c6fe55e7c484d2a56a4df6007d4c64df968e473,False,dead_end_aisles,0.2621113178639233,8401,25155,1037,16,policy_train_dead_end_aisles_0002,False,0.3333333333333333,0.20998913400012498,0.2996712110001454,1,0.030956398,6672138aa09b88cc5f5fdfc079bc4dedbe9d681f74645debbab2280cb047ae88,0.1215548250000893,0.06255813700011004,lns2.receding_q_label_pilot.v2,random:8,0.17811638600005608,high_cost_progress,policy_train,s3__policy_train__policy_train_dead_end_aisles_0002__task_0019__seed_0000__official_adaptive__decision_0000__0093,feasible,0
8,600,"93,97,174,214,282,384,427,575",neighborhood-00786277cb79c057,True,"2,1,0",official_adaptive,2,True,0.0,0,b99044bc52bcffa1bcc927c2d8b6d157a1e6bc4479923c15bad1a565c7109b6e,8822842bd06568d95e3411ca4cffd3774a4b601292707945c3728b41c563a864,3,2,2399178568aa47f5d0bbe56a4a1ba15b0cfee5227e86cf01b4472395d4215490,d2e2f2081150cd72f57b90ab7c6fe55e7c484d2a56a4df6007d4c64df968e473,False,dead_end_aisles,0.2522114377365677,20691,30383,11362,16,policy_train_dead_end_aisles_0002,False,0.3333333333333333,0.20387911700009909,0.2868681010000955,1,0.046980161,6672138aa09b88cc5f5fdfc079bc4dedbe9d681f74645debbab2280cb047ae88,0.14166744299996026,0.06255813700011004,lns2.receding_q_label_pilot.v2,random:8,0.14520065800013526,high_cost_progress,policy_train,s3__policy_train__policy_train_dead_end_aisles_0002__task_0019__seed_0000__official_adaptive__decision_0000__0093,feasible,1
4,600,"203,385,453,561",neighborhood-02ea817cfbcb3903,True,"2,1,0",official_adaptive,2,True,0.0,0,bf42347279fb360c6f59ef52dc0f98f35c73521285bd775bc151f36c556251af,1dec358020a3f90600b0440699eefa1b39225c5206885355b112f691bb0bb4bc,3,2,2399178568aa47f5d0bbe56a4a1ba15b0cfee5227e86cf01b4472395d4215490,d2e2f2081150cd72f57b90ab7c6fe55e7c484d2a56a4df6007d4c64df968e473,False,dead_end_aisles,0.2310482943488581,4335,12298,1053,12,policy_train_dead_end_aisles_0002,False,0.3333333333333333,0.18291721500008862,0.2599200850000898,1,0.017132181,6672138aa09b88cc5f5fdfc079bc4dedbe9d681f74645debbab2280cb047ae88,0.10348446399996192,0.06255813700011004,lns2.receding_q_label_pilot.v2,collision:4,0.15643562100012787,high_cost_progress,policy_train,s3__policy_train__policy_train_dead_end_aisles_0002__task_0019__seed_0000__official_adaptive__decision_0000__0093,feasible,0
4,600,"203,385,453,561",neighborhood-02ea817cfbcb3903,True,"2,1,1,0",official_adaptive,3,True,0.0,0,812373114c0191bc3ba680cae52d0105cb4ab600b6e3910009855a2d2ea766df,5c30822a06d8eeb10b7c7229901e681828e40e5253a848dfdf72ed84c1c7380f,3,2,2399178568aa47f5d0bbe56a4a1ba15b0cfee5227e86cf01b4472395d4215490,d2e2f2081150cd72f57b90ab7c6fe55e7c484d2a56a4df6007d4c64df968e473,False,dead_end_aisles,0.3444396338778387,7823,25001,802,20,policy_train_dead_end_aisles_0002,False,0.5,0.2604947135000657,0.4111989100000528,0,0.032198952,6672138aa09b88cc5f5fdfc079bc4dedbe9d681f74645debbab2280cb047ae88,0.16499667399989448,0.06255813700011004,lns2.receding_q_label_pilot.v2,collision:4,0.24620223600015834,high_cost_progress,policy_train,s3__policy_train__policy_train_dead_end_aisles_0002__task_0019__seed_0000__official_adaptive__decision_0000__0093,feasible,1
8,600,"101,103,136,214,441,442,469,587",neighborhood-042cc5addba53e0c,True,"2,1,0",official_adaptive,2,True,0.0,0,412d604c00606af6bc043cf7d823d19d84caf3f5bddb916847cf9f02938e6e79,acfc12cf25b8e4151dd90b5f823fd1c919af67ee1d947d54ce8c09a4bf72f22d,3,2,2399178568aa47f5d0bbe56a4a1ba15b0cfee5227e86cf01b4472395d4215490,d2e2f2081150cd72f57b90ab7c6fe55e7c484d2a56a4df6007d4c64df968e473,False,dead_end_aisles,0.2511748543187945,9298,28404,806,16,policy_train_dead_end_aisles_0002,False,0.3333333333333333,0.2152868425001202,0.28553484600013235,1,0.035266934,6672138aa09b88cc5f5fdfc079bc4dedbe9d681f74645debbab2280cb047ae88,0.1414843769999834,0.06255813700011004,lns2.receding_q_label_pilot.v2,collision:8,0.14405046900014895,high_cost_progress,policy_train,s3__policy_train__policy_train_dead_end_aisles_0002__task_0019__seed_0000__official_adaptive__decision_0000__0093,feasible,0
8,600,"101,103,136,214,441,442,469,587",neighborhood-042cc5addba53e0c,True,"2,1,0",official_adaptive,2,True,0.0,0,3b5598c1814069b24dd9195239673e3389ab6d569f75f05bf0f9a360d8a8827d,a41a9eb63ba454d48e0540d5b872ba67acb089ff3654f8a5c2b7bb33e6ed317b,3,2,2399178568aa47f5d0bbe56a4a1ba15b0cfee5227e86cf01b4472395d4215490,d2e2f2081150cd72f57b90ab7c6fe55e7c484d2a56a4df6007d4c64df968e473,False,dead_end_aisles,0.2598095717094536,20738,32564,10839,16,policy_train_dead_end_aisles_0002,False,0.3333333333333333,0.20976087500014273,0.2966831380001622,1,0.05263914,6672138aa09b88cc5f5fdfc079bc4dedbe9d681f74645debbab2280cb047ae88,0.14228177699999378,0.06255813700011004,lns2.receding_q_label_pilot.v2,collision:8,0.15440136100016844,high_cost_progress,policy_train,s3__policy_train__policy_train_dead_end_aisles_0002__task_0019__seed_0000__official_adaptive__decision_0000__0093,feasible,1
16,600,"17,46,104,125,168,188,203,214,324,360,376,384,460,464,475,533",neighborhood-04b772e2c05ea3e7,True,"2,1,0",official_adaptive,2,True,0.0,0,d81f9f2488c569224f98b0410288d9eba0e4336af6c556e5884671f8567c2021,7cfaa3febd0683e897da950e7c978f5164b0b7997267a39bec2c86cac5061a83,3,2,2399178568aa47f5d0bbe56a4a1ba15b0cfee5227e86cf01b4472395d4215490,d2e2f2081150cd72f57b90ab7c6fe55e7c484d2a56a4df6007d4c64df968e473,False,dead_end_aisles,0.24028199910840942,12732,34907,2683,24,policy_train_dead_end_aisles_0002,False,0.3333333333333333,0.20043759150019014,0.2716076920002024,1,0.042055806,6672138aa09b88cc5f5fdfc079bc4dedbe9d681f74645debbab2280cb047ae88,0.12659942300012972,0.06255813700011004,lns2.receding_q_label_pilot.v2,random:16,0.1450082690000727,high_cost_progress,policy_train,s3__policy_train__policy_train_dead_end_aisles_0002__task_0019__seed_0000__official_adaptive__decision_0000__0093,feasible,0
16,600,"17,46,104,125,168,188,203,214,324,360,376,384,460,464,475,533",neighborhood-04b772e2c05ea3e7,True,"2,1,0",official_adaptive,2,True,0.0,0,8e7ea037b1b776c6bd42e6b0bbdbb9a435dc3437604b53e9c2eee8859b1628c7,a2024dee7d75fc6621e54b792f09a1415622e1d1e8cecb02d0c5494bb42afa49,3,2,2399178568aa47f5d0bbe56a4a1ba15b0cfee5227e86cf01b4472395d4215490,d2e2f2081150cd72f57b90ab7c6fe55e7c484d2a56a4df6007d4c64df968e473,False,dead_end_aisles,0.30648955033932335,29642,49132,14299,24,policy_train_dead_end_aisles_0002,False,0.3333333333333333,0.2580639825001185,0.35864727000011953,1,0.08601287399999999,6672138aa09b88cc5f5fdfc079bc4dedbe9d681f74645debbab2280cb047ae88,0.19106413000008615,0.06255813700011004,lns2.receding_q_label_pilot.v2,random:16,0.16758314000003338,high_cost_progress,policy_train,s3__policy_train__policy_train_dead_end_aisles_0002__task_0019__seed_0000__official_adaptive__decision_0000__0093,feasible,1
6,600,"26,127,170,214,442,558",neighborhood-04c78e7898a7fec9,True,"2,1,0",official_adaptive,2,True,0.0,0,b40ed61549ed3ff983e25354a8a719002842446690630fe5efb55663804635ed,c280a2060b7006318dfa4e5bc695a7fb5ff76856f30f26e4a372ba98cfe792e0,3,2,2399178568aa47f5d0bbe56a4a1ba15b0cfee5227e86cf01b4472395d4215490,d2e2f2081150cd72f57b90ab7c6fe55e7c484d2a56a4df6007d4c64df968e473,False,dead_end_aisles,0.28020531150556355,8271,24370,1000,14,policy_train_dead_end_aisles_0002,False,0.3333333333333333,0.22579898900005446,0.3234014939999952,1,0.037816369,6672138aa09b88cc5f5fdfc079bc4dedbe9d681f74645debbab2280cb047ae88,0.14217572099994413,0.06255813700011004,lns2.receding_q_label_pilot.v2,target:8,0.18122577300005105,high_cost_progress,policy_train,s3__policy_train__policy_train_dead_end_aisles_0002__task_0019__seed_0000__official_adaptive__decision_0000__0093,feasible,0
6,600,"26,127,170,214,442,558",neighborhood-04c78e7898a7fec9,True,"2,1,0",official_adaptive,2,True,0.0,0,7aa88c0f5f49d96761058bbde79f0b063891850ce63a4b338feba6d8af762151,9e293d91a718eaba5641ae80e539a4e4d7e724e78e962698d5520661663e594a,3,2,2399178568aa47f5d0bbe56a4a1ba15b0cfee5227e86cf01b4472395d4215490,d2e2f2081150cd72f57b90ab7c6fe55e7c484d2a56a4df6007d4c64df968e473,False,dead_end_aisles,0.26119063834544737,21843,30871,12080,14,policy_train_dead_end_aisles_0002,False,0.3333333333333333,0.21235134650009968,0.29847518100007164,1,0.050636511999999995,6672138aa09b88cc5f5fdfc079bc4dedbe9d681f74645debbab2280cb047ae88,0.14670784199995524,0.06255813700011004,lns2.receding_q_label_pilot.v2,target:8,0.1517673390001164,high_cost_progress,policy_train,s3__policy_train__policy_train_dead_end_aisles_0002__task_0019__seed_0000__official_adaptive__decision_0000__0093,feasible,1
16,600,"14,26,96,148,166,173,212,214,241,244,288,318,357,377,426,442",neighborhood-05a3cc318280ee06,True,"2,1,0",official_adaptive,2,True,0.0,0,02777ef280d632c8211e8579e0801fe0c091b374b581f96619810b666dea3deb,739dc11015b046479ececfe22510b60d3859318ca89d8bab01f6dcb8dbec13d8,3,2,2399178568aa47f5d0bbe56a4a1ba15b0cfee5227e86cf01b4472395d4215490,d2e2f2081150cd72f57b90ab7c6fe55e7c484d2a56a4df6007d4c64df968e473,False,dead_end_aisles,0.27468947450848663,14275,42925,1562,24,policy_train_dead_end_aisles_0002,False,0.3333333333333333,0.23219436700009055,0.31612192200009304,1,0.059955524999999996,6672138aa09b88cc5f5fdfc079bc4dedbe9d681f74645debbab2280cb047ae88,0.15744086799998058,0.06255813700011004,lns2.receding_q_label_pilot.v2,collision:16,0.15868105400011245,high_cost_progress,policy_train,s3__policy_train__policy_train_dead_end_aisles_0002__task_0019__seed_0000__official_adaptive__decision_0000__0093,feasible,0
16,600,"14,26,96,148,166,173,212,214,241,244,288,318,357,377,426,442",neighborhood-05a3cc318280ee06,True,"2,1,0",official_adaptive,2,True,0.0,0,333cda4651e3fbf1ea8261759bc25f88d4e57eca0d0eca729a55ef4c4d48979e,c70deb9ecbaf80bd88f51310f6671e846717a418865027fe43eecbe3659bb956,3,2,2399178568aa47f5d0bbe56a4a1ba15b0cfee5227e86cf01b4472395d4215490,d2e2f2081150cd72f57b90ab7c6fe55e7c484d2a56a4df6007d4c64df968e473,False,dead_end_aisles,0.27100799723394137,24381,42670,11508,24,policy_train_dead_end_aisles_0002,False,0.3333333333333333,0.22451778750007634,0.31128555700001925,1,0.06519430600000001,6672138aa09b88cc5f5fdfc079bc4dedbe9d681f74645debbab2280cb047ae88,0.15530417799993756,0.06255813700011004,lns2.receding_q_label_pilot.v2,collision:16,0.1559813790000817,high_cost_progress,policy_train,s3__policy_train__policy_train_dead_end_aisles_0002__task_0019__seed_0000__official_adaptive__decision_0000__0093,feasible,1
16,600,"40,92,122,124,160,161,326,350,425,427,437,438,453,457,547,586",neighborhood-062da7cbb7252d6a,True,"2,2,1,0",official_adaptive,3,True,0.0,0,68596d4a4ac314ada5a669677d64d037d04d93aae1afe769f70543f6ca535b2f,edb535eedd513dea273c3dd04b539d871d601e0172c3137c8ff017e1b4e5bc78,3,2,2399178568aa47f5d0bbe56a4a1ba15b0cfee5227e86cf01b4472395d4215490,d2e2f2081150cd72f57b90ab7c6fe55e7c484d2a56a4df6007d4c64df968e473,False,dead_end_aisles,0.36824770230079124,20200,39217,8644,32,policy_train_dead_end_aisles_0002,False,0.6666666666666666,0.3724886785000763,0.4451999740000474,0,0.055806518,6672138aa09b88cc5f5fdfc079bc4dedbe9d681f74645debbab2280cb047ae88,0.18450897499997154,0.06255813700011004,lns2.receding_q_label_pilot.v2,random:16,0.26069099900007586,high_cost_progress,policy_train,s3__policy_train__policy_train_dead_end_aisles_0002__task_0019__seed_0000__official_adaptive__decision_0000__0093,feasible,0
16,600,"40,92,122,124,160,161,326,350,425,427,437,438,453,457,547,586",neighborhood-062da7cbb7252d6a,True,"2,2,2,1",official_adaptive,3,False,0.5,1,c320e2aa4d292cbc43e7d1d88cdb4bbf8d30a1bd85a77cf47d50aff70d2eed9d,e822c795911a776f5e76a87d38aac076222afe3e3158f7f530a28a4c9aa0b03e,3,2,2399178568aa47f5d0bbe56a4a1ba15b0cfee5227e86cf01b4472395d4215490,d2e2f2081150cd72f57b90ab7c6fe55e7c484d2a56a4df6007d4c64df968e473,False,dead_end_aisles,0.371803936504514,11593,35558,1145,30,policy_train_dead_end_aisles_0002,False,0.9166666666666666,0.4503485930001716,0.4503485930001716,0,0.041074334,6672138aa09b88cc5f5fdfc079bc4dedbe9d681f74645debbab2280cb047ae88,0.1806934880000881,0.06255813700011004,lns2.receding_q_label_pilot.v2,random:16,0.2696551050000835,high_cost_progress,policy_train,s3__policy_train__policy_train_dead_end_aisles_0002__task_0019__seed_0000__official_adaptive__decision_0000__0093,horizon_complete,1
8,600,"161,259,327,338,426,453,475,561",neighborhood-08f619b14a47e8e5,True,"2,1,0",official_adaptive,2,True,0.0,0,ff34fccece1bd2b0be4e32738aad706d647e3eb1d939a76b26074001eecfd238,90d4e5a38b26d0fac57dbada495c09d8678a3755285627ec221e3716b0fc39ae,3,2,2399178568aa47f5d0bbe56a4a1ba15b0cfee5227e86cf01b4472395d4215490,d2e2f2081150cd72f57b90ab7c6fe55e7c484d2a56a4df6007d4c64df968e473,False,dead_end_aisles,0.23450320543642017,6247,17897,980,16,policy_train_dead_end_aisles_0002,False,0.3333333333333333,0.19067461900010585,0.26428052500011745,1,0.022641275,6672138aa09b88cc5f5fdfc079bc4dedbe9d681f74645debbab2280cb047ae88,0.11281104700003652,0.06255813700011004,lns2.receding_q_label_pilot.v2,collision:8,0.15146947800008093,high_cost_progress,policy_train,s3__policy_train__policy_train_dead_end_aisles_0002__task_0019__seed_0000__official_adaptive__decision_0000__0093,feasible,0
8,600,"161,259,327,338,426,453,475,561",neighborhood-08f619b14a47e8e5,True,"2,1,0",official_adaptive,2,True,0.0,0,aaa722d2b1a47230465e722a44ecfbebe19c78dbc9a7931ad02eb935c9af66cc,ba5beba62d3ba56f0073062483e3dc95b48a831c3130aa1e0f542403102f870a,3,2,2399178568aa47f5d0bbe56a4a1ba15b0cfee5227e86cf01b4472395d4215490,d2e2f2081150cd72f57b90ab7c6fe55e7c484d2a56a4df6007d4c64df968e473,False,dead_end_aisles,0.2469261077827954,5967,18061,638,16,policy_train_dead_end_aisles_0002,False,0.3333333333333333,0.201524058000075,0.2800845210000489,1,0.022512154,6672138aa09b88cc5f5fdfc079bc4dedbe9d681f74645debbab2280cb047ae88,0.11768593299996155,0.06255813700011004,lns2.receding_q_label_pilot.v2,collision:8,0.16239858800008733,high_cost_progress,policy_train,s3__policy_train__policy_train_dead_end_aisles_0002__task_0019__seed_0000__official_adaptive__decision_0000__0093,feasible,1
16,600,"14,17,125,127,135,170,181,214,263,271,294,386,442,445,489,501",neighborhood-0903f5551be3ea91,True,"2,1,0",official_adaptive,2,True,0.0,0,ad5bf5b3c42d9941b44852303717a591f5d857b303492c6ce43665ad70e6af70,c6677ef5a6f7d115af1c23901dec1f4b5106658869685a1282a26d11d487c72a,3,2,2399178568aa47f5d0bbe56a4a1ba15b0cfee5227e86cf01b4472395d4215490,d2e2f2081150cd72f57b90ab7c6fe55e7c484d2a56a4df6007d4c64df968e473,False,dead_end_aisles,0.25712766120861785,11843,34341,1723,24,policy_train_dead_end_aisles_0002,False,0.3333333333333333,0.21546273600012,0.2932102090001081,1,0.046804565,6672138aa09b88cc5f5fdfc079bc4dedbe9d681f74645debbab2280cb047ae88,0.13948018400003548,0.06255813700011004,lns2.receding_q_label_pilot.v2,target:16,0.1537300250000726,high_cost_progress,policy_train,s3__policy_train__policy_train_dead_end_aisles_0002__task_0019__seed_0000__official_adaptive__decision_0000__0093,feasible,0
16,600,"14,17,125,127,135,170,181,214,263,271,294,386,442,445,489,501",neighborhood-0903f5551be3ea91,True,"2,1,0",official_adaptive,2,True,0.0,0,348f900c5c6c974ca04a364bf67e3b4bc5f6992aa2fc7dfba579ae5b1e80a69f,a71191089e4540d6b8f91d36948d938bb71531ac05d39035bc5d71f474ce07d5,3,2,2399178568aa47f5d0bbe56a4a1ba15b0cfee5227e86cf01b4472395d4215490,d2e2f2081150cd72f57b90ab7c6fe55e7c484d2a56a4df6007d4c64df968e473,False,dead_end_aisles,0.25684979693229254,22754,39115,10726,24,policy_train_dead_end_aisles_0002,False,0.3333333333333333,0.21331228100007138,0.29285092200007057,1,0.053380156,6672138aa09b88cc5f5fdfc079bc4dedbe9d681f74645debbab2280cb047ae88,0.14542256799995812,0.06255813700011004,lns2.receding_q_label_pilot.v2,target:16,0.14742835400011245,high_cost_progress,policy_train,s3__policy_train__policy_train_dead_end_aisles_0002__task_0019__seed_0000__official_adaptive__decision_0000__0093,feasible,1
16,600,"47,87,101,113,137,145,161,202,261,353,453,509,519,539,561,571",neighborhood-1064b0f12e5766de,True,"2,1,0",official_adaptive,2,True,0.0,0,4c91020d24ffb5c0e1e28c091e5b0ed7e1d2c75e2820575748f5ea46404da44e,9588e5c684e870e62b640e24bc3e7b0902347e9f56c26402987ab4c8a6e3c16b,3,2,2399178568aa47f5d0bbe56a4a1ba15b0cfee5227e86cf01b4472395d4215490,d2e2f2081150cd72f57b90ab7c6fe55e7c484d2a56a4df6007d4c64df968e473,False,dead_end_aisles,0.34272520883572505,54334,49806,36528,24,policy_train_dead_end_aisles_0002,False,0.3333333333333333,0.3293952020001143,0.40878158800012443,1,0.152407712,6672138aa09b88cc5f5fdfc079bc4dedbe9d681f74645debbab2280cb047ae88,0.24817039300000943,0.06255813700011004,lns2.receding_q_label_pilot.v2,collision:16,0.160611195000115,high_cost_progress,policy_train,s3__policy_train__policy_train_dead_end_aisles_0002__task_0019__seed_0000__official_adaptive__decision_0000__0093,feasible,0
16,600,"47,87,101,113,137,145,161,202,261,353,453,509,519,539,561,571",neighborhood-1064b0f12e5766de,True,"2,1,1,0",official_adaptive,3,True,0.0,0,e246a4a0382a74199c8789f15a125e3c3d9233a499f87c92ab17a7d32b163266,3e6afcaeaa946cc4db7af6d731997c979ad9a1f371ae3bc778dcbae2cde8c589,3,2,2399178568aa47f5d0bbe56a4a1ba15b0cfee5227e86cf01b4472395d4215490,d2e2f2081150cd72f57b90ab7c6fe55e7c484d2a56a4df6007d4c64df968e473,False,dead_end_aisles,0.3715822341892502,14791,42127,3109,32,policy_train_dead_end_aisles_0002,False,0.5,0.29056502350016444,0.4500270830002364,0,0.055227786,6672138aa09b88cc5f5fdfc079bc4dedbe9d681f74645debbab2280cb047ae88,0.19284002500000952,0.06255813700011004,lns2.receding_q_label_pilot.v2,collision:16,0.2571870580002269,high_cost_progress,policy_train,s3__policy_train__policy_train_dead_end_aisles_0002__task_0019__seed_0000__official_adaptive__decision_0000__0093,feasible,1
4,600,"190,214,442,530",neighborhood-1284d15a711b0c73,True,"2,1,0",official_adaptive,2,True,0.0,0,427ebf559c6e7f412c05298389b6012f61c5136620075d565e46989ea7d84781,a5bc4dfaff070f978bdc0d31324bee56adf24dbc88b52c7f96738584a292d20f,3,2,2399178568aa47f5d0bbe56a4a1ba15b0cfee5227e86cf01b4472395d4215490,d2e2f2081150cd72f57b90ab7c6fe55e7c484d2a56a4df6007d4c64df968e473,False,dead_end_aisles,0.24379981886191462,6123,19912,352,12,policy_train_dead_end_aisles_0002,False,0.3333333333333333,0.19679058700018004,0.2760888560002286,1,0.030098245,6672138aa09b88cc5f5fdfc079bc4dedbe9d681f74645debbab2280cb047ae88,0.12463991000004171,0.06255813700011004,lns2.receding_q_label_pilot.v2,random:4,0.15144894600018688,high_cost_progress,policy_train,s3__policy_train__policy_train_dead_end_aisles_0002__task_0019__seed_0000__official_adaptive__decision_0000__0093,feasible,0
4,600,"190,214,442,530",neighborhood-1284d15a711b0c73,True,"2,2,1,0",official_adaptive,3,True,0.0,0,7eade0cba9266054f9ad877afa8c5fdf5a80450d5ab4dee6fab3a608e81aac11,47ab80742bbc1fe5464b2171156f914e6333634f5900c2d1be2fec32a12a894a,3,2,2399178568aa47f5d0bbe56a4a1ba15b0cfee5227e86cf01b4472395d4215490,d2e2f2081150cd72f57b90ab7c6fe55e7c484d2a56a4df6007d4c64df968e473,False,dead_end_aisles,0.3511471697073142,9165,29396,1209,20,policy_train_dead_end_aisles_0002,False,0.6666666666666666,0.3475351115000649,0.42069639400006054,0,0.038242095999999996,6672138aa09b88cc5f5fdfc079bc4dedbe9d681f74645debbab2280cb047ae88,0.1726388820000011,0.06255813700011004,lns2.receding_q_label_pilot.v2,random:4,0.24805751200005943,high_cost_progress,policy_train,s3__policy_train__policy_train_dead_end_aisles_0002__task_0019__seed_0000__official_adaptive__decision_0000__0093,feasible,1
4,600,"26,214,294,442",neighborhood-1505cfdfe4938a97,True,"2,1,0",official_adaptive,2,True,0.0,0,5c0f8bf4178a9815fdc77e1738793c99020b8ada529722bc6b4348af2e7e7014,85b0114ebbb0a09ffae529b1dccfe34c0d7c072d9fb0c929d3da5181e5b88880,3,2,2399178568aa47f5d0bbe56a4a1ba15b0cfee5227e86cf01b4472395d4215490,d2e2f2081150cd72f57b90ab7c6fe55e7c484d2a56a4df6007d4c64df968e473,False,dead_end_aisles,0.24737431990520714,6867,20856,789,12,policy_train_dead_end_aisles_0002,False,0.3333333333333333,0.19620667650002588,0.28065839900000356,1,0.024941207,6672138aa09b88cc5f5fdfc079bc4dedbe9d681f74645debbab2280cb047ae88,0.11452879799992388,0.06255813700011004,lns2.receding_q_label_pilot.v2,collision:4,0.16612960100007967,high_cost_progress,policy_train,s3__policy_train__policy_train_dead_end_aisles_0002__task_0019__seed_0000__official_adaptive__decision_0000__0093,feasible,0
4,600,"26,214,294,442",neighborhood-1505cfdfe4938a97,True,"2,1,0",official_adaptive,2,True,0.0,0,4a0c438f98aa6fe63226d708b8bc5f87446421f93eb28fcb0bedae3c7a4cb3b8,b70d7a45f6e715612ea9fb08c4ffd738cfd70fdc0a387c9c97cd79eb9a188cd9,3,2,2399178568aa47f5d0bbe56a4a1ba15b0cfee5227e86cf01b4472395d4215490,d2e2f2081150cd72f57b90ab7c6fe55e7c484d2a56a4df6007d4c64df968e473,False,dead_end_aisles,0.25679129659718497,17880,24483,10308,12,policy_train_dead_end_aisles_0002,False,0.3333333333333333,0.2043449435001321,0.2927752920001012,1,0.044894166,6672138aa09b88cc5f5fdfc079bc4dedbe9d681f74645debbab2280cb047ae88,0.1363199300000133,0.06255813700011004,lns2.receding_q_label_pilot.v2,collision:4,0.15645536200008792,high_cost_progress,policy_train,s3__policy_train__policy_train_dead_end_aisles_0002__task_0019__seed_0000__official_adaptive__decision_0000__0093,feasible,1
8,600,"49,97,101,103,431,453,481,561",neighborhood-1a43eed521168516,True,"2,1,0",official_adaptive,2,True,0.0,0,f0ae548f6ea4f4642717e2a019a64264ea6107a874eacdeaa70e5b641df79f0c,ead45bda9e8b498df4a05e1b996c0ba8060fbdc10935f00e9db3cb8b3ace712b,3,2,2399178568aa47f5d0bbe56a4a1ba15b0cfee5227e86cf01b4472395d4215490,d2e2f2081150cd72f57b90ab7c6fe55e7c484d2a56a4df6007d4c64df968e473,False,dead_end_aisles,0.237318179721006,5440,16878,931,16,policy_train_dead_end_aisles_0002,False,0.3333333333333333,0.1930725320001443,0.26784445600014806,1,0.024009609,6672138aa09b88cc5f5fdfc079bc4dedbe9d681f74645debbab2280cb047ae88,0.11745949900000596,0.06255813700011004,lns2.receding_q_label_pilot.v2,target:8,0.1503849570001421,high_cost_progress,policy_train,s3__policy_train__policy_train_dead_end_aisles_0002__task_0019__seed_0000__official_adaptive__decision_0000__0093,feasible,0
8,600,"49,97,101,103,431,453,481,561",neighborhood-1a43eed521168516,True,"2,1,1,0",official_adaptive,3,True,0.0,0,c3b9db5ca52f91f652f33bdad83246b93fdd761c11534d374620a3567e67439d,df61818dbd3197f314df6a048047de93fc41e710269c675c16da3e48a68201d1,3,2,2399178568aa47f5d0bbe56a4a1ba15b0cfee5227e86cf01b4472395d4215490,d2e2f2081150cd72f57b90ab7c6fe55e7c484d2a56a4df6007d4c64df968e473,False,dead_end_aisles,0.34073874781884533,9237,31446,507,24,policy_train_dead_end_aisles_0002,False,0.5,0.2646032290001017,0.4059858760000452,0,0.037563953,6672138aa09b88cc5f5fdfc079bc4dedbe9d681f74645debbab2280cb047ae88,0.1658637230000295,0.06255813700011004,lns2.receding_q_label_pilot.v2,target:8,0.24012215300001571,high_cost_progress,policy_train,s3__policy_train__policy_train_dead_end_aisles_0002__task_0019__seed_0000__official_adaptive__decision_0000__0093,feasible,1
4,600,"26,127,442,558",neighborhood-1b0941e0c212063a,True,"2,1,0",official_adaptive,2,True,0.0,0,ecd1e06312ec963d021eb8273285f54e917a236841459afe3084246ff1777faf,9c8dc4fd8de7e8fd8c30bdca64b0c3c35de552c9d04a6d66133a1fc24b5cc692,3,2,2399178568aa47f5d0bbe56a4a1ba15b0cfee5227e86cf01b4472395d4215490,d2e2f2081150cd72f57b90ab7c6fe55e7c484d2a56a4df6007d4c64df968e473,False,dead_end_aisles,0.2356192657498762,6910,22104,121,12,policy_train_dead_end_aisles_0002,False,0.3333333333333333,0.1891725585001609,0.2656923260001349,1,0.028071422999999998,6672138aa09b88cc5f5fdfc079bc4dedbe9d681f74645debbab2280cb047ae88,0.1149057800000719,0.06255813700011004,lns2.receding_q_label_pilot.v2,target:4,0.15078654600006303,high_cost_progress,policy_train,s3__policy_train__policy_train_dead_end_aisles_0002__task_0019__seed_0000__official_adaptive__decision_0000__0093,feasible,0
4,600,"26,127,442,558",neighborhood-1b0941e0c212063a,True,"2,1,0",official_adaptive,2,True,0.0,0,21d81ce8ab4ac467bde11581a4126a83d102984302bebebda41741b2b63b297c,06794cb3050d08169e3048f6caf0c94e879ee7195d069d6cd6ffcf69e8b77fab,3,2,2399178568aa47f5d0bbe56a4a1ba15b0cfee5227e86cf01b4472395d4215490,d2e2f2081150cd72f57b90ab7c6fe55e7c484d2a56a4df6007d4c64df968e473,False,dead_end_aisles,0.24363572826741564,19234,28227,10121,12,policy_train_dead_end_aisles_0002,False,0.3333333333333333,0.19764191600006598,0.27587947900008203,1,0.041661647,6672138aa09b88cc5f5fdfc079bc4dedbe9d681f74645debbab2280cb047ae88,0.12874352299991187,0.06255813700011004,lns2.receding_q_label_pilot.v2,target:4,0.14713595600017015,high_cost_progress,policy_train,s3__policy_train__policy_train_dead_end_aisles_0002__task_0019__seed_0000__official_adaptive__decision_0000__0093,feasible,1
4,600,"164,453,507,561",neighborhood-1de59d3a60964a39,True,"2,1,0",official_adaptive,2,True,0.0,0,beb94f3a56281b5f71af1386eee75e5d35fb551c416c2e9849c421898587c98c,dfe8b4d3c39273633af018368171c5b4d3a367041cfe9d8d53c98455d8d5d02a,3,2,2399178568aa47f5d0bbe56a4a1ba15b0cfee5227e86cf01b4472395d4215490,d2e2f2081150cd72f57b90ab7c6fe55e7c484d2a56a4df6007d4c64df968e473,False,dead_end_aisles,0.21776987092130087,4340,12333,1053,12,policy_train_dead_end_aisles_0002,False,0.3333333333333333,0.17337493400015092,0.2433009150001908,1,0.015169373,6672138aa09b88cc5f5fdfc079bc4dedbe9d681f74645debbab2280cb047ae88,0.09468592900009298,0.06255813700011004,lns2.receding_q_label_pilot.v2,random:4,0.14861498600009782,high_cost_progress,policy_train,s3__policy_train__policy_train_dead_end_aisles_0002__task_0019__seed_0000__official_adaptive__decision_0000__0093,feasible,0
4,600,"164,453,507,561",neighborhood-1de59d3a60964a39,True,"2,1,1,0",official_adaptive,3,True,0.0,0,9203191b54a128c64cd781a968ad67fc1c009258e720a96ce602530ab2ae28b6,f20380a6cd12ca0c3611f4a337a55f17d0b2207de983bbb3f6ab1461458987d4,3,2,2399178568aa47f5d0bbe56a4a1ba15b0cfee5227e86cf01b4472395d4215490,d2e2f2081150cd72f57b90ab7c6fe55e7c484d2a56a4df6007d4c64df968e473,False,dead_end_aisles,0.3661573249244162,8173,25616,979,20,policy_train_dead_end_aisles_0002,False,0.5,0.2775839685000392,0.4421821160000263,0,0.030411174000000003,6672138aa09b88cc5f5fdfc079bc4dedbe9d681f74645debbab2280cb047ae88,0.1924406769999223,0.06255813700011004,lns2.receding_q_label_pilot.v2,random:4,0.24974143900010404,high_cost_progress,policy_train,s3__policy_train__policy_train_dead_end_aisles_0002__task_0019__seed_0000__official_adaptive__decision_0000__0093,feasible,1
8,600,"134,225,264,279,430,442,453,476",neighborhood-21864ca563e31cc3,True,"2,2,1,0",official_adaptive,3,True,0.0,0,fe6a22ea4787ac41c3751495ec6639b3eb2123f27c455964fdd64e94aae1b4f8,c03bc86001199ae26b10397247c240ef919791d089870a9b0086f784901b89bd,3,2,2399178568aa47f5d0bbe56a4a1ba15b0cfee5227e86cf01b4472395d4215490,d2e2f2081150cd72f57b90ab7c6fe55e7c484d2a56a4df6007d4c64df968e473,False,dead_end_aisles,0.41255037951948514,43847,52604,25685,24,policy_train_dead_end_aisles_0002,False,0.6666666666666666,0.4231323490000136,0.5106656469999962,0,0.11502109799999999,6672138aa09b88cc5f5fdfc079bc4dedbe9d681f74645debbab2280cb047ae88,0.25374923699985175,0.06255813700011004,lns2.receding_q_label_pilot.v2,random:8,0.2569164100001444,high_cost_progress,policy_train,s3__policy_train__policy_train_dead_end_aisles_0002__task_0019__seed_0000__official_adaptive__decision_0000__0093,feasible,0
8,600,"134,225,264,279,430,442,453,476",neighborhood-21864ca563e31cc3,True,"2,2,2,1",official_adaptive,3,False,0.5,1,be9a864364d8bbb286abe3d8fb1916bd318088ffe53923de2627a51da118f146,c56a26f1e642c5c33c62573f358976b899511a0beb81184751e89dd18627a524,3,2,2399178568aa47f5d0bbe56a4a1ba15b0cfee5227e86cf01b4472395d4215490,d2e2f2081150cd72f57b90ab7c6fe55e7c484d2a56a4df6007d4c64df968e473,False,dead_end_aisles,0.4119009641528269,35848,50628,18314,22,policy_train_dead_end_aisles_0002,False,0.9166666666666666,0.5096849160003103,0.5096849160003103,0,0.10376000499999999,6672138aa09b88cc5f5fdfc079bc4dedbe9d681f74645debbab2280cb047ae88,0.24484267500008627,0.06255813700011004,lns2.receding_q_label_pilot.v2,random:8,0.264842241000224,high_cost_progress,policy_train,s3__policy_train__policy_train_dead_end_aisles_0002__task_0019__seed_0000__official_adaptive__decision_0000__0093,horizon_complete,1
16,600,"49,54,60,97,101,103,137,152,353,383,407,429,431,453,481,484",neighborhood-5bcd6f04a8486e83,True,"2,1,0",official_adaptive,2,True,0.0,0,17e3a470637e2d96d09db8f41a002aea8ddc4a645141f2327e8a835436081434,2055053a391aeffbd53f40484c11be862b84b4daa9b88f7f17049c7e1152f4d3,3,2,2399178568aa47f5d0bbe56a4a1ba15b0cfee5227e86cf01b4472395d4215490,d2e2f2081150cd72f57b90ab7c6fe55e7c484d2a56a4df6007d4c64df968e473,False,dead_end_aisles,0.2773461306653404,10158,28962,2393,24,policy_train_dead_end_aisles_0002,False,0.3333333333333333,0.22910307500006866,0.3196230540000897,1,0.046489387,6672138aa09b88cc5f5fdfc079bc4dedbe9d681f74645debbab2280cb047ae88,0.1423540259999072,0.06255813700011004,lns2.receding_q_label_pilot.v2,target:16,0.17726902800018252,high_cost_progress,policy_train,s3__policy_train__policy_train_dead_end_aisles_0002__task_0019__seed_0000__official_adaptive__decision_0000__0093,feasible,0
16,600,"49,54,60,97,101,103,137,152,353,383,407,429,431,453,481,484",neighborhood-5bcd6f04a8486e83,True,"2,1,1,0",official_adaptive,3,True,0.0,0,605d262b019973a1226243485d0f41f7d6ec6c1be685cc5058a5ac648e4bf259,62cd408704f1b7e54ab8f582f10a933e6d92e49f512d279a2714614da049fcb8,3,2,2399178568aa47f5d0bbe56a4a1ba15b0cfee5227e86cf01b4472395d4215490,d2e2f2081150cd72f57b90ab7c6fe55e7c484d2a56a4df6007d4c64df968e473,False,dead_end_aisles,0.35923099934400976,14969,46705,2169,32,policy_train_dead_end_aisles_0002,False,0.5,0.28735706399999117,0.4322276069999589,0,0.059459726000000004,6672138aa09b88cc5f5fdfc079bc4dedbe9d681f74645debbab2280cb047ae88,0.19361790399989331,0.06255813700011004,lns2.receding_q_label_pilot.v2,target:16,0.23860970300006556,high_cost_progress,policy_train,s3__policy_train__policy_train_dead_end_aisles_0002__task_0019__seed_0000__official_adaptive__decision_0000__0093,feasible,1
4,600,"49,103,453,561",neighborhood-61653611c50c9599,True,"2,1,0",official_adaptive,2,True,0.0,0,e4ee106da94e78f4b0e87542004fec3b79b8405f032035dcc27270dfcb107bb6,756c664826d959067074ed473a7f64474fe99a31c3c5975e12bffd1579303dc5,3,2,2399178568aa47f5d0bbe56a4a1ba15b0cfee5227e86cf01b4472395d4215490,d2e2f2081150cd72f57b90ab7c6fe55e7c484d2a56a4df6007d4c64df968e473,True,dead_end_aisles,0.2407481050079187,3915,11387,902,12,policy_train_dead_end_aisles_0002,False,0.3333333333333333,0.1922271230001229,0.27220053400014876,1,0.018512794,6672138aa09b88cc5f5fdfc079bc4dedbe9d681f74645debbab2280cb047ae88,0.11047117999999045,0.06255813700011004,lns2.receding_q_label_pilot.v2,target:4,0.1617293540001583,high_cost_progress,policy_train,s3__policy_train__policy_train_dead_end_aisles_0002__task_0019__seed_0000__official_adaptive__decision_0000__0093,feasible,0
4,600,"49,103,453,561",neighborhood-61653611c50c9599,True,"2,1,1,0",official_adaptive,3,True,0.0,0,123677780583907db7dc5a12b3be0fea7e439d210381c7db01d9a7ca11570cc9,3e7573212efe3cbe3758d163f62f51338e5d3884d4f085027ce6b4d87f971f4b,3,2,2399178568aa47f5d0bbe56a4a1ba15b0cfee5227e86cf01b4472395d4215490,d2e2f2081150cd72f57b90ab7c6fe55e7c484d2a56a4df6007d4c64df968e473,True,dead_end_aisles,0.40223375423654084,7975,24870,1000,20,policy_train_dead_end_aisles_0002,False,0.5,0.30526673300011,0.49516079200009244,0,0.038519368,6672138aa09b88cc5f5fdfc079bc4dedbe9d681f74645debbab2280cb047ae88,0.20811099000002287,0.06255813700011004,lns2.receding_q_label_pilot.v2,target:4,0.2870498020000696,high_cost_progress,policy_train,s3__policy_train__policy_train_dead_end_aisles_0002__task_0019__seed_0000__official_adaptive__decision_0000__0093,feasible,1
4,600,"55,69,443,503",neighborhood-051f9aa091ac2450,True,"5,5,5,2",official_adaptive,3,False,0.4,2,f3d22c791a106ea4bfe185cfffed4e3baa55423ea3ad5630a7b387e45f0b1eda,0eb351c22e5eef81c6eb825205290202adda76bf65c512e365f853eecd4ff89c,3,5,e457fd9fb0385b4077d5c8f525b7160ed221a20dedcfd4822deb6aea8f4d74d4,9fe5836dcb30df6aa33935a5511bea820b1827dfdc679d555cb0200dcb613362,False,regular_beltway,0.4219820926063268,9940,27633,937,12,policy_train_regular_beltway_0000,False,0.9,0.5249812159997873,0.5249812159997873,0,0.036604561,6672138aa09b88cc5f5fdfc079bc4dedbe9d681f74645debbab2280cb047ae88,0.18681494799989196,0.06336215199996786,lns2.receding_q_label_pilot.v2,collision:4,0.33816626799989535,high_cost_progress,policy_train,s3__policy_train__policy_train_regular_beltway_0000__task_0016__seed_0000__official_adaptive__decision_0004__0113,horizon_complete,0
4,600,"55,69,443,503",neighborhood-051f9aa091ac2450,True,"5,3,3,1",official_adaptive,3,False,0.2,1,1468dc63d3d5d104e101cb344ed6d407d66623c9c9eae97711c2d5817bb77e01,815d3eebb9c7633a1c3e5970dfd3df67f51036399f017ee3bdbac537e7ba6398,3,5,e457fd9fb0385b4077d5c8f525b7160ed221a20dedcfd4822deb6aea8f4d74d4,9fe5836dcb30df6aa33935a5511bea820b1827dfdc679d555cb0200dcb613362,False,regular_beltway,0.38727530618956235,10765,29318,741,12,policy_train_regular_beltway_0000,False,0.6,0.34119388979988796,0.47296195099988836,0,0.041640942,6672138aa09b88cc5f5fdfc079bc4dedbe9d681f74645debbab2280cb047ae88,0.21168130199998814,0.06336215199996786,lns2.receding_q_label_pilot.v2,collision:4,0.2612806489999002,high_cost_progress,policy_train,s3__policy_train__policy_train_regular_beltway_0000__task_0016__seed_0000__official_adaptive__decision_0004__0113,horizon_complete,1
4,600,"223,353,384,464",neighborhood-053e91a1a268abd5,True,"5,5,5,3",official_adaptive,3,False,0.6,3,31b71a22b61375277a54db16f12ab6bd6dd286d247b2e19707f8f9e272dd8bf2,a181f768a397f6f03bb16045a7117c3343e2671483dca16bcb2f9456d6378bbc,3,5,e457fd9fb0385b4077d5c8f525b7160ed221a20dedcfd4822deb6aea8f4d74d4,9fe5836dcb30df6aa33935a5511bea820b1827dfdc679d555cb0200dcb613362,False,regular_beltway,0.3754286105816958,8173,21057,1711,12,policy_train_regular_beltway_0000,False,0.9333333333333333,0.4556151729999556,0.4556151729999556,0,0.032663481,6672138aa09b88cc5f5fdfc079bc4dedbe9d681f74645debbab2280cb047ae88,0.18178765800007568,0.06336215199996786,lns2.receding_q_label_pilot.v2,random:4,0.2738275149998799,high_cost_progress,policy_train,s3__policy_train__policy_train_regular_beltway_0000__task_0016__seed_0000__official_adaptive__decision_0004__0113,horizon_complete,0
4,600,"223,353,384,464",neighborhood-053e91a1a268abd5,True,"5,5,4,4",official_adaptive,3,False,0.8,4,bcd50fc161e6b63efc5cef72c7b5e065d09ec6ed134868b905396828f4be7c01,7328dd7330f02d76887bc11f9cf2d2b1503e8ba5bec8f662b3397f38fea7e6d2,3,5,e457fd9fb0385b4077d5c8f525b7160ed221a20dedcfd4822deb6aea8f4d74d4,9fe5836dcb30df6aa33935a5511bea820b1827dfdc679d555cb0200dcb613362,False,regular_beltway,0.3981407859607223,12812,39622,563,20,policy_train_regular_beltway_0000,False,0.9,0.452855972000043,0.4890536530000418,0,0.064570518,6672138aa09b88cc5f5fdfc079bc4dedbe9d681f74645debbab2280cb047ae88,0.20807574300010856,0.06336215199996786,lns2.receding_q_label_pilot.v2,random:4,0.2809779099999332,high_cost_progress,policy_train,s3__policy_train__policy_train_regular_beltway_0000__task_0016__seed_0000__official_adaptive__decision_0004__0113,horizon_complete,1
16,600,"9,50,119,125,161,205,243,280,323,381,408,498,499,502,556,561",neighborhood-05cdde0ac980e615,True,"5,5,5,2",official_adaptive,3,False,0.4,2,78fe39693e33705d92ccd3132507df942bb8d3dfef702859e5d6305ce6cdc7a2,f3464b3e63f3083c3c31bc15f0318868c7f504b6b21a33f0e128c6859255b705,3,5,e457fd9fb0385b4077d5c8f525b7160ed221a20dedcfd4822deb6aea8f4d74d4,9fe5836dcb30df6aa33935a5511bea820b1827dfdc679d555cb0200dcb613362,False,regular_beltway,0.40250313044685715,15170,43737,1826,24,policy_train_regular_beltway_0000,False,0.9,0.49556360700000823,0.49556360700000823,0,0.066734061,6672138aa09b88cc5f5fdfc079bc4dedbe9d681f74645debbab2280cb047ae88,0.2138755040000433,0.06336215199996786,lns2.receding_q_label_pilot.v2,random:16,0.28168810299996494,high_cost_progress,policy_train,s3__policy_train__policy_train_regular_beltway_0000__task_0016__seed_0000__official_adaptive__decision_0004__0113,horizon_complete,0
16,600,"9,50,119,125,161,205,243,280,323,381,408,498,499,502,556,561",neighborhood-05cdde0ac980e615,True,"5,5,5,2",official_adaptive,3,False,0.4,2,1ccb600c7a9a3f9e8fa858ffecb4e158ee52ba0f101bd048d4d9ddc60a8cb8d9,8f089bf024255b09c0375e56344559682146888197a2bfb985a3df184f891485,3,5,e457fd9fb0385b4077d5c8f525b7160ed221a20dedcfd4822deb6aea8f4d74d4,9fe5836dcb30df6aa33935a5511bea820b1827dfdc679d555cb0200dcb613362,False,regular_beltway,0.39226144817422187,13697,38579,1750,24,policy_train_regular_beltway_0000,False,0.9,0.4803246889999855,0.4803246889999855,0,0.056834197,6672138aa09b88cc5f5fdfc079bc4dedbe9d681f74645debbab2280cb047ae88,0.20800887600000806,0.06336215199996786,lns2.receding_q_label_pilot.v2,random:16,0.2723158129999774,high_cost_progress,policy_train,s3__policy_train__policy_train_regular_beltway_0000__task_0016__seed_0000__official_adaptive__decision_0004__0113,horizon_complete,1
4,600,"9,418,425,487",neighborhood-076eeb81cfaf9e2b,True,"5,5,5,2",official_adaptive,3,False,0.4,2,27f02a0523926777df2c75932cc81cb85ff4330ad1a3f1ccf1344c39be03b842,1fda268d653a7d3064dcd409e0ffe9ea78b5aea6d4927a18bc0067164041fa24,3,5,e457fd9fb0385b4077d5c8f525b7160ed221a20dedcfd4822deb6aea8f4d74d4,9fe5836dcb30df6aa33935a5511bea820b1827dfdc679d555cb0200dcb613362,False,regular_beltway,0.3925065582712274,10348,28167,1162,12,policy_train_regular_beltway_0000,False,0.9,0.48068757599992296,0.48068757599992296,0,0.042304679,6672138aa09b88cc5f5fdfc079bc4dedbe9d681f74645debbab2280cb047ae88,0.1983106240001007,0.06336215199996786,lns2.receding_q_label_pilot.v2,random:4,0.28237695199982227,high_cost_progress,policy_train,s3__policy_train__policy_train_regular_beltway_0000__task_0016__seed_0000__official_adaptive__decision_0004__0113,horizon_complete,0
4,600,"9,418,425,487",neighborhood-076eeb81cfaf9e2b,True,"5,5,5,3",official_adaptive,3,False,0.6,3,a77853080941096fb7a48f4e66032320c6d5105bedbb0f3c73b97a02309fc853,46bfd38acee36826db055518af23ca921510a367903f82e24e71e96e5907ed03,3,5,e457fd9fb0385b4077d5c8f525b7160ed221a20dedcfd4822deb6aea8f4d74d4,9fe5836dcb30df6aa33935a5511bea820b1827dfdc679d555cb0200dcb613362,False,regular_beltway,0.40830349341194755,11582,31141,919,12,policy_train_regular_beltway_0000,False,0.9333333333333333,0.5042636259998972,0.5042636259998972,0,0.043314339,6672138aa09b88cc5f5fdfc079bc4dedbe9d681f74645debbab2280cb047ae88,0.19096656799990797,0.06336215199996786,lns2.receding_q_label_pilot.v2,random:4,0.3132970579999892,high_cost_progress,policy_train,s3__policy_train__policy_train_regular_beltway_0000__task_0016__seed_0000__official_adaptive__decision_0004__0113,horizon_complete,1
8,600,"9,19,119,153,223,307,519,545",neighborhood-08a12470955a79c7,True,"5,3,3,2",official_adaptive,3,False,0.4,2,3935e3dfea07f3777ffd33b1f1490b2beb2d0cd23a8c8e5af1e616fb223d0f75,5ed2ff4bf86f4cd35d9665f0fd6a009d74d292917edf65f53abd556d6f1771df,3,5,e457fd9fb0385b4077d5c8f525b7160ed221a20dedcfd4822deb6aea8f4d74d4,9fe5836dcb30df6aa33935a5511bea820b1827dfdc679d555cb0200dcb613362,False,regular_beltway,0.4377494909597352,19357,49699,2641,16,policy_train_regular_beltway_0000,False,0.6333333333333333,0.40217582959992343,0.5492167659998586,0,0.08517535500000001,6672138aa09b88cc5f5fdfc079bc4dedbe9d681f74645debbab2280cb047ae88,0.25652327499994954,0.06336215199996786,lns2.receding_q_label_pilot.v2,collision:8,0.29269349099990905,high_cost_progress,policy_train,s3__policy_train__policy_train_regular_beltway_0000__task_0016__seed_0000__official_adaptive__decision_0004__0113,horizon_complete,0
8,600,"9,19,119,153,223,307,519,545",neighborhood-08a12470955a79c7,True,"5,2,2,0",official_adaptive,3,True,0.0,0,7463ec5f037d73d18b95d6bbae0ade619f2fcf27d9e8b6bc8b3d518e837579a7,558f0d0a43a6c15b016bfbb4d8de9d39b8e81e1635a0212e0bc7f24109c178d7,3,5,e457fd9fb0385b4077d5c8f525b7160ed221a20dedcfd4822deb6aea8f4d74d4,9fe5836dcb30df6aa33935a5511bea820b1827dfdc679d555cb0200dcb613362,False,regular_beltway,0.3918243634000882,16747,39243,3804,16,policy_train_regular_beltway_0000,False,0.43333333333333335,0.28009420079999925,0.47967780299995866,0,0.05785052,6672138aa09b88cc5f5fdfc079bc4dedbe9d681f74645debbab2280cb047ae88,0.19502045600006568,0.06336215199996786,lns2.receding_q_label_pilot.v2,collision:8,0.284657346999893,high_cost_progress,policy_train,s3__policy_train__policy_train_regular_beltway_0000__task_0016__seed_0000__official_adaptive__decision_0004__0113,feasible,1
16,600,"55,125,135,145,297,357,421,443,455,491,503,505,526,559,575,589",neighborhood-09da32c272317f8e,True,"5,3,3,0",official_adaptive,3,True,0.0,0,2af81e86371fb09b69c600b4bd26f42b88e8fed4d77b4ace7ef1e6dea40b9220,2369fd7a9492031d35a20de7100a9577af8b2c56a0b6bf2a8e29718b4038d6d6,3,5,e457fd9fb0385b4077d5c8f525b7160ed221a20dedcfd4822deb6aea8f4d74d4,9fe5836dcb30df6aa33935a5511bea820b1827dfdc679d555cb0200dcb613362,False,regular_beltway,0.3830118211554966,20576,47367,5387,24,policy_train_regular_beltway_0000,False,0.5666666666666667,0.3404812295999591,0.4666953679999324,0,0.06542874500000001,6672138aa09b88cc5f5fdfc079bc4dedbe9d681f74645debbab2280cb047ae88,0.20735652400003346,0.06336215199996786,lns2.receding_q_label_pilot.v2,collision:16,0.2593388439998989,high_cost_progress,policy_train,s3__policy_train__policy_train_regular_beltway_0000__task_0016__seed_0000__official_adaptive__decision_0004__0113,feasible,0
16,600,"55,125,135,145,297,357,421,443,455,491,503,505,526,559,575,589",neighborhood-09da32c272317f8e,True,"5,3,3,1",official_adaptive,3,False,0.2,1,d2d42646917e8d5d3f901dfe7c4adb710f8657fa617ba760a8f3e8562b472741,69edd998629cdc68a5cf32eded5d5ff5f6bcea91794986ae6f2fbbdb1a9b6f02,3,5,e457fd9fb0385b4077d5c8f525b7160ed221a20dedcfd4822deb6aea8f4d74d4,9fe5836dcb30df6aa33935a5511bea820b1827dfdc679d555cb0200dcb613362,False,regular_beltway,0.4142907182512968,19993,48075,4415,24,policy_train_regular_beltway_0000,False,0.6,0.3682510828000886,0.5132970060001298,0,0.072351748,6672138aa09b88cc5f5fdfc079bc4dedbe9d681f74645debbab2280cb047ae88,0.22185216500008664,0.06336215199996786,lns2.receding_q_label_pilot.v2,collision:16,0.2914448410000432,high_cost_progress,policy_train,s3__policy_train__policy_train_regular_beltway_0000__task_0016__seed_0000__official_adaptive__decision_0004__0113,horizon_complete,1
16,600,"6,25,55,135,202,245,327,385,421,443,479,501,511,513,571,599",neighborhood-0b8508556d2d876e,True,"5,3,3,0",official_adaptive,3,True,0.0,0,31df719484f768b8c0bdd69dbdaf3d0ba50de30561a752e23c1e156569cf8dab,1b9066eb11fc69ebe87e9545359814db8db262169be70ed8b561092953358098,3,5,e457fd9fb0385b4077d5c8f525b7160ed221a20dedcfd4822deb6aea8f4d74d4,9fe5836dcb30df6aa33935a5511bea820b1827dfdc679d555cb0200dcb613362,False,regular_beltway,0.3957363077618697,15071,42346,1934,24,policy_train_regular_beltway_0000,False,0.5666666666666667,0.3482027881998647,0.48547755699985373,0,0.064072428,6672138aa09b88cc5f5fdfc079bc4dedbe9d681f74645debbab2280cb047ae88,0.20515563399987968,0.06336215199996786,lns2.receding_q_label_pilot.v2,target:16,0.28032192299997405,high_cost_progress,policy_train,s3__policy_train__policy_train_regular_beltway_0000__task_0016__seed_0000__official_adaptive__decision_0004__0113,feasible,0
16,600,"6,25,55,135,202,245,327,385,421,443,479,501,511,513,571,599",neighborhood-0b8508556d2d876e,True,"5,5,5,3",official_adaptive,3,False,0.6,3,bca58f03d9486a414139107ade44d7f5e1d9ccaee6eafaf948f942af8c47cf2f,6185bce8620e27f9fcf69e56dd598f73c25e95205597c7e32a1a72ee92f7a8f0,3,5,e457fd9fb0385b4077d5c8f525b7160ed221a20dedcfd4822deb6aea8f4d74d4,9fe5836dcb30df6aa33935a5511bea820b1827dfdc679d555cb0200dcb613362,False,regular_beltway,0.3904205542061411,19604,52968,1989,24,policy_train_regular_beltway_0000,False,0.9333333333333333,0.4776020749999361,0.4776020749999361,0,0.06837722,6672138aa09b88cc5f5fdfc079bc4dedbe9d681f74645debbab2280cb047ae88,0.20705769799997142,0.06336215199996786,lns2.receding_q_label_pilot.v2,target:16,0.2705443769999647,high_cost_progress,policy_train,s3__policy_train__policy_train_regular_beltway_0000__task_0016__seed_0000__official_adaptive__decision_0004__0113,horizon_complete,1
8,600,"9,67,129,170,171,377,432,498",neighborhood-0d9d4a60d44ec53f,True,"5,5,5,2",official_adaptive,3,False,0.4,2,acc84ed76db9dde2e82b7f78d8189a4bd44a497cb7cb5c552f9c9ddf5ff77ecd,b59e54859c0100c01a01d8969c26bec619a8273f70c7b79bf3db83ac01d232cf,3,5,e457fd9fb0385b4077d5c8f525b7160ed221a20dedcfd4822deb6aea8f4d74d4,9fe5836dcb30df6aa33935a5511bea820b1827dfdc679d555cb0200dcb613362,False,regular_beltway,0.36277103317160037,10165,29914,801,16,policy_train_regular_beltway_0000,False,0.9,0.43730672599986065,0.43730672599986065,0,0.04026718,6672138aa09b88cc5f5fdfc079bc4dedbe9d681f74645debbab2280cb047ae88,0.17717835099995227,0.06336215199996786,lns2.receding_q_label_pilot.v2,random:8,0.2601283749999084,high_cost_progress,policy_train,s3__policy_train__policy_train_regular_beltway_0000__task_0016__seed_0000__official_adaptive__decision_0004__0113,horizon_complete,0
8,600,"9,67,129,170,171,377,432,498",neighborhood-0d9d4a60d44ec53f,True,"5,5,5,3",official_adaptive,3,False,0.6,3,6b7901b571604c95ccc300f3356f041de6e7dd20990dd71683bf9353bfbed2e9,3726ece0a7c4dc04c216062961c39f69fbf91cc92b3e81bcc3f9cd67717ef709,3,5,e457fd9fb0385b4077d5c8f525b7160ed221a20dedcfd4822deb6aea8f4d74d4,9fe5836dcb30df6aa33935a5511bea820b1827dfdc679d555cb0200dcb613362,False,regular_beltway,0.3899883438002067,11887,33949,688,16,policy_train_regular_beltway_0000,False,0.9333333333333333,0.4769635779997543,0.4769635779997543,0,0.046333335,6672138aa09b88cc5f5fdfc079bc4dedbe9d681f74645debbab2280cb047ae88,0.18886804299995674,0.06336215199996786,lns2.receding_q_label_pilot.v2,random:8,0.28809553499979756,high_cost_progress,policy_train,s3__policy_train__policy_train_regular_beltway_0000__task_0016__seed_0000__official_adaptive__decision_0004__0113,horizon_complete,1
16,600,"9,23,27,103,107,119,131,151,153,223,307,335,346,462,519,587",neighborhood-0e81e824ecae48c6,True,"5,3,3,1",official_adaptive,3,False,0.2,1,c1a62cf455540ccac9f4fc2cfe2f19b0b2cb9dac4ed19e3a67f7f44ed2cc239c,63403fcadd855d9fe06abb3773e13a51265d5ad0194c6786a09f7394035deadd,3,5,e457fd9fb0385b4077d5c8f525b7160ed221a20dedcfd4822deb6aea8f4d74d4,9fe5836dcb30df6aa33935a5511bea820b1827dfdc679d555cb0200dcb613362,False,regular_beltway,0.40680795208937304,29523,70005,6006,24,policy_train_regular_beltway_0000,False,0.6,0.37712137499988785,0.5020156189998488,0,0.098839033,6672138aa09b88cc5f5fdfc079bc4dedbe9d681f74645debbab2280cb047ae88,0.23883400099998653,0.06336215199996786,lns2.receding_q_label_pilot.v2,collision:16,0.2631816179998623,high_cost_progress,policy_train,s3__policy_train__policy_train_regular_beltway_0000__task_0016__seed_0000__official_adaptive__decision_0004__0113,horizon_complete,0
16,600,"9,23,27,103,107,119,131,151,153,223,307,335,346,462,519,587",neighborhood-0e81e824ecae48c6,True,"5,3,3,1",official_adaptive,3,False,0.2,1,e42fb35e1680785cec11a45e03ff6ffb7881b4400d8db4ab90112188fb22d4b6,39fc90507a7a2e7f6b5c71f76d0299db1189b742bc42c98569e9633c8add8062,3,5,e457fd9fb0385b4077d5c8f525b7160ed221a20dedcfd4822deb6aea8f4d74d4,9fe5836dcb30df6aa33935a5511bea820b1827dfdc679d555cb0200dcb613362,False,regular_beltway,0.39171518705244257,27204,64747,6104,24,policy_train_regular_beltway_0000,False,0.6,0.3577207955999029,0.47951626599990504,0,0.08969365100000001,6672138aa09b88cc5f5fdfc079bc4dedbe9d681f74645debbab2280cb047ae88,0.22032805999992888,0.06336215199996786,lns2.receding_q_label_pilot.v2,collision:16,0.25918820599997616,high_cost_progress,policy_train,s3__policy_train__policy_train_regular_beltway_0000__task_0016__seed_0000__official_adaptive__decision_0004__0113,horizon_complete,1
8,600,"9,37,107,183,307,322,355,523",neighborhood-18d780d51eea384e,True,"5,3,3,1",official_adaptive,3,False,0.2,1,dcfe14aaa24fc1a83aefb41ad184e6241dd30445910dd59f6e6e2d17e93d9d0b,11e941ea15b02801db18484229108c7caa37e0aae4b05ad8b85385aabecaacd0,3,5,e457fd9fb0385b4077d5c8f525b7160ed221a20dedcfd4822deb6aea8f4d74d4,9fe5836dcb30df6aa33935a5511bea820b1827dfdc679d555cb0200dcb613362,False,regular_beltway,0.38857824152714,28618,38648,15077,16,policy_train_regular_beltway_0000,False,0.6,0.3522779023999192,0.4748823759998686,0,0.076081446,6672138aa09b88cc5f5fdfc079bc4dedbe9d681f74645debbab2280cb047ae88,0.21563506400002552,0.06336215199996786,lns2.receding_q_label_pilot.v2,target:8,0.2592473119998431,high_cost_progress,policy_train,s3__policy_train__policy_train_regular_beltway_0000__task_0016__seed_0000__official_adaptive__decision_0004__0113,horizon_complete,0
8,600,"9,37,107,183,307,322,355,523",neighborhood-18d780d51eea384e,True,"5,3,3,2",official_adaptive,3,False,0.4,2,ef6fc09e0d156266b1f3e9d4dae326e2080cf32db26d77dda30cd039e2061d0b,f1f88af3ac29530e77b6bd2ecd1208b00d8d439cb34405d1e7223173c712248f,3,5,e457fd9fb0385b4077d5c8f525b7160ed221a20dedcfd4822deb6aea8f4d74d4,9fe5836dcb30df6aa33935a5511bea820b1827dfdc679d555cb0200dcb613362,False,regular_beltway,0.3984732076411343,29195,43817,13911,16,policy_train_regular_beltway_0000,False,0.6333333333333333,0.3552452822000305,0.48954872900003465,0,0.076483153,6672138aa09b88cc5f5fdfc079bc4dedbe9d681f74645debbab2280cb047ae88,0.22547003199997562,0.06336215199996786,lns2.receding_q_label_pilot.v2,target:8,0.26407869700005904,high_cost_progress,policy_train,s3__policy_train__policy_train_regular_beltway_0000__task_0016__seed_0000__official_adaptive__decision_0004__0113,horizon_complete,1
16,600,"0,62,89,149,172,174,216,223,239,363,425,458,459,497,536,543",neighborhood-1ad3096d163c496c,True,"5,5,5,3",official_adaptive,3,False,0.6,3,860ecc8e2b5568eb4c9765000cfb266e896fdcc7427288bd919f231c54d64dd5,9dd8671906511a3d90b685b77220a08b377fc1d311f910815bb0a182d943b010,3,5,e457fd9fb0385b4077d5c8f525b7160ed221a20dedcfd4822deb6aea8f4d74d4,9fe5836dcb30df6aa33935a5511bea820b1827dfdc679d555cb0200dcb613362,False,regular_beltway,0.39148554306887623,17290,45054,2719,24,policy_train_regular_beltway_0000,False,0.9333333333333333,0.4791765429999941,0.4791765429999941,0,0.060524153,6672138aa09b88cc5f5fdfc079bc4dedbe9d681f74645debbab2280cb047ae88,0.20272527400004492,0.06336215199996786,lns2.receding_q_label_pilot.v2,random:16,0.2764512689999492,high_cost_progress,policy_train,s3__policy_train__policy_train_regular_beltway_0000__task_0016__seed_0000__official_adaptive__decision_0004__0113,horizon_complete,0
16,600,"0,62,89,149,172,174,216,223,239,363,425,458,459,497,536,543",neighborhood-1ad3096d163c496c,True,"5,5,4,4",official_adaptive,3,False,0.8,4,1b5afaec9c2999cb5ec41a3c2bd1cd93c4a75c5d68cfac7d8511c73f4ec41738,e54a1d672a23af31ff41a2b3efef83acb1c504f98f4a39100667ff929f04ba90,3,5,e457fd9fb0385b4077d5c8f525b7160ed221a20dedcfd4822deb6aea8f4d74d4,9fe5836dcb30df6aa33935a5511bea820b1827dfdc679d555cb0200dcb613362,False,regular_beltway,0.4222763637492852,16761,53174,568,32,policy_train_regular_beltway_0000,False,0.9,0.49095944479995524,0.5254300399999465,0,0.075318684,6672138aa09b88cc5f5fdfc079bc4dedbe9d681f74645debbab2280cb047ae88,0.2503673119999803,0.06336215199996786,lns2.receding_q_label_pilot.v2,random:16,0.27506272799996623,high_cost_progress,policy_train,s3__policy_train__policy_train_regular_beltway_0000__task_0016__seed_0000__official_adaptive__decision_0004__0113,horizon_complete,1
8,600,"25,29,54,214,223,360,386,427",neighborhood-1f50de798f2484ca,True,"5,5,5,3",official_adaptive,3,False,0.6,3,3b33e47c8521c87d27eda3417917c0676f53eac7ce26f15d371814549a1c9f20,345c4863e33fc060cfba726be7e229dc902e5fc353c08c4b89aa1bcec325e380,3,5,e457fd9fb0385b4077d5c8f525b7160ed221a20dedcfd4822deb6aea8f4d74d4,9fe5836dcb30df6aa33935a5511bea820b1827dfdc679d555cb0200dcb613362,False,regular_beltway,0.36966381513514246,15345,32550,4462,16,policy_train_regular_beltway_0000,False,0.9333333333333333,0.4472479900000508,0.4472479900000508,0,0.048710182000000005,6672138aa09b88cc5f5fdfc079bc4dedbe9d681f74645debbab2280cb047ae88,0.1825288410000212,0.06336215199996786,lns2.receding_q_label_pilot.v2,random:8,0.2647191490000296,high_cost_progress,policy_train,s3__policy_train__policy_train_regular_beltway_0000__task_0016__seed_0000__official_adaptive__decision_0004__0113,horizon_complete,0
8,600,"25,29,54,214,223,360,386,427",neighborhood-1f50de798f2484ca,True,"5,5,4,4",official_adaptive,3,False,0.8,4,a80172638c8d3a568073a22a7880bf1b24c927a27791d00e700cea22cb54193b,b89347ed2c774c4ec5f94821349fdfc398b5a2f4c87f872e4338618e6a6e52ec,3,5,e457fd9fb0385b4077d5c8f525b7160ed221a20dedcfd4822deb6aea8f4d74d4,9fe5836dcb30df6aa33935a5511bea820b1827dfdc679d555cb0200dcb613362,False,regular_beltway,0.422721762523448,20167,49574,4111,24,policy_train_regular_beltway_0000,False,0.9,0.4904659227997854,0.5261096159997578,0,0.080411306,6672138aa09b88cc5f5fdfc079bc4dedbe9d681f74645debbab2280cb047ae88,0.2463452269997788,0.06336215199996786,lns2.receding_q_label_pilot.v2,random:8,0.279764388999979,high_cost_progress,policy_train,s3__policy_train__policy_train_regular_beltway_0000__task_0016__seed_0000__official_adaptive__decision_0004__0113,horizon_complete,1
8,600,"25,55,139,278,443,465,503,587",neighborhood-2112d471942eff56,True,"5,3,3,0",official_adaptive,3,True,0.0,0,0c6637a19a9d3431dd5238c58ceefe033d3a105370fdd05ae6cc726b4aacc0e7,fafc3599be57a8351179e72ede70da45b8a5fe870a3a3112427da0545c75ad3f,3,5,e457fd9fb0385b4077d5c8f525b7160ed221a20dedcfd4822deb6aea8f4d74d4,9fe5836dcb30df6aa33935a5511bea820b1827dfdc679d555cb0200dcb613362,False,regular_beltway,0.39064862478967854,12668,34847,1074,16,policy_train_regular_beltway_0000,False,0.5666666666666667,0.33974715499996366,0.4779391109999551,0,0.050727413,6672138aa09b88cc5f5fdfc079bc4dedbe9d681f74645debbab2280cb047ae88,0.1980662729999949,0.06336215199996786,lns2.receding_q_label_pilot.v2,collision:8,0.2798728379999602,high_cost_progress,policy_train,s3__policy_train__policy_train_regular_beltway_0000__task_0016__seed_0000__official_adaptive__decision_0004__0113,feasible,0
8,600,"25,55,139,278,443,465,503,587",neighborhood-2112d471942eff56,True,"5,3,3,1",official_adaptive,3,False,0.2,1,dda4d370f2837fa5720c1f9b2c4dae9bce59f015ac851aaea22ee145953a5fc9,79873c4eb067d9c6ff7b13d749be850d59ab26ea3053e8ac999a61bae6cb25b0,3,5,e457fd9fb0385b4077d5c8f525b7160ed221a20dedcfd4822deb6aea8f4d74d4,9fe5836dcb30df6aa33935a5511bea820b1827dfdc679d555cb0200dcb613362,False,regular_beltway,0.4054770280371038,13508,34550,1768,16,policy_train_regular_beltway_0000,False,0.6,0.35009353319999265,0.500017879999973,0,0.054382926,6672138aa09b88cc5f5fdfc079bc4dedbe9d681f74645debbab2280cb047ae88,0.21951492400000916,0.06336215199996786,lns2.receding_q_label_pilot.v2,collision:8,0.2805029559999639,high_cost_progress,policy_train,s3__policy_train__policy_train_regular_beltway_0000__task_0016__seed_0000__official_adaptive__decision_0004__0113,horizon_complete,1
4,600,"55,135,443,599",neighborhood-31f77190ccee3b0e,True,"5,5,5,2",official_adaptive,3,False,0.4,2,3c6c29c5b14c01d37f6fa4337decb9d0a738e2457e57fabea76a19993f9d3efe,e851fd0f664aaaf2e9c7b3f908031d71388507625f55e0f36ee433555913dcbb,3,5,e457fd9fb0385b4077d5c8f525b7160ed221a20dedcfd4822deb6aea8f4d74d4,9fe5836dcb30df6aa33935a5511bea820b1827dfdc679d555cb0200dcb613362,False,regular_beltway,0.3812527647699515,9952,27698,948,12,policy_train_regular_beltway_0000,False,0.9,0.46411763599985534,0.46411763599985534,0,0.03867037,6672138aa09b88cc5f5fdfc079bc4dedbe9d681f74645debbab2280cb047ae88,0.18885893099991335,0.06336215199996786,lns2.receding_q_label_pilot.v2,target:4,0.275258704999942,high_cost_progress,policy_train,s3__policy_train__policy_train_regular_beltway_0000__task_0016__seed_0000__official_adaptive__decision_0004__0113,horizon_complete,0
4,600,"55,135,443,599",neighborhood-31f77190ccee3b0e,True,"5,5,5,3",official_adaptive,3,False,0.6,3,23c5e0e0f90c336919eb090bdd500cdcde866e3802704af44e904849ccf506a6,cc97f90f1952c8e36c92927a7a359e6b0d4b5be18a7308217302ce9df021af34,3,5,e457fd9fb0385b4077d5c8f525b7160ed221a20dedcfd4822deb6aea8f4d74d4,9fe5836dcb30df6aa33935a5511bea820b1827dfdc679d555cb0200dcb613362,False,regular_beltway,0.3845510294587341,12271,33676,728,12,policy_train_regular_beltway_0000,False,0.9333333333333333,0.4689546560000508,0.4689546560000508,0,0.051051124,6672138aa09b88cc5f5fdfc079bc4dedbe9d681f74645debbab2280cb047ae88,0.19918624399997498,0.06336215199996786,lns2.receding_q_label_pilot.v2,target:4,0.26976841200007584,high_cost_progress,policy_train,s3__policy_train__policy_train_regular_beltway_0000__task_0016__seed_0000__official_adaptive__decision_0004__0113,horizon_complete,1
4,600,"153,223,286,307",neighborhood-7b89866f4e63508b,True,"5,3,3,1",official_adaptive,3,False,0.2,1,1448771dddfd97e781d548c16cc4841891a487591ba784b4aaf5455d547d5856,5ac78b9067a3a9d4cceb9377264f956d9c63b1a0909b65a3869d5aa1718b0808,3,5,e457fd9fb0385b4077d5c8f525b7160ed221a20dedcfd4822deb6aea8f4d74d4,9fe5836dcb30df6aa33935a5511bea820b1827dfdc679d555cb0200dcb613362,False,regular_beltway,0.3794043862829141,12046,29613,2078,12,policy_train_regular_beltway_0000,False,0.6,0.3317470695999418,0.46141389199988225,0,0.042639774000000005,6672138aa09b88cc5f5fdfc079bc4dedbe9d681f74645debbab2280cb047ae88,0.18722681999997803,0.06336215199996786,lns2.receding_q_label_pilot.v2,target:4,0.2741870719999042,high_cost_progress,policy_train,s3__policy_train__policy_train_regular_beltway_0000__task_0016__seed_0000__official_adaptive__decision_0004__0113,horizon_complete,0
4,600,"153,223,286,307",neighborhood-7b89866f4e63508b,True,"5,5,4,1",official_adaptive,3,False,0.2,1,664fdf9b03999dec7ce5e48ee24bb7628821df39efea899b21e090742a69d788,0a3d6e666a5cb97c1379215198f1949d38de2d8668548df7c585c8bbc333c131,3,5,e457fd9fb0385b4077d5c8f525b7160ed221a20dedcfd4822deb6aea8f4d74d4,9fe5836dcb30df6aa33935a5511bea820b1827dfdc679d555cb0200dcb613362,False,regular_beltway,0.3777195240059171,14637,38668,2549,20,policy_train_regular_beltway_0000,False,0.8,0.42604502980000236,0.4589536839999937,0,0.055390545000000006,6672138aa09b88cc5f5fdfc079bc4dedbe9d681f74645debbab2280cb047ae88,0.19859500300003674,0.06336215199996786,lns2.receding_q_label_pilot.v2,target:4,0.26035868099995696,high_cost_progress,policy_train,s3__policy_train__policy_train_regular_beltway_0000__task_0016__seed_0000__official_adaptive__decision_0004__0113,horizon_complete,1
8,600,"25,55,135,385,421,443,571,599",neighborhood-7f9539356bf5f953,True,"5,5,5,2",official_adaptive,3,False,0.4,2,c783b9c82ab37da1260c9776e87d5b45f444062643ffa0a75d76f106eeabe4aa,af1338f5676b353b1f68105063e65829f4cac652728bf21c5c3b06aa80ae66af,3,5,e457fd9fb0385b4077d5c8f525b7160ed221a20dedcfd4822deb6aea8f4d74d4,9fe5836dcb30df6aa33935a5511bea820b1827dfdc679d555cb0200dcb613362,False,regular_beltway,0.420054783313732,15379,40825,1829,16,policy_train_regular_beltway_0000,False,0.9,0.5220449359999293,0.5220449359999293,0,0.057721318,6672138aa09b88cc5f5fdfc079bc4dedbe9d681f74645debbab2280cb047ae88,0.21717375599996558,0.06336215199996786,lns2.receding_q_label_pilot.v2,target:8,0.3048711799999637,high_cost_progress,policy_train,s3__policy_train__policy_train_regular_beltway_0000__task_0016__seed_0000__official_adaptive__decision_0004__0113,horizon_complete,0
8,600,"25,55,135,385,421,443,571,599",neighborhood-7f9539356bf5f953,True,"5,3,3,1",official_adaptive,3,False,0.2,1,96add97b417500af1f321eeb0fb010dd952dd3150f5b44c27e9abfdf4c82399e,d30600ebdd3aea5f8999470a98be5672d570a996e931a72cc4bed5c700fa922f,3,5,e457fd9fb0385b4077d5c8f525b7160ed221a20dedcfd4822deb6aea8f4d74d4,9fe5836dcb30df6aa33935a5511bea820b1827dfdc679d555cb0200dcb613362,False,regular_beltway,0.39279568483151583,14816,38012,1815,16,policy_train_regular_beltway_0000,False,0.6,0.3431042451999701,0.48111574400002155,0,0.054030667,6672138aa09b88cc5f5fdfc079bc4dedbe9d681f74645debbab2280cb047ae88,0.20295595799996136,0.06336215199996786,lns2.receding_q_label_pilot.v2,target:8,0.2781597860000602,high_cost_progress,policy_train,s3__policy_train__policy_train_regular_beltway_0000__task_0016__seed_0000__official_adaptive__decision_0004__0113,horizon_complete,1
16,600,"9,31,37,95,107,124,153,183,223,261,276,291,307,355,523,567",neighborhood-a11aafa1e144b13e,True,"5,3,3,3",official_adaptive,3,False,0.6,3,e7da06f4c9963924ee9ebe0097dd247c36b223849137c8f36b13f5749521c4b9,f0aa86be8e04c84bf2940ca15e9c27d10c53119a001d0f99f4031ce6e6232c81,3,5,e457fd9fb0385b4077d5c8f525b7160ed221a20dedcfd4822deb6aea8f4d74d4,9fe5836dcb30df6aa33935a5511bea820b1827dfdc679d555cb0200dcb613362,False,regular_beltway,0.41274728590495874,38534,65336,17029,24,policy_train_regular_beltway_0000,False,0.6666666666666666,0.3790725943999632,0.5109631359999867,0,0.10522267099999999,6672138aa09b88cc5f5fdfc079bc4dedbe9d681f74645debbab2280cb047ae88,0.2482064390000005,0.06336215199996786,lns2.receding_q_label_pilot.v2,target:16,0.26275669699998616,high_cost_progress,policy_train,s3__policy_train__policy_train_regular_beltway_0000__task_0016__seed_0000__official_adaptive__decision_0004__0113,horizon_complete,0
16,600,"9,31,37,95,107,124,153,183,223,261,276,291,307,355,523,567",neighborhood-a11aafa1e144b13e,True,"5,2,2,0",official_adaptive,3,True,0.0,0,074eef290ae9e00d9d56273c8ebcf4ef55757810b1626833e94e12189b76fa5b,7783fe39d5b2bd5ab2564bafb33d65a00940569077ed55e5780478dc57f981cd,3,5,e457fd9fb0385b4077d5c8f525b7160ed221a20dedcfd4822deb6aea8f4d74d4,9fe5836dcb30df6aa33935a5511bea820b1827dfdc679d555cb0200dcb613362,False,regular_beltway,0.4178760408789916,31316,49193,15384,24,policy_train_regular_beltway_0000,False,0.43333333333333335,0.310296568999911,0.5187324019998414,0,0.086863833,6672138aa09b88cc5f5fdfc079bc4dedbe9d681f74645debbab2280cb047ae88,0.22988802700001543,0.06336215199996786,lns2.receding_q_label_pilot.v2,target:16,0.28884437499982596,high_cost_progress,policy_train,s3__policy_train__policy_train_regular_beltway_0000__task_0016__seed_0000__official_adaptive__decision_0004__0113,feasible,1
4,600,"9,153,223,307",neighborhood-a71a6a6cd6ee7b63,True,"5,2,2,0",official_adaptive,3,True,0.0,0,a07e5099cc51f8afe050d7a3f4f1200c328faad3b8f75c1d5526aa04bc94e578,6edc9fdfce786178551b0bf443822567a4dbd5f95a9fc790c495519c3917aa71,3,5,e457fd9fb0385b4077d5c8f525b7160ed221a20dedcfd4822deb6aea8f4d74d4,9fe5836dcb30df6aa33935a5511bea820b1827dfdc679d555cb0200dcb613362,True,regular_beltway,0.3798371193731322,11862,29399,2029,12,policy_train_regular_beltway_0000,False,0.43333333333333335,0.2685907079998969,0.4620464309998624,0,0.045214506,6672138aa09b88cc5f5fdfc079bc4dedbe9d681f74645debbab2280cb047ae88,0.19669289499995557,0.06336215199996786,lns2.receding_q_label_pilot.v2,collision:4,0.26535353599990685,high_cost_progress,policy_train,s3__policy_train__policy_train_regular_beltway_0000__task_0016__seed_0000__official_adaptive__decision_0004__0113,feasible,0
4,600,"9,153,223,307",neighborhood-a71a6a6cd6ee7b63,True,"5,4,4,2",official_adaptive,3,False,0.4,2,35548d35c492c2e1d481ce8d7921761499ae776f2b5e6e8c878821de6eeb24a7,a878227a8cf3755afc1a25eb40e58551ea9873ca96d53fbbf558ac20a3743760,3,5,e457fd9fb0385b4077d5c8f525b7160ed221a20dedcfd4822deb6aea8f4d74d4,9fe5836dcb30df6aa33935a5511bea820b1827dfdc679d555cb0200dcb613362,True,regular_beltway,0.41161739525191404,13076,34326,1312,12,policy_train_regular_beltway_0000,False,0.7666666666666667,0.43582391260008535,0.509256877000098,0,0.051214463,6672138aa09b88cc5f5fdfc079bc4dedbe9d681f74645debbab2280cb047ae88,0.20161342600010812,0.06336215199996786,lns2.receding_q_label_pilot.v2,collision:4,0.3076434509999899,high_cost_progress,policy_train,s3__policy_train__policy_train_regular_beltway_0000__task_0016__seed_0000__official_adaptive__decision_0004__0113,horizon_complete,1
8,200,"1,19,32,40,64,102,106,171",neighborhood-00c03144b794fc27,True,"1,0",official_adaptive,1,True,0.0,0,a5e742aa95891bf97e6e62b64a3b4180450d82ac0144c0c14f83c18e4513d672,e88f60d75c2d513676be0149c526aaa1788b8c390448a4577dbf70eefed91645,3,1,64e96406f71f4ed36218895c32ee0ce6655e29f1f2109260e56c58e6f09b55bb,8559b3e42cd0623f6419c5d6704c2b85aa80199a0e8ad904bab2cf2188bf839e,False,regular_beltway,0.04425180423277181,957,3684,126,8,policy_train_regular_beltway_0002,False,0.16666666666666666,0.04524551900010465,0.04524551900010465,2,0.003405074,6672138aa09b88cc5f5fdfc079bc4dedbe9d681f74645debbab2280cb047ae88,0.01768552600003659,0.02755999300006806,lns2.receding_q_label_pilot.v2,random:8,0.02755999300006806,near_feasible,policy_train,s3__policy_train__policy_train_regular_beltway_0002__task_0011__seed_0000__official_adaptive__decision_0000__0109,feasible,0
8,200,"1,19,32,40,64,102,106,171",neighborhood-00c03144b794fc27,True,"1,0",official_adaptive,1,True,0.0,0,55cd0f5a082be51352a22452504ba6a3d1fa4fd51efa0baca623ec38c17d176c,230139cd4a583b05ed87aa955ebf6aed33031f828ab45f3f7eb632a22a1b4744,3,1,64e96406f71f4ed36218895c32ee0ce6655e29f1f2109260e56c58e6f09b55bb,8559b3e42cd0623f6419c5d6704c2b85aa80199a0e8ad904bab2cf2188bf839e,False,regular_beltway,0.04636022855147275,992,3794,129,8,policy_train_regular_beltway_0002,False,0.16666666666666666,0.04745166500003961,0.04745166500003961,2,0.004485071,6672138aa09b88cc5f5fdfc079bc4dedbe9d681f74645debbab2280cb047ae88,0.01989167199997155,0.02755999300006806,lns2.receding_q_label_pilot.v2,random:8,0.02755999300006806,near_feasible,policy_train,s3__policy_train__policy_train_regular_beltway_0002__task_0011__seed_0000__official_adaptive__decision_0000__0109,feasible,1
3,200,"2,121,157",neighborhood-02e32a6fd688f93b,True,"1,0",official_adaptive,1,True,0.0,0,644fb33bd636fd0688420a7087e677034fc1c455d5842ed828bddea639cb3365,b0e28dbf9c8ae218151cbf66ecf1af8d88413da838d5736a24ca0b90b6bf2052,3,1,64e96406f71f4ed36218895c32ee0ce6655e29f1f2109260e56c58e6f09b55bb,8559b3e42cd0623f6419c5d6704c2b85aa80199a0e8ad904bab2cf2188bf839e,False,regular_beltway,0.04150753772181178,804,2798,113,3,policy_train_regular_beltway_0002,False,0.16666666666666666,0.04238101900000402,0.04238101900000402,2,0.002256574,6672138aa09b88cc5f5fdfc079bc4dedbe9d681f74645debbab2280cb047ae88,0.014821025999935955,0.02755999300006806,lns2.receding_q_label_pilot.v2,target:16,0.02755999300006806,near_feasible,policy_train,s3__policy_train__policy_train_regular_beltway_0002__task_0011__seed_0000__official_adaptive__decision_0000__0109,feasible,0
3,200,"2,121,157",neighborhood-02e32a6fd688f93b,True,"1,0",official_adaptive,1,True,0.0,0,8a08d3e9148b25a294b4c39ba6434d9562682554320855ed192c310baf5dbea2,ea00ad7b466ad9c678e7ffa67953b061e802e2134e4dd810c13c09d507f18768,3,1,64e96406f71f4ed36218895c32ee0ce6655e29f1f2109260e56c58e6f09b55bb,8559b3e42cd0623f6419c5d6704c2b85aa80199a0e8ad904bab2cf2188bf839e,False,regular_beltway,0.044901861174372996,787,2693,106,3,policy_train_regular_beltway_0002,False,0.16666666666666666,0.045925209000074574,0.045925209000074574,2,0.002531688,6672138aa09b88cc5f5fdfc079bc4dedbe9d681f74645debbab2280cb047ae88,0.018365216000006512,0.02755999300006806,lns2.receding_q_label_pilot.v2,target:16,0.02755999300006806,near_feasible,policy_train,s3__policy_train__policy_train_regular_beltway_0002__task_0011__seed_0000__official_adaptive__decision_0000__0109,feasible,1
16,200,"1,7,25,29,39,43,53,78,119,121,143,147,177,183,189,191",neighborhood-04b58f601fe6bfb9,True,"1,0",official_adaptive,1,True,0.0,0,db4c0f6c16a4daa8f5f251864f96fceb9606dba12dedd7589b67428339da386d,9100c624c0189747da7d7257d99de6472dd67b4ca2b8a4f42b599a6a85cd0b09,3,1,64e96406f71f4ed36218895c32ee0ce6655e29f1f2109260e56c58e6f09b55bb,8559b3e42cd0623f6419c5d6704c2b85aa80199a0e8ad904bab2cf2188bf839e,False,regular_beltway,0.047550888012514295,1884,8234,100,16,policy_train_regular_beltway_0002,False,0.16666666666666666,0.04869956600009573,0.04869956600009573,2,0.006849286,6672138aa09b88cc5f5fdfc079bc4dedbe9d681f74645debbab2280cb047ae88,0.021139573000027667,0.02755999300006806,lns2.receding_q_label_pilot.v2,collision:16,0.02755999300006806,near_feasible,policy_train,s3__policy_train__policy_train_regular_beltway_0002__task_0011__seed_0000__official_adaptive__decision_0000__0109,feasible,0
16,200,"1,7,25,29,39,43,53,78,119,121,143,147,177,183,189,191",neighborhood-04b58f601fe6bfb9,True,"1,0",official_adaptive,1,True,0.0,0,3b9643f92fd0dbfab6034463d8d56645a56cf36862dc2554616e4fdc698707c6,cc30b73b81c48fb325c91ebe735b40d6d8513c79f7f5071b28f52133471781b6,3,1,64e96406f71f4ed36218895c32ee0ce6655e29f1f2109260e56c58e6f09b55bb,8559b3e42cd0623f6419c5d6704c2b85aa80199a0e8ad904bab2cf2188bf839e,False,regular_beltway,0.04732120577818997,1829,7851,118,16,policy_train_regular_beltway_0002,False,0.16666666666666666,0.04845872600003531,0.04845872600003531,2,0.00631505,6672138aa09b88cc5f5fdfc079bc4dedbe9d681f74645debbab2280cb047ae88,0.02089873299996725,0.02755999300006806,lns2.receding_q_label_pilot.v2,collision:16,0.02755999300006806,near_feasible,policy_train,s3__policy_train__policy_train_regular_beltway_0002__task_0011__seed_0000__official_adaptive__decision_0000__0109,feasible,1
8,200,"1,2,35,108,121,135,151,168",neighborhood-04f076b5a8d8f32d,True,"1,0",official_adaptive,1,True,0.0,0,396ff5f05e30931dd61652ffd6f5d67d42d7a27aa655571275d7e8be1e0d4f70,6e0419544ef7f2572a96c90158532c5d77fd625262cc8965bae44c9d09f37f7c,3,1,64e96406f71f4ed36218895c32ee0ce6655e29f1f2109260e56c58e6f09b55bb,8559b3e42cd0623f6419c5d6704c2b85aa80199a0e8ad904bab2cf2188bf839e,False,regular_beltway,0.046916611116916716,2578,7716,627,8,policy_train_regular_beltway_0002,False,0.16666666666666666,0.048034611000048244,0.048034611000048244,2,0.007529302,6672138aa09b88cc5f5fdfc079bc4dedbe9d681f74645debbab2280cb047ae88,0.020474617999980183,0.02755999300006806,lns2.receding_q_label_pilot.v2,collision:8,0.02755999300006806,near_feasible,policy_train,s3__policy_train__policy_train_regular_beltway_0002__task_0011__seed_0000__official_adaptive__decision_0000__0109,feasible,0
8,200,"1,2,35,108,121,135,151,168",neighborhood-04f076b5a8d8f32d,True,"1,0",official_adaptive,1,True,0.0,0,52cb75e6df93bcbffea3092b4f341df8352ef31707305d43df1b40307ee983e0,435a1a13a67b12e4266847275cab9cd92d2663414397d779e5d95a45c99e7847,3,1,64e96406f71f4ed36218895c32ee0ce6655e29f1f2109260e56c58e6f09b55bb,8559b3e42cd0623f6419c5d6704c2b85aa80199a0e8ad904bab2cf2188bf839e,False,regular_beltway,0.04782307573781706,2662,8563,480,8,policy_train_regular_beltway_0002,False,0.16666666666666666,0.04898504800007686,0.04898504800007686,2,0.008198334,6672138aa09b88cc5f5fdfc079bc4dedbe9d681f74645debbab2280cb047ae88,0.021425055000008797,0.02755999300006806,lns2.receding_q_label_pilot.v2,collision:8,0.02755999300006806,near_feasible,policy_train,s3__policy_train__policy_train_regular_beltway_0002__task_0011__seed_0000__official_adaptive__decision_0000__0109,feasible,1
16,200,"1,2,7,24,42,48,63,83,84,94,101,112,115,125,126,132",neighborhood-06acbab499128ba3,True,"1,0",official_adaptive,1,True,0.0,0,40bbd0f68c6a407d9b54d09fd3c0b99ca258ce71776d6b5a3c2ce0221c5af747,743b54a89542577a7db13f0d1cde3be97825795f2a4f50b099e718716066edf7,3,1,64e96406f71f4ed36218895c32ee0ce6655e29f1f2109260e56c58e6f09b55bb,8559b3e42cd0623f6419c5d6704c2b85aa80199a0e8ad904bab2cf2188bf839e,False,regular_beltway,0.052747554788250633,3024,12440,47,16,policy_train_regular_beltway_0002,False,0.16666666666666666,0.054163493000146445,0.054163493000146445,2,0.011638409,6672138aa09b88cc5f5fdfc079bc4dedbe9d681f74645debbab2280cb047ae88,0.026603500000078384,0.02755999300006806,lns2.receding_q_label_pilot.v2,random:16,0.02755999300006806,near_feasible,policy_train,s3__policy_train__policy_train_regular_beltway_0002__task_0011__seed_0000__official_adaptive__decision_0000__0109,feasible,0
16,200,"1,2,7,24,42,48,63,83,84,94,101,112,115,125,126,132",neighborhood-06acbab499128ba3,True,"1,0",official_adaptive,1,True,0.0,0,0c085025bc1a3236c5a32b4a82e2ded39cabdbdcc9c61b205326804e5ab43fb0,3e237e6f77fec9defd711f40bde2b5d1ed9f3ee76aacb369343697c0a2c4fec6,3,1,64e96406f71f4ed36218895c32ee0ce6655e29f1f2109260e56c58e6f09b55bb,8559b3e42cd0623f6419c5d6704c2b85aa80199a0e8ad904bab2cf2188bf839e,False,regular_beltway,0.054533553573166,3219,13367,55,16,policy_train_regular_beltway_0002,False,0.16666666666666666,0.05604791000007481,0.05604791000007481,2,0.01243648,6672138aa09b88cc5f5fdfc079bc4dedbe9d681f74645debbab2280cb047ae88,0.028487917000006746,0.02755999300006806,lns2.receding_q_label_pilot.v2,random:16,0.02755999300006806,near_feasible,policy_train,s3__policy_train__policy_train_regular_beltway_0002__task_0011__seed_0000__official_adaptive__decision_0000__0109,feasible,1
8,200,"1,99,121,150,161,164,173,198",neighborhood-07f1cef343755e8a,True,"1,0",official_adaptive,1,True,0.0,0,9c65672b1d0feb9c13b70facb175b0c3bbbee9b8bc9599e6bf1a5b265b30f2e1,74bf3616cf56c44848c13f03a852a7013a627a43d2874548f4cf9233565f5dd9,3,1,64e96406f71f4ed36218895c32ee0ce6655e29f1f2109260e56c58e6f09b55bb,8559b3e42cd0623f6419c5d6704c2b85aa80199a0e8ad904bab2cf2188bf839e,False,regular_beltway,0.045338130847868786,1249,4676,200,8,policy_train_regular_beltway_0002,False,0.16666666666666666,0.046381614000097215,0.046381614000097215,2,0.003994613,6672138aa09b88cc5f5fdfc079bc4dedbe9d681f74645debbab2280cb047ae88,0.018821621000029154,0.02755999300006806,lns2.receding_q_label_pilot.v2,collision:8,0.02755999300006806,near_feasible,policy_train,s3__policy_train__policy_train_regular_beltway_0002__task_0011__seed_0000__official_adaptive__decision_0000__0109,feasible,0
8,200,"1,99,121,150,161,164,173,198",neighborhood-07f1cef343755e8a,True,"1,0",official_adaptive,1,True,0.0,0,dfc7b41a32ef0e84593ff7520e95aabfc861c2fa5fad45ba53aafc57fe7fadd9,5f470027b5cf267fc806ce9de8fa855604924adf34ea7872df04296e39242a76,3,1,64e96406f71f4ed36218895c32ee0ce6655e29f1f2109260e56c58e6f09b55bb,8559b3e42cd0623f6419c5d6704c2b85aa80199a0e8ad904bab2cf2188bf839e,False,regular_beltway,0.04303842410453882,1286,4731,220,8,policy_train_regular_beltway_0002,False,0.16666666666666666,0.04397800800006735,0.04397800800006735,2,0.003718766,6672138aa09b88cc5f5fdfc079bc4dedbe9d681f74645debbab2280cb047ae88,0.016418014999999286,0.02755999300006806,lns2.receding_q_label_pilot.v2,collision:8,0.02755999300006806,near_feasible,policy_train,s3__policy_train__policy_train_regular_beltway_0002__task_0011__seed_0000__official_adaptive__decision_0000__0109,feasible,1
4,200,"1,38,121,122",neighborhood-08588bb87ad957dd,True,"1,0",official_adaptive,1,True,0.0,0,b509432a82a8a48af070871f8fff40bfbb60b6cecf2b72d21228b1bc31f8198c,43e05dc469d55bb17ee8fe5f79f14b43070de6658dd85d66e304becc738c9d20,3,1,64e96406f71f4ed36218895c32ee0ce6655e29f1f2109260e56c58e6f09b55bb,8559b3e42cd0623f6419c5d6704c2b85aa80199a0e8ad904bab2cf2188bf839e,True,regular_beltway,0.04489919750046176,729,2341,198,4,policy_train_regular_beltway_0002,False,0.16666666666666666,0.04592242300009275,0.04592242300009275,2,0.002149966,6672138aa09b88cc5f5fdfc079bc4dedbe9d681f74645debbab2280cb047ae88,0.018362430000024688,0.02755999300006806,lns2.receding_q_label_pilot.v2,target:4,0.02755999300006806,near_feasible,policy_train,s3__policy_train__policy_train_regular_beltway_0002__task_0011__seed_0000__official_adaptive__decision_0000__0109,feasible,0
4,200,"1,38,121,122",neighborhood-08588bb87ad957dd,True,"1,0",official_adaptive,1,True,0.0,0,dbe70b4f3d493439e6ebb443b0bff90ef2cfe7a19908829530abe96a51dfaa79,5204761fa01e590e48171b57293658741c8c6d2544998de28cb35619e7a40881,3,1,64e96406f71f4ed36218895c32ee0ce6655e29f1f2109260e56c58e6f09b55bb,8559b3e42cd0623f6419c5d6704c2b85aa80199a0e8ad904bab2cf2188bf839e,True,regular_beltway,0.044022390664830886,811,2547,227,4,policy_train_regular_beltway_0002,False,0.16666666666666666,0.04500575300005494,0.04500575300005494,2,0.002533815,6672138aa09b88cc5f5fdfc079bc4dedbe9d681f74645debbab2280cb047ae88,0.017445759999986876,0.02755999300006806,lns2.receding_q_label_pilot.v2,target:4,0.02755999300006806,near_feasible,policy_train,s3__policy_train__policy_train_regular_beltway_0002__task_0011__seed_0000__official_adaptive__decision_0000__0109,feasible,1
4,200,"1,7,42,121",neighborhood-167e451d0f2a356c,True,"1,0",official_adaptive,1,True,0.0,0,7b393d7f2dbea8c8ee9ea297dd1bab8c3e4af82528be1f461a17827c71548f06,90f119506e713f89fa81d94dcba4a7eee9e121a639e9a271a7fba198420935f0,3,1,64e96406f71f4ed36218895c32ee0ce6655e29f1f2109260e56c58e6f09b55bb,8559b3e42cd0623f6419c5d6704c2b85aa80199a0e8ad904bab2cf2188bf839e,False,regular_beltway,0.042526122149722866,1027,3548,165,4,policy_train_regular_beltway_0002,False,0.16666666666666666,0.04344331300012527,0.04344331300012527,2,0.003292984,6672138aa09b88cc5f5fdfc079bc4dedbe9d681f74645debbab2280cb047ae88,0.01588332000005721,0.02755999300006806,lns2.receding_q_label_pilot.v2,collision:4,0.02755999300006806,near_feasible,policy_train,s3__policy_train__policy_train_regular_beltway_0002__task_0011__seed_0000__official_adaptive__decision_0000__0109,feasible,0
4,200,"1,7,42,121",neighborhood-167e451d0f2a356c,True,"1,0",official_adaptive,1,True,0.0,0,03f3d276e7849801496d6f87e4908f38812352df790bcfe82a1f27e79aac9ab7,dc5546703c2fd0d854890cbc49f12b4333296c2e08c31e330bc1b7d81f349dd5,3,1,64e96406f71f4ed36218895c32ee0ce6655e29f1f2109260e56c58e6f09b55bb,8559b3e42cd0623f6419c5d6704c2b85aa80199a0e8ad904bab2cf2188bf839e,False,regular_beltway,0.04446450675054304,1158,4076,179,4,policy_train_regular_beltway_0002,False,0.16666666666666666,0.04546786900004918,0.04546786900004918,2,0.003239061,6672138aa09b88cc5f5fdfc079bc4dedbe9d681f74645debbab2280cb047ae88,0.017907875999981115,0.02755999300006806,lns2.receding_q_label_pilot.v2,collision:4,0.02755999300006806,near_feasible,policy_train,s3__policy_train__policy_train_regular_beltway_0002__task_0011__seed_0000__official_adaptive__decision_0000__0109,feasible,1
8,200,"25,45,83,104,108,117,121,151",neighborhood-1ad3b3ed951c8b97,True,"1,1,1,0",official_adaptive,3,True,0.0,0,68e0ce45138e135ec7d8a4f3c0dd8cc78122a78bbe0adc5fefe54e3ef507ab9f,b6d6a968b6024800f012358731a4af800257574e73f3ba391f2e5613c2cc0ee4,3,1,64e96406f71f4ed36218895c32ee0ce6655e29f1f2109260e56c58e6f09b55bb,8559b3e42cd0623f6419c5d6704c2b85aa80199a0e8ad904bab2cf2188bf839e,False,regular_beltway,0.18711867055641573,2460,9267,234,16,policy_train_regular_beltway_0002,False,0.8333333333333334,0.20577036600025167,0.20577036600025167,0,0.008040061,6672138aa09b88cc5f5fdfc079bc4dedbe9d681f74645debbab2280cb047ae88,0.04920152000011058,0.02755999300006806,lns2.receding_q_label_pilot.v2,random:8,0.1565688460001411,near_feasible,policy_train,s3__policy_train__policy_train_regular_beltway_0002__task_0011__seed_0000__official_adaptive__decision_0000__0109,feasible,0
8,200,"25,45,83,104,108,117,121,151",neighborhood-1ad3b3ed951c8b97,True,"1,1,0",official_adaptive,2,True,0.0,0,e80f0530f842af412a6d57fe60f433f65205ef2de5072b1368151a86f30962aa,38484681dd1d1359b6c7d77b6eabdb7ddd5cf91995e933d15b2ce5a0a57ae14e,3,1,64e96406f71f4ed36218895c32ee0ce6655e29f1f2109260e56c58e6f09b55bb,8559b3e42cd0623f6419c5d6704c2b85aa80199a0e8ad904bab2cf2188bf839e,False,regular_beltway,0.1102643602337124,2850,10763,269,16,policy_train_regular_beltway_0002,False,0.5,0.11657320900019386,0.11657320900019386,1,0.010928832,6672138aa09b88cc5f5fdfc079bc4dedbe9d681f74645debbab2280cb047ae88,0.0458911570001419,0.02755999300006806,lns2.receding_q_label_pilot.v2,random:8,0.07068205200005195,near_feasible,policy_train,s3__policy_train__policy_train_regular_beltway_0002__task_0011__seed_0000__official_adaptive__decision_0000__0109,feasible,1
8,200,"1,38,81,104,121,122,140,153",neighborhood-1bad4061cf7f193c,True,"1,0",official_adaptive,1,True,0.0,0,a28576be4bbf0a63c10034914628d17c0f839b664cc16de7d3cee451d5fc0140,3df96e3a398173552f57b4928c8f69e9be7b92c78fb5e3f3e48a37bde8299d1f,3,1,64e96406f71f4ed36218895c32ee0ce6655e29f1f2109260e56c58e6f09b55bb,8559b3e42cd0623f6419c5d6704c2b85aa80199a0e8ad904bab2cf2188bf839e,False,regular_beltway,0.043716000921198574,1226,4589,161,8,policy_train_regular_beltway_0002,False,0.16666666666666666,0.04468562300007761,0.04468562300007761,2,0.003715418,6672138aa09b88cc5f5fdfc079bc4dedbe9d681f74645debbab2280cb047ae88,0.01712563000000955,0.02755999300006806,lns2.receding_q_label_pilot.v2,target:8,0.02755999300006806,near_feasible,policy_train,s3__policy_train__policy_train_regular_beltway_0002__task_0011__seed_0000__official_adaptive__decision_0000__0109,feasible,0
8,200,"1,38,81,104,121,122,140,153",neighborhood-1bad4061cf7f193c,True,"1,0",official_adaptive,1,True,0.0,0,11a3e3d4f703fd3233b90528b5f577fc11f91d7ec6b16730d828e00edbad5857,de131b05f5390c414d4a01ca3075d2b6414f70ca2b566f7fa0a1536edae55d40,3,1,64e96406f71f4ed36218895c32ee0ce6655e29f1f2109260e56c58e6f09b55bb,8559b3e42cd0623f6419c5d6704c2b85aa80199a0e8ad904bab2cf2188bf839e,False,regular_beltway,0.043711912601500855,1205,4523,177,8,policy_train_regular_beltway_0002,False,0.16666666666666666,0.04468135199999779,0.04468135199999779,2,0.004135858,6672138aa09b88cc5f5fdfc079bc4dedbe9d681f74645debbab2280cb047ae88,0.017121358999929726,0.02755999300006806,lns2.receding_q_label_pilot.v2,target:8,0.02755999300006806,near_feasible,policy_train,s3__policy_train__policy_train_regular_beltway_0002__task_0011__seed_0000__official_adaptive__decision_0000__0109,feasible,1
4,200,"31,51,121,151",neighborhood-1fec1ac513d32538,True,"1,1,1,0",official_adaptive,3,True,0.0,0,aa72521a4f62e4b59824cfcf7fd505bc271e8459cb34c731a3cd7b3d09a4d894,d874b16c5ebd69e61d4a8c33f181bab019f409077625b1d83f5269c100fef415,3,1,64e96406f71f4ed36218895c32ee0ce6655e29f1f2109260e56c58e6f09b55bb,8559b3e42cd0623f6419c5d6704c2b85aa80199a0e8ad904bab2cf2188bf839e,False,regular_beltway,0.13570931460479158,1912,7204,151,12,policy_train_regular_beltway_0002,False,0.8333333333333334,0.14534890900006303,0.14534890900006303,0,0.005328762000000001,6672138aa09b88cc5f5fdfc079bc4dedbe9d681f74645debbab2280cb047ae88,0.04649059999997007,0.02755999300006806,lns2.receding_q_label_pilot.v2,random:4,0.09885830900009296,near_feasible,policy_train,s3__policy_train__policy_train_regular_beltway_0002__task_0011__seed_0000__official_adaptive__decision_0000__0109,feasible,0
4,200,"31,51,121,151",neighborhood-1fec1ac513d32538,True,"1,1,0",official_adaptive,2,True,0.0,0,cff2a6d8d11471196a5bbbdaf885abca541684df3ddd8b5f00793a6e3f3b44b5,887a37783fb300e9ad83fd483b0840bf76990a5227f7a35e9ac2a8ce5c1fa288,3,1,64e96406f71f4ed36218895c32ee0ce6655e29f1f2109260e56c58e6f09b55bb,8559b3e42cd0623f6419c5d6704c2b85aa80199a0e8ad904bab2cf2188bf839e,False,regular_beltway,0.10321123861592041,2357,8622,260,12,policy_train_regular_beltway_0002,False,0.5,0.10872559000017645,0.10872559000017645,1,0.009066592,6672138aa09b88cc5f5fdfc079bc4dedbe9d681f74645debbab2280cb047ae88,0.040936329000032856,0.02755999300006806,lns2.receding_q_label_pilot.v2,random:4,0.0677892610001436,near_feasible,policy_train,s3__policy_train__policy_train_regular_beltway_0002__task_0011__seed_0000__official_adaptive__decision_0000__0109,feasible,1
4,200,"1,80,121,135",neighborhood-2421019627b7bf8b,True,"1,0",official_adaptive,1,True,0.0,0,9d4e5ccb329ba9c9b37a40e71d543268aa18a800949304668ee2c94d8a95541f,06944bf7ac544d988afad2a731bfba7b112efd5da8179d3ee2d66edb1395511c,3,1,64e96406f71f4ed36218895c32ee0ce6655e29f1f2109260e56c58e6f09b55bb,8559b3e42cd0623f6419c5d6704c2b85aa80199a0e8ad904bab2cf2188bf839e,False,regular_beltway,0.04192954384098436,1378,4817,171,4,policy_train_regular_beltway_0002,False,0.16666666666666666,0.042821002999971824,0.042821002999971824,2,0.00351937,6672138aa09b88cc5f5fdfc079bc4dedbe9d681f74645debbab2280cb047ae88,0.015261009999903763,0.02755999300006806,lns2.receding_q_label_pilot.v2,collision:4,0.02755999300006806,near_feasible,policy_train,s3__policy_train__policy_train_regular_beltway_0002__task_0011__seed_0000__official_adaptive__decision_0000__0109,feasible,0
4,200,"1,80,121,135",neighborhood-2421019627b7bf8b,True,"1,0",official_adaptive,1,True,0.0,0,00df80e37247ee08c49dfb4c21a1e83d679b0ace698780c4efc28d75d9231591,d1eff78d309ff37e006f762e90505e69cb73e9db87a92f416f6e453ab0e9edd4,3,1,64e96406f71f4ed36218895c32ee0ce6655e29f1f2109260e56c58e6f09b55bb,8559b3e42cd0623f6419c5d6704c2b85aa80199a0e8ad904bab2cf2188bf839e,False,regular_beltway,0.04419206337380917,1435,4940,185,4,policy_train_regular_beltway_0002,False,0.16666666666666666,0.045183077000160665,0.045183077000160665,2,0.00426737,6672138aa09b88cc5f5fdfc079bc4dedbe9d681f74645debbab2280cb047ae88,0.017623084000092604,0.02755999300006806,lns2.receding_q_label_pilot.v2,collision:4,0.02755999300006806,near_feasible,policy_train,s3__policy_train__policy_train_regular_beltway_0002__task_0011__seed_0000__official_adaptive__decision_0000__0109,feasible,1
4,200,"1,23,29,79",neighborhood-2592dc45feca37f8,True,"1,0",official_adaptive,1,True,0.0,0,bb875cfd86e796d87abe1b8a0e8bb9625dc088cbd052e8d9fa87fe32077669be,69e279fc0d71b45b983f3844b0aab6a847098bbcb9c121aaef3101e7aa968496,3,1,64e96406f71f4ed36218895c32ee0ce6655e29f1f2109260e56c58e6f09b55bb,8559b3e42cd0623f6419c5d6704c2b85aa80199a0e8ad904bab2cf2188bf839e,False,regular_beltway,0.043237722618136964,510,1899,45,4,policy_train_regular_beltway_0002,False,0.16666666666666666,0.04418609200001811,0.04418609200001811,2,0.001662858,6672138aa09b88cc5f5fdfc079bc4dedbe9d681f74645debbab2280cb047ae88,0.016626098999950045,0.02755999300006806,lns2.receding_q_label_pilot.v2,random:4,0.02755999300006806,near_feasible,policy_train,s3__policy_train__policy_train_regular_beltway_0002__task_0011__seed_0000__official_adaptive__decision_0000__0109,feasible,0
4,200,"1,23,29,79",neighborhood-2592dc45feca37f8,True,"1,0",official_adaptive,1,True,0.0,0,6279171549f2de581270d4687353c2cb0a17bb048a867b624a0c9c59e6a218cd,6eba5317f4c138143282f8d539fcaecae0e46f0055773ab6a23c402e59a94d17,3,1,64e96406f71f4ed36218895c32ee0ce6655e29f1f2109260e56c58e6f09b55bb,8559b3e42cd0623f6419c5d6704c2b85aa80199a0e8ad904bab2cf2188bf839e,False,regular_beltway,0.04562761333516432,674,2196,49,4,policy_train_regular_beltway_0002,False,0.16666666666666666,0.04668456700005663,0.04668456700005663,2,0.002962707,6672138aa09b88cc5f5fdfc079bc4dedbe9d681f74645debbab2280cb047ae88,0.01912457399998857,0.02755999300006806,lns2.receding_q_label_pilot.v2,random:4,0.02755999300006806,near_feasible,policy_train,s3__policy_train__policy_train_regular_beltway_0002__task_0011__seed_0000__official_adaptive__decision_0000__0109,feasible,1
16,200,"1,27,38,60,81,83,104,108,114,117,120,121,122,127,140,153",neighborhood-35eabe71c6dd71d8,True,"1,0",official_adaptive,1,True,0.0,0,a7120f3dabb1d2dfc56a3dcd35ea94d06c8bb5079e74bab0c183cb1880f6e506,ce7439f92790795d5dfb68b01e32aa39da43e39190c9cccd6207ec2d5abae07e,3,1,64e96406f71f4ed36218895c32ee0ce6655e29f1f2109260e56c58e6f09b55bb,8559b3e42cd0623f6419c5d6704c2b85aa80199a0e8ad904bab2cf2188bf839e,False,regular_beltway,0.04770786440870311,1888,7776,79,16,policy_train_regular_beltway_0002,False,0.16666666666666666,0.048864200000139135,0.048864200000139135,2,0.006146746,6672138aa09b88cc5f5fdfc079bc4dedbe9d681f74645debbab2280cb047ae88,0.021304207000071074,0.02755999300006806,lns2.receding_q_label_pilot.v2,target:16,0.02755999300006806,near_feasible,policy_train,s3__policy_train__policy_train_regular_beltway_0002__task_0011__seed_0000__official_adaptive__decision_0000__0109,feasible,0
16,200,"1,27,38,60,81,83,104,108,114,117,120,121,122,127,140,153",neighborhood-35eabe71c6dd71d8,True,"1,0",official_adaptive,1,True,0.0,0,a56a485840f9527e54b600199e9d32ff0ed7e581e082007bbc12152c7f0d7899,76cfbb8443269ae05ec87549e78e845589f4eefaaea6777bcdf8f3d050ecf80c,3,1,64e96406f71f4ed36218895c32ee0ce6655e29f1f2109260e56c58e6f09b55bb,8559b3e42cd0623f6419c5d6704c2b85aa80199a0e8ad904bab2cf2188bf839e,False,regular_beltway,0.05108708897872819,2200,8320,166,16,policy_train_regular_beltway_0002,False,0.16666666666666666,0.05241454300005444,0.05241454300005444,2,0.008699214,6672138aa09b88cc5f5fdfc079bc4dedbe9d681f74645debbab2280cb047ae88,0.024854549999986375,0.02755999300006806,lns2.receding_q_label_pilot.v2,target:16,0.02755999300006806,near_feasible,policy_train,s3__policy_train__policy_train_regular_beltway_0002__task_0011__seed_0000__official_adaptive__decision_0000__0109,feasible,1
16,200,"0,9,18,26,30,33,68,121,139,143,145,165,174,176,179,189",neighborhood-a823575413b769ba,True,"1,1,1,0",official_adaptive,3,True,0.0,0,1716be5b779e81a3cfdbd63cac37deef0c7d0befdea2a64cceccdd9b98a58415,55c7e5a3321edcb59405167f51fecd0a995186a777f2635bbb03fae036986fd8,3,1,64e96406f71f4ed36218895c32ee0ce6655e29f1f2109260e56c58e6f09b55bb,8559b3e42cd0623f6419c5d6704c2b85aa80199a0e8ad904bab2cf2188bf839e,False,regular_beltway,0.13651990656487464,3437,13004,292,24,policy_train_regular_beltway_0002,False,0.8333333333333334,0.1462776959999701,0.1462776959999701,0,0.010853115,6672138aa09b88cc5f5fdfc079bc4dedbe9d681f74645debbab2280cb047ae88,0.052294404999884136,0.02755999300006806,lns2.receding_q_label_pilot.v2,random:16,0.09398329100008596,near_feasible,policy_train,s3__policy_train__policy_train_regular_beltway_0002__task_0011__seed_0000__official_adaptive__decision_0000__0109,feasible,0
16,200,"0,9,18,26,30,33,68,121,139,143,145,165,174,176,179,189",neighborhood-a823575413b769ba,True,"1,1,0",official_adaptive,2,True,0.0,0,d56da814d402d71b1ccb8ff4f84db4d6753f830029cac1c5e86d81f00b4a1518,3bfc1c71432eafd3623ef894a55bd84d54f0ddad9a5e8aa818395b33407ac663,3,1,64e96406f71f4ed36218895c32ee0ce6655e29f1f2109260e56c58e6f09b55bb,8559b3e42cd0623f6419c5d6704c2b85aa80199a0e8ad904bab2cf2188bf839e,False,regular_beltway,0.10437279181928961,3533,13437,339,24,policy_train_regular_beltway_0002,False,0.5,0.11001418200009994,0.11001418200009994,1,0.014009844,6672138aa09b88cc5f5fdfc079bc4dedbe9d681f74645debbab2280cb047ae88,0.04388854199999059,0.02755999300006806,lns2.receding_q_label_pilot.v2,random:16,0.06612564000010934,near_feasible,policy_train,s3__policy_train__policy_train_regular_beltway_0002__task_0011__seed_0000__official_adaptive__decision_0000__0109,feasible,1
4,200,"2,121,157,161",neighborhood-ab7240b6fb40fa95,True,"1,0",official_adaptive,1,True,0.0,0,5597cd80c1dee8f5fb2ea8c4038ed6fa85f40f892c91be88b9661208dc225781,cc9211d67f560f73a53cdf55dcfeb48c4f7d27c1a075f51ce9b5dfb02dd906fe,3,1,64e96406f71f4ed36218895c32ee0ce6655e29f1f2109260e56c58e6f09b55bb,8559b3e42cd0623f6419c5d6704c2b85aa80199a0e8ad904bab2cf2188bf839e,False,regular_beltway,0.04216406378243782,864,3058,111,4,policy_train_regular_beltway_0002,False,0.16666666666666666,0.043065594000154306,0.043065594000154306,2,0.002317602,6672138aa09b88cc5f5fdfc079bc4dedbe9d681f74645debbab2280cb047ae88,0.015505601000086244,0.02755999300006806,lns2.receding_q_label_pilot.v2,"target:4,target:8",0.02755999300006806,near_feasible,policy_train,s3__policy_train__policy_train_regular_beltway_0002__task_0011__seed_0000__official_adaptive__decision_0000__0109,feasible,0
4,200,"2,121,157,161",neighborhood-ab7240b6fb40fa95,True,"1,0",official_adaptive,1,True,0.0,0,3d567d04a59cee4f45dd68cd89753ce15adf3be2a6c258dc2c25ccd3859b6bd8,8c10e8496cfd91f462158cf8ff883f6627a6b214bcf6e573a30ebe842a466bec,3,1,64e96406f71f4ed36218895c32ee0ce6655e29f1f2109260e56c58e6f09b55bb,8559b3e42cd0623f6419c5d6704c2b85aa80199a0e8ad904bab2cf2188bf839e,False,regular_beltway,0.04144828412001478,845,2982,106,4,policy_train_regular_beltway_0002,False,0.16666666666666666,0.042319256000041605,0.042319256000041605,2,0.002316624,6672138aa09b88cc5f5fdfc079bc4dedbe9d681f74645debbab2280cb047ae88,0.014759262999973544,0.02755999300006806,lns2.receding_q_label_pilot.v2,"target:4,target:8",0.02755999300006806,near_feasible,policy_train,s3__policy_train__policy_train_regular_beltway_0002__task_0011__seed_0000__official_adaptive__decision_0000__0109,feasible,1
16,200,"1,2,3,8,79,81,99,102,121,122,128,132,148,166,179,185",neighborhood-d01cbf615abb517f,True,"1,0",official_adaptive,1,True,0.0,0,abd3fb689110aa98c90609eee5ed0270b2dceadea7a0f05165dad28881a671ac,20ad8d26bda58ed6db2010640c6fdb3f34e9ae9e2191575c9b00561e026a50ea,3,1,64e96406f71f4ed36218895c32ee0ce6655e29f1f2109260e56c58e6f09b55bb,8559b3e42cd0623f6419c5d6704c2b85aa80199a0e8ad904bab2cf2188bf839e,False,regular_beltway,0.04691336503558782,2755,9253,410,16,policy_train_regular_beltway_0002,False,0.16666666666666666,0.04803120899998703,0.04803120899998703,2,0.008126251,6672138aa09b88cc5f5fdfc079bc4dedbe9d681f74645debbab2280cb047ae88,0.020471215999918968,0.02755999300006806,lns2.receding_q_label_pilot.v2,collision:16,0.02755999300006806,near_feasible,policy_train,s3__policy_train__policy_train_regular_beltway_0002__task_0011__seed_0000__official_adaptive__decision_0000__0109,feasible,0
16,200,"1,2,3,8,79,81,99,102,121,122,128,132,148,166,179,185",neighborhood-d01cbf615abb517f,True,"1,0",official_adaptive,1,True,0.0,0,6b0346b6f175e3a1e405642d04793e62258eb81fd875a8a78dd87945c9d44997,3c456dff09f2fb3bae7e9735d139425d244100c2969b7ca7901566269a3bf309,3,1,64e96406f71f4ed36218895c32ee0ce6655e29f1f2109260e56c58e6f09b55bb,8559b3e42cd0623f6419c5d6704c2b85aa80199a0e8ad904bab2cf2188bf839e,False,regular_beltway,0.04798862588069316,2546,9547,209,16,policy_train_regular_beltway_0002,False,0.16666666666666666,0.049158722000129274,0.049158722000129274,2,0.009895298,6672138aa09b88cc5f5fdfc079bc4dedbe9d681f74645debbab2280cb047ae88,0.021598729000061212,0.02755999300006806,lns2.receding_q_label_pilot.v2,collision:16,0.02755999300006806,near_feasible,policy_train,s3__policy_train__policy_train_regular_beltway_0002__task_0011__seed_0000__official_adaptive__decision_0000__0109,feasible,1
16,400,"23,117,120,144,176,177,189,200,201,232,254,265,281,283,350,377",neighborhood-098bd2e4e0221133,True,"1,0",official_adaptive,1,True,0.0,0,38e69a096ab096d7c59be8d1f3d7c5b5f4deababdd09389c6eb5a9f21f2ff4d9,21f4528cf277877552ce067b2e393bcfdc344e81aecb59433dcaeb09697403b2,3,1,df4a309aafd3b09d0153b23744c614aaaa347cf1b7c1c757cb036d446e8e5fe9,31efd58a54de9cecf77941cbcfd49870bfca85977d4edbbc4b1d998c373cc478,False,regular_beltway,0.07640582128931551,3856,12461,555,16,policy_train_regular_beltway_0002,False,0.16666666666666666,0.07940052899994043,0.07940052899994043,2,0.011867859,6672138aa09b88cc5f5fdfc079bc4dedbe9d681f74645debbab2280cb047ae88,0.03839477700000771,0.04100575199993273,lns2.receding_q_label_pilot.v2,target:16,0.04100575199993273,high_cost_progress,policy_train,s3__policy_train__policy_train_regular_beltway_0002__task_0015__seed_0000__realized_dynamic__decision_0000__0110,feasible,0
16,400,"23,117,120,144,176,177,189,200,201,232,254,265,281,283,350,377",neighborhood-098bd2e4e0221133,True,"1,0",official_adaptive,1,True,0.0,0,b7b129a929bbfda8405194aa9a93fe5b69a3506d298d72689ebe5a002ede29f7,7f2727c950089ebd49a7b4d9768e80e521fcb58bb91da6e3442dab4cb52cc324,3,1,df4a309aafd3b09d0153b23744c614aaaa347cf1b7c1c757cb036d446e8e5fe9,31efd58a54de9cecf77941cbcfd49870bfca85977d4edbbc4b1d998c373cc478,False,regular_beltway,0.08667947033132571,3826,12457,550,16,policy_train_regular_beltway_0002,False,0.16666666666666666,0.0905470709999463,0.0905470709999463,2,0.018328029,6672138aa09b88cc5f5fdfc079bc4dedbe9d681f74645debbab2280cb047ae88,0.04954131900001357,0.04100575199993273,lns2.receding_q_label_pilot.v2,target:16,0.04100575199993273,high_cost_progress,policy_train,s3__policy_train__policy_train_regular_beltway_0002__task_0015__seed_0000__realized_dynamic__decision_0000__0110,feasible,1
4,400,"30,66,92,189",neighborhood-0ae0c016dec95849,True,"1,1,0",official_adaptive,2,True,0.0,0,9eed9d53f0f5808dd08096e340e0d0593c002e21cacddb6c8b736d49aca20a7f,d325902a7e2e46caa2aaf65a7e4012720359d45a1e9986310b5a7dd49758cd35,3,1,df4a309aafd3b09d0153b23744c614aaaa347cf1b7c1c757cb036d446e8e5fe9,31efd58a54de9cecf77941cbcfd49870bfca85977d4edbbc4b1d998c373cc478,False,regular_beltway,0.16442886555806335,4886,13117,286,11,policy_train_regular_beltway_0002,False,0.5,0.17871971899990058,0.17871971899990058,1,0.015917937,6672138aa09b88cc5f5fdfc079bc4dedbe9d681f74645debbab2280cb047ae88,0.07610921499997403,0.04100575199993273,lns2.receding_q_label_pilot.v2,random:4,0.10261050399992655,high_cost_progress,policy_train,s3__policy_train__policy_train_regular_beltway_0002__task_0015__seed_0000__realized_dynamic__decision_0000__0110,feasible,0
4,400,"30,66,92,189",neighborhood-0ae0c016dec95849,True,"1,1,0",official_adaptive,2,True,0.0,0,20aec11fc2f90e780ff97be7c0f0b25fcf2bc34edb7fb7d6d5a71de6b6d3e516,ef662e4c103d9656c7667dc96f9c7f5de38d9a2cc5dd91887df9fc1fac726062,3,1,df4a309aafd3b09d0153b23744c614aaaa347cf1b7c1c757cb036d446e8e5fe9,31efd58a54de9cecf77941cbcfd49870bfca85977d4edbbc4b1d998c373cc478,False,regular_beltway,0.16140725026117536,4692,12330,262,11,policy_train_regular_beltway_0002,False,0.5,0.17516345699982594,0.17516345699982594,1,0.014425396,6672138aa09b88cc5f5fdfc079bc4dedbe9d681f74645debbab2280cb047ae88,0.07035332299994934,0.04100575199993273,lns2.receding_q_label_pilot.v2,random:4,0.1048101339998766,high_cost_progress,policy_train,s3__policy_train__policy_train_regular_beltway_0002__task_0015__seed_0000__realized_dynamic__decision_0000__0110,feasible,1
16,400,"15,16,21,23,25,66,175,189,211,242,284,287,309,320,321,362",neighborhood-0cc76e6d35c74ad7,True,"1,0",official_adaptive,1,True,0.0,0,b9b107a43df9f7add357be392d6995aff8192a2372ffb9e8293d714ebb2fb86a,ff80db6514c4082cc1c30861b276d4224b0ece7313abff9faa6dde684e9a7715,3,1,df4a309aafd3b09d0153b23744c614aaaa347cf1b7c1c757cb036d446e8e5fe9,31efd58a54de9cecf77941cbcfd49870bfca85977d4edbbc4b1d998c373cc478,False,regular_beltway,0.08940101594348725,5937,18543,503,16,policy_train_regular_beltway_0002,False,0.16666666666666666,0.09351908700000422,0.09351908700000422,2,0.022930428,6672138aa09b88cc5f5fdfc079bc4dedbe9d681f74645debbab2280cb047ae88,0.05251333500007149,0.04100575199993273,lns2.receding_q_label_pilot.v2,collision:16,0.04100575199993273,high_cost_progress,policy_train,s3__policy_train__policy_train_regular_beltway_0002__task_0015__seed_0000__realized_dynamic__decision_0000__0110,feasible,0
16,400,"15,16,21,23,25,66,175,189,211,242,284,287,309,320,321,362",neighborhood-0cc76e6d35c74ad7,True,"1,0",official_adaptive,1,True,0.0,0,da235cbf7c21088f454036ab0ae3e00147c36995834eec19c2214f52a89c3ead,4b0f006af0b73d663699d751ec4696181df1076208542c46674b33f15ec6c246,3,1,df4a309aafd3b09d0153b23744c614aaaa347cf1b7c1c757cb036d446e8e5fe9,31efd58a54de9cecf77941cbcfd49870bfca85977d4edbbc4b1d998c373cc478,False,regular_beltway,0.08195355038853233,5691,15900,1207,16,policy_train_regular_beltway_0002,False,0.16666666666666666,0.08540539199987052,0.08540539199987052,2,0.017585273,6672138aa09b88cc5f5fdfc079bc4dedbe9d681f74645debbab2280cb047ae88,0.04439963999993779,0.04100575199993273,lns2.receding_q_label_pilot.v2,collision:16,0.04100575199993273,high_cost_progress,policy_train,s3__policy_train__policy_train_regular_beltway_0002__task_0015__seed_0000__realized_dynamic__decision_0000__0110,feasible,1
8,400,"15,23,53,66,189,225,227,306",neighborhood-1378930d9dbe86af,True,"1,1,0",official_adaptive,2,True,0.0,0,6c1ff08ab946cb5211218f9dd04d05af4f90aa6ffb45246c31a46f9b31c919b6,7c5131e0e22df004657a36002d5cbf1fec9790dd9978d6d874fe3f4aa8506554,3,1,df4a309aafd3b09d0153b23744c614aaaa347cf1b7c1c757cb036d446e8e5fe9,31efd58a54de9cecf77941cbcfd49870bfca85977d4edbbc4b1d998c373cc478,False,regular_beltway,0.1826808539057833,6470,19295,234,15,policy_train_regular_beltway_0002,False,0.5,0.20043123400012064,0.20043123400012064,1,0.019097317,6672138aa09b88cc5f5fdfc079bc4dedbe9d681f74645debbab2280cb047ae88,0.07659486000011384,0.04100575199993273,lns2.receding_q_label_pilot.v2,collision:8,0.1238363740000068,high_cost_progress,policy_train,s3__policy_train__policy_train_regular_beltway_0002__task_0015__seed_0000__realized_dynamic__decision_0000__0110,feasible,0
8,400,"15,23,53,66,189,225,227,306",neighborhood-1378930d9dbe86af,True,"1,0",official_adaptive,1,True,0.0,0,0ed3a04899ada18306df441d53c5153c2d7d1005954b262776dbc7901a40d017,9553776c0eb956a96bbf16c05ff43212ca760f3fc2edb30205bcc391d9f499c9,3,1,df4a309aafd3b09d0153b23744c614aaaa347cf1b7c1c757cb036d446e8e5fe9,31efd58a54de9cecf77941cbcfd49870bfca85977d4edbbc4b1d998c373cc478,False,regular_beltway,0.07720152703181653,3622,10285,684,8,policy_train_regular_beltway_0002,False,0.16666666666666666,0.08025975599991853,0.08025975599991853,2,0.012025736,6672138aa09b88cc5f5fdfc079bc4dedbe9d681f74645debbab2280cb047ae88,0.0392540039999858,0.04100575199993273,lns2.receding_q_label_pilot.v2,collision:8,0.04100575199993273,high_cost_progress,policy_train,s3__policy_train__policy_train_regular_beltway_0002__task_0015__seed_0000__realized_dynamic__decision_0000__0110,feasible,1
8,400,"94,123,124,189,202,217,333,335",neighborhood-13f8ee92134fe2cf,True,"1,1,0",official_adaptive,2,True,0.0,0,7990ea28cd1ebbd880cdfc9677dbb22b7d77f1d0f1d093485b33c334d2950823,fd94c2ae643620a5d22abd237a4da664c7933953660f90e997b1caa29cf4f5f4,3,1,df4a309aafd3b09d0153b23744c614aaaa347cf1b7c1c757cb036d446e8e5fe9,31efd58a54de9cecf77941cbcfd49870bfca85977d4edbbc4b1d998c373cc478,False,regular_beltway,0.18802099907228784,11284,23904,2782,15,policy_train_regular_beltway_0002,False,0.5,0.20685885799991865,0.20685885799991865,1,0.032350105000000004,6672138aa09b88cc5f5fdfc079bc4dedbe9d681f74645debbab2280cb047ae88,0.09594084699995165,0.04100575199993273,lns2.receding_q_label_pilot.v2,random:8,0.11091801099996701,high_cost_progress,policy_train,s3__policy_train__policy_train_regular_beltway_0002__task_0015__seed_0000__realized_dynamic__decision_0000__0110,feasible,0
8,400,"94,123,124,189,202,217,333,335",neighborhood-13f8ee92134fe2cf,True,"1,1,0",official_adaptive,2,True,0.0,0,a0d2f293dc387eef6c06f8017bea9f32950fc69dc469a13bd28ec061b92b4dec,d44c155ee04cae70e5e7c043832379d8d16cee5f783b1baf90529a132af15f7d,3,1,df4a309aafd3b09d0153b23744c614aaaa347cf1b7c1c757cb036d446e8e5fe9,31efd58a54de9cecf77941cbcfd49870bfca85977d4edbbc4b1d998c373cc478,False,regular_beltway,0.17540122644926875,9470,20912,2036,15,policy_train_regular_beltway_0002,False,0.5,0.19172427199987396,0.19172427199987396,1,0.02401161,6672138aa09b88cc5f5fdfc079bc4dedbe9d681f74645debbab2280cb047ae88,0.0842853509999486,0.04100575199993273,lns2.receding_q_label_pilot.v2,random:8,0.10743892099992536,high_cost_progress,policy_train,s3__policy_train__policy_train_regular_beltway_0002__task_0015__seed_0000__realized_dynamic__decision_0000__0110,feasible,1
4,400,"13,23,316,328",neighborhood-1a9ee265e4a28ae2,True,"1,0",official_adaptive,1,True,0.0,0,c3c5172689854241e02d532044986739bb9b894ac09bb149f422dbd5b3bd136b,630f6d5680931b5496250a6f8dfdd812f12aebb6921f9a757fd45a15c0b7f33b,3,1,df4a309aafd3b09d0153b23744c614aaaa347cf1b7c1c757cb036d446e8e5fe9,31efd58a54de9cecf77941cbcfd49870bfca85977d4edbbc4b1d998c373cc478,False,regular_beltway,0.07156734535003126,1598,5127,97,4,policy_train_regular_beltway_0002,False,0.16666666666666666,0.07419048999997813,0.07419048999997813,2,0.005200966,6672138aa09b88cc5f5fdfc079bc4dedbe9d681f74645debbab2280cb047ae88,0.0331847380000454,0.04100575199993273,lns2.receding_q_label_pilot.v2,random:4,0.04100575199993273,high_cost_progress,policy_train,s3__policy_train__policy_train_regular_beltway_0002__task_0015__seed_0000__realized_dynamic__decision_0000__0110,feasible,0
4,400,"13,23,316,328",neighborhood-1a9ee265e4a28ae2,True,"1,0",official_adaptive,1,True,0.0,0,fb0cb376b97e74736765fd60a148050950cc301d2ee6dfb4de3f77e0ffc73bfb,d80df3e5ae99badff041486c5185068d783574271befc1b2b8936f8df05c1318,3,1,df4a309aafd3b09d0153b23744c614aaaa347cf1b7c1c757cb036d446e8e5fe9,31efd58a54de9cecf77941cbcfd49870bfca85977d4edbbc4b1d998c373cc478,False,regular_beltway,0.08457562002396651,1791,5407,150,4,policy_train_regular_beltway_0002,False,0.16666666666666666,0.08825513499994031,0.08825513499994031,2,0.01120718,6672138aa09b88cc5f5fdfc079bc4dedbe9d681f74645debbab2280cb047ae88,0.04724938300000758,0.04100575199993273,lns2.receding_q_label_pilot.v2,random:4,0.04100575199993273,high_cost_progress,policy_train,s3__policy_train__policy_train_regular_beltway_0002__task_0015__seed_0000__realized_dynamic__decision_0000__0110,feasible,1
8,400,"23,58,115,189,218,235,261,287",neighborhood-1ea53714deb1553e,True,"1,1,0",official_adaptive,2,True,0.0,0,6caa4ebdfa70622adfae53ac2b5e548e77230719c80725537dc83dac0e957372,33788d9e478c9251aa17099f5bdfbbd128fc2001190ff3d9c33deea567970783,3,1,df4a309aafd3b09d0153b23744c614aaaa347cf1b7c1c757cb036d446e8e5fe9,31efd58a54de9cecf77941cbcfd49870bfca85977d4edbbc4b1d998c373cc478,False,regular_beltway,0.1758787598119843,5901,15772,620,15,policy_train_regular_beltway_0002,False,0.5,0.19229349599982015,0.19229349599982015,1,0.020236781000000002,6672138aa09b88cc5f5fdfc079bc4dedbe9d681f74645debbab2280cb047ae88,0.0852021099999547,0.04100575199993273,lns2.receding_q_label_pilot.v2,collision:8,0.10709138599986545,high_cost_progress,policy_train,s3__policy_train__policy_train_regular_beltway_0002__task_0015__seed_0000__realized_dynamic__decision_0000__0110,feasible,0
8,400,"23,58,115,189,218,235,261,287",neighborhood-1ea53714deb1553e,True,"1,0",official_adaptive,1,True,0.0,0,484f3a197b31cd14ba9b664411f65d28990d8646ce7200058c9e56aa6f10033f,9ae8133a1f199243492d827654c804bfa9c351dbb61dbfc96b9b9b1ea49910fc,3,1,df4a309aafd3b09d0153b23744c614aaaa347cf1b7c1c757cb036d446e8e5fe9,31efd58a54de9cecf77941cbcfd49870bfca85977d4edbbc4b1d998c373cc478,False,regular_beltway,0.07479779745519524,1805,4931,552,8,policy_train_regular_beltway_0002,False,0.16666666666666666,0.07766622199994799,0.07766622199994799,2,0.006602452,6672138aa09b88cc5f5fdfc079bc4dedbe9d681f74645debbab2280cb047ae88,0.036660470000015266,0.04100575199993273,lns2.receding_q_label_pilot.v2,collision:8,0.04100575199993273,high_cost_progress,policy_train,s3__policy_train__policy_train_regular_beltway_0002__task_0015__seed_0000__realized_dynamic__decision_0000__0110,feasible,1
16,400,"5,23,36,53,119,136,144,173,182,210,221,251,256,322,324,392",neighborhood-26ca5a9189de7599,True,"1,0",official_adaptive,1,True,0.0,0,774a60375140a839304621f980ccee357cda815ae0f4db95acd931d537e1cd90,003357fd5b5044385d331443b5912d3ce42892a09cfe9bff74ad5303c651bfdb,3,1,df4a309aafd3b09d0153b23744c614aaaa347cf1b7c1c757cb036d446e8e5fe9,31efd58a54de9cecf77941cbcfd49870bfca85977d4edbbc4b1d998c373cc478,False,regular_beltway,0.08789609051510329,6010,15689,1647,16,policy_train_regular_beltway_0002,False,0.16666666666666666,0.09187465999991673,0.09187465999991673,2,0.020477679,6672138aa09b88cc5f5fdfc079bc4dedbe9d681f74645debbab2280cb047ae88,0.050868907999984,0.04100575199993273,lns2.receding_q_label_pilot.v2,random:16,0.04100575199993273,high_cost_progress,policy_train,s3__policy_train__policy_train_regular_beltway_0002__task_0015__seed_0000__realized_dynamic__decision_0000__0110,feasible,0
16,400,"5,23,36,53,119,136,144,173,182,210,221,251,256,322,324,392",neighborhood-26ca5a9189de7599,True,"1,0",official_adaptive,1,True,0.0,0,6a950c929955108ab2973a18efafea882aeb76aeee9608696d09adc64540592d,f458ac209e0e5705e78c73a908ecd7a854ebd3575002457e6baafc03167f67d9,3,1,df4a309aafd3b09d0153b23744c614aaaa347cf1b7c1c757cb036d446e8e5fe9,31efd58a54de9cecf77941cbcfd49870bfca85977d4edbbc4b1d998c373cc478,False,regular_beltway,0.0897424441449736,6033,16263,1614,16,policy_train_regular_beltway_0002,False,0.16666666666666666,0.09389250899994295,0.09389250899994295,2,0.019816263,6672138aa09b88cc5f5fdfc079bc4dedbe9d681f74645debbab2280cb047ae88,0.05288675700001022,0.04100575199993273,lns2.receding_q_label_pilot.v2,random:16,0.04100575199993273,high_cost_progress,policy_train,s3__policy_train__policy_train_regular_beltway_0002__task_0015__seed_0000__realized_dynamic__decision_0000__0110,feasible,1
16,400,"25,36,53,83,100,127,177,189,190,201,225,235,296,371,374,397",neighborhood-28ccff95badf4d5b,True,"1,0",official_adaptive,1,True,0.0,0,1577f04723aefa4d44dc162a5515c15b317be3c043ed108319df1a98e25c0a34,63f0ba6bd6f330859bb43aab7acd208cffdf1881b4323e0af9bd9d3fc3a93584,3,1,df4a309aafd3b09d0153b23744c614aaaa347cf1b7c1c757cb036d446e8e5fe9,31efd58a54de9cecf77941cbcfd49870bfca85977d4edbbc4b1d998c373cc478,False,regular_beltway,0.07947874590765755,3685,13072,397,16,policy_train_regular_beltway_0002,False,0.16666666666666666,0.08272254699988935,0.08272254699988935,2,0.014613738,6672138aa09b88cc5f5fdfc079bc4dedbe9d681f74645debbab2280cb047ae88,0.04171679499995662,0.04100575199993273,lns2.receding_q_label_pilot.v2,target:16,0.04100575199993273,high_cost_progress,policy_train,s3__policy_train__policy_train_regular_beltway_0002__task_0015__seed_0000__realized_dynamic__decision_0000__0110,feasible,0
16,400,"25,36,53,83,100,127,177,189,190,201,225,235,296,371,374,397",neighborhood-28ccff95badf4d5b,True,"1,0",official_adaptive,1,True,0.0,0,17955b5931b1cb46f606db2cacadd7bd3f8925cfd0fa31ff5e24c1616acfebf0,6265e7e1757e4537ecb10414a698ca413e47c90669293b4818d0e10e345dbfcb,3,1,df4a309aafd3b09d0153b23744c614aaaa347cf1b7c1c757cb036d446e8e5fe9,31efd58a54de9cecf77941cbcfd49870bfca85977d4edbbc4b1d998c373cc478,False,regular_beltway,0.07761293231253936,2397,9345,194,16,policy_train_regular_beltway_0002,False,0.16666666666666666,0.08070427199993446,0.08070427199993446,2,0.009708459,6672138aa09b88cc5f5fdfc079bc4dedbe9d681f74645debbab2280cb047ae88,0.039698520000001736,0.04100575199993273,lns2.receding_q_label_pilot.v2,target:16,0.04100575199993273,high_cost_progress,policy_train,s3__policy_train__policy_train_regular_beltway_0002__task_0015__seed_0000__realized_dynamic__decision_0000__0110,feasible,1
4,400,"100,127,189,201",neighborhood-2ba1c5885f7a7df9,True,"1,0",official_adaptive,1,True,0.0,0,0a602dff36b18c6f741739da5389fc53a11e52a8a3ebf9a1bc0068335502765e,a67f20baf8613fac3174ab554188dd0648a571d2a1d8244d82d49a96d4452c58,3,1,df4a309aafd3b09d0153b23744c614aaaa347cf1b7c1c757cb036d446e8e5fe9,31efd58a54de9cecf77941cbcfd49870bfca85977d4edbbc4b1d998c373cc478,False,regular_beltway,0.07423837229405757,1299,3091,490,4,policy_train_regular_beltway_0002,False,0.16666666666666666,0.0770635169999423,0.0770635169999423,2,0.004243876,6672138aa09b88cc5f5fdfc079bc4dedbe9d681f74645debbab2280cb047ae88,0.03605776500000957,0.04100575199993273,lns2.receding_q_label_pilot.v2,target:4,0.04100575199993273,high_cost_progress,policy_train,s3__policy_train__policy_train_regular_beltway_0002__task_0015__seed_0000__realized_dynamic__decision_0000__0110,feasible,0
4,400,"100,127,189,201",neighborhood-2ba1c5885f7a7df9,True,"1,0",official_adaptive,1,True,0.0,0,7ab7d62fc785cf48d2adbc99bd71a2b7cfbd7ab51d6be5afd2e38f0e27d847f4,c868477120303698cbf7142029757a352590b19b669288ff91ede8c2c333f2cc,3,1,df4a309aafd3b09d0153b23744c614aaaa347cf1b7c1c757cb036d446e8e5fe9,31efd58a54de9cecf77941cbcfd49870bfca85977d4edbbc4b1d998c373cc478,False,regular_beltway,0.07202884412117978,982,3001,256,4,policy_train_regular_beltway_0002,False,0.16666666666666666,0.07468634199983626,0.07468634199983626,2,0.003788439,6672138aa09b88cc5f5fdfc079bc4dedbe9d681f74645debbab2280cb047ae88,0.03368058999990353,0.04100575199993273,lns2.receding_q_label_pilot.v2,target:4,0.04100575199993273,high_cost_progress,policy_train,s3__policy_train__policy_train_regular_beltway_0002__task_0015__seed_0000__realized_dynamic__decision_0000__0110,feasible,1
4,400,"23,66,189,205",neighborhood-452e74a4af5ffbb2,True,"1,1,0",official_adaptive,2,True,0.0,0,f9c4cc9f87f8c8562b813605b113fdce5586ca27c4c40099905f458819a030d9,56cfaeb6ea8b11964d81453f4f7733451c5fd7e990cc0157441ab2d5bfa8befa,3,1,df4a309aafd3b09d0153b23744c614aaaa347cf1b7c1c757cb036d446e8e5fe9,31efd58a54de9cecf77941cbcfd49870bfca85977d4edbbc4b1d998c373cc478,False,regular_beltway,0.1671276408039581,4868,13277,234,11,policy_train_regular_beltway_0002,False,0.5,0.18190511499994955,0.18190511499994955,1,0.015385778,6672138aa09b88cc5f5fdfc079bc4dedbe9d681f74645debbab2280cb047ae88,0.07464469100000315,0.04100575199993273,lns2.receding_q_label_pilot.v2,collision:4,0.1072604239999464,high_cost_progress,policy_train,s3__policy_train__policy_train_regular_beltway_0002__task_0015__seed_0000__realized_dynamic__decision_0000__0110,feasible,0
4,400,"23,66,189,205",neighborhood-452e74a4af5ffbb2,True,"1,0",official_adaptive,1,True,0.0,0,4afe4e30be885ac9b760b930bae77e43d8ef2661179cb6e434977051724bfa18,db6ce78c715918c0a67fa9c6de9ccbd8780457dda9165d865791c0c5715d0985,3,1,df4a309aafd3b09d0153b23744c614aaaa347cf1b7c1c757cb036d446e8e5fe9,31efd58a54de9cecf77941cbcfd49870bfca85977d4edbbc4b1d998c373cc478,False,regular_beltway,0.071031782960197,1317,3205,477,4,policy_train_regular_beltway_0002,False,0.16666666666666666,0.07361534799997571,0.07361534799997571,2,0.003523455,6672138aa09b88cc5f5fdfc079bc4dedbe9d681f74645debbab2280cb047ae88,0.032609596000042984,0.04100575199993273,lns2.receding_q_label_pilot.v2,collision:4,0.04100575199993273,high_cost_progress,policy_train,s3__policy_train__policy_train_regular_beltway_0002__task_0015__seed_0000__realized_dynamic__decision_0000__0110,feasible,1
8,400,"23,119,146,196,231,252,342,381",neighborhood-4f298155afcb8864,True,"1,0",official_adaptive,1,True,0.0,0,f7647142084bfbb812819bdcbeac868be8d5ee540a4fa885c133105ae387b44f,c1d63ade6e3bff67ee0f281dc9bad6e25e41c42dd4c58d04a8594d309b25eb9e,3,1,df4a309aafd3b09d0153b23744c614aaaa347cf1b7c1c757cb036d446e8e5fe9,31efd58a54de9cecf77941cbcfd49870bfca85977d4edbbc4b1d998c373cc478,False,regular_beltway,0.08008553260264782,4618,13520,668,8,policy_train_regular_beltway_0002,False,0.16666666666666666,0.08337972799995441,0.08337972799995441,2,0.013605296,6672138aa09b88cc5f5fdfc079bc4dedbe9d681f74645debbab2280cb047ae88,0.042373976000021685,0.04100575199993273,lns2.receding_q_label_pilot.v2,random:8,0.04100575199993273,high_cost_progress,policy_train,s3__policy_train__policy_train_regular_beltway_0002__task_0015__seed_0000__realized_dynamic__decision_0000__0110,feasible,0
8,400,"23,119,146,196,231,252,342,381",neighborhood-4f298155afcb8864,True,"1,0",official_adaptive,1,True,0.0,0,98d964b255470ba4cba213f2e7f79e1c182e9d59536352753da8cdf7d519ea57,f8abf663fe00cdd62f95a916f1ddf771e83086ff361e6a14a51d7b35051ba400,3,1,df4a309aafd3b09d0153b23744c614aaaa347cf1b7c1c757cb036d446e8e5fe9,31efd58a54de9cecf77941cbcfd49870bfca85977d4edbbc4b1d998c373cc478,False,regular_beltway,0.08519312639006887,4506,13343,589,8,policy_train_regular_beltway_0002,False,0.16666666666666666,0.08892734699998073,0.08892734699998073,2,0.01580587,6672138aa09b88cc5f5fdfc079bc4dedbe9d681f74645debbab2280cb047ae88,0.047921595000048,0.04100575199993273,lns2.receding_q_label_pilot.v2,random:8,0.04100575199993273,high_cost_progress,policy_train,s3__policy_train__policy_train_regular_beltway_0002__task_0015__seed_0000__realized_dynamic__decision_0000__0110,feasible,1
16,400,"23,39,41,79,91,115,125,189,201,235,275,335,358,372,383,397",neighborhood-5468291259295505,True,"1,0",official_adaptive,1,True,0.0,0,472d8457ae758091698f1530a7ea188775c67075c7685716c41e1c9d76a8e0d7,e81ac05df7923a8ac1ff9067f66bcd0342e0317e65d831839c83c111af2e25ab,3,1,df4a309aafd3b09d0153b23744c614aaaa347cf1b7c1c757cb036d446e8e5fe9,31efd58a54de9cecf77941cbcfd49870bfca85977d4edbbc4b1d998c373cc478,False,regular_beltway,0.08234267671575517,4210,13772,762,16,policy_train_regular_beltway_0002,False,0.16666666666666666,0.08582783399992877,0.08582783399992877,2,0.017038453,6672138aa09b88cc5f5fdfc079bc4dedbe9d681f74645debbab2280cb047ae88,0.044822081999996044,0.04100575199993273,lns2.receding_q_label_pilot.v2,collision:16,0.04100575199993273,high_cost_progress,policy_train,s3__policy_train__policy_train_regular_beltway_0002__task_0015__seed_0000__realized_dynamic__decision_0000__0110,feasible,0
16,400,"23,39,41,79,91,115,125,189,201,235,275,335,358,372,383,397",neighborhood-5468291259295505,True,"1,0",official_adaptive,1,True,0.0,0,942ab08f5b9d301c4cadbdbd17fb238064a00b82f296a24754276bfa122e5a0e,77169e92ff10ad37039d416e3abc73be52c3e29999a2b5fc3152e2e529d240ce,3,1,df4a309aafd3b09d0153b23744c614aaaa347cf1b7c1c757cb036d446e8e5fe9,31efd58a54de9cecf77941cbcfd49870bfca85977d4edbbc4b1d998c373cc478,False,regular_beltway,0.07748724988617792,3488,13869,147,16,policy_train_regular_beltway_0002,False,0.16666666666666666,0.08056845499993415,0.08056845499993415,2,0.01319347,6672138aa09b88cc5f5fdfc079bc4dedbe9d681f74645debbab2280cb047ae88,0.03956270300000142,0.04100575199993273,lns2.receding_q_label_pilot.v2,collision:16,0.04100575199993273,high_cost_progress,policy_train,s3__policy_train__policy_train_regular_beltway_0002__task_0015__seed_0000__realized_dynamic__decision_0000__0110,feasible,1
7,400,"23,117,120,176,189,201,232",neighborhood-5b280a3e543c52cd,True,"1,0",official_adaptive,1,True,0.0,0,f941e4d9ccfd536eae086c94c8dfa9a398a29bef86fc5de1167d967eef03907b,1d462c7599da3704d8a36e1d8649110d2fbd495321fee647e34fbb825f12cdc1,3,1,df4a309aafd3b09d0153b23744c614aaaa347cf1b7c1c757cb036d446e8e5fe9,31efd58a54de9cecf77941cbcfd49870bfca85977d4edbbc4b1d998c373cc478,False,regular_beltway,0.07094244436743558,981,3349,256,7,policy_train_regular_beltway_0002,False,0.16666666666666666,0.073519436999959,0.073519436999959,2,0.003339116,6672138aa09b88cc5f5fdfc079bc4dedbe9d681f74645debbab2280cb047ae88,0.03251368500002627,0.04100575199993273,lns2.receding_q_label_pilot.v2,target:8,0.04100575199993273,high_cost_progress,policy_train,s3__policy_train__policy_train_regular_beltway_0002__task_0015__seed_0000__realized_dynamic__decision_0000__0110,feasible,0
7,400,"23,117,120,176,189,201,232",neighborhood-5b280a3e543c52cd,True,"1,0",official_adaptive,1,True,0.0,0,e8b63eeba1a126b085b4eca30e81dd1bde5bf739072f477b8124c8c5d00a82bb,23e14c560262f43eecede16a5291745c81e3fde36230766e0ffdc4fdf1eb560b,3,1,df4a309aafd3b09d0153b23744c614aaaa347cf1b7c1c757cb036d446e8e5fe9,31efd58a54de9cecf77941cbcfd49870bfca85977d4edbbc4b1d998c373cc478,False,regular_beltway,0.07635914707114726,1725,5138,494,7,policy_train_regular_beltway_0002,False,0.16666666666666666,0.07935014999986834,0.07935014999986834,2,0.006521013,6672138aa09b88cc5f5fdfc079bc4dedbe9d681f74645debbab2280cb047ae88,0.03834439799993561,0.04100575199993273,lns2.receding_q_label_pilot.v2,target:8,0.04100575199993273,high_cost_progress,policy_train,s3__policy_train__policy_train_regular_beltway_0002__task_0015__seed_0000__realized_dynamic__decision_0000__0110,feasible,1
4,400,"23,189,201,232",neighborhood-64a071801e0b6e72,True,"1,0",official_adaptive,1,True,0.0,0,ffa97c9b5c21e0ddc4a64f886babf7ac342abc5618be29a61f2223c814652fed,0cda36d9cf7c33ddd0df0257808508ccc6da7dba4316f701307fdcf0b742d1a4,3,1,df4a309aafd3b09d0153b23744c614aaaa347cf1b7c1c757cb036d446e8e5fe9,31efd58a54de9cecf77941cbcfd49870bfca85977d4edbbc4b1d998c373cc478,True,regular_beltway,0.07388248316145297,1152,2624,453,4,policy_train_regular_beltway_0002,False,0.16666666666666666,0.07668026999988342,0.07668026999988342,2,0.003691838,6672138aa09b88cc5f5fdfc079bc4dedbe9d681f74645debbab2280cb047ae88,0.035674517999950695,0.04100575199993273,lns2.receding_q_label_pilot.v2,target:4,0.04100575199993273,high_cost_progress,policy_train,s3__policy_train__policy_train_regular_beltway_0002__task_0015__seed_0000__realized_dynamic__decision_0000__0110,feasible,0
4,400,"23,189,201,232",neighborhood-64a071801e0b6e72,True,"1,0",official_adaptive,1,True,0.0,0,46ae847242cbecaf04b916a6a6200259ae4e422af8b9fbaf3359c9d7a6184788,511726af15cacbbd263adb20cb323ef9404a18f06a7f3266fed4cddeee8ae39b,3,1,df4a309aafd3b09d0153b23744c614aaaa347cf1b7c1c757cb036d446e8e5fe9,31efd58a54de9cecf77941cbcfd49870bfca85977d4edbbc4b1d998c373cc478,True,regular_beltway,0.08207077989792143,1159,2704,461,4,policy_train_regular_beltway_0002,False,0.16666666666666666,0.08553264099998614,0.08553264099998614,2,0.00307893,6672138aa09b88cc5f5fdfc079bc4dedbe9d681f74645debbab2280cb047ae88,0.044526889000053416,0.04100575199993273,lns2.receding_q_label_pilot.v2,target:4,0.04100575199993273,high_cost_progress,policy_train,s3__policy_train__policy_train_regular_beltway_0002__task_0015__seed_0000__realized_dynamic__decision_0000__0110,feasible,1
16,400,"56,61,80,120,126,132,153,186,189,257,301,332,349,359,383,395",neighborhood-66532719e22b8213,True,"1,1,0",official_adaptive,2,True,0.0,0,5406918f0b67dc8ad8d0f92de52a8c73bf30632d592c5786a420b2ecb2dffde8,22e08ff0fc0f6cc73557ecd329da30bd1d1c979c521dfcd8f6857391bae03fb4,3,1,df4a309aafd3b09d0153b23744c614aaaa347cf1b7c1c757cb036d446e8e5fe9,31efd58a54de9cecf77941cbcfd49870bfca85977d4edbbc4b1d998c373cc478,False,regular_beltway,0.19132983431809975,8321,24670,669,23,policy_train_regular_beltway_0002,False,0.5,0.21085876899985578,0.21085876899985578,1,0.030160649,6672138aa09b88cc5f5fdfc079bc4dedbe9d681f74645debbab2280cb047ae88,0.10746704299992871,0.04100575199993273,lns2.receding_q_label_pilot.v2,random:16,0.10339172599992708,high_cost_progress,policy_train,s3__policy_train__policy_train_regular_beltway_0002__task_0015__seed_0000__realized_dynamic__decision_0000__0110,feasible,0
16,400,"56,61,80,120,126,132,153,186,189,257,301,332,349,359,383,395",neighborhood-66532719e22b8213,True,"1,1,0",official_adaptive,2,True,0.0,0,a37cc93c79f61f8f4498f0548aeae104abb1774d66c04362e37970042f67fb51,4ffe058a32f313ecaa562610fe6eb2749a7205ec50bd085e940e8557e9ecf48d,3,1,df4a309aafd3b09d0153b23744c614aaaa347cf1b7c1c757cb036d446e8e5fe9,31efd58a54de9cecf77941cbcfd49870bfca85977d4edbbc4b1d998c373cc478,False,regular_beltway,0.19147622713376156,8026,24545,517,23,policy_train_regular_beltway_0002,False,0.5,0.21103604299992185,0.21103604299992185,1,0.029540901,6672138aa09b88cc5f5fdfc079bc4dedbe9d681f74645debbab2280cb047ae88,0.0988196229999403,0.04100575199993273,lns2.receding_q_label_pilot.v2,random:16,0.11221641999998155,high_cost_progress,policy_train,s3__policy_train__policy_train_regular_beltway_0002__task_0015__seed_0000__realized_dynamic__decision_0000__0110,feasible,1
4,400,"15,23,189,275",neighborhood-8b035600bc585310,True,"1,1,0",official_adaptive,2,True,0.0,0,afa85b994fdd51a7b6845f0c3eee32513dee4ad0e4d0678d220819b923318ee6,6853bf4bdb952086e17acb6b7771de20aba21a89ebfd6f7d6b52110a329e241b,3,1,df4a309aafd3b09d0153b23744c614aaaa347cf1b7c1c757cb036d446e8e5fe9,31efd58a54de9cecf77941cbcfd49870bfca85977d4edbbc4b1d998c373cc478,False,regular_beltway,0.16542582607701273,5596,16011,227,11,policy_train_regular_beltway_0002,False,0.5,0.17989544199997454,0.17989544199997454,1,0.019482345999999998,6672138aa09b88cc5f5fdfc079bc4dedbe9d681f74645debbab2280cb047ae88,0.07706508900002973,0.04100575199993273,lns2.receding_q_label_pilot.v2,collision:4,0.10283035299994481,high_cost_progress,policy_train,s3__policy_train__policy_train_regular_beltway_0002__task_0015__seed_0000__realized_dynamic__decision_0000__0110,feasible,0
4,400,"15,23,189,275",neighborhood-8b035600bc585310,True,"1,0",official_adaptive,1,True,0.0,0,c5808eb9cb516563d726c6501464cc2a64def2bf2974f2066bd07b311176d828,68ef3d5774071e14c10e7d4cc3f772d6a8f039977693e6b672b1a0cb35bf33a4,3,1,df4a309aafd3b09d0153b23744c614aaaa347cf1b7c1c757cb036d446e8e5fe9,31efd58a54de9cecf77941cbcfd49870bfca85977d4edbbc4b1d998c373cc478,False,regular_beltway,0.07548896000800084,2286,6354,402,4,policy_train_regular_beltway_0002,False,0.16666666666666666,0.07841132199996537,0.07841132199996537,2,0.008467113,6672138aa09b88cc5f5fdfc079bc4dedbe9d681f74645debbab2280cb047ae88,0.03740557000003264,0.04100575199993273,lns2.receding_q_label_pilot.v2,collision:4,0.04100575199993273,high_cost_progress,policy_train,s3__policy_train__policy_train_regular_beltway_0002__task_0015__seed_0000__realized_dynamic__decision_0000__0110,feasible,1
8,400,"25,53,100,127,189,201,225,397",neighborhood-d453346dfa295a0f,True,"1,0",official_adaptive,1,True,0.0,0,aaac9f3fb319c698d00f5eb1b03c106810e5a192f9da082592fdd8e275eb9a0c,6117bd0324896383a36e6179daf4d971eb3a8ed481f7ad0e80b97494bb063aad,3,1,df4a309aafd3b09d0153b23744c614aaaa347cf1b7c1c757cb036d446e8e5fe9,31efd58a54de9cecf77941cbcfd49870bfca85977d4edbbc4b1d998c373cc478,False,regular_beltway,0.07442873663185827,1744,5736,382,8,policy_train_regular_beltway_0002,False,0.16666666666666666,0.07726857099999052,0.07726857099999052,2,0.006000878,6672138aa09b88cc5f5fdfc079bc4dedbe9d681f74645debbab2280cb047ae88,0.03626281900005779,0.04100575199993273,lns2.receding_q_label_pilot.v2,target:8,0.04100575199993273,high_cost_progress,policy_train,s3__policy_train__policy_train_regular_beltway_0002__task_0015__seed_0000__realized_dynamic__decision_0000__0110,feasible,0
8,400,"25,53,100,127,189,201,225,397",neighborhood-d453346dfa295a0f,True,"1,0",official_adaptive,1,True,0.0,0,29196447257635e527ba3efe5c853099bd9413db22a4bd8775725b1a9a502d3b,824f288dd768bbbeb78b4bb62c2e3f6b9176ce4605b53408cd8712ab97faea03,3,1,df4a309aafd3b09d0153b23744c614aaaa347cf1b7c1c757cb036d446e8e5fe9,31efd58a54de9cecf77941cbcfd49870bfca85977d4edbbc4b1d998c373cc478,False,regular_beltway,0.07644569355243933,2804,10371,186,8,policy_train_regular_beltway_0002,False,0.16666666666666666,0.07944356799987418,0.07944356799987418,2,0.012217466,6672138aa09b88cc5f5fdfc079bc4dedbe9d681f74645debbab2280cb047ae88,0.03843781599994145,0.04100575199993273,lns2.receding_q_label_pilot.v2,target:8,0.04100575199993273,high_cost_progress,policy_train,s3__policy_train__policy_train_regular_beltway_0002__task_0015__seed_0000__realized_dynamic__decision_0000__0110,feasible,1
